mae,rmse,mase,mape
64.86092067214678,84.2437942680087,1.5571412165020937,96.22973305604278
