mae,rmse,mase,mape
59.47042005680525,90.85120838877558,1.4277293827084254,185.75409426811254
