mae,rmse,mase,mape
0.08616765298708459,0.22634889610677217,1.2456845468168098,233.42941872070134
