mae,rmse,mase,mape
27.123695057992634,29.625033444070407,180.99667349162306,24.016728243152386
