mae,rmse,mase,mape
0.1573513519975382,0.24298218647923256,2.2747532375454735,148.91425376887298
