mae,rmse,mase,mape
0.006150363030433645,0.007013032596614501,4.16931589567592,4.273682053647466
