mae,rmse,mase,mape
124.04354765268981,134.9739053255502,2.9779614394849423,63.57493903864161
