mae,rmse,mase,mape
42.6981498940448,47.36472847110782,284.9251578203208,31.889012731834043
