mae,rmse,mase,mape
0.14854459464550018,0.23852017277657106,2.1474381586185434,146.4462438178702
