mae,rmse,mase,mape
0.09625510613355034,0.22854001063664575,1.3915140323103323,225.47867018032255
