item_id,start,freq,target
german_quaterly_univariate,1970-01-01 00:00:00,QS-OCT,"[118.999, 123.27, 124.3391, 124.7134, 125.7255, 129.8377, 130.5306, 129.7477, 129.711, 131.4523, 131.0398, 129.8338, 128.8483, 132.1882, 132.1988, 129.73, 129.4369, 132.5987, 132.6048, 130.0797, 128.1394, 127.3036, 126.4195, 125.2589, 123.4886, 123.9191, 124.315, 125.3753, 124.3562, 125.7941, 127.2892, 128.3648, 129.0515, 130.8341, 133.4246, 135.1043, 135.5162, 138.6013, 139.4872, 139.2945, 139.2406, 140.2597, 141.3178, 142.5662, 141.5464, 143.2067, 142.4386, 139.9836, 138.40200000000002, 136.6781, 135.2035, 133.5457, 132.7149, 133.0458, 131.8904, 130.0968, 127.7159, 126.5037, 125.7436, 124.4313, 122.808, 121.767, 122.3651, 122.1577, 121.8611, 122.8738, 123.2522, 123.0155, 121.6392, 121.0695, 121.1234, 121.5203, 120.9871, 121.6867, 122.4333, 122.2158, 121.3574, 121.3606, 122.9495, 124.1802, 126.0941, 128.8281, 129.9335, 129.2979, 129.69, 131.2034, 130.2082, 129.0285, 129.2252, 129.9593, 130.6731, 130.736, 129.2774, 129.5564, 129.8944, 130.7736, 130.4671, 131.381, 131.7815, 131.6838, 130.6989, 130.72299999999998, 129.884, 129.7119, 128.0834, 127.1293, 126.3607, 125.4807, 123.6304, 122.843, 121.2839, 120.9326, 120.1477, 120.0092, 119.4917, 120.0571, 119.8793, 119.2591, 118.9179, 119.1148, 118.7491, 118.8588, 118.0843, 117.7028, 116.9148, 115.8861, 115.5822, 115.1908, 114.0376, 113.6773, 113.281, 112.8886, 111.5989, 111.2876, 110.4533, 109.75, 108.3665, 107.9078, 107.2677, 106.6036, 106.0957, 105.2131, 104.2621, 104.1346, 102.6415, 103.6188, 104.2189, 103.0737, 101.6453, 100.7383, 100.8471, 100.1891, 101.639, 101.8112, 100.6326, 101.9201, 101.7331, 100.184, 99.9545, 100.2817, 99.1342, 99.8472, 100.4955, 100.5153, 100.2208, 99.9811, 100.7473, 100.4737, 100.6459, 101.5315, 101.3629, 101.7974, 102.2659, 103.0375, 103.319, 102.7744, 103.3807, 105.2256, 105.34, 105.6013, 107.7635, 108.7442, 109.1101, 111.273, 114.1153, 116.2022, 117.7171, 119.4624, 119.8911, 121.2749, 122.4409, 125.1533, 126.2463, 127.0859, 128.6006, 130.3818, 131.1792, 132.4337, 133.4876, 137.1975, 138.1141, 140.0671, 145.3409, 149.3463, 148.7445, 152.7808, 157.7869, 160.595, 159.2513, 157.8981, 154.3602, 144.253, 137.7979, 134.2151, 131.237, 128.6493, 127.4733, 127.9643, 128.5318, 128.1794, 129.4026]"
