mae,rmse,mase,mape
60.80310611904792,94.80924344424568,1.4597236926052173,384.6971915157287
