mae,rmse,mase,mape
0.2714232320793636,1.3084163538294382,3.923835849387863,39461.55788504149
