mae,rmse,mase,mape
0.05744453003990495,0.232850301293332,0.8304480961154782,4941.011049082569
