mae,rmse,mase,mape
0.08891835531874283,0.22825106583822102,1.2854501348148164,251.3886349719075
