mae,rmse,mase,mape
0.027830561829464775,0.03174161364087212,18.86626907176205,20.578472881326334
