item_id,start,freq,target
wtraffic_web_univariate,2020-01-20 00:00:00,30T,"[487.0, 262.0, 629.0, 582.5, 1551.0, 504.0, 126.0, 591.0, 508.5, 1174.5, 856.0, 1816.5, 357.5, 512.5, 226.0, 1881.0, 1809.5, 1111.0, 1428.5, 1048.0, 48.0, 229.0, 1404.5, 926.0, 978.0, 1097.5, 846.5, 281.5, 2144.5, 1345.0, 1194.5, 905.5, 1035.0, 800.5, 241.0, 642.0, 1128.0, 1669.0, 1128.0, 1370.5, 601.0, 451.0, 903.0, 1392.0, 1993.5, 2011.5, 1792.5, 1882.0, 690.0, 479.0, 1275.5, 840.0, 1337.0, 1484.0, 1007.0, 315.0, 1022.5882352941177, 1991.0588235294117, 1172.0, 1836.0, 1745.5, 1216.0, 503.0, 1750.0, 1496.5, 2276.0, 1054.0, 1474.5, 1700.0, 499.0, 870.0, 2191.5, 1664.0, 1860.5, 1447.0, 1325.0, 418.0, 1564.0, 2062.0, 1579.5, 1812.0, 1531.5, 1526.0, 980.0, 1651.0, 2253.5, 1926.5, 1449.5, 1866.0, 1557.0, 702.0, 1997.0, 2582.0, 1809.5, 3063.0, 1985.0, 2843.5, 1471.5, 1988.0, 4149.0, 4497.0, 1171.0, 1683.0, 701.5, 492.0, 899.0, 2591.5, 3047.5, 1865.0, 1759.5, 2074.0, 539.0, 2614.0, 1743.5, 2205.0, 2105.5, 1911.0, 1887.5, 544.0]"
