item_id,start,freq,target
soil_nature_univariate,2017-05-16 11:26:00,2T,"[35.51, 29.66, 27.685959004392387, 30.61831625183016, 33.55067349926794, 36.48303074670571, 39.41538799414349, 37.22, 34.88, 36.3915180340864, 33.6]"
