mae,rmse,mase,mape
0.0013037798955338076,0.0015673490171588145,0.01884812237557787,100.0
