mae,rmse,mase,mape
0.02853299086008753,0.032793958687962387,19.3424439753357,21.312406493218308
