item_id,start,freq,target
T18,1994-02-28 00:00:00,M,"[1126.0, 1160.0, 1079.0, 1035.0, 1086.0, 1111.0, 1119.0, 1207.0, 1184.0, 1145.0, 1022.0, 929.0, 1123.0, 1127.0, 1040.0, 1019.0, 1012.0, 1056.0, 1068.0, 1203.0, 1148.0, 1273.0, 1061.0, 977.0, 1163.0, 1257.0, 1122.0, 1127.0, 1165.0, 1240.0, 1425.0, 1558.0, 1598.0, 1584.0, 1274.0, 1337.0, 1524.0, 1570.0, 1409.0, 1175.0, 1141.0, 1120.0, 1185.0, 1328.0, 1279.0, 1082.0, 968.0, 1006.0, 1068.0, 1222.0, 1188.0, 1129.0, 1229.0, 1322.0, 1188.0, 1398.0, 1308.0, 1254.0, 1140.0, 1131.0, 1132.0, 1266.0, 1134.0, 1147.0, 1260.0, 1259.0, 1197.0, 1487.0, 1475.0, 1301.0, 1362.0, 1276.0, 1438.0, 1510.0, 1409.0, 1412.0, 1390.0, 1416.0, 1401.0, 1526.0, 1484.0, 1433.0, 1247.0, 1176.0, 1377.0, 1380.0, 1331.0, 1344.0, 1422.0, 1403.0, 1198.0, 1269.0, 1264.0, 1387.0, 3442.679931640625, 3150.340087890625, 3663.659912109375, 3822.389892578125, 3532.5, 3389.760009765625]"
