item_id,start,freq,target
T17,1986-01-01,M,"[1371.0, 1091.0, 1429.0, 1438.0, 1426.0, 1590.0, 1556.0, 1551.0, 1702.0, 1876.0, 1821.0, 1616.0, 1474.0, 1535.0, 1805.0, 1923.0, 1928.0, 1970.0, 1894.0, 1923.0, 2159.0, 2506.0, 2389.0, 2666.0, 2659.0, 2350.0, 2872.0, 2919.0, 3044.0, 3064.0, 3092.0, 3091.0, 3123.0, 3250.0, 3136.0, 2922.0, 3108.0, 2823.0, 3432.0, 3573.0, 3383.0, 2844.0, 2711.0, 2719.0, 2901.0, 3333.0, 3052.0, 2944.0, 2531.0, 2828.0, 3068.0, 3098.0, 2944.0, 2838.0, 3083.0, 3040.0, 3215.0, 3492.0, 3559.0, 3416.0, 3034.0, 2523.0, 3439.0, 3937.0, 3787.0, 3839.0, 3565.0, 3885.0, 4629.0, 5077.0, 5008.0, 5247.0, 4715.0, 4227.0, 5489.0, 6349.0, 6100.0, 6455.0, 6449.0, 6741.0, 7472.0, 7622.0, 8155.0, 8258.0, 6598.0, 7448.0, 8278.0, 8489.0, 8335.0, 8357.0, 8290.0, 8415.0, 8271.0, 8281.0, 8061.0, 7841.0, 7297.0, 6021.0, 8394.0, 8076.0, 7339.0, 7328.0, 7159.0, 7533.0, 7566.0, 8146.0, 8023.0, 8210.0, 6758.0, 6681.0, 7928.0, 7491.0, 7237.0, 7366.0, 7327.0, 7887.0, 7493.0, 8438.0, 8027.0, 8473.0, 7528.0, 7358.0, 8339.0, 8058.0, 7305.0, 7819.0, 7840.0, 8334.0, 8006.0, 8454.0, 8515.0, 8581.0, 8014.0, 7293.0, 8146.0, 8156.0, 7227.0, 5830.0, 4062.0, 5057.0, 5114.0, 5884.0, 5776.0, 5817.0, 5581.0, 5891.0, 5883.0, 6450.0, 6232.0, 6178.0, 7025.0, 7349.0, 6410.0, 7181.0, 6954.0, 7385.0, 6846.0, 7084.0, 6926.0, 7274.0, 6815.0, 6583.0, 7393.0, 7870.0, 7357.0, 8283.0, 8533.0, 7570.0, 7745.0, 7486.0, 8301.0, 8485.0, 7845.0, 7524.0, 8083.0, 8358.0, 7929.0, 8218.0, 8593.0, 8548.0, 7655.0, 7180.0, 8302.0, 8458.0, 8062.0, 7644.0, 8215.0, 8487.0, 7673.0, 7653.0, 8269.0, 8783.0, 9531.6796875, 8834.240234375, 10229.1201171875, 10236.7802734375, 9661.6796875, 9086.580078125, 9829.7998046875, 10172.7001953125, 9225.08984375, 9338.98046875, 10933.4404296875, 10250.099609375, 9384.080078125, 9269.6396484375, 9508.48046875, 2864.0, 1832.9599609375, 3551.360107421875, 8133.759765625, 10768.6396484375, 9508.48046875, 9737.599609375, 10883.2001953125, 10195.83984375, 8848.4404296875, 8520.7197265625, 10487.0400390625, 9831.599609375, 9176.16015625, 9874.48046875, 10547.740234375, 10323.3203125, 9249.240234375, 9707.2802734375, 10706.8603515625, 10044.580078125]"
