item_id,start,freq,target
T15,1986-01-01,M,"[4224.0, 3479.0, 4307.0, 4476.0, 4352.0, 4157.0, 3697.0, 3610.0, 4279.0, 4840.0, 4708.0, 3723.0, 4068.0, 4362.0, 4319.0, 4731.0, 4967.0, 4681.0, 4214.0, 4121.0, 4829.0, 5298.0, 5127.0, 4275.0, 4613.0, 4109.0, 4941.0, 5076.0, 5097.0, 4743.0, 4451.0, 4536.0, 5009.0, 5700.0, 5479.0, 4476.0, 5653.0, 4662.0, 5750.0, 6235.0, 5962.0, 5178.0, 4447.0, 4798.0, 5619.0, 6586.0, 5642.0, 5500.0, 5573.0, 6019.0, 6506.0, 6572.0, 6165.0, 6101.0, 5632.0, 5706.0, 6456.0, 7566.0, 7920.0, 6205.0, 6276.0, 4791.0, 6064.0, 7020.0, 6772.0, 6601.0, 6088.0, 6260.0, 7512.0, 8429.0, 8052.0, 6868.0, 7452.0, 6377.0, 7545.0, 7979.0, 7528.0, 7206.0, 6368.0, 6255.0, 7325.0, 8434.0, 8499.0, 7295.0, 6558.0, 7424.0, 8103.0, 7878.0, 7580.0, 7179.0, 6728.0, 7335.0, 8095.0, 9396.0, 9131.0, 7950.0, 8907.0, 7323.0, 9608.0, 9286.0, 8574.0, 8257.0, 7796.0, 8058.0, 8665.0, 10214.0, 9279.0, 8816.0, 8081.0, 7573.0, 9268.0, 8172.0, 7777.0, 7706.0, 7262.0, 7650.0, 8145.0, 9107.0, 8783.0, 8296.0, 8219.0, 7318.0, 9137.0, 8462.0, 7938.0, 8100.0, 7794.0, 7792.0, 8531.0, 9204.0, 8996.0, 8588.0, 8343.0, 7464.0, 8628.0, 8777.0, 7619.0, 6484.0, 5392.0, 5614.0, 6718.0, 7528.0, 7201.0, 5866.0, 5837.0, 5929.0, 6599.0, 6680.0, 6450.0, 6245.0, 5877.0, 2939.0, 6555.0, 7625.0, 7440.0, 6796.0, 7038.0, 5741.0, 7795.0, 7392.0, 6964.0, 6192.0, 6136.0, 6590.0, 7538.0, 8653.0, 8551.0, 6986.0, 7480.0, 7343.0, 8566.0, 8008.0, 7764.0, 7510.0, 7148.0, 7548.0, 8077.0, 8632.0, 8840.0, 7772.0, 6587.0, 7679.0, 8028.0, 7322.0, 7541.0, 6755.0, 6289.0, 6497.0, 6262.0, 6776.0, 6736.0, 6654.0, 7388.93994140625, 6441.64013671875, 7767.85986328125, 7673.1298828125, 7388.93994140625, 7010.02001953125, 6915.2900390625, 7388.93994140625, 7578.39990234375, 8336.240234375, 8525.7001953125, 7862.58984375, 7483.669921875, 7199.47998046875, 6631.10009765625, 1326.219970703125, 1326.219970703125, 3410.280029296875, 6441.64013671875, 7388.93994140625, 7673.1298828125, 8146.77978515625, 8430.9697265625, 7673.1298828125, 6725.830078125, 7767.85986328125, 8715.16015625, 7483.669921875, 7483.669921875, 7862.58984375, 8146.77978515625, 8052.0498046875, 7862.58984375, 8525.7001953125, 8904.6201171875, 8336.240234375]"
