item_id,start,freq,target
T18,1986-01-01,M,"[715.0, 631.0, 742.0, 808.0, 795.0, 933.0, 925.0, 974.0, 1058.0, 1245.0, 1216.0, 1052.0, 735.0, 723.0, 821.0, 807.0, 814.0, 851.0, 904.0, 929.0, 912.0, 951.0, 942.0, 885.0, 816.0, 811.0, 859.0, 854.0, 867.0, 851.0, 865.0, 892.0, 871.0, 945.0, 928.0, 774.0, 763.0, 767.0, 817.0, 818.0, 797.0, 840.0, 799.0, 834.0, 714.0, 819.0, 798.0, 784.0, 730.0, 761.0, 781.0, 823.0, 741.0, 749.0, 797.0, 821.0, 773.0, 851.0, 844.0, 854.0, 766.0, 688.0, 704.0, 725.0, 694.0, 684.0, 715.0, 740.0, 754.0, 874.0, 922.0, 866.0, 790.0, 723.0, 808.0, 926.0, 862.0, 895.0, 940.0, 988.0, 1043.0, 1203.0, 1211.0, 1157.0, 960.0, 1017.0, 1096.0, 1148.0, 1093.0, 1072.0, 1117.0, 1138.0, 1146.0, 1197.0, 1195.0, 1119.0, 1048.0, 888.0, 1126.0, 1160.0, 1079.0, 1035.0, 1086.0, 1111.0, 1119.0, 1207.0, 1184.0, 1145.0, 1022.0, 929.0, 1123.0, 1127.0, 1040.0, 1019.0, 1012.0, 1056.0, 1068.0, 1203.0, 1148.0, 1273.0, 1061.0, 977.0, 1163.0, 1257.0, 1122.0, 1127.0, 1165.0, 1240.0, 1425.0, 1558.0, 1598.0, 1584.0, 1274.0, 1337.0, 1524.0, 1570.0, 1409.0, 1175.0, 1141.0, 1120.0, 1185.0, 1328.0, 1279.0, 1082.0, 968.0, 1006.0, 1068.0, 1222.0, 1188.0, 1129.0, 1229.0, 1322.0, 1188.0, 1398.0, 1308.0, 1254.0, 1140.0, 1131.0, 1132.0, 1266.0, 1134.0, 1147.0, 1260.0, 1259.0, 1197.0, 1487.0, 1475.0, 1301.0, 1362.0, 1276.0, 1438.0, 1510.0, 1409.0, 1412.0, 1390.0, 1416.0, 1401.0, 1526.0, 1484.0, 1433.0, 1247.0, 1176.0, 1377.0, 1380.0, 1331.0, 1344.0, 1422.0, 1403.0, 1198.0, 1269.0, 1264.0, 1387.0, 3442.679931640625, 3150.340087890625, 3663.659912109375, 3822.389892578125, 3532.5, 3389.760009765625, 3567.409912109375, 3749.489990234375, 3593.4599609375, 3892.699951171875, 4207.5, 3973.75, 3609.840087890625, 3432.4599609375, 3513.0, 1268.72998046875, 987.4199829101562, 1507.199951171875, 2782.43994140625, 3903.489990234375, 3587.199951171875, 3835.35009765625, 4149.02978515625, 3890.429931640625, 3665.47998046875, 3669.280029296875, 4099.5498046875, 4087.43994140625, 3844.6201171875, 3989.25, 4483.10986328125, 4445.33984375, 4084.300048828125, 4467.7001953125, 4752.93017578125, 4448.89990234375]"
