item_id,start,freq,target
T16,1986-01-01,M,"[8329.0, 7308.0, 8537.0, 8947.0, 8788.0, 9816.0, 9424.0, 10134.0, 10229.0, 11435.0, 10989.0, 9899.0, 8896.0, 9185.0, 9538.0, 9663.0, 10264.0, 10533.0, 10321.0, 10452.0, 10753.0, 11459.0, 11015.0, 10293.0, 10081.0, 9019.0, 10678.0, 10397.0, 10265.0, 10349.0, 10660.0, 10649.0, 10759.0, 11547.0, 11183.0, 10476.0, 10520.0, 8948.0, 10327.0, 10427.0, 10204.0, 9506.0, 8492.0, 8864.0, 9598.0, 10463.0, 9811.0, 10156.0, 9416.0, 10048.0, 10162.0, 10717.0, 9595.0, 9836.0, 9621.0, 10095.0, 10225.0, 11398.0, 11248.0, 10542.0, 9538.0, 7127.0, 9135.0, 10234.0, 9812.0, 10118.0, 9382.0, 9679.0, 10900.0, 11804.0, 11625.0, 11267.0, 10556.0, 9749.0, 11115.0, 12143.0, 11019.0, 11189.0, 10871.0, 10948.0, 11792.0, 11997.0, 12107.0, 11727.0, 10089.0, 10979.0, 11616.0, 11996.0, 11472.0, 11553.0, 10990.0, 11304.0, 11505.0, 11784.0, 11674.0, 11204.0, 10524.0, 8994.0, 10899.0, 10561.0, 9746.0, 9686.0, 9733.0, 9991.0, 10000.0, 11001.0, 10456.0, 10513.0, 9324.0, 9155.0, 10623.0, 10131.0, 9910.0, 10335.0, 10364.0, 10535.0, 10318.0, 11432.0, 10948.0, 11209.0, 10487.0, 9963.0, 11448.0, 11134.0, 10289.0, 11026.0, 10955.0, 11278.0, 10948.0, 11545.0, 11372.0, 11675.0, 11014.0, 10415.0, 11288.0, 11192.0, 10423.0, 9027.0, 7603.0, 8748.0, 9059.0, 9877.0, 9567.0, 9297.0, 8932.0, 9261.0, 9968.0, 10233.0, 10096.0, 10238.0, 10414.0, 10660.0, 10047.0, 10983.0, 11110.0, 11244.0, 10610.0, 10237.0, 10802.0, 10786.0, 10454.0, 10598.0, 10728.0, 11303.0, 10982.0, 11738.0, 12041.0, 10881.0, 11087.0, 10833.0, 11671.0, 11785.0, 11100.0, 10942.0, 11231.0, 11701.0, 11404.0, 11673.0, 12121.0, 12139.0, 10637.0, 11015.0, 11924.0, 11619.0, 11562.0, 11224.0, 11646.0, 12182.0, 11188.0, 11420.0, 12084.0, 12844.0, 13063.6796875, 12130.5595703125, 13841.2802734375, 13996.7998046875, 13497.150390625, 13020.7802734375, 13497.150390625, 14132.3095703125, 13338.3603515625, 13497.150390625, 14449.8896484375, 14625.240234375, 13421.5, 13421.5, 12632.0, 3789.60009765625, 3158.0, 5684.39990234375, 11526.7001953125, 14053.099609375, 12947.7998046875, 13418.099609375, 14680.98046875, 14207.400390625, 12628.7998046875, 12944.51953125, 15015.7001953125, 13909.2802734375, 13593.16015625, 13953.9296875, 15237.0498046875, 14916.26953125, 13776.33984375, 14417.099609375, 15590.8095703125, 14787.16015625]"
