item_id,start,freq,target
T2,1979-01-01,M,"[65072.37109375, 48612.19921875, 58452.58984375, 57033.96875, 71498.953125, 79187.109375, 101896.1015625, 115971.796875, 94962.1484375, 80648.328125, 64196.078125, 50364.859375, 57624.05859375, 47163.87109375, 48874.0703125, 62737.609375, 69621.1328125, 71454.21875, 107916.796875, 120461.5, 99441.1796875, 84936.5390625, 62809.51953125, 54028.48046875, 58605.91015625, 50516.33984375, 55711.5390625, 55798.41015625, 65033.1796875, 89421.140625, 119027.8984375, 133411.296875, 112890.703125, 96718.140625, 76462.796875, 57951.6796875, 62094.69140625, 55118.23046875, 66128.3515625, 71334.2578125, 75644.71875, 98380.4296875, 127255.0, 146442.703125, 121934.796875, 88537.546875, 71126.1484375, 80209.5078125, 72614.40625, 64114.46875, 70382.5, 77124.5390625, 85675.6796875, 110282.1015625, 135361.296875, 165238.90625, 139575.0, 113179.796875, 92898.84375, 69113.3984375, 74665.15625, 70439.328125, 72906.4609375, 79968.9609375, 114617.0, 123295.703125, 158611.703125, 187202.40625, 145933.703125, 142136.0, 104437.6015625, 77719.5390625, 87537.671875, 74318.6484375, 78690.7421875, 93133.796875, 107493.0, 115749.5, 170180.0, 182643.703125, 150198.40625, 144580.09375, 88946.34375, 79351.4609375, 93303.1171875, 83155.078125, 84729.3984375, 118132.703125, 109726.8984375, 136382.296875, 184945.203125, 183298.09375, 182025.203125, 154070.09375, 107512.6015625, 95252.90625, 100485.796875, 85406.546875, 99865.203125, 104420.0, 131736.796875, 151818.703125, 204872.0, 200877.90625, 172959.40625, 143267.203125, 100896.703125, 91154.3671875, 100889.296875, 105025.5, 103881.0, 117237.1015625, 125309.8984375, 145201.703125, 175963.296875, 220512.40625, 179558.0, 145964.90625, 109480.0, 88714.75, 104875.703125, 92488.0, 103057.296875, 105123.703125, 130371.296875, 139400.0, 162441.09375, 198709.203125, 154935.703125, 151893.296875, 76786.90625, 79548.8984375, 109728.203125, 88898.578125, 82404.8984375, 101708.703125, 112285.3984375, 106262.3984375, 155264.0, 170488.703125, 132573.703125, 132368.203125, 102293.8984375, 77060.4609375, 105801.703125, 70909.859375, 71229.46875, 99842.4375, 106268.8984375, 102494.3984375, 163841.796875, 177779.296875, 146222.296875, 143864.203125, 95231.2890625, 87472.6875, 98428.953125, 80790.8984375, 90682.2109375, 97428.0078125, 115606.6015625, 130511.796875, 175490.203125]"
