mae,rmse,mase,mape
0.0504283245361563,0.05042832453615632,0.33650868627173625,0.041054932009654696
