mae,rmse,mase,mape
97.05095096804061,195.11147589841667,2.3299397277590006,53.67710536637161
