item_id,start,freq,target
96,2015-01-01,5T,[67.4397   70.25876  64.5583   ... 67.44225  75.672516 68.85643 ]
