item_id,start,freq,target
231,2015-01-01,5T,[62.77532  62.111053 64.2839   ... 66.354416 65.86894  63.87759 ]
