item_id,start,freq,target
73,2015-01-01,5T,[62.094223 59.384686 57.675793 ... 63.395325 62.82632  57.769756]
