item_id,start,freq,target
116,2015-01-01,5T,[67.11419  64.59191  66.11105  ... 66.60206  63.259018 65.0894  ]
