item_id,start,freq,target
104,2015-01-01,5T,[65.939156 59.49778  64.282616 ... 68.501175 66.612656 58.340614]
