item_id,start,freq,target
147,2015-01-01,5T,[65.21507 66.14274 66.82753 ... 65.29807 66.13819 65.70326]
