item_id,start,freq,target
91,2015-01-01,5T,[66.71293  62.34133  68.22116  ... 63.557854 65.36271  64.899475]
