item_id,start,freq,target
209,2015-01-01,5T,[65.07535  66.292656 65.37447  ... 67.15229  66.06436  65.01963 ]
