item_id,start,freq,target
208,2015-01-01,5T,[60.783695 62.565594 61.37406  ... 64.96823  62.201054 63.153034]
