item_id,start,freq,target
18,2015-01-01,5T,[65.2879   64.967026 65.28588  ... 65.65054  66.065765 61.811554]
