item_id,start,freq,target
211,2015-01-01,5T,[64.17936  62.11733  66.256256 ... 64.85911  64.4605   62.89962 ]
