item_id,start,freq,target
275,2015-01-01,5T,[66.380745 66.037735 67.52042  ... 70.26835  71.01164  62.085766]
