item_id,start,freq,target
89,2015-01-01,5T,[59.132652 58.325783 58.5317   ... 63.6066   66.08873  64.5632  ]
