item_id,start,freq,target
88,2015-01-01,5T,[63.134583 59.250256 57.471054 ... 60.784233 63.247833 62.74815 ]
