item_id,start,freq,target
60,2015-01-01,5T,[58.68817  63.149776 59.342102 ... 69.4864   67.23171  66.93447 ]
