item_id,start,freq,target
308,2015-01-01,5T,[58.72245  63.506565 62.84613  ... 63.152325 64.258156 64.70218 ]
