item_id,start,freq,target
5,2015-01-01,5T,[64.44832  62.496716 63.816612 ... 65.35158  66.85533  63.026756]
