item_id,start,freq,target
295,2015-01-01,5T,[71.51509  66.18364  67.11335  ... 74.933556 63.084393 65.94708 ]
