item_id,start,freq,target
179,2015-01-01,5T,[62.2602   64.7806   66.98142  ... 68.787605 66.90098  68.67259 ]
