item_id,start,freq,target
290,2015-01-01,5T,[59.52308  63.314476 62.090702 ... 66.06725  63.39187  65.99995 ]
