item_id,start,freq,target
239,2015-01-01,5T,[64.61709  63.990788 63.448086 ... 64.9864   64.8914   63.81201 ]
