item_id,start,freq,target
120,2015-01-01,5T,[61.742447 59.241    62.551754 ... 68.165085 65.032524 56.697742]
