item_id,start,freq,target
241,2015-01-01,5T,[62.054234 63.793446 63.84267  ... 69.830246 67.691086 67.25154 ]
