item_id,start,freq,target
79,2015-01-01,5T,[57.21529  62.960518 62.28902  ... 63.544277 64.80866  66.76768 ]
