item_id,start,freq,target
94,2015-01-01,5T,[66.666824 60.896015 66.1604   ... 66.16335  65.41285  65.135414]
