item_id,start,freq,target
151,2015-01-01,5T,[59.9413   63.69589  66.800064 ... 63.764233 66.01901  66.004036]
