item_id,start,freq,target
62,2015-01-01,5T,[61.419586 64.55942  56.002254 ... 65.47811  64.00852  63.784172]
