item_id,start,freq,target
31,2015-01-01,5T,[62.667416 61.84944  61.989887 ... 64.706375 65.14599  62.776203]
