item_id,start,freq,target
174,2015-01-01,5T,[61.60988  65.95787  60.694477 ... 68.881424 69.681305 68.91003 ]
