item_id,start,freq,target
114,2015-01-01,5T,[63.765163 62.77612  63.843147 ... 65.665634 63.760315 66.058914]
