item_id,start,freq,target
118,2015-01-01,5T,[62.119556 61.575703 62.67813  ... 68.21858  64.43583  63.228474]
