item_id,start,freq,target
189,2015-01-01,5T,[68.5182   69.59108  68.24712  ... 71.38316  72.243034 71.37101 ]
