item_id,start,freq,target
168,2015-01-01,5T,[64.66816  65.84554  63.527065 ... 65.68498  69.92911  67.410484]
