item_id,start,freq,target
171,2015-01-01,5T,[69.37293 67.19689 67.25104 ... 71.59764 70.64513 71.48137]
