item_id,start,freq,target
186,2015-01-01,5T,[59.03587  63.445156 63.82631  ... 66.8997   66.86832  67.366455]
