item_id,start,freq,target
145,2015-01-01,5T,[64.35515  61.936092 66.64963  ... 67.11248  63.2887   62.99191 ]
