item_id,start,freq,target
39,2015-01-01,5T,[53.76427  58.794353 60.897583 ... 61.867363 62.27521  55.424675]
