item_id,start,freq,target
24,2015-01-01,5T,[65.11902  64.29049  64.97311  ... 66.3513   65.510544 66.85762 ]
