item_id,start,freq,target
115,2015-01-01,5T,[60.19861  61.417183 61.95734  ... 67.6071   66.57126  66.551605]
