item_id,start,freq,target
227,2015-01-01,5T,[66.80257  65.51838  66.941536 ... 64.67752  68.85214  65.72211 ]
