item_id,start,freq,target
283,2015-01-01,5T,[66.431755 60.224846 63.64218  ... 66.72361  69.49567  64.81599 ]
