item_id,start,freq,target
121,2015-01-01,5T,[62.323296 57.16386  62.628883 ... 66.16493  60.108433 62.05566 ]
