item_id,start,freq,target
143,2015-01-01,5T,[59.441296 61.775303 63.100132 ... 63.358166 65.90937  63.56788 ]
