item_id,start,freq,target
45,2015-01-01,5T,[65.564735 64.38772  66.202515 ... 64.99144  64.66914  65.694016]
