item_id,start,freq,target
192,2015-01-01,5T,[57.604263 60.109734 59.40534  ... 67.1991   65.91681  64.49769 ]
