item_id,start,freq,target
129,2015-01-01,5T,[63.55529  63.8177   64.11779  ... 62.694435 63.244347 59.039406]
