item_id,start,freq,target
200,2015-01-01,5T,[66.217674 60.255672 62.835022 ... 67.97153  68.33048  67.13951 ]
