item_id,start,freq,target
2,2015-01-01,5T,[62.077396 64.80834  64.80392  ... 69.31451  70.68696  67.54662 ]
