item_id,start,freq,target
71,2015-01-01,5T,[63.577755 70.01947  61.62287  ... 67.64807  67.87443  61.185295]
