item_id,start,freq,target
223,2015-01-01,5T,[64.9233  64.39722 65.47813 ... 67.25221 66.79075 64.83712]
