item_id,start,freq,target
136,2015-01-01,5T,[61.592434 63.875927 61.47403  ... 67.67191  65.23369  63.244896]
