item_id,start,freq,target
309,2015-01-01,5T,[63.7736   64.332924 66.11421  ... 61.494118 66.601234 64.07398 ]
