item_id,start,freq,target
158,2015-01-01,5T,[58.845726 59.55079  60.181953 ... 59.530308 63.937843 58.785465]
