item_id,start,freq,target
43,2015-01-01,5T,[62.015774 61.70456  62.754284 ... 65.89758  65.534805 66.42637 ]
