item_id,start,freq,target
314,2015-01-01,5T,[64.09284  64.24407  59.83993  ... 66.67494  65.81892  69.463936]
