item_id,start,freq,target
267,2015-01-01,5T,[59.515575 63.17876  63.945988 ... 71.63021  67.75597  72.91963 ]
