item_id,start,freq,target
201,2015-01-01,5T,[52.894768 59.646664 64.73498  ... 62.30466  65.665634 63.08716 ]
