item_id,start,freq,target
180,2015-01-01,5T,[64.905426 66.00506  67.4289   ... 67.38501  65.77735  69.217026]
