item_id,start,freq,target
161,2015-01-01,5T,[60.966324 65.920395 66.21879  ... 68.380806 68.96357  68.00498 ]
