item_id,start,freq,target
282,2015-01-01,5T,[63.56565  64.77954  65.755226 ... 65.52473  68.91204  63.34195 ]
