item_id,start,freq,target
64,2015-01-01,5T,[61.83059  62.73949  65.851974 ... 66.02718  66.20606  62.17889 ]
