item_id,start,freq,target
193,2015-01-01,5T,[64.06279  57.3893   64.84988  ... 66.143166 65.54739  64.98405 ]
