item_id,start,freq,target
41,2015-01-01,5T,[55.940964 64.50804  66.891846 ... 66.66175  65.72032  61.457085]
