item_id,start,freq,target
296,2015-01-01,5T,[65.2386   60.286854 62.638756 ... 68.15013  66.68855  65.86867 ]
