item_id,start,freq,target
80,2015-01-01,5T,[61.72088  64.1474   61.871265 ... 64.9662   64.57228  66.20826 ]
