item_id,start,freq,target
312,2015-01-01,5T,[56.893238 62.913387 64.30802  ... 64.1234   64.16167  55.409073]
