item_id,start,freq,target
194,2015-01-01,5T,[66.55426  61.293312 65.91075  ... 65.357414 65.36475  64.15708 ]
