item_id,start,freq,target
315,2015-01-01,5T,[60.397896 64.09108  63.62479  ... 64.8873   63.387146 61.774483]
