item_id,start,freq,target
260,2015-01-01,5T,[62.637577 68.9826   59.707325 ... 67.310234 66.4522   66.42062 ]
