item_id,start,freq,target
207,2015-01-01,5T,[61.395462 62.75405  62.979298 ... 66.386345 63.434475 63.214687]
