item_id,start,freq,target
113,2015-01-01,5T,[66.92889  64.29715  64.9682   ... 69.40889  69.82148  67.226074]
