item_id,start,freq,target
98,2015-01-01,5T,[60.996773 62.880226 62.674965 ... 67.14093  68.10408  66.250175]
