item_id,start,freq,target
53,2015-01-01,5T,[59.64448 58.83824 60.33999 ... 65.09103 63.48872 63.73944]
