item_id,start,freq,target
311,2015-01-01,5T,[59.51955  60.48457  67.939224 ... 60.01838  66.72632  62.410954]
