item_id,start,freq,target
245,2015-01-01,5T,[67.49854  61.603527 63.15643  ... 65.70863  67.37998  64.59352 ]
