item_id,start,freq,target
16,2015-01-01,5T,[65.56773  66.10544  65.528015 ... 66.91974  68.73235  65.55981 ]
