item_id,start,freq,target
230,2015-01-01,5T,[65.32628  63.017994 62.54713  ... 64.676544 65.95168  63.84429 ]
