item_id,start,freq,target
128,2015-01-01,5T,[62.91339  64.54046  62.371037 ... 65.33208  63.07193  62.50275 ]
