item_id,start,freq,target
307,2015-01-01,5T,[59.97698  63.58527  61.20423  ... 66.69638  67.815506 65.56178 ]
