item_id,start,freq,target
108,2015-01-01,5T,[66.50677  68.578766 67.46054  ... 70.15186  67.61282  68.250015]
