item_id,start,freq,target
163,2015-01-01,5T,[65.15066  61.964275 61.401062 ... 64.90203  64.57191  60.65358 ]
