item_id,start,freq,target
288,2015-01-01,5T,[65.69021 66.78569 66.3085  ... 68.09598 69.42424 64.3881 ]
