item_id,start,freq,target
155,2015-01-01,5T,[60.734024 59.9046   59.496555 ... 56.118896 50.708237 55.97898 ]
