item_id,start,freq,target
195,2015-01-01,5T,[64.58695  63.128532 63.225693 ... 66.48882  65.95231  64.56805 ]
