item_id,start,freq,target
9,2015-01-01,5T,[65.2649  65.60873 66.01716 ... 67.15395 67.99753 66.91355]
