item_id,start,freq,target
0,2015-01-01,5T,[61.939137 59.232525 61.991802 ... 64.49396  62.863525 63.39827 ]
