item_id,start,freq,target
259,2015-01-01,5T,[66.18673  67.579094 65.600204 ... 65.96388  67.85538  68.26684 ]
