item_id,start,freq,target
178,2015-01-01,5T,[72.64052  67.40055  73.83707  ... 71.97416  67.733604 69.433914]
