item_id,start,freq,target
36,2015-01-01,5T,[53.532925 61.03213  62.16918  ... 62.94169  60.57928  59.922085]
