item_id,start,freq,target
188,2015-01-01,5T,[59.329456 61.044594 64.01494  ... 65.25421  66.57477  64.496056]
