item_id,start,freq,target
198,2015-01-01,5T,[67.17336  63.349323 64.11688  ... 67.07204  71.235504 69.04854 ]
