item_id,start,freq,target
1,2015-01-01,5T,[64.28088  65.08245  65.30912  ... 67.10517  65.89619  67.317535]
