item_id,start,freq,target
222,2015-01-01,5T,[63.615173 63.37228  65.37071  ... 68.186615 67.74142  66.68413 ]
