item_id,start,freq,target
152,2015-01-01,5T,[65.2621   63.171658 65.83185  ... 64.260284 62.821613 64.09392 ]
