item_id,start,freq,target
233,2015-01-01,5T,[65.648254 63.576866 63.858006 ... 65.37936  63.94847  61.791107]
