item_id,start,freq,target
6,2015-01-01,5T,[63.411125 65.99218  60.19683  ... 59.830547 60.405792 61.817753]
