item_id,start,freq,target
70,2015-01-01,5T,[64.61029  64.784515 61.82165  ... 63.96164  66.89653  60.187744]
