item_id,start,freq,target
99,2015-01-01,5T,[64.99991  68.27563  65.698555 ... 65.23587  68.31494  66.58978 ]
