item_id,start,freq,target
81,2015-01-01,5T,[63.413372 67.29898  63.013588 ... 66.19882  65.16113  66.11791 ]
