item_id,start,freq,target
273,2015-01-01,5T,[63.174408 67.56621  66.62681  ... 69.714935 70.12182  63.92177 ]
