item_id,start,freq,target
82,2015-01-01,5T,[63.41272  62.178722 56.663166 ... 66.20196  65.56446  64.59907 ]
