item_id,start,freq,target
47,2015-01-01,5T,[66.35755  64.71474  64.87075  ... 65.795135 65.747086 65.59124 ]
