item_id,start,freq,target
172,2015-01-01,5T,[64.74545  67.326454 61.578537 ... 66.04908  65.39202  62.92683 ]
