item_id,start,freq,target
185,2015-01-01,5T,[64.201164 64.838356 66.19642  ... 67.669624 65.3011   66.53128 ]
