item_id,start,freq,target
215,2015-01-01,5T,[62.806675 60.49458  62.308743 ... 68.216095 66.2453   64.27693 ]
