item_id,start,freq,target
29,2015-01-01,5T,[62.34137  63.47773  65.139435 ... 65.91454  64.15236  64.65394 ]
