item_id,start,freq,target
236,2015-01-01,5T,[65.50626  65.940414 63.23023  ... 65.362595 66.89426  61.644608]
