item_id,start,freq,target
162,2015-01-01,5T,[59.396923 59.194397 59.66047  ... 62.371037 61.99139  58.210392]
