item_id,start,freq,target
280,2015-01-01,5T,[62.004837 61.194874 66.29272  ... 67.29691  64.400604 60.06211 ]
