item_id,start,freq,target
86,2015-01-01,5T,[61.30201  60.492966 57.086956 ... 63.25949  64.966644 65.671776]
