item_id,start,freq,target
66,2015-01-01,5T,[68.37022 68.88208 66.5839  ... 66.63779 66.17639 64.91615]
