item_id,start,freq,target
54,2015-01-01,5T,[60.738262 61.493988 63.820507 ... 63.279663 64.03332  63.55054 ]
