item_id,start,freq,target
15,2015-01-01,5T,[60.74425 65.54167 65.06832 ... 65.01411 68.15496 64.56853]
