item_id,start,freq,target
83,2015-01-01,5T,[66.96414  62.79179  62.507286 ... 64.724976 65.35954  63.798737]
