item_id,start,freq,target
74,2015-01-01,5T,[67.40303  64.68061  65.49603  ... 65.910934 66.42528  65.081856]
