item_id,start,freq,target
4,2015-01-01,5T,[63.120674 59.20623  62.2392   ... 67.11929  66.60372  67.01003 ]
