item_id,start,freq,target
156,2015-01-01,5T,[59.613476 58.648228 53.476395 ... 63.478077 56.387466 57.97231 ]
