item_id,start,freq,target
219,2015-01-01,5T,[61.96586  65.449776 59.416718 ... 60.931644 63.55386  62.60244 ]
