item_id,start,freq,target
126,2015-01-01,5T,[63.169914 62.223988 66.68124  ... 67.34605  63.809673 64.242165]
