item_id,start,freq,target
28,2015-01-01,5T,[66.000046 61.869698 63.76111  ... 60.97536  67.656624 62.72727 ]
