item_id,start,freq,target
124,2015-01-01,5T,[62.01332  59.346725 67.117645 ... 63.032906 59.561226 64.70327 ]
