item_id,start,freq,target
199,2015-01-01,5T,[59.876373 56.219543 56.39376  ... 64.86932  69.1421   59.733746]
