item_id,start,freq,target
254,2015-01-01,5T,[64.36454 67.10851 66.86562 ... 65.95962 69.02744 66.72016]
