item_id,start,freq,target
30,2015-01-01,5T,[67.86894  61.788708 65.7891   ... 63.484127 68.78776  66.88797 ]
