item_id,start,freq,target
63,2015-01-01,5T,[70.16288  60.003025 70.465576 ... 71.14673  65.88408  66.715355]
