item_id,start,freq,target
23,2015-01-01,5T,[69.43921  68.82446  65.91533  ... 64.68308  65.40436  60.819065]
