item_id,start,freq,target
270,2015-01-01,5T,[56.024895 59.14023  67.02956  ... 66.52392  70.370705 67.824844]
