item_id,start,freq,target
281,2015-01-01,5T,[59.539257 63.0858   66.26733  ... 66.64987  68.05028  64.563934]
