item_id,start,freq,target
252,2015-01-01,5T,[63.98271  62.049828 63.580513 ... 62.169388 61.185837 60.346092]
