item_id,start,freq,target
65,2015-01-01,5T,[66.03258 65.84341 64.33998 ... 68.87217 62.53099 65.9648 ]
