item_id,start,freq,target
240,2015-01-01,5T,[59.7271   60.051117 60.24164  ... 62.802086 63.485012 56.206676]
