item_id,start,freq,target
292,2015-01-01,5T,[62.92076  64.76801  64.94568  ... 65.19689  59.081047 67.71203 ]
