item_id,start,freq,target
321,2015-01-01,5T,[66.567825 58.949036 56.671425 ... 66.263596 63.48364  63.858643]
