item_id,start,freq,target
187,2015-01-01,5T,[62.369217 65.04408  64.518906 ... 66.36463  65.33323  63.62049 ]
