item_id,start,freq,target
220,2015-01-01,5T,[59.868027 62.116074 63.44602  ... 63.813377 64.49324  64.01847 ]
