item_id,start,freq,target
55,2015-01-01,5T,[57.699184 60.90255  59.213837 ... 65.1838   62.984695 64.782684]
