item_id,start,freq,target
93,2015-01-01,5T,[63.226162 63.249054 59.71699  ... 67.87101  66.1944   67.65611 ]
