item_id,start,freq,target
310,2015-01-01,5T,[65.65243  63.893543 64.4785   ... 64.84263  61.350094 67.656685]
