item_id,start,freq,target
76,2015-01-01,5T,[64.056    61.25544  60.973633 ... 64.339424 64.40258  62.838642]
