item_id,start,freq,target
123,2015-01-01,5T,[64.21046  61.36079  65.23599  ... 63.792545 66.81544  66.26654 ]
