item_id,start,freq,target
293,2015-01-01,5T,[62.79983  59.210438 63.721786 ... 64.23525  64.48248  64.938255]
