item_id,start,freq,target
27,2015-01-01,5T,[68.431015 67.70698  68.92592  ... 63.26009  68.56916  67.87176 ]
