item_id,start,freq,target
38,2015-01-01,5T,[55.401817 58.994106 64.75642  ... 63.71101  63.648464 62.748905]
