item_id,start,freq,target
97,2015-01-01,5T,[64.304016 66.287186 64.3021   ... 64.85883  67.35135  63.123127]
