item_id,start,freq,target
137,2015-01-01,5T,[56.39914  61.690166 60.56026  ... 63.979446 62.841896 65.91414 ]
