item_id,start,freq,target
319,2015-01-01,5T,[62.118397 54.30725  58.9232   ... 64.56379  64.64638  62.289307]
