item_id,start,freq,target
10,2015-01-01,5T,[63.949535 64.95359  68.34666  ... 63.10672  64.64177  66.00454 ]
