item_id,start,freq,target
244,2015-01-01,5T,[63.823494 65.200806 64.45825  ... 68.16237  64.38427  67.17734 ]
