item_id,start,freq,target
177,2015-01-01,5T,[66.04362  64.60184  63.633717 ... 67.10179  67.22505  68.74423 ]
