item_id,start,freq,target
109,2015-01-01,5T,[67.17167  63.7301   62.5159   ... 67.67689  66.431046 65.79328 ]
