item_id,start,freq,target
304,2015-01-01,5T,[55.436752 63.570286 62.831375 ... 63.932915 64.69411  64.9683  ]
