item_id,start,freq,target
52,2015-01-01,5T,[63.715492 57.363472 61.02995  ... 48.45949  53.039818 46.165714]
