item_id,start,freq,target
190,2015-01-01,5T,[64.740234 66.52203  65.29703  ... 68.025536 67.58271  68.653786]
