item_id,start,freq,target
232,2015-01-01,5T,[61.527634 57.460503 63.16     ... 65.757744 64.55269  63.14263 ]
