item_id,start,freq,target
229,2015-01-01,5T,[66.63037  66.709145 66.156815 ... 67.26017  65.471    67.463165]
