item_id,start,freq,target
59,2015-01-01,5T,[63.195145 69.09007  69.12526  ... 66.723495 65.78908  64.35817 ]
