item_id,start,freq,target
238,2015-01-01,5T,[64.55366  65.060646 64.78079  ... 67.80325  67.99676  66.84822 ]
