item_id,start,freq,target
165,2015-01-01,5T,[63.140194 63.930653 62.9453   ... 66.693436 65.466255 66.35645 ]
