item_id,start,freq,target
206,2015-01-01,5T,[60.935204 61.109886 61.233097 ... 63.215355 63.609055 61.359383]
