item_id,start,freq,target
56,2015-01-01,5T,[65.16625  66.605095 66.31589  ... 65.42466  66.449585 66.45315 ]
