item_id,start,freq,target
68,2015-01-01,5T,[68.35676  64.66272  61.792465 ... 65.79289  66.902695 62.314857]
