item_id,start,freq,target
274,2015-01-01,5T,[66.482994 65.425804 64.46652  ... 68.34122  71.22341  64.60269 ]
