item_id,start,freq,target
306,2015-01-01,5T,[63.546864 68.65537  63.95423  ... 67.330925 68.551254 67.88897 ]
