item_id,start,freq,target
72,2015-01-01,5T,[63.01508  62.375355 63.117268 ... 63.61443  63.225845 56.30509 ]
