item_id,start,freq,target
141,2015-01-01,5T,[62.470257 61.54946  60.85948  ... 62.141346 63.96198  66.18383 ]
