item_id,start,freq,target
246,2015-01-01,5T,[59.10286  64.33329  63.739883 ... 67.11736  68.77653  69.88575 ]
