item_id,start,freq,target
313,2015-01-01,5T,[56.955143 63.11614  64.17028  ... 63.324734 63.42123  67.31841 ]
