item_id,start,freq,target
48,2015-01-01,5T,[64.55167  62.1055   65.8759   ... 62.969254 61.151634 65.41762 ]
