item_id,start,freq,target
258,2015-01-01,5T,[64.21137  61.75463  58.624805 ... 65.3733   68.246    65.09841 ]
