item_id,start,freq,target
237,2015-01-01,5T,[65.6018   69.52793  60.91728  ... 66.532715 66.966606 64.9049  ]
