item_id,start,freq,target
197,2015-01-01,5T,[64.6955   60.480423 65.73781  ... 67.89342  66.994316 65.04557 ]
