item_id,start,freq,target
269,2015-01-01,5T,[64.67257  63.121098 65.03277  ... 70.08313  70.46632  69.75865 ]
