item_id,start,freq,target
228,2015-01-01,5T,[66.6667   63.211098 64.161865 ... 66.904816 69.30447  68.58979 ]
