item_id,start,freq,target
50,2015-01-01,5T,[61.158554 60.13979  62.127483 ... 62.21757  60.78098  60.42986 ]
