item_id,start,freq,target
203,2015-01-01,5T,[59.327557 61.201294 64.58991  ... 63.33169  64.752014 64.38566 ]
