item_id,start,freq,target
284,2015-01-01,5T,[65.02058  62.796738 61.187107 ... 66.0973   69.26492  70.08833 ]
