item_id,start,freq,target
110,2015-01-01,5T,[63.609543 62.71706  69.856316 ... 70.00766  69.17827  66.5619  ]
