item_id,start,freq,target
268,2015-01-01,5T,[60.253258 65.3975   65.51957  ... 68.44172  67.87779  68.12367 ]
