item_id,start,freq,target
205,2015-01-01,5T,[58.057163 61.34545  59.36678  ... 70.28074  67.45716  65.47769 ]
