item_id,start,freq,target
182,2015-01-01,5T,[60.17496  63.693237 64.327515 ... 67.97706  67.58234  71.473526]
