item_id,start,freq,target
61,2015-01-01,5T,[61.506767 65.14624  63.066605 ... 70.43721  67.8693   68.11063 ]
