item_id,start,freq,target
183,2015-01-01,5T,[62.848717 64.75199  67.47784  ... 64.1339   66.79761  68.23322 ]
