item_id,start,freq,target
11,2015-01-01,5T,[65.39638  69.16718  70.915565 ... 70.94774  71.44192  70.56923 ]
