item_id,start,freq,target
181,2015-01-01,5T,[66.19179  68.58323  71.13796  ... 68.934265 68.27     67.997505]
