item_id,start,freq,target
262,2015-01-01,5T,[64.0582   67.47686  62.470592 ... 70.19176  63.3904   69.40582 ]
