item_id,start,freq,target
291,2015-01-01,5T,[57.215176 61.213837 65.7768   ... 65.55286  61.92165  66.095215]
