item_id,start,freq,target
154,2015-01-01,5T,[65.28004  61.286327 65.08282  ... 64.16683  65.37207  65.73047 ]
