item_id,start,freq,target
133,2015-01-01,5T,[63.219246 67.01727  61.181496 ... 61.54689  64.41837  58.001217]
