item_id,start,freq,target
13,2015-01-01,5T,[65.365364 65.46922  65.79734  ... 67.59493  68.20879  66.79427 ]
