item_id,start,freq,target
107,2015-01-01,5T,[66.60757 65.94948 64.87706 ... 69.83787 65.76471 68.40408]
