item_id,start,freq,target
69,2015-01-01,5T,[63.83944 67.22067 65.90699 ... 65.57047 66.2715  64.00114]
