item_id,start,freq,target
164,2015-01-01,5T,[58.476788 68.78805  56.637035 ... 63.97095  67.40989  55.59619 ]
