item_id,start,freq,target
184,2015-01-01,5T,[60.931007 65.22141  68.59645  ... 70.43282  69.28475  69.91319 ]
