item_id,start,freq,target
67,2015-01-01,5T,[62.2407   64.194305 63.79051  ... 66.93941  65.90967  62.974094]
