item_id,start,freq,target
248,2015-01-01,5T,[60.98524  62.73797  61.00516  ... 63.195454 59.248844 59.592102]
