item_id,start,freq,target
159,2015-01-01,5T,[59.986588 57.465492 59.919666 ... 67.29079  67.9162   60.96117 ]
