item_id,start,freq,target
213,2015-01-01,5T,[58.562626 58.049904 61.439198 ... 63.9711   62.346584 61.473396]
