item_id,start,freq,target
166,2015-01-01,5T,[62.616386 61.491222 63.323174 ... 66.41798  58.58191  66.69719 ]
