item_id,start,freq,target
216,2015-01-01,5T,[63.41664  59.59364  62.161835 ... 67.40065  61.69179  63.11888 ]
