item_id,start,freq,target
299,2015-01-01,5T,[65.370026 63.679955 62.76851  ... 64.57992  63.741997 62.81873 ]
