item_id,start,freq,target
217,2015-01-01,5T,[63.88454  65.06444  65.284935 ... 67.13627  64.67307  64.72432 ]
