item_id,start,freq,target
249,2015-01-01,5T,[61.315968 64.45839  63.434986 ... 64.70064  59.306717 61.528248]
