item_id,start,freq,target
84,2015-01-01,5T,[62.934086 59.194412 59.48638  ... 63.43985  61.59842  59.97434 ]
