item_id,start,freq,target
77,2015-01-01,5T,[65.268    62.022297 62.40878  ... 63.701508 65.18896  62.913433]
