item_id,start,freq,target
135,2015-01-01,5T,[62.497517 61.728848 62.269203 ... 65.21904  62.400337 61.199574]
