item_id,start,freq,target
101,2015-01-01,5T,[66.15799  63.978542 63.30162  ... 65.94989  66.28029  62.684868]
