item_id,start,freq,target
226,2015-01-01,5T,[66.370705 64.527504 67.59653  ... 65.92373  66.56387  59.11532 ]
