item_id,start,freq,target
40,2015-01-01,5T,[61.557503 60.5245   62.872086 ... 66.030136 64.58462  65.33393 ]
