item_id,start,freq,target
272,2015-01-01,5T,[65.987465 67.23521  66.00075  ... 71.537834 68.369675 68.19043 ]
