item_id,start,freq,target
221,2015-01-01,5T,[63.14308  67.39484  65.86866  ... 66.48328  65.133125 64.4594  ]
