item_id,start,freq,target
42,2015-01-01,5T,[53.49607  62.62216  60.275627 ... 66.35024  64.86517  58.576073]
