item_id,start,freq,target
132,2015-01-01,5T,[64.94129  64.81642  62.473118 ... 64.6317   63.9331   57.211098]
