item_id,start,freq,target
22,2015-01-01,5T,[63.914024 64.53842  68.093155 ... 66.63119  69.188225 65.13533 ]
