item_id,start,freq,target
85,2015-01-01,5T,[60.653576 62.18357  60.29788  ... 61.36709  64.48881  62.784256]
