item_id,start,freq,target
302,2015-01-01,5T,[59.400608 60.298122 60.524784 ... 63.502617 64.61971  61.91589 ]
