item_id,start,freq,target
150,2015-01-01,5T,[62.096016 65.55084  65.02579  ... 66.18117  65.5227   67.581726]
