item_id,start,freq,target
175,2015-01-01,5T,[69.00298  69.72739  66.51584  ... 72.721825 72.03906  67.45058 ]
