item_id,start,freq,target
17,2015-01-01,5T,[65.51655  63.516773 63.800125 ... 65.98132  66.04626  68.64158 ]
