item_id,start,freq,target
297,2015-01-01,5T,[63.96222  58.221905 62.429665 ... 62.034874 61.30562  61.741913]
