item_id,start,freq,target
102,2015-01-01,5T,[61.265194 60.85244  61.35887  ... 64.76643  67.63963  55.421806]
