item_id,start,freq,target
212,2015-01-01,5T,[62.94028  63.813324 63.98607  ... 65.30493  64.14558  65.91277 ]
