item_id,start,freq,target
176,2015-01-01,5T,[64.734665 64.810524 60.37441  ... 65.61759  66.092834 67.30906 ]
