item_id,start,freq,target
57,2015-01-01,5T,[61.638294 65.23153  65.93886  ... 67.139885 68.88398  68.87223 ]
