item_id,start,freq,target
294,2015-01-01,5T,[60.502937 58.581516 62.19659  ... 64.630394 61.71709  66.832565]
