item_id,start,freq,target
58,2015-01-01,5T,[63.889595 66.77012  68.438896 ... 68.67818  66.7062   67.000626]
