item_id,start,freq,target
251,2015-01-01,5T,[59.02937  63.35014  62.94879  ... 68.268654 67.46312  66.63793 ]
