item_id,start,freq,target
34,2015-01-01,5T,[41.99926  54.863693 58.406696 ... 61.373108 57.344666 50.926224]
