item_id,start,freq,target
263,2015-01-01,5T,[64.1556   67.01234  63.62083  ... 67.3244   63.850033 65.3149  ]
