item_id,start,freq,target
7,2015-01-01,5T,[64.73948 64.71805 65.44779 ... 72.63407 67.1865  65.20786]
