item_id,start,freq,target
247,2015-01-01,5T,[55.620285 60.79744  67.27517  ... 60.903854 54.329006 61.50688 ]
