item_id,start,freq,target
322,2015-01-01,5T,[62.032063 61.21207  57.48873  ... 64.096275 61.46064  64.38296 ]
