item_id,start,freq,target
169,2015-01-01,5T,[61.9441   60.016464 66.605354 ... 64.94773  64.156654 66.40783 ]
