item_id,start,freq,target
140,2015-01-01,5T,[64.68329  64.79111  64.64961  ... 68.987785 65.95059  60.413853]
