item_id,start,freq,target
285,2015-01-01,5T,[57.107693 58.738346 62.346004 ... 59.41198  62.420296 64.716225]
