item_id,start,freq,target
218,2015-01-01,5T,[62.67478  64.243835 64.236244 ... 64.54196  65.27927  64.90744 ]
