item_id,start,freq,target
3,2015-01-01,5T,[60.786423 65.85395  64.26608  ... 66.13778  68.02764  62.53741 ]
