item_id,start,freq,target
87,2015-01-01,5T,[60.619568 59.56327  57.80126  ... 63.01928  63.685665 61.314137]
