item_id,start,freq,target
243,2015-01-01,5T,[56.99313  63.301235 63.319828 ... 66.43097  63.867504 63.684   ]
