item_id,start,freq,target
95,2015-01-01,5T,[65.723274 62.574646 60.30092  ... 61.093445 64.29069  65.58552 ]
