item_id,start,freq,target
278,2015-01-01,5T,[60.769794 66.23221  64.216125 ... 67.53269  64.74531  62.77543 ]
