item_id,start,freq,target
149,2015-01-01,5T,[61.721874 65.5659   64.00729  ... 64.72466  65.41755  67.576256]
