item_id,start,freq,target
119,2015-01-01,5T,[59.053013 60.132    64.41406  ... 67.67129  60.806644 68.39529 ]
