item_id,start,freq,target
19,2015-01-01,5T,[62.26421  59.195393 62.47943  ... 67.666245 66.46718  64.86496 ]
