item_id,start,freq,target
139,2015-01-01,5T,[60.09907  59.83487  62.099087 ... 65.52541  65.07905  63.827427]
