item_id,start,freq,target
318,2015-01-01,5T,[63.62561 47.83666 58.09994 ... 64.7607  66.90789 66.01257]
