item_id,start,freq,target
14,2015-01-01,5T,[61.146755 63.293274 65.577705 ... 68.94597  64.109184 67.15922 ]
