item_id,start,freq,target
144,2015-01-01,5T,[59.00499  61.257107 61.50775  ... 64.82402  64.69357  63.83405 ]
