item_id,start,freq,target
146,2015-01-01,5T,[65.53289  61.442017 63.863995 ... 63.811077 59.12212  63.34629 ]
