item_id,start,freq,target
256,2015-01-01,5T,[60.36198  64.27327  64.855545 ... 72.43036  68.36673  69.66761 ]
