item_id,start,freq,target
127,2015-01-01,5T,[63.36413  60.15846  61.09393  ... 65.57214  66.9991   57.123966]
