item_id,start,freq,target
25,2015-01-01,5T,[67.75348 64.31177 64.72388 ... 65.9088  67.01684 63.91352]
