item_id,start,freq,target
250,2015-01-01,5T,[61.25417  59.997185 62.29272  ... 65.307434 62.74409  58.55355 ]
