item_id,start,freq,target
301,2015-01-01,5T,[66.70504  65.68811  64.58836  ... 65.751595 65.90782  63.044884]
