item_id,start,freq,target
49,2015-01-01,5T,[59.05802  60.185688 62.75694  ... 65.20601  65.03306  65.47228 ]
