item_id,start,freq,target
277,2015-01-01,5T,[72.72973  66.89928  69.28863  ... 73.88307  73.4582   66.813225]
