item_id,start,freq,target
21,2015-01-01,5T,[64.10064  64.15866  64.95854  ... 65.333405 65.82593  64.16097 ]
