item_id,start,freq,target
234,2015-01-01,5T,[66.09265  64.49342  63.44332  ... 62.619324 64.212006 60.40047 ]
