item_id,start,freq,target
224,2015-01-01,5T,[63.670563 63.61137  59.917854 ... 65.663086 65.66244  65.39024 ]
