item_id,start,freq,target
148,2015-01-01,5T,[68.37242  68.47336  70.80573  ... 69.83757  65.922134 67.57934 ]
