item_id,start,freq,target
204,2015-01-01,5T,[57.69395  62.484016 60.3428   ... 66.569084 65.4028   62.54938 ]
