item_id,start,freq,target
90,2015-01-01,5T,[64.721245 65.01957  65.40937  ... 65.055244 67.98558  63.883217]
