item_id,start,freq,target
134,2015-01-01,5T,[63.186516 67.02156  59.13831  ... 66.0008   61.217003 60.322254]
