item_id,start,freq,target
138,2015-01-01,5T,[58.710125 54.41942  58.942398 ... 65.97471  57.71975  67.157524]
