item_id,start,freq,target
44,2015-01-01,5T,[61.58003  66.37064  58.416912 ... 61.411175 61.55837  61.749126]
