item_id,start,freq,target
305,2015-01-01,5T,[56.28068  61.96128  59.67188  ... 68.37492  66.718506 65.168915]
