item_id,start,freq,target
35,2015-01-01,5T,[37.8266   52.100925 58.569714 ... 60.43042  58.26127  56.541374]
