item_id,start,freq,target
167,2015-01-01,5T,[62.06907  63.758057 62.263496 ... 62.944798 64.47261  59.68676 ]
