item_id,start,freq,target
142,2015-01-01,5T,[65.08282  65.08282  65.08282  ... 63.393764 63.84317  67.0354  ]
