item_id,start,freq,target
191,2015-01-01,5T,[65.00491 67.70953 65.06343 ... 66.78803 71.62821 68.27228]
