item_id,start,freq,target
242,2015-01-01,5T,[55.420914 64.50151  64.94503  ... 68.78968  64.35715  60.502525]
