item_id,start,freq,target
286,2015-01-01,5T,[60.162888 65.72066  61.69725  ... 65.76842  65.75862  66.96195 ]
