item_id,start,freq,target
210,2015-01-01,5T,[63.189556 63.65898  61.636227 ... 64.02251  63.071453 62.442978]
