item_id,start,freq,target
78,2015-01-01,5T,[62.051502 66.948746 66.32425  ... 65.60137  68.90522  66.2279  ]
