item_id,start,freq,target
214,2015-01-01,5T,[64.82269  66.21751  67.625885 ... 66.67022  67.40397  64.39125 ]
