item_id,start,freq,target
153,2015-01-01,5T,[61.735725 56.947468 60.674236 ... 64.32024  63.01471  63.121883]
