item_id,start,freq,target
160,2015-01-01,5T,[54.068455 62.00911  58.68004  ... 62.283184 66.012566 55.135468]
