item_id,start,freq,target
287,2015-01-01,5T,[61.90206  66.52267  63.610874 ... 64.13118  66.22435  63.941284]
