item_id,start,freq,target
303,2015-01-01,5T,[60.206997 58.440098 59.417747 ... 63.30281  62.10362  62.120667]
