item_id,start,freq,target
173,2015-01-01,5T,[66.80678  66.74049  64.33412  ... 66.21307  63.542915 65.554535]
