item_id,start,freq,target
279,2015-01-01,5T,[67.342636 66.26697  65.1732   ... 67.56375  68.06683  68.045166]
