item_id,start,freq,target
289,2015-01-01,5T,[61.798367 63.997795 62.54637  ... 68.29057  64.05116  67.1029  ]
