item_id,start,freq,target
253,2015-01-01,5T,[62.50009  56.90187  63.12997  ... 64.431656 62.883812 57.380714]
