item_id,start,freq,target
111,2015-01-01,5T,[67.01897  65.644196 66.96687  ... 72.02522  70.74482  69.22723 ]
