item_id,start,freq,target
12,2015-01-01,5T,[62.690723 64.23511  66.268486 ... 65.82306  65.970955 66.52633 ]
