item_id,start,freq,target
157,2015-01-01,5T,[61.0229   61.8287   65.08282  ... 62.29704  61.27628  56.558002]
