item_id,start,freq,target
130,2015-01-01,5T,[62.890633 63.532402 63.05127  ... 64.652374 63.89135  64.45143 ]
