item_id,start,freq,target
32,2015-01-01,5T,[54.3344   58.322903 58.653904 ... 64.15554  66.02805  55.372364]
