item_id,start,freq,target
316,2015-01-01,5T,[62.045616 65.08282  57.1799   ... 66.563736 64.005684 66.42901 ]
