item_id,start,freq,target
300,2015-01-01,5T,[65.08282  65.08282  65.08282  ... 68.26463  69.27267  61.477615]
