item_id,start,freq,target
100,2015-01-01,5T,[61.588806 57.77047  59.62835  ... 65.578636 68.379555 61.11652 ]
