item_id,start,freq,target
106,2015-01-01,5T,[62.4376   59.39782  60.830273 ... 67.2112   65.41856  65.20414 ]
