item_id,start,freq,target
320,2015-01-01,5T,[68.11257  59.023    58.710087 ... 60.436108 66.13944  64.1311  ]
