item_id,start,freq,target
51,2015-01-01,5T,[65.81532  64.25505  69.8166   ... 66.22051  66.057655 64.58752 ]
