item_id,start,freq,target
196,2015-01-01,5T,[62.756664 59.36078  62.824547 ... 67.08996  65.65098  65.13821 ]
