item_id,start,freq,target
103,2015-01-01,5T,[61.63017  60.71056  61.33444  ... 72.68825  69.241234 60.681286]
