item_id,start,freq,target
317,2015-01-01,5T,[62.09986  59.930435 62.603474 ... 63.791363 60.92464  65.039635]
