item_id,start,freq,target
117,2015-01-01,5T,[61.595577 68.55501  65.95717  ... 61.515484 65.28146  62.22265 ]
