item_id,start,freq,target
125,2015-01-01,5T,[64.28619 65.22686 62.38915 ... 65.67152 68.77203 67.26224]
