item_id,start,freq,target
202,2015-01-01,5T,[57.576942 55.738564 62.31547  ... 63.963455 63.513023 62.821926]
