item_id,start,freq,target
257,2015-01-01,5T,[66.93524  69.87283  62.518692 ... 61.891975 65.479576 68.66705 ]
