item_id,start,freq,target
92,2015-01-01,5T,[60.42134  57.371986 57.123466 ... 61.617336 66.753204 60.234756]
