item_id,start,freq,target
112,2015-01-01,5T,[70.11186 63.18428 68.68189 ... 69.24511 68.8966  67.86141]
