item_id,start,freq,target
264,2015-01-01,5T,[66.499245 65.51864  69.56695  ... 72.27027  64.23759  67.63532 ]
