item_id,start,freq,target
298,2015-01-01,5T,[64.08333  63.537453 65.23417  ... 64.94335  64.68707  58.827644]
