item_id,start,freq,target
105,2015-01-01,5T,[67.06111  59.496834 65.787895 ... 67.0607   70.71212  63.647438]
