item_id,start,freq,target
26,2015-01-01,5T,[68.43405  63.96544  62.835743 ... 69.29056  68.52577  67.192795]
