item_id,start,freq,target
46,2015-01-01,5T,[59.956238 63.319706 65.33562  ... 64.88283  64.063194 64.03258 ]
