item_id,start,freq,target
266,2015-01-01,5T,[64.091965 62.984844 63.969856 ... 65.708084 65.33714  64.73807 ]
