item_id,start,freq,target
261,2015-01-01,5T,[62.69699  65.31784  65.59133  ... 66.34484  68.145744 66.913246]
