item_id,start,freq,target
235,2015-01-01,5T,[61.624695 63.486633 62.95031  ... 70.33177  63.14593  61.660446]
