item_id,start,freq,target
271,2015-01-01,5T,[63.465317 67.22763  65.98436  ... 71.3102   73.02629  72.33828 ]
