item_id,start,freq,target
170,2015-01-01,5T,[63.85953  61.199287 66.260445 ... 66.20381  65.777405 66.24292 ]
