item_id,start,freq,target
37,2015-01-01,5T,[59.5642   64.904045 63.05595  ... 66.26568  64.16334  64.82941 ]
