item_id,start,freq,target
131,2015-01-01,5T,[64.039604 64.86841  62.358116 ... 68.9194   68.59698  65.280655]
