item_id,start,freq,target
20,2015-01-01,5T,[63.78247  65.64534  62.301178 ... 66.932556 66.32398  60.569714]
