item_id,start,freq,target
276,2015-01-01,5T,[63.653072 66.107056 65.40943  ... 68.94434  69.923485 63.5655  ]
