item_id,start,freq,target
225,2015-01-01,5T,[63.248016 62.893448 62.776394 ... 68.850746 69.07318  67.050415]
