item_id,start,freq,target
33,2015-01-01,5T,[54.994835 61.355934 64.625854 ... 64.67203  64.23473  61.797947]
