item_id,start,freq,target
255,2015-01-01,5T,[63.732815 61.08131  62.816982 ... 61.036385 62.210922 61.33675 ]
