item_id,start,freq,target
265,2015-01-01,5T,[67.697296 66.224655 66.84769  ... 67.91444  67.08129  66.97655 ]
