item_id,start,freq,target
8,2015-01-01,5T,[63.00992  61.244072 63.797764 ... 63.414814 66.24445  64.18827 ]
