item_id,start,freq,target
122,2015-01-01,5T,[55.797512 47.18289  57.59504  ... 57.198936 58.795975 54.293766]
