item_id,start,freq,target
75,2015-01-01,5T,[69.59433  62.873062 63.18095  ... 64.91161  63.32008  66.29154 ]
