mae,rmse,mase,mape
0.02702286942932572,0.03098312578782449,18.318736390186512,19.85393403425281
