item_id,start,freq,target
T527,2020-07-15 00:00:00,D,"[[-19.0, -18.0, -9.875, -7.0, -17.875, -18.25, -19.25, -18.125, -17.5, -8.5, -7.5, -18.125, -18.25, -18.125, -18.625, -53.625, -18.375, -49.875, -54.375, -19.0, -18.875, -18.625, -18.5, -9.5, -8.0, -17.625, -17.75, -18.375, -18.625, -18.625, -10.125, -8.375, -18.0, nan, nan, nan, nan, nan, -13.0, -53.28571319580078, nan, nan, nan, nan, nan, -9.285714149475098, nan, nan, nan, nan, nan, nan, -10.428571701049805, nan, nan, nan, nan, nan, -12.625, -9.875, -17.0, -15.625, -15.25, -16.125, -16.625, -12.5, -10.0, -16.25, -17.375, -16.375, -15.875, -15.75, -12.625, -8.375, -15.875, -15.375, -15.75, -17.0, -16.5, -13.5, -11.625, -17.875, -18.5, -18.25, -16.625, -15.5, -11.875, -9.0, -15.75, -16.0, -16.5, -15.625, -15.375, -13.0, -9.125, -16.875, -16.75, -17.0, -15.875, -14.875, -11.25, -7.375, -14.5, -15.0, -15.375, -14.75, -53.875, -12.875, -8.875, -15.625, -16.125, -15.875, -15.25, -15.375, -12.5, -8.375, -15.125, -15.5, -15.375, -15.25, -15.25, -10.625, -10.0, -16.125, -15.5, -15.25, -14.5, -14.875, -11.0, -8.125, -14.625, -15.25, -15.25, -14.125, -14.125, -8.5, -6.75, -14.125, -14.375, -50.0, -59.875, -53.375, -10.625, -5.625, -13.875, -15.625, -13.625, -14.125, -14.0, -7.125, -5.75, -15.625, -16.0, -16.375, -15.875, -15.125, -7.375, -5.5, -17.125, -17.5, -17.875, -17.0, -18.25, -8.625, -6.375, -17.75, -17.5, -18.0, -17.375, -19.375, -11.5, -6.5, -13.625, -13.875, -13.875, -13.5, -13.5, -7.125, -5.875, -13.75]]"
