mae,rmse,mase,mape
34.0313151554579,37.62455401680221,227.09128769193555,27.70058315516662
