mae,rmse,mase,mape
0.023781849411015663,0.027688593640849198,16.121656931026322,17.021413222746418
