item_id,start,freq,target
T15,1986-01-01,Q-DEC,"[12010.0, 12985.0, 11586.0, 13271.0, 12749.0, 14379.0, 13164.0, 14700.0, 13663.0, 14916.0, 13996.0, 15655.0, 16065.0, 17375.0, 14864.0, 17728.0, 18098.0, 18838.0, 17794.0, 21691.0, 17131.0, 20393.0, 19860.0, 23349.0, 21374.0, 22713.0, 19948.0, 24228.0, 22085.0, 22637.0, 22158.0, 26477.0, 25838.0, 26117.0, 24519.0, 28309.0, 24922.0, 23655.0, 23057.0, 26186.0, 24674.0, 24500.0, 24117.0, 26788.0, 24435.0, 22880.0, 17724.0, 20595.0, 18365.0, 19375.0, 15371.0, 21861.0, 20574.0, 20548.0, 20264.0, 24190.0, 23389.0, 23282.0, 22773.0, 25244.0, 22294.0, 21618.0, 19048.0, 20166.0, 21598.439453125, 22072.08984375, 21882.630859375, 24724.529296875, 21314.25, 6062.72021484375, 21503.7109375, 24250.880859375, 23208.849609375, 22829.9296875, 24061.419921875, 25766.560546875]"
