item_id,start,freq,target
T16,1986-01-01,Q-DEC,"[24174.0, 27551.0, 29787.0, 32323.0, 27619.0, 30460.0, 31526.0, 32767.0, 29778.0, 31011.0, 32068.0, 33206.0, 29795.0, 30137.0, 26954.0, 30430.0, 29626.0, 30148.0, 29941.0, 33188.0, 25800.0, 30164.0, 29961.0, 34696.0, 31420.0, 34351.0, 33611.0, 35831.0, 32684.0, 35021.0, 33799.0, 34662.0, 30417.0, 29993.0, 29724.0, 31970.0, 29102.0, 30376.0, 31217.0, 33589.0, 31898.0, 32449.0, 33181.0, 34592.0, 32717.0, 30642.0, 25410.0, 28741.0, 28161.0, 30567.0, 31121.0, 33337.0, 31649.0, 31838.0, 33013.0, 34660.0, 33591.0, 33827.0, 34336.0, 35933.0, 33576.0, 34405.0, 35016.0, 36348.0, 39035.51953125, 40514.73046875, 40967.8203125, 42572.28125, 39475.0, 12632.0, 38527.6015625, 42306.48046875, 40589.01953125, 41456.37109375, 43929.66015625, 44795.0703125]"
