item_id,start,freq,target
T2,1979-01-01,Q-DEC,"[172137.15625, 207720.03125, 312830.0625, 195209.265625, 153662.0, 203812.953125, 327819.46875, 201774.546875, 164833.796875, 210252.734375, 365329.90625, 231132.625, 183341.265625, 245359.40625, 395632.5, 239873.203125, 207111.375, 273082.3125, 440175.1875, 275192.03125, 218010.953125, 317881.65625, 491747.8125, 324293.125, 240547.0625, 316376.3125, 503022.09375, 312877.90625, 261187.59375, 364241.90625, 550268.5, 356835.625, 285757.5625, 387975.5, 578709.3125, 335318.28125, 309795.8125, 387748.6875, 576033.6875, 344159.65625, 300421.0, 374895.0, 516086.0, 308229.125, 281031.6875, 320256.5, 458326.40625, 311722.5625, 247941.03125, 308605.75, 487843.40625, 326568.1875, 269902.0625, 343546.40625, 511731.09375]"
