item_id,start,freq,target
T2,1987-06-30 00:00:00,Q-DEC,"[578709.3125, 335318.28125, 309795.8125, 387748.6875, 576033.6875, 344159.65625, 300421.0, 374895.0, 516086.0, 308229.125, 281031.6875, 320256.5, 458326.40625, 311722.5625, 247941.03125, 308605.75, 487843.40625, 326568.1875, 269902.0625, 343546.40625]"
