item_id,start,freq,target
T16,1998-09-30 00:00:00,Q-DEC,"[[33337.0, 31649.0, 31838.0, 33013.0, 34660.0, 33591.0, 33827.0, 34336.0, 35933.0, 33576.0, 34405.0, 35016.0, 36348.0, 39035.51953125, 40514.73046875, 40967.8203125, 42572.28125, 39475.0, 12632.0, 38527.6015625]]"
