item_id,start,freq,target
T1,1980-06-30 00:00:00,Q-DEC,"[11832.962890625, 3622.840087890625, 2975.88037109375, 5835.03466796875, 12658.783203125, 4359.2900390625, 3524.18994140625, 6689.8701171875, 12929.0849609375, 4554.3603515625, 3688.7451171875, 6694.79541015625, 12861.1962890625, 4711.49072265625, 3799.50537109375, 7468.75537109375, 13575.076171875, 5081.09521484375, 3930.685302734375, 7299.00048828125]"
