item_id,start,freq,target
T18,1986-01-01,Q-DEC,"[2088.0, 2536.0, 2957.0, 3513.0, 2279.0, 2472.0, 2745.0, 2778.0, 2486.0, 2572.0, 2628.0, 2647.0, 2347.0, 2455.0, 2347.0, 2401.0, 2272.0, 2313.0, 2391.0, 2549.0, 2158.0, 2103.0, 2209.0, 2662.0, 2321.0, 2683.0, 2971.0, 3571.0, 3073.0, 3313.0, 3401.0, 3511.0, 3062.0, 3274.0, 3316.0, 3536.0, 3074.0, 3186.0, 3136.0, 3624.0, 3201.0, 3506.0, 3830.0, 4740.0, 4135.0, 4154.0, 3446.0, 3689.0, 3042.0, 3539.0, 3739.0, 3960.0, 3403.0, 3547.0, 3716.0, 4263.0, 4076.0, 4331.0, 4207.0, 4443.0, 3800.0, 4055.0, 4023.0, 3920.0, 10256.6796875, 10744.650390625, 10910.3603515625, 12073.9501953125, 10555.2998046875, 3763.35009765625, 10273.1298828125, 11874.8095703125, 11434.3095703125, 11921.3095703125, 13012.75, 13669.5302734375]"
