item_id,start,freq,target
T17,1986-01-01,Q-DEC,"[3891.0, 4454.0, 4809.0, 5313.0, 4814.0, 5821.0, 5976.0, 7561.0, 7881.0, 9027.0, 9306.0, 9308.0, 9363.0, 9800.0, 8331.0, 9329.0, 8427.0, 8880.0, 9338.0, 10467.0, 8996.0, 11563.0, 12079.0, 15332.0, 14431.0, 18904.0, 20662.0, 24035.0, 22324.0, 25181.0, 24976.0, 24183.0, 21712.0, 22743.0, 22258.0, 24379.0, 21367.0, 22094.0, 22707.0, 24938.0, 23225.0, 23182.0, 24180.0, 25550.0, 23453.0, 21213.0, 14233.0, 17477.0, 17355.0, 18860.0, 20784.0, 21520.0, 20856.0, 20672.0, 22620.0, 24386.0, 23532.0, 23854.0, 24370.0, 25359.0, 23137.0, 24164.0, 24375.0, 24705.0, 28595.0390625, 28985.0390625, 29227.58984375, 30522.51953125, 28162.19921875, 8248.3203125, 28410.880859375, 30816.640625, 27856.19921875, 28882.240234375, 30120.30078125, 30458.720703125]"
