item_id,start,freq,target
34,1978-07-01,1Q,"[133.4246, 135.1043, 135.5162, 138.6013, 139.4872, 139.2945, 139.2406, 140.2597, 141.3178, 142.5662, 141.5464, 143.2067, 142.4386, 139.9836, 138.40200000000002, 136.6781, 135.2035, 133.5457, 132.7149, 133.0458, 131.8904, 130.0968, 127.7159, 126.5037, 125.7436, 124.4313, 122.808, 121.767, 122.3651, 122.1577, 121.8611, 122.8738, 123.2522, 123.0155, 121.6392, 121.0695, 121.1234, 121.5203, 120.9871, 121.6867, 122.4333, 122.2158, 121.3574, 121.3606, 122.9495, 124.1802, 126.0941, 128.8281, 129.9335, 129.2979, 129.69, 131.2034, 130.2082, 129.0285, 129.2252, 129.9593, 130.6731, 130.736, 129.2774, 129.5564, 129.8944, 130.7736, 130.4671, 131.381, 131.7815, 131.6838, 130.6989, 130.72299999999998, 129.884, 129.7119, 128.0834, 127.1293, 126.3607]"
