mae,rmse,mase,mape
0.035955357142857136,0.03905587801013897,24.374047731593713,28.30372709417604
