mae,rmse,mase,mape
5.072566465702533e-05,5.072566465702533e-05,0.03438680268575142,0.037312199645804275
