mae,rmse,mase,mape
25.61382511325502,25.74191701174913,170.92129707929456,26.404917376358323
