mae,rmse,mase,mape
37.716605528345646,61.361020312925476,0.9054771410292083,49.61413284283493
