mae,rmse,mase,mape
56.388207489589476,84.17607378696538,1.3537335131355557,121.04433383618027
