mae,rmse,mase,mape
0.02694152700730659,0.03092867757142114,18.263594563364425,19.78506117653407
