item_id,start,freq,target
T544,2020-04-17 00:00:00,D,"[[-22.171875, -21.578125, -15.59375, -11.625, -6.140625, -6.265625, -6.46875, -18.0625, -15.234375, -6.796875, 0.328125, 6.453125, 7.1875, -36.0625, -49.90625, -23.984375, 0.171875, 9.796875, 17.765625, 19.40625, 16.890625, 2.796875, 3.84375, 6.078125, 19.765625, 26.953125, 26.953125, 24.296875, 8.640625, 7.8125, 6.421875, 22.796875, 30.453125, 29.34375, 26.09375, 11.84375, 9.953125, 8.0, 22.8125, 33.203125, 32.796875, 29.25, 12.25, 11.1875, 7.015625, 25.59375, 33.375, 32.640625, 29.3125, 12.578125, 11.671875, 6.671875, 26.21875, 32.578125, 31.234375, 28.5625, 11.34375, 9.359375, 3.21875, 22.171875, 30.8125, 30.125, 25.890625, 8.78125, 7.984375, 2.25, 18.96875, 25.734375, 24.546875, 18.234375, 3.015625, 1.21875, -3.953125, 13.296875, 20.0, 19.609375, 14.484375, 0.3125, -0.765625, -3.546875, 10.4375, 15.625, 16.0, 11.546875, -3.1875, -3.578125, -5.109375, 5.984375, 9.78125, 8.6875, 2.703125, -11.234375, -10.28125, -6.671875, -1.65625, 2.265625, 2.90625, 0.625, -11.953125, -10.65625, -7.9375, -3.40625, 1.625, 0.5, -2.34375, -15.21875, -16.125, -17.203125, -8.734375, -2.53125, -1.1875, -3.9375, -13.375, -11.25, -6.0, -2.078125, 2.3125, 2.78125, -1.015625, -12.9375, -12.15625, -8.359375, nan, nan, nan, nan, nan, nan, nan, nan, nan, nan, nan, nan, nan, nan, nan, nan, nan, nan, nan, nan, nan, nan, nan, nan, nan, -4.0625, -4.671875, -6.40625, 11.03125, 17.71875, 17.015625, 11.4375, -7.40625, -6.03125, -4.890625, 9.84375, 13.421875, 14.828125, 10.5, -2.9375, -3.984375, -10.375, 9.625, 14.84375, 11.53125, 5.078125, -9.703125, -12.15625, -19.21875, -1.28125, 4.625, 9.296875, 8.59375, -5.421875, -6.8125, -13.515625, 4.4375, 11.796875]]"
