item_id,start,freq,target
T139,2020-10-03 00:00:00,D,"[-20.0, -19.33333396911621, -28.0, -26.75, -22.75, -20.25, -16.0, -9.0, -10.0, -19.5, -16.75, -14.75, -16.0, -12.0, -8.333333015441895, -10.333333015441895, -16.25, -17.75, -16.0, -13.75, -13.75, -4.333333492279053, -4.666666507720947, -17.5, -16.75, -17.75, -18.75, -15.0, -7.333333492279053, -9.0, -20.25, -19.25, -17.25, -18.0, -14.5, -8.333333015441895, -8.333333015441895, -17.0, -18.5, -17.25, -18.5, -14.5, -7.666666507720947, -6.0, -17.0, -17.5, -16.0, -17.0, -12.75, -8.666666984558105, -12.333333015441895, -18.25, -15.5, -15.0, -14.25, -11.25, -5.666666507720947, -7.0, -12.75, -11.5, -11.0, -11.75, -9.25, -5.0, -7.0, -13.0, -11.5, -12.0, -12.75, -11.0, -9.333333015441895, -11.0, -14.75, -14.5, -13.75, -13.0, -11.75, -9.666666984558105, -10.333333015441895, -18.75, -18.0, -17.5, -25.5, -61.25, -19.0, -13.333333015441895, -23.75, -25.0, -22.75, -27.75, -67.75, -24.66666603088379, -12.333333015441895, -17.25, -14.75, -12.0, -12.5, -9.25, -9.0, -14.333333015441895, -13.5, -13.5, -14.5, -17.25, -17.75, -19.0, -23.66666603088379, -22.5, -22.75, -20.75, -19.5, -17.0, -15.333333015441895, -19.66666603088379, -18.0, -20.0, -19.5, -18.0, -17.5, -18.66666603088379, -22.66666603088379, -20.75, -20.75, -22.25, -25.75, -21.75, -22.66666603088379, -27.66666603088379, -25.5, -24.75, -24.0, -28.0, -24.25, -29.66666603088379, -32.33333206176758, -30.75, -30.5, -30.25, -27.75, -28.75, -29.0, -35.0, -32.0, -30.0, -30.0, -30.25, -26.75, -24.66666603088379, -32.33333206176758, -29.5, -29.0, -29.0, -28.75, -26.0, -25.33333396911621, -29.0, -28.75, -27.0, -27.25, -26.75, -25.5, -22.66666603088379, -31.33333396911621, -25.0, -26.25, -24.0, -26.25, -23.25, -23.66666603088379, -28.0, -32.75, -30.25, -29.5, -28.25, -24.75, -27.33333396911621, -26.66666603088379, -23.25, -25.25, -22.75]"
