item_id,start,freq,target
T41,2020-03-25 00:00:00,D,"[-33.22222137451172, -34.44444274902344, -32.5, None, None, -63.20000076293945, -64.30000305175781, -66.30000305175781, -68.5, -71.0999984741211, -80.85713958740234, None, -83.4000015258789, -82.25, -79.30000305175781, -79.0, -90.28571319580078, -65.875, None, -89.375, -75.80000305175781, -72.4000015258789, -73.0999984741211, -69.9000015258789, -59.85714340209961, None, -70.0999984741211, -69.80000305175781, -69.9000015258789, -71.9000015258789, -69.69999694824219, -59.28571319580078, None, -68.19999694824219, -86.66666412353516, -67.9000015258789, -67.19999694824219, -86.69999694824219, -55.85714340209961, None, -54.5, -54.20000076293945, -54.66666793823242, -56.70000076293945, -53.599998474121094, -46.28571319580078, None, -51.0, -51.599998474121094, -51.599998474121094, -54.0, -49.400001525878906, -42.83333206176758, None, -45.79999923706055, -46.88888931274414, -47.55555725097656, -46.70000076293945, -43.77777862548828, -36.16666793823242, None, -44.88888931274414, -42.77777862548828, -43.77777862548828, -44.33333206176758, -42.25, -31.33333396911621, None, -78.19999694824219, -37.25, -39.0, -38.55555725097656, -37.5, -31.5, None, -36.77777862548828, -34.55555725097656, -35.88888931274414, -37.11111068725586, -35.0, -23.66666603088379, None, -34.11111068725586, -33.75, -35.22222137451172, -36.0, -33.0, -22.66666603088379, None, -34.88888931274414, -32.77777862548828, -33.375, -33.55555725097656, -31.125, None, None, -31.875, -31.11111068725586, -32.625, -32.55555725097656, -30.375, -19.16666603088379, None, -33.125, -31.125, -31.125, -31.55555534362793, -29.0, -20.5, None, -32.0, -30.625, -31.375, -32.0, -29.125, None, None, -31.25, -30.0, -29.75, -28.44444465637207, -29.125, -34.5, None, -31.375, -31.44444465637207, -31.75, -29.625, -26.125, -41.5, None, -75.4000015258789, -28.625, -30.375, -31.77777862548828, -28.75, -23.0, None, -31.88888931274414, -29.77777862548828, -30.875, -29.77777862548828, -29.0, -18.33333396911621, None, None, None, None, None, None, -20.0, -21.0, None, None, None, None, None, -20.0, -22.0, None, None, None, None, None, -18.0, -21.0, None, None, None, None, -26.0, -20.33333396911621, None, -25.25, -23.0, -26.5, -27.44444465637207, -23.875, -19.5, None]"
