item_id,start,freq,target
T506,2020-08-30 00:00:00,D,"[[4.0, -5.0, -6.0, -6.0, -7.5, -4.5, 0.5, 3.5, -6.0, -5.5, -4.0, -6.5, -7.5, 0.5, -1.0, -7.5, -7.75, -9.0, -8.25, -5.5, 0.0, -0.5, -9.5, -13.5, -12.25, -15.75, -10.0, -3.6666667461395264, -5.5, -11.75, -12.75, -20.0, -25.600000381469727, -18.75, -14.25, -13.5, -26.799999237060547, -26.200000762939453, -20.0, -20.600000381469727, -11.5, -2.6666667461395264, -6.0, -11.5, -12.75, -11.25, -12.0, -10.0, -4.333333492279053, -6.0, -13.75, -12.25, -10.0, -12.0, -8.5, -3.25, -4.5, -8.75, -10.0, -11.5, -13.5, -11.0, nan, -1.0, -14.25, -10.75, -11.75, -12.5, -9.75, nan, -3.5, -13.0, -13.0, -10.25, -11.25, -9.75, -0.6666666865348816, nan, -13.0, -12.5, -12.0, -11.5, -7.5, -4.5, nan, -11.25, -9.5, -7.5, -9.25, -7.0, nan, nan, -6.5, -4.5, -5.25, -5.25, -2.5, -0.25, nan, -6.75, -5.25, -6.25, -6.75, -4.5, 1.3333333730697632, 1.0, -6.5, -7.0, -6.0, -6.75, -2.5, 0.3333333432674408, 1.5, -7.75, -7.5, -6.5, -14.25, -54.400001525878906, -7.5, 4.5, -11.5, -13.75, -10.75, -19.600000381469727, -60.20000076293945, -25.75, -5.5, -10.5, -6.75, -5.0, -6.25, -4.5, -4.75, -1.0, -6.5, -7.5, -9.5, -15.75, -15.5, -18.0, -16.5, -18.25, -17.0, -16.75, -19.200000762939453, -13.25, -10.0, -12.5, -14.25, -14.0, -11.75, -13.5, -12.5, -11.5, -14.0, -14.75, -11.75, -15.0, -22.399999618530273, -17.0, -16.0, -17.0, -25.33333396911621, -16.75, -17.75, -21.200000762939453, -16.0, -18.75, -14.5, -24.5, -22.399999618530273, -16.75, -16.75, -14.0, -15.0, -14.0, -23.5, -18.0, -15.75, -21.0]]"
