item_id,start,freq,target
T247,2020-04-25 00:00:00,D,"[-36.5, -22.375, -49.375, -49.0, -47.75, -47.25, -53.875, -28.875, -14.375, -48.0, -52.625, -39.25, -40.375, -39.25, -29.75, -9.0, -33.875, -33.75, -32.625, -33.375, -29.625, -13.375, 4.375, -28.75, -28.625, -29.375, -26.5, -25.5, -10.5, -6.25, -41.0, -20.375, -19.875, -19.625, -17.375, 1.0, 18.25, -18.25, -17.0, -18.625, -18.25, -17.75, 0.25, 15.375, -18.875, -17.625, -18.0, -18.125, -16.625, 1.75, 17.0, -19.125, -17.875, -18.5, -18.0, -17.5, 2.0, 15.75, -23.5, -21.875, -21.375, -20.875, -21.625, -4.875, 9.25, -24.75, -22.5, -24.625, -26.125, -25.875, -9.5, 2.75, -32.75, -29.5, -30.875, -32.625, -31.5, -12.875, 2.0, -36.5, -32.875, -33.75, -33.875, -32.375, -15.75, 0.625, -35.375, -32.375, -33.125, -33.5, -33.25, -13.625, -0.5, -34.75, -31.625, -31.25, -33.125, -55.625, -17.5, 1.875, -33.0, -30.0, -29.875, -29.875, -27.75, -9.875, 6.75, -29.75, -25.5, -26.375, -27.125, -27.25, -9.375, 4.375, -29.399999618530273, -28.0, -25.200000762939453, -27.799999237060547, -26.799999237060547, None, None, -27.799999237060547, -25.600000381469727, -24.600000381469727, -25.600000381469727, -23.600000381469727, None, None, -43.79999923706055, -23.799999237060547, -24.0, -26.799999237060547, None, None, None, -28.200000762939453, -25.799999237060547, -24.399999618530273, -27.600000381469727, -25.25, -9.125, 6.25, -25.25, -23.625, -22.75, -24.375, -25.0, -6.5, 6.5, -27.0, -27.625, -29.375, -29.75, -30.0, -16.0, -7.625, -31.375, -29.875, -33.75, -35.375, -35.125, -21.5, -8.25, -40.25, -43.0, -39.625, -35.875, -35.5, -24.25, -11.75, -35.375, -32.5, -31.875, -34.375, -33.75, -23.0, -13.625, -35.375, -33.375, -32.375]"
