item_id,start,freq,target
T314,2020-06-25 00:00:00,D,"[-0.5, -1.0, 6.5, 8.0, -1.5, -1.5, -2.5, -4.0, -5.0, 6.5, 9.5, -6.0, -7.0, -7.5, -10.5, -20.5, -48.0, -44.0, -68.75, -65.75, -59.5, -26.0, -22.5, -5.0, 1.0, -12.5, -13.5, -12.0, -12.0, -13.0, -6.0, -1.5, -14.0, -13.5, -13.0, -12.5, -13.0, -3.5, 0.5, -12.0, -12.5, -11.5, -11.5, -13.0, -4.5, -0.5, -10.5, -10.5, -8.5, -10.5, -11.0, -1.0, -0.5, -9.0, -5.5, -4.0, -6.0, -9.5, -0.5, 4.0, -4.0, -4.0, 0.0, -1.5, -2.0, 7.0, 9.5, 1.0, 0.5, 5.0, 2.5, 1.5, 2.0, 6.5, 3.5, 3.0, 8.5, 4.5, 3.5, 4.0, 7.5, 15.5, 15.5, 16.5, 11.5, 9.5, 7.5, 11.5, 13.5, 14.0, 20.0, 16.0, 14.0, 8.5, 10.5, 24.0, 23.0, 23.0, 24.5, 22.0, 1.5, 6.0, 25.5, 26.0, 32.5, 29.0, 28.0, 16.0, 14.0, 34.0, 33.5, 37.5, -48.33333206176758, 29.5, 14.5, 11.5, 33.0, 35.0, 44.0, 37.5, 35.0, 20.0, 13.5, 43.5, 42.5, 47.5, 42.5, 40.0, 18.5, 11.0, 45.0, 44.5, 48.5, 42.5, 40.5, 20.5, 13.0, 45.0, 45.5, -1.0, -43.0, -66.5, -59.5, -55.0, -71.5, -51.66666793823242, -61.75, -65.33333587646484, -68.0, -59.5, -52.5, -60.75, -59.75, -55.0, -74.25, -56.75, -51.5, -48.5, -51.33333206176758, -42.33333206176758, -40.0, -41.33333206176758, -47.0, -40.5, -38.5, -38.66666793823242, -39.33333206176758, -42.5, -38.66666793823242, -43.5, -35.5, -32.0, -16.5, -20.5, -15.5, -17.5, -18.5, -13.5, -16.0, -14.5]"
