item_id,start,freq,target
T428,2020-03-14 00:00:00,D,"[None, 5.5714287757873535, 7.5714287757873535, 8.714285850524902, 10.5, 13.071428298950195, None, None, 14.714285850524902, 17.714284896850586, None, 17.5, None, None, None, 17.928571701049805, 17.571428298950195, None, 17.428571701049805, None, None, None, 18.428571701049805, None, None, None, None, None, None, None, None, None, None, None, None, None, None, None, None, None, None, None, None, None, None, None, None, None, None, None, None, None, None, None, None, None, None, None, None, None, None, None, None, None, None, None, None, None, None, None, None, None, None, None, None, 20.14285659790039, None, None, 11.285714149475098, 11.571428298950195, 11.714285850524902, 12.571428298950195, 14.714285850524902, None, None, 12.928571701049805, 13.0, 12.928571701049805, 12.571428298950195, 15.214285850524902, None, None, 12.571428298950195, 12.857142448425293, 12.714285850524902, 12.785714149475098, 14.857142448425293, None, None, 9.714285850524902, 9.142857551574707, 9.357142448425293, 9.642857551574707, 11.071428298950195, None, None, 7.857142925262451, 7.714285850524902, 7.285714149475098, 7.857142925262451, 10.642857551574707, None, None, 8.642857551574707, 8.714285850524902, 8.428571701049805, 8.642857551574707, 10.285714149475098, None, None, 8.642857551574707, 9.142857551574707, 8.642857551574707, 9.071428298950195, 10.857142448425293, None, None, 8.714285850524902, 8.571428298950195, 8.428571701049805, 9.0, 10.928571701049805, None, None, 8.428571701049805, 6.714285850524902, 6.5, 6.4285712242126465, None, None, None, None, None, 8.642857551574707, 8.357142448425293, 10.357142448425293, None, None, 7.0, 6.714285850524902, 6.714285850524902, 7.285714149475098, 9.142857551574707, None, None, 7.0714287757873535, 7.0714287757873535, 7.142857074737549, 7.4285712242126465, 8.714285850524902, 8.5, 6.666666507720947, 7.357142925262451, 7.357142925262451, 6.714285850524902, 6.714285850524902, 6.785714149475098, 7.699999809265137, 6.916666507720947, 6.9285712242126465, 6.9285712242126465, 6.642857074737549, 6.9285712242126465, 8.357142448425293, 7.900000095367432, 6.083333492279053, 7.714285850524902, 8.214285850524902, 7.785714149475098, 8.071428298950195]"
