item_id,start,freq,target
T260,2020-08-24 00:00:00,D,"[[nan, nan, nan, nan, nan, nan, nan, nan, nan, nan, nan, nan, nan, nan, nan, nan, nan, nan, -19.34375, -17.0, -8.862069129943848, -17.6875, -16.875, -16.34375, -19.90625, -18.875, -15.966666221618652, -8.0, -20.03125, -20.21875, -19.40625, -21.5625, -20.1875, -17.299999237060547, -11.344827651977539, -21.5625, -21.875, -22.34375, -25.28125, -22.8125, -21.5, -18.79310417175293, -29.125, -28.15625, -24.03125, -25.59375, -22.25, -18.633333206176758, -10.551724433898926, -24.5, -24.75, -21.84375, -24.8125, -23.15625, -19.580644607543945, -12.793103218078613, -22.84375, -22.75, -19.625, -21.65625, -18.90625, -16.100000381469727, -8.344827651977539, -20.0625, -20.875, -19.40625, -37.8125, -22.65625, -19.766666412353516, -12.586206436157227, -24.875, -24.625, -25.875, -25.9375, -22.3125, -19.766666412353516, -13.689655303955078, -24.71875, -25.4375, -23.125, -25.53125, -21.75, -36.67741775512695, -43.233333587646484, -40.6875, -40.625, -38.90625, -39.5625, -37.90625, -31.225807189941406, -36.31034469604492, -48.78125, -37.5625, -36.28125, -39.90625, -33.375, -28.225807189941406, -31.241378784179688, -23.53125, -22.8125, -20.34375, -22.46875, -19.875, -18.766666412353516, -13.586206436157227, -22.59375, -21.59375, -19.96875, -22.5, -20.375, -16.967741012573242, -15.344827651977539, -23.5, -24.40625, -23.0625, -25.3125, -20.4375, -17.03333282470703, -13.448275566101074, -22.03125, -23.09375, -24.5625, -31.375, -46.8125, -23.29032325744629, -16.20689582824707, -29.46875, -30.0, -28.375, -34.84375, -58.65625, -28.161291122436523, -19.0, -30.65625, -31.0625, -36.6875, -45.1875, -41.53125, -36.54838562011719, -45.86666488647461, -43.96875, -44.34375, -45.5625, -72.46875, -68.09375, -62.59375, -61.0, -65.71875, -68.1875, -65.875, -63.0, -59.53125, -53.225807189941406, -48.33333206176758, -58.21875, -58.09375, -56.15625, -59.4375, -59.0, -50.1875, -44.733333587646484, -54.03125, -54.25, -53.0, -55.875, -51.90625, -45.064517974853516, -41.70000076293945, -49.8125, -55.21875, -46.09375, -49.0625, -48.1875, -44.0625, -38.43333435058594, -48.65625, -50.46875, -57.71875, -56.3125, -51.15625]]"
