mae,rmse,mase,mape
0.1199828964064599,0.2389041912441618,1.7345353477162877,536.2222580188194
