mae,rmse,mase,mape
59.799185859777154,90.8546980271744,1.4356221905359858,182.17482902647285
