mae,rmse,mase,mape
88.89774198352166,109.90049063967903,2.134202485287178,70.77199401601305
