mae,rmse,mase,mape
216.5433139630562,257.5325144100646,1444.9955808147156,61.5026901873129
