mae,rmse,mase,mape
36.482359585720864,40.48242927222519,243.44713034203357,28.942469674494873
