item_id,start,freq,target
T862,2015-02-01 00:00:00,W-SUN,"[[4.8094000816345215, 4.676000118255615, 4.750500202178955, 4.248799800872803, 4.890399932861328, 4.8267998695373535, 4.730000019073486, 4.827899932861328, 4.855100154876709, 4.900599956512451, 4.759200096130371, 4.828000068664551, 4.919300079345703, 4.940800189971924, 4.985499858856201, 4.611999988555908, 4.910600185394287, 4.79449987411499, 4.773399829864502, 4.612199783325195, 4.644899845123291, 4.450500011444092, 4.83489990234375, 4.844200134277344, 4.828800201416016, 4.877900123596191, 4.882199764251709, 4.822000026702881, 4.9120001792907715, 4.949999809265137, 4.69920015335083, 5.061100006103516, 5.015699863433838, 4.936999797821045, 4.7982001304626465, 4.772299766540527, 4.938899993896484, 5.11959981918335, 4.942599773406982, 4.9618000984191895, 4.966000080108643, 5.095099925994873, 4.570400238037109, 4.95359992980957, 5.15880012512207, 5.301599979400635, 4.432700157165527, 4.368500232696533, 4.857800006866455, 4.83489990234375, 4.905600070953369, 4.994200229644775, 5.041100025177002, 5.002699851989746, 5.062399864196777, 5.131700038909912, 5.259799957275391, 5.318900108337402, 5.319300174713135, 5.479300022125244, 5.599599838256836, 5.503399848937988, 5.6981000900268555, 5.626200199127197, 5.848299980163574, 5.792799949645996, 5.815000057220459, 5.867000102996826, 5.646999835968018, 5.7565999031066895, 5.901800155639648, 6.005899906158447, 5.952700138092041, 5.528800010681152, 5.969200134277344, 5.976500034332275, 5.8709001541137695, 6.053599834442139, 6.073200225830078, 6.2428998947143555, 6.246200084686279, 6.248199939727783, 5.8491997718811035, 6.136099815368652, 6.196300029754639, 6.202099800109863, 6.184899806976318, 6.028900146484375, 6.119500160217285, 6.496799945831299]]"
