item_id,start,freq,target
T285,2014-12-29,W-SUN,"[7.216899871826172, 7.31220006942749, 9.492300033569336, 7.317399978637695, 7.266200065612793, 7.241700172424316, 8.478500366210938, 7.458899974822998, 6.893499851226807, 8.226200103759766, 7.9029998779296875, 8.695500373840332, 8.050399780273438, 7.113399982452393, 8.128600120544434, 8.343099594116211, 7.911099910736084, 9.469400405883789, 7.708499908447266, 7.952700138092041, 7.094399929046631, 7.49560022354126, 8.060799598693848, 7.9440999031066895, 7.69980001449585, 7.929699897766113, 6.6331000328063965, 7.61329984664917, 7.98360013961792, 8.189200401306152, 7.85290002822876, 7.604100227355957, 8.050100326538086, 7.798999786376953, 8.80109977722168, 7.593400001525879, 8.191100120544434, 8.675399780273438, 8.104399681091309, 8.741700172424316, 7.7795000076293945, 8.01729965209961, 8.083999633789062, 8.690600395202637, 8.009099960327148, 7.764100074768066, 8.048999786376953, 6.892399787902832, 7.685299873352051, 8.750800132751465, 7.905600070953369, 5.898099899291992, 7.160099983215332, 7.899899959564209, 8.4822998046875, 7.919899940490723, 7.432499885559082, 8.164899826049805, 7.738900184631348, 8.144599914550781, 8.034700393676758, 8.496999740600586, 8.26550006866455, 8.714900016784668, 7.430600166320801, 8.342300415039062, 8.597599983215332, 8.225799560546875, 8.16450023651123, 8.164600372314453, 8.269100189208984, 8.290900230407715, 8.448800086975098, 7.805799961090088, 8.142200469970703, 9.381799697875977, 8.197999954223633, 8.266599655151367, 7.085899829864502, 8.278300285339355, 8.04419994354248, 7.470799922943115, 8.353599548339844, 7.824399948120117, 8.380599975585938, 8.994000434875488, 8.555999755859375, 7.996300220489502, 8.838500022888184, 9.694299697875977, 8.498800277709961, 9.267200469970703, 8.206199645996094, 8.534000396728516, 8.715999603271484, 8.316100120544434]"
