item_id,start,freq,target
T692,2014-12-29,W-SUN,"[8.769800186157227, 10.38029956817627, 10.3858003616333, 10.357799530029297, 10.956299781799316, 11.043700218200684, 10.767499923706055, 11.799699783325195, 10.433899879455566, 11.191399574279785, 10.958499908447266, 10.94890022277832, 11.399800300598145, 11.749899864196777, 11.232999801635742, 11.895600318908691, 11.15429973602295, 11.222000122070312, 11.126500129699707, 11.792400360107422, 11.131400108337402, 11.557600021362305, 11.069999694824219, 8.100799560546875, 10.134699821472168, 10.40820026397705, 9.36870002746582, 10.60949993133545, 11.298600196838379, 10.978500366210938, 11.050399780273438, 11.127799987792969, 11.083200454711914, 11.360400199890137, 10.144800186157227, 10.428400039672852, 9.86870002746582, 8.65530014038086, 9.856200218200684, 8.7052001953125, 8.895899772644043, 9.16100025177002, 10.700900077819824, 10.541999816894531, 10.53339958190918, 10.556099891662598, 10.775899887084961, 9.016200065612793, 10.157600402832031, 11.224499702453613, 10.294899940490723, 8.060199737548828, 9.716099739074707, 10.168700218200684, 9.863800048828125, 10.297300338745117, 9.666399955749512, 10.956999778747559, 9.980899810791016, 10.960800170898438, 10.316100120544434, 9.784000396728516, 10.164999961853027, 10.495499610900879, 10.31470012664795, 10.643400192260742, 10.221799850463867, 10.343500137329102, 10.488499641418457, 10.338600158691406, 10.82040023803711, 10.527099609375, 11.245499610900879, 9.751299858093262, 10.683500289916992, 10.643799781799316, 10.615699768066406, 10.990099906921387, 9.513400077819824, 10.97819995880127, 11.275400161743164, 9.901100158691406, 10.284600257873535, 10.345000267028809, 10.4753999710083, 11.262100219726562, 10.995499610900879, 9.817899703979492, 10.690999984741211, 10.854399681091309, 10.26669979095459, 10.797300338745117, 10.517900466918945, 10.08549976348877, 11.101499557495117, 10.228099822998047]"
