item_id,start,freq,target
T181,2014-12-29,W-SUN,"[6.7683000564575195, 8.937999725341797, 11.447699546813965, 10.974100112915039, 14.136799812316895, 13.314499855041504, 12.930500030517578, 13.416500091552734, 13.255800247192383, 13.709199905395508, 14.003000259399414, 13.343799591064453, 14.582099914550781, 12.248900413513184, 11.134699821472168, 13.319899559020996, 11.412599563598633, 13.399999618530273, 13.591099739074707, 14.545700073242188, 11.528499603271484, 12.703200340270996, 13.512700080871582, 13.122599601745605, 13.359100341796875, 13.019100189208984, 10.043000221252441, 12.974200248718262, 13.549200057983398, 13.093999862670898, 13.01449966430664, 13.014599800109863, 12.527000427246094, 12.204400062561035, 19.715900421142578, 37.314300537109375, 36.14759826660156, 36.14120101928711, 22.10770034790039, 35.35649871826172, 16.573200225830078, 15.002099990844727, 14.65880012512207, 14.436200141906738, 14.558899879455566, 15.145400047302246, 15.2076997756958, 10.48270034790039, 13.708100318908691, 15.42590045928955, 13.4350004196167, 7.255300045013428, 9.29889965057373, 14.396699905395508, 12.189200401306152, 14.365900039672852, 14.257100105285645, 14.839699745178223, 13.474599838256836, 14.990500450134277, 14.99779987335205, 13.88759994506836, 14.464599609375, 14.776300430297852, 14.379599571228027, 14.141900062561035, 13.92590045928955, 14.690600395202637, 14.388699531555176, 14.288000106811523, 14.977999687194824, 14.91670036315918, 15.029399871826172, 12.97029972076416, 14.949399948120117, 14.962200164794922, 14.323699951171875, 14.756099700927734, 11.030900001525879, 14.800200462341309, 15.401200294494629, 14.496899604797363, 13.460399627685547, 13.906599998474121, 13.010299682617188, 13.250399589538574, 14.341699600219727, 11.79319953918457, 14.330300331115723, 14.696999549865723, 14.615900039672852, 12.235199928283691, 15.691200256347656, 15.01729965209961, 15.602999687194824, 13.942500114440918]"
