item_id,start,freq,target
T720,2014-12-29,W-SUN,"[6.599699974060059, 6.9506001472473145, 5.804599761962891, 7.539299964904785, 7.706699848175049, 7.540999889373779, 7.6244001388549805, 7.787600040435791, 7.13070011138916, 8.071399688720703, 8.231200218200684, 8.339900016784668, 8.3927001953125, 8.053999900817871, 8.81659984588623, 8.327500343322754, 8.380000114440918, 7.839799880981445, 8.17490005493164, 8.458200454711914, 8.243000030517578, 8.535400390625, 8.497599601745605, 8.49020004272461, 8.72070026397705, 8.459199905395508, 8.286199569702148, 8.542099952697754, 8.23840045928955, 8.613800048828125, 8.850799560546875, 8.70259952545166, 9.606800079345703, 8.537699699401855, 8.410499572753906, 8.336899757385254, 8.490699768066406, 8.454400062561035, 8.349300384521484, 7.787399768829346, 8.223400115966797, 8.30780029296875, 8.404899597167969, 8.164199829101562, 8.10420036315918, 8.162400245666504, 8.356399536132812, 7.418399810791016, 7.922599792480469, 7.97730016708374, 8.192500114440918, 7.2778000831604, 7.06879997253418, 7.539999961853027, 7.7230000495910645, 7.667699813842773, 7.90369987487793, 7.936299800872803, 8.039999961853027, 8.029000282287598, 8.144499778747559, 7.712200164794922, 7.681600093841553, 7.5279998779296875, 8.38640022277832, 8.460399627685547, 8.328100204467773, 8.532099723815918, 8.383600234985352, 8.480600357055664, 8.478300094604492, 8.689000129699707, 8.702699661254883, 8.26159954071045, 8.642999649047852, 8.733599662780762, 8.752099990844727, 8.709799766540527, 8.317500114440918, 8.671699523925781, 8.791600227355957, 8.778400421142578, 8.837200164794922, 8.73799991607666, 8.805299758911133, 8.735099792480469, 8.457799911499023, 8.087800025939941, 8.513400077819824, 8.492600440979004, 8.409299850463867, 8.181599617004395, 8.524100303649902, 8.092399597167969, 7.953700065612793, 7.919400215148926]"
