item_id,start,freq,target
T266,2014-12-29,W-SUN,"[4.432300090789795, 4.968400001525879, 4.411499977111816, 5.7108001708984375, 5.260499954223633, 4.679100036621094, 5.042900085449219, 5.843800067901611, 5.242000102996826, 5.726099967956543, 5.781700134277344, 5.8333001136779785, 5.908899784088135, 5.703199863433838, 5.786300182342529, 5.86299991607666, 5.696400165557861, 5.816299915313721, 5.954999923706055, 5.80679988861084, 5.6828999519348145, 5.834000110626221, 5.931399822235107, 6.023900032043457, 6.071700096130371, 5.9629998207092285, 5.478899955749512, 6.0229997634887695, 5.970600128173828, 6.092100143432617, 5.943900108337402, 6.009900093078613, 6.138299942016602, 6.040500164031982, 5.937399864196777, 5.691800117492676, 6.087299823760986, 6.009300231933594, 5.750800132751465, 5.931000232696533, 5.763000011444092, 5.557799816131592, 5.950900077819824, 5.614999771118164, 5.780799865722656, 5.931399822235107, 5.633600234985352, 5.408400058746338, 5.542099952697754, 5.656099796295166, 5.4243998527526855, 4.75629997253418, 4.886099815368652, 5.423299789428711, 5.480400085449219, 5.40310001373291, 5.685699939727783, 5.787600040435791, 5.645699977874756, 5.654099941253662, 5.020500183105469, 5.6579999923706055, 6.497099876403809, 5.109399795532227, 6.074699878692627, 5.912700176239014, 5.845699787139893, 6.173999786376953, 6.073299884796143, 5.9268999099731445, 6.138199806213379, 6.260499954223633, 6.270100116729736, 6.191999912261963, 6.429500102996826, 6.314499855041504, 6.420100212097168, 6.392300128936768, 5.757199764251709, 6.365099906921387, 6.376800060272217, 6.335299968719482, 6.434199810028076, 6.317999839782715, 6.313399791717529, 6.327300071716309, 6.220200061798096, 5.846499919891357, 6.3053998947143555, 6.2881999015808105, 6.178899765014648, 6.026299953460693, 6.234000205993652, 5.796800136566162, 6.01140022277832, 5.869500160217285]"
