item_id,start,freq,target
T330,2015-02-01 00:00:00,W-SUN,"[[17.604999542236328, 17.884300231933594, 16.824399948120117, 15.795700073242188, 18.864299774169922, 18.204599380493164, 17.625, 17.711200714111328, 18.641399383544922, 18.116100311279297, 17.721900939941406, 19.145700454711914, 18.187400817871094, 19.087400436401367, 17.88520050048828, 19.64780044555664, 18.178499221801758, 18.51460075378418, 18.411399841308594, 18.33609962463379, 18.03969955444336, 17.73710060119629, 15.727800369262695, 17.60689926147461, 18.28969955444336, 19.746000289916992, 15.798299789428711, 13.186800003051758, 18.689699172973633, 18.061599731445312, 17.225099563598633, 16.284099578857422, 15.879899978637695, 17.588899612426758, 18.527599334716797, 16.110599517822266, 20.905500411987305, 18.12579917907715, 18.762300491333008, 17.590999603271484, 18.787599563598633, 18.800500869750977, 20.440799713134766, 17.77090072631836, 9.962699890136719, 10.281900405883789, 9.147500038146973, 8.819600105285645, 9.638799667358398, 10.449299812316895, 19.51099967956543, 18.534700393676758, 18.422700881958008, 17.43160057067871, 14.181599617004395, 16.823299407958984, 17.53689956665039, 18.753000259399414, 11.260000228881836, 10.466899871826172, 11.259499549865723, 16.287900924682617, 19.861499786376953, 18.58690071105957, 18.837600708007812, 19.013999938964844, 19.215599060058594, 19.262399673461914, 20.332700729370117, 19.80699920654297, 17.39259910583496, 16.88050079345703, 17.065099716186523, 18.721200942993164, 18.941499710083008, 19.15169906616211, 19.64699935913086, 18.142099380493164, 19.567399978637695, 17.2189998626709, 18.041099548339844, 19.336700439453125, 19.3075008392334, 19.361299514770508, 18.2007999420166, 19.99370002746582, 18.573400497436523, 19.02669906616211, 18.58489990234375, 18.738399505615234]]"
