item_id,start,freq,target
T727,2014-12-29,W-SUN,"[4.077400207519531, 4.629899978637695, 4.274199962615967, 4.462399959564209, 3.9482998847961426, 4.6855998039245605, 3.822700023651123, 3.889899969100952, 3.5253000259399414, 4.071599960327148, 4.164299964904785, 3.960599899291992, 3.889899969100952, 3.889899969100952, 4.013700008392334, 3.889899969100952, 3.889899969100952, 3.889899969100952, 4.088099956512451, 3.8162999153137207, 4.032299995422363, 4.188199996948242, 3.889899969100952, 3.889899969100952, 3.889899969100952, 5.57420015335083, 5.736400127410889, 5.226200103759766, 5.796599864959717, 5.402200222015381, 6.974599838256836, 5.458499908447266, 4.364500045776367, 5.5279998779296875, 5.4004998207092285, 5.290900230407715, 5.71999979019165, 5.365799903869629, 3.889899969100952, 3.889899969100952, 3.889899969100952, 3.889899969100952, 3.889899969100952, 3.8847999572753906, 3.889899969100952, 3.889899969100952, 3.889899969100952, 3.889899969100952, 3.889899969100952, 3.889899969100952, 3.889899969100952, 3.889899969100952, 3.889899969100952, 3.889899969100952, 3.889899969100952, 3.889899969100952, 3.889899969100952, 3.889899969100952, 3.890399932861328, 3.889899969100952, 3.889899969100952, 5.759500026702881, 5.53980016708374, 5.117800235748291, 6.13670015335083, 5.9583001136779785, 6.024199962615967, 5.841300010681152, 5.901299953460693, 6.033100128173828, 6.413400173187256, 5.984499931335449, 5.915599822998047, 6.3927001953125, 5.999599933624268, 6.022900104522705, 7.052000045776367, 5.888000011444092, 6.903600215911865, 6.372000217437744, 6.743599891662598, 7.007500171661377, 7.2652997970581055, 6.260900020599365, 6.510799884796143, 6.823599815368652, 6.771399974822998, 7.906899929046631, 7.845399856567383, 8.619999885559082, 7.1082000732421875, 7.1168999671936035, 6.903200149536133, 6.39870023727417, 6.762800216674805, 6.131100177764893]"
