item_id,start,freq,target
T310,2014-12-29,W-SUN,"[7.1757001876831055, 7.243599891662598, 5.742700099945068, 7.327400207519531, 7.94189977645874, 7.822400093078613, 7.332499980926514, 7.828100204467773, 6.867499828338623, 7.9328999519348145, 7.839000225067139, 8.32800006866455, 8.189499855041504, 7.966700077056885, 7.7118000984191895, 10.280699729919434, 8.422100067138672, 9.907299995422363, 8.541299819946289, 8.256600379943848, 8.132800102233887, 8.321900367736816, 10.11970043182373, 10.247599601745605, 10.378600120544434, 9.99209976196289, 9.80780029296875, 10.1141996383667, 10.324199676513672, 9.710000038146973, 10.366499900817871, 10.072999954223633, 9.596500396728516, 10.215100288391113, 9.19849967956543, 7.645599842071533, 5.73330020904541, 5.73330020904541, 5.73330020904541, 5.73330020904541, 5.73330020904541, 5.73330020904541, 5.73330020904541, 5.725399971008301, 5.73330020904541, 5.73330020904541, 5.73330020904541, 5.73330020904541, 5.73330020904541, 5.73330020904541, 6.079999923706055, 6.7870001792907715, 6.742300033569336, 7.57889986038208, 7.562699794769287, 7.681300163269043, 7.971700191497803, 7.786600112915039, 7.617599964141846, 7.22629976272583, 7.218900203704834, 7.0345001220703125, 7.063199996948242, 7.121200084686279, 7.367300033569336, 7.271999835968018, 7.213200092315674, 7.687399864196777, 6.96120023727417, 7.456399917602539, 7.434899806976318, 7.554100036621094, 7.612100124359131, 7.367300033569336, 7.504199981689453, 7.6016998291015625, 7.652200222015381, 7.649600028991699, 7.335700035095215, 7.47629976272583, 7.568699836730957, 7.16510009765625, 7.483099937438965, 7.44189977645874, 7.55679988861084, 7.581699848175049, 6.386000156402588, 7.20550012588501, 7.373300075531006, 7.548399925231934, 7.786099910736084, 7.438499927520752, 7.473100185394287, 7.123799800872803, 7.3028998374938965, 7.265900135040283]"
