item_id,start,freq,target
T779,2015-02-08 00:00:00,W-SUN,"[[7.817599773406982, 7.948200225830078, 7.007800102233887, 8.403300285339355, 8.096099853515625, 8.08650016784668, 8.25059986114502, 7.99970006942749, 8.097599983215332, 7.973700046539307, 7.618899822235107, 8.271699905395508, 8.50510025024414, 6.265999794006348, 5.348899841308594, 7.438300132751465, 8.27929973602295, 8.17710018157959, 8.085800170898438, 8.115900039672852, 7.598400115966797, 8.174300193786621, 8.17770004272461, 8.076000213623047, 8.274700164794922, 8.416600227355957, 8.052900314331055, 8.187100410461426, 6.132199764251709, 7.982800006866455, 8.216099739074707, 8.439000129699707, 8.253199577331543, 8.30739974975586, 8.083100318908691, 8.233499526977539, 8.226699829101562, 8.11359977722168, 8.317899703979492, 8.122599601745605, 8.310799598693848, 7.322299957275391, 7.926700115203857, 8.09529972076416, 8.428400039672852, 7.039700031280518, 7.108500003814697, 7.818600177764893, 7.634799957275391, 7.337100028991699, 6.682499885559082, 7.504700183868408, 7.572199821472168, 7.634799957275391, 7.467100143432617, 7.331299781799316, 7.427599906921387, 7.568600177764893, 8.378700256347656, 8.430299758911133, 7.987400054931641, 8.621600151062012, 8.1697998046875, 8.207599639892578, 8.625800132751465, 8.48270034790039, 8.370400428771973, 8.078300476074219, 8.309800148010254, 8.36929988861084, 8.364399909973145, 8.38640022277832, 7.831099987030029, 8.242300033569336, 8.270999908447266, 8.073399543762207, 8.42389965057373, 8.31089973449707, 7.155300140380859, 7.591300010681152, 7.857800006866455, 8.011500358581543, 7.027699947357178, 7.972599983215332, 7.909599781036377, 7.6585001945495605, 7.754700183868408, 7.831999778747559, 7.60230016708374, 6.301700115203857]]"
