item_id,start,freq,target
T367,2015-01-25 00:00:00,W-SUN,"[[20.903099060058594, 21.806800842285156, 21.008499145507812, 21.358699798583984, 19.489599227905273, 24.57990074157715, 23.637800216674805, 23.01300048828125, 21.684200286865234, 21.847900390625, 25.64080047607422, 21.504899978637695, 22.39299964904785, 22.1742000579834, 23.14069938659668, 22.70789909362793, 22.026199340820312, 22.83530044555664, 23.772199630737305, 23.288799285888672, 23.9512996673584, 24.469499588012695, 22.281099319458008, 24.992599487304688, 24.262100219726562, 26.79789924621582, 23.300800323486328, 26.02790069580078, 23.899999618530273, 24.075599670410156, 27.92919921875, 25.67180061340332, 25.480300903320312, 27.250200271606445, 25.822799682617188, 26.214599609375, 25.351299285888672, 25.344900131225586, 25.626399993896484, 24.695499420166016, 21.952899932861328, 22.884199142456055, 22.453800201416016, 20.09160041809082, 22.401199340820312, 22.630199432373047, 21.656099319458008, 18.25749969482422, 19.364500045776367, 19.938499450683594, 20.809200286865234, 20.64310073852539, 22.331499099731445, 22.427000045776367, 23.350900650024414, 23.005199432373047, 23.880599975585938, 22.075899124145508, 22.235000610351562, 21.41360092163086, 21.27630043029785, 22.907400131225586, 23.238800048828125, 24.305400848388672, 24.979299545288086, 12.645500183105469, 15.997300148010254, 13.894700050354004, 15.320899963378906, 12.900300025939941, 14.697699546813965, 14.119400024414062, 13.737299919128418, 11.673100471496582, 11.669500350952148, 13.962400436401367, 14.575200080871582, 14.35420036315918, 15.142800331115723, 13.590900421142578, 15.080300331115723, 17.236600875854492, 13.638299942016602, 11.747900009155273, 12.199600219726562, 12.752300262451172, 11.870699882507324, 11.491800308227539, 12.194999694824219, 11.798999786376953]]"
