item_id,start,freq,target
T570,2014-12-29,W-SUN,"[4.308599948883057, 4.779900074005127, 4.483799934387207, 4.327899932861328, 4.782199859619141, 4.3703999519348145, 4.5395002365112305, 5.379799842834473, 3.8559000492095947, 4.945700168609619, 4.490200042724609, 4.4039998054504395, 4.449699878692627, 4.314000129699707, 4.416800022125244, 4.7916998863220215, 8.617899894714355, 9.30370044708252, 9.377300262451172, 9.767000198364258, 8.777899742126465, 9.197400093078613, 9.189299583435059, 9.015199661254883, 8.948800086975098, 9.011899948120117, 8.843099594116211, 9.021699905395508, 8.859199523925781, 8.64680004119873, 9.149700164794922, 9.062299728393555, 7.267099857330322, 9.229299545288086, 9.968899726867676, 8.730500221252441, 9.272299766540527, 9.477700233459473, 6.003499984741211, 10.025500297546387, 9.191800117492676, 9.727299690246582, 9.83899974822998, 10.314800262451172, 5.703199863433838, 5.6132001876831055, 5.030099868774414, 4.760900020599365, 4.945199966430664, 5.232699871063232, 4.572700023651123, 3.976099967956543, 4.716800212860107, 4.924300193786621, 4.743899822235107, 5.185699939727783, 4.470799922943115, 7.525700092315674, 6.57919979095459, 8.065899848937988, 8.257699966430664, 9.541299819946289, 9.626700401306152, 7.871300220489502, 5.490900039672852, 5.539599895477295, 5.530900001525879, 5.54040002822876, 5.631999969482422, 5.719600200653076, 5.1691999435424805, 5.742300033569336, 6.081500053405762, 4.94189977645874, 6.327499866485596, 6.151800155639648, 6.254799842834473, 5.429100036621094, 10.083000183105469, 11.455900192260742, 11.022500038146973, 10.95479965209961, 11.536299705505371, 10.323200225830078, 6.1255998611450195, 6.769000053405762, 6.275899887084961, 5.67710018157959, 6.5381999015808105, 6.591700077056885, 6.451900005340576, 7.353300094604492, 5.999800205230713, 6.272900104522705, 6.302700042724609, 4.760200023651123]"
