item_id,start,freq,target
T454,2014-12-29,W-SUN,"[6.21019983291626, 8.762399673461914, 5.172299861907959, 7.9456000328063965, 7.917600154876709, 7.979100227355957, 8.553899765014648, 8.369799613952637, 7.666200160980225, 8.1181001663208, 8.222299575805664, 8.44279956817627, 8.839900016784668, 8.480999946594238, 8.653499603271484, 8.263999938964844, 7.803199768066406, 7.368800163269043, 7.5528998374938965, 8.5826997756958, 7.481100082397461, 7.736999988555908, 8.311300277709961, 8.542099952697754, 8.269100189208984, 7.684599876403809, 7.091300010681152, 8.253800392150879, 7.50600004196167, 8.021300315856934, 7.545499801635742, 7.331500053405762, 7.456999778747559, 8.179300308227539, 7.354700088500977, 6.978799819946289, 7.709099769592285, 7.802599906921387, 7.319900035858154, 7.492599964141846, 6.833899974822998, 7.192200183868408, 7.454899787902832, 7.219900131225586, 7.560800075531006, 7.8582000732421875, 7.5868000984191895, 6.626699924468994, 7.664999961853027, 8.49370002746582, 7.912799835205078, 6.265500068664551, 6.032400131225586, 6.756499767303467, 7.48390007019043, 6.876800060272217, 7.662199974060059, 7.3495001792907715, 7.229400157928467, 7.881100177764893, 7.262899875640869, 7.197400093078613, 7.603400230407715, 7.349299907684326, 8.077400207519531, 7.298699855804443, 7.1890997886657715, 7.941400051116943, 7.3796000480651855, 7.514999866485596, 7.8815999031066895, 8.0826997756958, 8.5, 8.212200164794922, 8.6673002243042, 8.456500053405762, 7.8694000244140625, 7.725800037384033, 7.506499767303467, 7.641300201416016, 7.572000026702881, 7.643700122833252, 7.975200176239014, 7.433800220489502, 8.143600463867188, 7.558899879455566, 7.588799953460693, 6.806700229644775, 7.354700088500977, 7.920499801635742, 7.340000152587891, 7.32390022277832, 7.409299850463867, 7.151700019836426, 7.087800025939941, 7.100599765777588]"
