item_id,start,freq,target
T592,2014-12-29,W-SUN,"[8.289199829101562, 12.71049976348877, 7.977200031280518, 12.165300369262695, 13.034899711608887, 13.898699760437012, 13.796699523925781, 12.53279972076416, 11.130599975585938, 11.91349983215332, 13.231499671936035, 14.296899795532227, 13.003899574279785, 12.027000427246094, 13.326199531555176, 14.541000366210938, 13.129400253295898, 12.259599685668945, 13.400699615478516, 12.035400390625, 12.414299964904785, 14.344599723815918, 13.143400192260742, 13.32390022277832, 14.00979995727539, 12.196700096130371, 11.917699813842773, 13.814900398254395, 13.32610034942627, 13.744600296020508, 13.05210018157959, 12.923399925231934, 12.37339973449707, 15.033599853515625, 11.56029987335205, 12.659500122070312, 15.098899841308594, 14.898900032043457, 14.871600151062012, 14.29800033569336, 14.494400024414062, 15.661700248718262, 15.51990032196045, 15.402299880981445, 15.681599617004395, 16.17930030822754, 13.12660026550293, 11.634699821472168, 14.47920036315918, 15.286800384521484, 13.452300071716309, 9.55620002746582, 11.445300102233887, 14.070300102233887, 13.474100112915039, 13.362500190734863, 13.332500457763672, 14.200400352478027, 13.634599685668945, 11.960599899291992, 13.544400215148926, 13.978699684143066, 13.997900009155273, 11.902400016784668, 13.770500183105469, 11.471799850463867, 13.261500358581543, 12.59469985961914, 13.342100143432617, 12.964500427246094, 13.773200035095215, 13.525699615478516, 14.410599708557129, 11.94159984588623, 13.584600448608398, 13.758700370788574, 13.573100090026855, 13.5, 11.839200019836426, 13.430700302124023, 13.90470027923584, 13.440799713134766, 13.42870044708252, 13.378199577331543, 14.07040023803711, 13.955300331115723, 13.64330005645752, 12.832900047302246, 14.775400161743164, 15.746800422668457, 16.76759910583496, 15.233599662780762, 15.776800155639648, 14.929300308227539, 13.895299911499023, 13.980500221252441]"
