item_id,start,freq,target
T484,2014-12-29,W-SUN,"[8.925700187683105, 11.602999687194824, 11.352700233459473, 10.813799858093262, 11.231499671936035, 11.086000442504883, 10.580499649047852, 11.198599815368652, 10.203300476074219, 11.417499542236328, 11.327300071716309, 11.441699981689453, 12.222599983215332, 11.201299667358398, 11.388400077819824, 11.538800239562988, 12.002799987792969, 11.410200119018555, 11.114700317382812, 11.537799835205078, 10.379500389099121, 11.416799545288086, 11.731399536132812, 11.986000061035156, 11.962800025939941, 12.239100456237793, 11.011799812316895, 11.48069953918457, 11.6875, 10.754899978637695, 12.048500061035156, 12.085700035095215, 11.605999946594238, 12.47029972076416, 11.706299781799316, 10.672499656677246, 11.472399711608887, 12.20359992980957, 10.157699584960938, 12.506199836730957, 11.387700080871582, 12.246500015258789, 12.401200294494629, 12.159899711608887, 12.001099586486816, 12.097800254821777, 12.719200134277344, 9.94729995727539, 10.921099662780762, 12.196999549865723, 12.911299705505371, 10.221400260925293, 9.33590030670166, 11.927800178527832, 10.908100128173828, 12.027099609375, 11.692299842834473, 12.155500411987305, 11.244500160217285, 13.208499908447266, 12.069700241088867, 12.704099655151367, 12.452799797058105, 12.830400466918945, 13.296500205993652, 12.7923002243042, 12.281000137329102, 12.863800048828125, 13.031800270080566, 13.045599937438965, 12.695300102233887, 13.004799842834473, 13.027400016784668, 12.633500099182129, 13.655799865722656, 13.172800064086914, 13.74779987335205, 12.639900207519531, 11.757499694824219, 12.611800193786621, 12.281100273132324, 13.891599655151367, 13.482099533081055, 13.853899955749512, 17.97319984436035, 13.846099853515625, 12.491100311279297, 11.165300369262695, 10.204700469970703, 8.113200187683105, 8.113200187683105, 8.113200187683105, 8.113200187683105, 8.122300148010254, 13.294699668884277, 13.38539981842041]"
