item_id,start,freq,target
T788,2014-12-29,W-SUN,"[10.207300186157227, 9.837400436401367, 9.881799697875977, 9.290900230407715, 9.817700386047363, 9.79069995880127, 8.405900001525879, 9.622300148010254, 8.093799591064453, 10.359800338745117, 10.585599899291992, 10.720100402832031, 10.785300254821777, 10.712400436401367, 10.580300331115723, 10.828900337219238, 8.77649974822998, 11.108499526977539, 11.019200325012207, 10.694999694824219, 11.512399673461914, 10.923700332641602, 11.555999755859375, 12.74530029296875, 12.645099639892578, 12.517800331115723, 13.10319995880127, 12.038200378417969, 12.293700218200684, 11.968000411987305, 12.586299896240234, 12.386099815368652, 11.326499938964844, 10.626199722290039, 9.159600257873535, 10.106900215148926, 9.163299560546875, 9.631500244140625, 8.174400329589844, 9.628000259399414, 9.040200233459473, 9.53439998626709, 7.967899799346924, 7.690800189971924, 7.700500011444092, 7.700500011444092, 7.700500011444092, 7.700500011444092, 7.700500011444092, 7.700500011444092, 7.700500011444092, 7.700500011444092, 7.700500011444092, 7.700500011444092, 9.332200050354004, 9.285599708557129, 9.985400199890137, 9.856399536132812, 8.92959976196289, 10.004599571228027, 9.099499702453613, 9.540800094604492, 10.246700286865234, 11.485699653625488, 11.030500411987305, 11.8927001953125, 10.767499923706055, 10.81350040435791, 10.526800155639648, 10.466400146484375, 11.42959976196289, 11.658699989318848, 11.731300354003906, 12.347000122070312, 11.88479995727539, 12.831999778747559, 12.070699691772461, 12.331199645996094, 12.010199546813965, 16.561599731445312, 13.422100067138672, 13.329700469970703, 14.562600135803223, 15.171299934387207, 13.916600227355957, 13.258700370788574, 12.801899909973145, 13.091099739074707, 12.303500175476074, 12.619099617004395, 12.577300071716309, 12.395099639892578, 12.848400115966797, 12.195500373840332, 11.642200469970703, 10.75790023803711]"
