item_id,start,freq,target
T792,2015-02-01 00:00:00,W-SUN,"[16.4552001953125, 15.300299644470215, 16.49799919128418, 14.379799842834473, 17.027599334716797, 17.28219985961914, 18.699199676513672, 17.146699905395508, 15.575400352478027, 16.67889976501465, 17.774499893188477, 18.230499267578125, 17.127399444580078, 18.950199127197266, 17.741100311279297, 16.67930030822754, 18.202800750732422, 17.812999725341797, 18.369800567626953, 16.886499404907227, 17.005399703979492, 14.434000015258789, 17.651500701904297, 17.8887996673584, 17.198299407958984, 17.472900390625, 17.68709945678711, 18.277299880981445, 17.999099731445312, 17.219600677490234, 13.763999938964844, 17.598800659179688, 18.375699996948242, 15.504599571228027, 17.802200317382812, 16.47209930419922, 17.476699829101562, 17.16390037536621, 17.132600784301758, 18.081300735473633, 18.444400787353516, 18.550100326538086, 13.062299728393555, 14.815600395202637, 19.520700454711914, 16.770099639892578, 9.615799903869629, 11.585800170898438, 16.19339942932129, 14.618900299072266, 17.23889923095703, 16.656600952148438, 16.767000198364258, 14.331000328063965, 15.708100318908691, 16.383800506591797, 15.610799789428711, 17.49810028076172, 18.16119956970215, 16.95829963684082, 15.163399696350098, 15.76140022277832, 16.77630043029785, 16.57309913635254, 17.353200912475586, 16.851200103759766, 17.75160026550293, 18.468700408935547, 14.276000022888184, 17.02440071105957, 19.398700714111328, 17.48259925842285, 17.052099227905273, 13.807499885559082, 16.104900360107422, 16.87540054321289, 16.768199920654297, 17.163999557495117, 16.585899353027344, 16.76689910888672, 17.328699111938477, 16.011999130249023, 13.548199653625488, 16.248899459838867, 16.28019905090332, 16.738800048828125, 16.955900192260742, 16.088499069213867, 16.453500747680664, 17.650400161743164]"
