item_id,start,freq,target
T369,2014-12-29,W-SUN,"[3.3594000339508057, 4.762899875640869, 4.139500141143799, 4.338799953460693, 4.286399841308594, 4.15749979019165, 4.122099876403809, 4.228300094604492, 4.047299861907959, 4.2677001953125, 4.350800037384033, 4.945000171661377, 4.991199970245361, 5.621300220489502, 4.230899810791016, 4.401899814605713, 4.317399978637695, 4.362100124359131, 5.032400131225586, 4.400100231170654, 4.59499979019165, 4.395199775695801, 4.566100120544434, 4.2133002281188965, 4.293700218200684, 4.2866997718811035, 3.8187999725341797, 4.481500148773193, 4.583600044250488, 4.41480016708374, 4.3979997634887695, 4.261499881744385, 4.308800220489502, 4.463399887084961, 4.131999969482422, 3.7997000217437744, 4.531099796295166, 4.365300178527832, 4.276299953460693, 4.329100131988525, 4.202199935913086, 4.3043999671936035, 4.1539998054504395, 4.056099891662598, 4.2042999267578125, 4.252799987792969, 4.162399768829346, 3.486799955368042, 4.112299919128418, 4.17110013961792, 4.018899917602539, 3.012500047683716, 3.348900079727173, 4.097099781036377, 3.7281999588012695, 4.1855998039245605, 4.139800071716309, 4.277100086212158, 5.8628997802734375, 4.488999843597412, 4.275700092315674, 4.0690999031066895, 3.9930999279022217, 4.354700088500977, 4.5971999168396, 4.255000114440918, 4.176599979400635, 4.497000217437744, 4.285999774932861, 4.288899898529053, 4.345600128173828, 4.334799766540527, 4.446499824523926, 3.9414000511169434, 4.4695000648498535, 4.4293999671936035, 4.392899990081787, 4.462900161743164, 3.8287999629974365, 3.992799997329712, 4.917099952697754, 4.783899784088135, 4.914700031280518, 4.871200084686279, 4.453700065612793, 4.482500076293945, 4.413599967956543, 3.8877999782562256, 4.40500020980835, 4.397799968719482, 4.507599830627441, 4.442699909210205, 4.33620023727417, 4.092100143432617, 4.347599983215332, 4.227399826049805]"
