item_id,start,freq,target
T235,2014-12-29,W-SUN,"[11.860899925231934, 16.881099700927734, 11.286399841308594, 16.710500717163086, 17.986600875854492, 19.265899658203125, 18.577600479125977, 18.330400466918945, 17.404499053955078, 18.94879913330078, 18.821399688720703, 10.872900009155273, 10.234600067138672, 18.11400032043457, 18.894399642944336, 20.427400588989258, 20.11840057373047, 20.499799728393555, 19.923500061035156, 20.389999389648438, 18.817800521850586, 20.34440040588379, 20.11720085144043, 20.060300827026367, 20.181299209594727, 20.070600509643555, 18.61829948425293, 20.583200454711914, 19.887399673461914, 20.46739959716797, 19.967599868774414, 19.70009994506836, 16.0314998626709, 19.95549964904785, 19.086200714111328, 10.855299949645996, 11.402400016784668, 11.288399696350098, 13.841699600219727, 11.036700248718262, 10.450499534606934, 11.297599792480469, 10.257200241088867, 11.870400428771973, 12.558899879455566, 12.18239974975586, 10.79740047454834, 9.829999923706055, 8.489500045776367, 11.713199615478516, 9.672200202941895, 8.652899742126465, 9.854499816894531, 11.018699645996094, 10.781200408935547, 10.438799858093262, 10.766599655151367, 11.362899780273438, 8.041299819946289, 8.787199974060059, 10.287099838256836, 17.672100067138672, 19.761699676513672, 15.537099838256836, 18.54050064086914, 18.78459930419922, 19.17259979248047, 19.940099716186523, 19.347400665283203, 18.968000411987305, 19.59320068359375, 19.795900344848633, 19.952299118041992, 18.42140007019043, 19.562000274658203, 19.781200408935547, 19.85930061340332, 19.374900817871094, 17.513200759887695, 19.403200149536133, 19.330400466918945, 19.79199981689453, 19.716100692749023, 19.504100799560547, 20.386600494384766, 20.28569984436035, 19.30459976196289, 19.277799606323242, 20.45680046081543, 21.850200653076172, 21.63909912109375, 19.622699737548828, 20.825300216674805, 20.793100357055664, 19.676799774169922, 19.90369987487793]"
