item_id,start,freq,target
T559,2015-01-18 00:00:00,W-SUN,"[8.621700286865234, 8.913200378417969, 8.827099800109863, 8.840700149536133, 8.806599617004395, 7.98960018157959, 8.98960018157959, 8.946900367736816, 9.083200454711914, 9.166099548339844, 8.8548002243042, 9.099100112915039, 9.234999656677246, 9.005900382995605, 9.1358003616333, 8.935400009155273, 8.79889965057373, 8.54010009765625, 9.20479965209961, 9.331000328063965, 9.208600044250488, 9.42710018157959, 9.360899925231934, 8.250699996948242, 9.011899948120117, 8.992300033569336, 8.945300102233887, 9.03320026397705, 8.736000061035156, 8.702500343322754, 8.838299751281738, 8.491100311279297, 8.322699546813965, 8.812999725341797, 8.948100090026855, 8.29800033569336, 8.425200462341309, 8.815899848937988, 8.839099884033203, 8.968400001525879, 8.232799530029297, 8.235199928283691, 8.467700004577637, 8.066300392150879, 7.3308000564575195, 8.181300163269043, 8.42199993133545, 8.421500205993652, 6.8892998695373535, 7.1620001792907715, 8.338399887084961, 8.48289966583252, 9.094200134277344, 7.851799964904785, 9.276300430297852, 8.898900032043457, 8.7878999710083, 8.414899826049805, 8.841400146484375, 8.923700332641602, 9.261500358581543, 9.548399925231934, 8.40530014038086, 8.664899826049805, 8.449299812316895, 8.957200050354004, 8.979999542236328, 9.020999908447266, 9.222599983215332, 9.236200332641602, 8.67490005493164, 9.26669979095459, 9.557900428771973, 9.32289981842041, 9.232799530029297, 8.453700065612793, 9.220399856567383, 9.168899536132812, 8.759599685668945, 8.92300033569336, 8.966099739074707, 9.073200225830078, 8.98330020904541, 8.96660041809082, 8.281999588012695, 9.670599937438965, 9.044599533081055, 8.869099617004395, 8.981900215148926, 8.900699615478516]"
