item_id,start,freq,target
T256,2014-12-29,W-SUN,"[7.670599937438965, 8.322699546813965, 8.263099670410156, 7.547800064086914, 8.229000091552734, 7.97189998626709, 8.100099563598633, 8.396300315856934, 7.4842000007629395, 8.47070026397705, 8.402299880981445, 8.546899795532227, 8.581600189208984, 8.275799751281738, 8.663999557495117, 8.705900192260742, 8.608499526977539, 8.705900192260742, 8.359700202941895, 8.241999626159668, 8.043100357055664, 8.652799606323242, 7.500800132751465, 8.68019962310791, 8.852700233459473, 8.783300399780273, 7.67549991607666, 8.526300430297852, 8.599800109863281, 8.51509952545166, 9.002799987792969, 8.375399589538574, 8.321200370788574, 8.478599548339844, 8.109800338745117, 8.135899543762207, 8.601799964904785, 8.542400360107422, 8.395299911499023, 8.530699729919434, 8.562999725341797, 8.558600425720215, 8.568400382995605, 8.377300262451172, 8.55370044708252, 8.850700378417969, 8.225099563598633, 7.555500030517578, 8.362899780273438, 8.764200210571289, 8.507200241088867, 7.0278000831604, 7.441199779510498, 8.281299591064453, 8.16189956665039, 8.138400077819824, 7.5929999351501465, 8.327500343322754, 8.194199562072754, 8.39169979095459, 8.466300010681152, 7.6006999015808105, 8.336799621582031, 8.508299827575684, 8.868800163269043, 8.50879955291748, 8.7298002243042, 8.791000366210938, 8.958000183105469, 9.305899620056152, 9.118200302124023, 9.613499641418457, 9.60890007019043, 8.582599639892578, 9.470000267028809, 9.628199577331543, 9.393699645996094, 9.518099784851074, 8.289899826049805, 9.179800033569336, 9.144399642944336, 9.058500289916992, 9.040599822998047, 9.024800300598145, 9.17710018157959, 9.140600204467773, 9.017499923706055, 8.309700012207031, 10.099499702453613, 9.278599739074707, 9.160499572753906, 9.37720012664795, 9.295000076293945, 8.904600143432617, 9.159299850463867, 8.941499710083008]"
