item_id,start,freq,target
T214,2014-12-29,W-SUN,"[6.47730016708374, 8.514699935913086, 8.481300354003906, 7.919099807739258, 7.883600234985352, 7.6082000732421875, 8.293000221252441, 8.204099655151367, 7.52209997177124, 8.3100004196167, 8.493499755859375, 8.428999900817871, 8.872300148010254, 8.241100311279297, 8.322799682617188, 8.652600288391113, 9.572699546813965, 8.47089958190918, 8.378000259399414, 8.904500007629395, 8.243499755859375, 8.809599876403809, 9.026700019836426, 8.889800071716309, 8.960599899291992, 8.703100204467773, 7.87939977645874, 8.821200370788574, 8.759499549865723, 8.846400260925293, 8.927200317382812, 8.702199935913086, 8.38029956817627, 9.01710033416748, 8.946599960327148, 7.980100154876709, 8.54800033569336, 9.115300178527832, 8.469499588012695, 8.645400047302246, 8.64780044555664, 9.689399719238281, 8.441800117492676, 8.453300476074219, 8.505499839782715, 8.675399780273438, 8.969099998474121, 8.232500076293945, 8.648200035095215, 8.652600288391113, 9.293100357055664, 6.805099964141846, 6.304699897766113, 7.907800197601318, 7.842800140380859, 7.805799961090088, 8.159600257873535, 8.750900268554688, 8.086700439453125, 8.634599685668945, 8.343099594116211, 7.847700119018555, 7.5655999183654785, 8.37030029296875, 8.864800453186035, 8.601099967956543, 8.197999954223633, 9.134300231933594, 8.855999946594238, 8.761500358581543, 9.0556001663208, 9.019200325012207, 9.315999984741211, 9.487000465393066, 9.092499732971191, 9.38479995727539, 9.437600135803223, 8.973299980163574, 8.137800216674805, 8.903599739074707, 9.266300201416016, 8.3818998336792, 8.706100463867188, 8.214400291442871, 8.758399963378906, 8.725700378417969, 8.936400413513184, 7.0366997718811035, 8.144599914550781, 9.026900291442871, 8.451899528503418, 8.993599891662598, 8.473799705505371, 8.178999900817871, 8.520899772644043, 7.935800075531006]"
