item_id,start,freq,target
T132,2014-12-29,W-SUN,"[4.203499794006348, 5.499499797821045, 7.159800052642822, 5.9807000160217285, 7.237599849700928, 7.132699966430664, 6.64139986038208, 6.975800037384033, 6.267499923706055, 6.844099998474121, 6.684199810028076, 6.9207000732421875, 6.997200012207031, 6.418000221252441, 7.7895002365112305, 7.489200115203857, 7.080599784851074, 7.310699939727783, 7.767899990081787, 8.515700340270996, 6.586299896240234, 8.52340030670166, 9.210100173950195, 7.1732001304626465, 8.626299858093262, 8.86970043182373, 5.772900104522705, 8.92240047454834, 8.185600280761719, 8.337499618530273, 7.078199863433838, 8.09160041809082, 7.177499771118164, 7.660799980163574, 7.100599765777588, 7.373899936676025, 8.447199821472168, 7.363999843597412, 7.100800037384033, 8.255399703979492, 6.512700080871582, 8.318099975585938, 10.962400436401367, 10.983099937438965, 11.205300331115723, 11.406499862670898, 9.550000190734863, 7.3231000900268555, 8.944899559020996, 10.001399993896484, 8.399299621582031, 5.593299865722656, 8.006500244140625, 10.954500198364258, 9.508700370788574, 8.646400451660156, 7.698200225830078, 6.931600093841553, 7.042399883270264, 7.6697998046875, 7.373899936676025, 7.052000045776367, 7.001500129699707, 7.386499881744385, 7.151899814605713, 7.19320011138916, 6.2093000411987305, 8.132200241088867, 7.920899868011475, 7.251800060272217, 6.978899955749512, 7.3317999839782715, 8.878800392150879, 7.3933000564575195, 7.2758002281188965, 7.550300121307373, 8.616999626159668, 8.551899909973145, 5.946899890899658, 9.362899780273438, 9.09280014038086, 8.133099555969238, 8.115599632263184, 7.111299991607666, 7.388500213623047, 9.398699760437012, 7.53980016708374, 7.270199775695801, 9.00469970703125, 8.324399948120117, 9.977800369262695, 6.6595001220703125, 7.960299968719482, 7.110499858856201, 7.830599784851074, 6.707499980926514]"
