item_id,start,freq,target
T655,2015-01-11 00:00:00,W-SUN,"[7.700500011444092, 7.700500011444092, 7.5269999504089355, 7.470300197601318, 7.585999965667725, 8.136699676513672, 7.19950008392334, 8.17039966583252, 8.063799858093262, 8.164600372314453, 8.104100227355957, 7.897299766540527, 8.150899887084961, 8.344499588012695, 8.263099670410156, 8.304800033569336, 7.879199981689453, 8.05210018157959, 7.7758002281188965, 8.196000099182129, 8.640199661254883, 8.21150016784668, 8.686400413513184, 8.416299819946289, 7.376999855041504, 8.348899841308594, 8.226499557495117, 8.059499740600586, 8.823200225830078, 7.9105000495910645, 7.846399784088135, 8.04419994354248, 7.657899856567383, 8.053600311279297, 8.112500190734863, 8.257200241088867, 7.852399826049805, 8.047100067138672, 8.19379997253418, 8.439900398254395, 8.117300033569336, 8.11359977722168, 8.487600326538086, 8.647199630737305, 7.837500095367432, 7.184800148010254, 7.911300182342529, 8.694700241088867, 8.215399742126465, 6.625699996948242, 7.196800231933594, 7.9816999435424805, 7.910099983215332, 7.670899868011475, 7.143799781799316, 7.996300220489502, 7.841700077056885, 8.401900291442871, 7.627799987792969, 5.8379998207092285, 7.135499954223633, 5.956600189208984, 8.457300186157227, 7.967800140380859, 8.569499969482422, 8.661499977111816, 8.766599655151367, 8.905599594116211, 8.871800422668457, 9.761899948120117, 9.33489990234375, 8.456899642944336, 9.895000457763672, 9.328399658203125, 9.263999938964844, 10.016500473022461, 8.006699562072754, 9.269399642944336, 8.896499633789062, 8.489899635314941, 8.825300216674805, 8.871100425720215, 8.544400215148926, 8.828100204467773, 8.418999671936035, 7.742300033569336, 9.649399757385254, 8.834600448608398, 9.34179973602295, 8.900199890136719]"
