item_id,start,freq,target
T135,2014-12-29,W-SUN,"[4.01669979095459, 3.638200044631958, 3.557300090789795, 3.889899969100952, 3.889899969100952, 3.889899969100952, 3.889899969100952, 3.889899969100952, 3.5253000259399414, 3.891200065612793, 6.182700157165527, 6.007599830627441, 7.080900192260742, 6.771100044250488, 6.8607001304626465, 7.10260009765625, 5.195000171661377, 7.113399982452393, 7.316400051116943, 7.304900169372559, 6.679100036621094, 6.704699993133545, 6.562399864196777, 7.50439977645874, 7.086599826812744, 7.1956000328063965, 6.8024001121521, 7.102399826049805, 7.0879998207092285, 6.680699825286865, 6.994200229644775, 7.013599872589111, 6.615799903869629, 7.991300106048584, 6.241099834442139, 6.9085001945495605, 6.21019983291626, 5.504300117492676, 5.610499858856201, 4.281300067901611, 5.375800132751465, 4.338600158691406, 6.934500217437744, 8.635000228881836, 7.821599960327148, 6.960100173950195, 5.05049991607666, 4.462900161743164, 4.755499839782715, 5.240099906921387, 5.067500114440918, 4.367300033569336, 4.872099876403809, 4.952099800109863, 4.842800140380859, 4.85099983215332, 5.61359977722168, 5.2895002365112305, 5.361400127410889, 4.956900119781494, 5.182300090789795, 5.291399955749512, 4.88070011138916, 5.121200084686279, 5.003699779510498, 4.936999797821045, 5.286799907684326, 5.766200065612793, 6.9319000244140625, 5.150000095367432, 5.0746002197265625, 5.73199987411499, 5.148900032043457, 5.008500099182129, 6.039599895477295, 5.327099800109863, 5.263800144195557, 4.965199947357178, 4.481100082397461, 5.22790002822876, 4.89109992980957, 4.877799987792969, 4.844699859619141, 4.832499980926514, 4.856299877166748, 4.645199775695801, 6.007599830627441, 4.597499847412109, 5.130499839782715, 5.650899887084961, 5.853000164031982, 4.565199851989746, 5.097400188446045, 5.752999782562256, 5.7600998878479, 6.173099994659424]"
