item_id,start,freq,target
T730,2014-12-29,W-SUN,"[11.007200241088867, 14.038599967956543, 9.821599960327148, 13.550200462341309, 15.418100357055664, 15.064299583435059, 14.582599639892578, 15.220499992370605, 14.208399772644043, 15.194600105285645, 14.904800415039062, 15.482999801635742, 16.000200271606445, 14.957099914550781, 15.161199569702148, 15.963800430297852, 15.228099822998047, 15.468199729919434, 16.37969970703125, 15.614800453186035, 14.619600296020508, 15.166799545288086, 15.979000091552734, 15.277000427246094, 15.878000259399414, 15.222200393676758, 13.51360034942627, 15.064000129699707, 15.276900291442871, 15.126199722290039, 15.504899978637695, 15.277299880981445, 14.967399597167969, 16.557199478149414, 16.400400161743164, 15.31089973449707, 17.231800079345703, 17.740100860595703, 12.866600036621094, 17.32360076904297, 16.68440055847168, 17.541200637817383, 16.872800827026367, 17.181800842285156, 16.690799713134766, 17.46969985961914, 16.93910026550293, 14.977899551391602, 13.102299690246582, 16.241899490356445, 16.626399993896484, 11.798500061035156, 13.039299964904785, 15.059499740600586, 14.866100311279297, 15.374199867248535, 15.898699760437012, 15.884599685668945, 15.994099617004395, 16.507099151611328, 15.904999732971191, 15.740300178527832, 15.380399703979492, 14.489500045776367, 15.267000198364258, 15.418800354003906, 16.277799606323242, 16.863300323486328, 16.722299575805664, 15.90839958190918, 16.587200164794922, 16.333099365234375, 16.491600036621094, 15.609299659729004, 16.7362003326416, 16.502599716186523, 16.863500595092773, 16.20330047607422, 14.047699928283691, 16.490800857543945, 16.131099700927734, 15.821399688720703, 16.601600646972656, 16.170499801635742, 16.154300689697266, 16.490699768066406, 16.875600814819336, 15.442399978637695, 17.31599998474121, 17.55699920654297, 16.679000854492188, 16.784799575805664, 16.201799392700195, 16.62420082092285, 16.211700439453125, 17.040300369262695]"
