item_id,start,freq,target
T615,2014-12-29,W-SUN,"[7.135799884796143, 9.039199829101562, 9.750800132751465, 9.312000274658203, 8.772600173950195, 8.158699989318848, 9.859100341796875, 10.048999786376953, 8.054100036621094, 8.377400398254395, 9.558500289916992, 9.480500221252441, 9.511699676513672, 8.87559986114502, 9.15470027923584, 9.036499977111816, 9.204299926757812, 9.278499603271484, 10.22700023651123, 9.834699630737305, 9.405099868774414, 9.760600090026855, 10.270899772644043, 11.127900123596191, 9.439299583435059, 9.492899894714355, 9.336999893188477, 9.565799713134766, 9.326700210571289, 9.541600227355957, 9.182000160217285, 8.832799911499023, 8.913999557495117, 8.764300346374512, 8.530400276184082, 8.258899688720703, 8.662500381469727, 8.916500091552734, 8.624600410461426, 8.613499641418457, 8.434000015258789, 8.770400047302246, 8.453200340270996, 8.23270034790039, 8.84570026397705, 8.486599922180176, 8.463800430297852, 7.740600109100342, 8.30679988861084, 8.838000297546387, 9.19320011138916, 6.602200031280518, 7.109600067138672, 8.250399589538574, 9.08590030670166, 8.298600196838379, 7.646200180053711, 8.282099723815918, 8.244199752807617, 8.501500129699707, 8.449199676513672, 7.953499794006348, 8.184300422668457, 8.187600135803223, 8.878700256347656, 8.808199882507324, 8.552800178527832, 8.781499862670898, 8.740400314331055, 8.731200218200684, 8.854700088500977, 8.992400169372559, 8.938400268554688, 9.461099624633789, 9.436100006103516, 10.977399826049805, 10.036299705505371, 9.994500160217285, 8.252799987792969, 9.212300300598145, 9.932000160217285, 8.875900268554688, 9.438300132751465, 9.458499908447266, 9.312999725341797, 9.473099708557129, 9.715499877929688, 9.48390007019043, 9.100099563598633, 8.946499824523926, 9.091500282287598, 9.378700256347656, 10.79170036315918, 9.09220027923584, 10.84179973602295, 9.49899959564209]"
