item_id,start,freq,target
T190,2014-12-29,W-SUN,"[7.679699897766113, 10.454299926757812, 10.833800315856934, 10.698100090026855, 12.053500175476074, 12.312999725341797, 11.467599868774414, 11.969499588012695, 11.751299858093262, 12.756600379943848, 12.119799613952637, 10.952400207519531, 12.108599662780762, 10.309900283813477, 12.23859977722168, 11.199799537658691, 10.725199699401855, 11.622699737548828, 10.560700416564941, 11.086999893188477, 10.415300369262695, 11.616700172424316, 12.82610034942627, 9.139599800109863, 9.15149974822998, 11.134099960327148, 8.962200164794922, 9.288399696350098, 9.178799629211426, 9.400500297546387, 8.793800354003906, 8.229499816894531, 7.9527997970581055, 9.8774995803833, 11.328800201416016, 11.187199592590332, 12.895999908447266, 13.532099723815918, 12.726300239562988, 13.501199722290039, 12.255900382995605, 13.891799926757812, 12.95680046081543, 12.582200050354004, 12.202300071716309, 12.041399955749512, 10.5177001953125, 8.840299606323242, 10.826800346374512, 12.643699645996094, 10.292900085449219, 7.819900035858154, 10.427800178527832, 11.676300048828125, 11.244000434875488, 11.168000221252441, 12.567700386047363, 11.399100303649902, 11.510600090026855, 11.527999877929688, 12.815500259399414, 12.18809986114502, 10.871700286865234, 11.547200202941895, 10.540800094604492, 11.727499961853027, 10.747099876403809, 12.206999778747559, 13.006600379943848, 12.372900009155273, 11.388299942016602, 12.0733003616333, 12.127099990844727, 12.023599624633789, 12.515299797058105, 12.285699844360352, 12.548800468444824, 12.794300079345703, 10.081999778747559, 12.044300079345703, 12.46720027923584, 7.870200157165527, 8.93280029296875, 8.437800407409668, 9.14169979095459, 9.458900451660156, 9.190299987792969, 8.463899612426758, 10.037500381469727, 9.702300071716309, 10.102299690246582, 10.144700050354004, 9.686400413513184, 8.703300476074219, 9.051899909973145, 8.582099914550781]"
