item_id,start,freq,target
T847,2015-01-25 00:00:00,W-SUN,"[9.214099884033203, 8.992199897766113, 8.891900062561035, 8.819700241088867, 8.779899597167969, 9.63029956817627, 9.380499839782715, 9.189599990844727, 9.277600288391113, 8.691200256347656, 8.82610034942627, 9.212300300598145, 9.782500267028809, 9.40429973602295, 9.488699913024902, 9.74839973449707, 8.571000099182129, 9.575300216674805, 9.4350004196167, 9.475199699401855, 10.866000175476074, 9.303099632263184, 7.855100154876709, 9.432700157165527, 9.518500328063965, 9.61520004272461, 9.325499534606934, 9.05720043182373, 9.2298002243042, 9.536499977111816, 9.32409954071045, 8.516599655151367, 9.319899559020996, 9.690099716186523, 9.34589958190918, 9.48009967803955, 9.262299537658691, 9.457300186157227, 9.401800155639648, 9.494000434875488, 9.622599601745605, 9.473199844360352, 8.548700332641602, 7.527699947357178, 9.231599807739258, 9.539299964904785, 8.454400062561035, 5.533999919891357, 7.378200054168701, 9.260600090026855, 9.01159954071045, 8.838700294494629, 9.423999786376953, 9.139800071716309, 8.906999588012695, 9.002300262451172, 9.190699577331543, 6.718800067901611, 8.23799991607666, 8.756999969482422, 8.767999649047852, 8.925999641418457, 8.849100112915039, 9.563899993896484, 9.5556001663208, 9.644100189208984, 9.643899917602539, 9.57859992980957, 9.593600273132324, 8.643799781799316, 9.736100196838379, 9.607999801635742, 9.53950023651123, 9.648300170898438, 7.7083001136779785, 9.346599578857422, 9.5802001953125, 9.621999740600586, 9.69260025024414, 9.424799919128418, 8.92770004272461, 9.645700454711914, 9.571399688720703, 8.245200157165527, 9.839699745178223, 9.800000190734863, 10.058099746704102, 8.480199813842773, 9.9931001663208, 9.458999633789062]"
