item_id,start,freq,target
T340,2014-12-29,W-SUN,"[5.926199913024902, 7.364299774169922, 8.717300415039062, 8.182700157165527, 9.280099868774414, 9.372300148010254, 9.520400047302246, 9.987700462341309, 8.899999618530273, 9.607999801635742, 9.388500213623047, 8.74779987335205, 9.628700256347656, 8.281900405883789, 8.389200210571289, 8.462300300598145, 8.83899974822998, 8.929499626159668, 9.337599754333496, 8.854100227355957, 8.546600341796875, 9.288100242614746, 9.458700180053711, 9.844799995422363, 9.374500274658203, 9.264699935913086, 7.854599952697754, 9.25790023803711, 9.189200401306152, 9.121100425720215, 9.109100341796875, 9.297900199890137, 9.836799621582031, 9.708399772644043, 9.493499755859375, 9.210000038146973, 9.85260009765625, 10.524299621582031, 9.878999710083008, 10.169400215148926, 10.042200088500977, 10.161399841308594, 10.228699684143066, 10.244000434875488, 10.550000190734863, 10.491600036621094, 10.638799667358398, 8.552499771118164, 9.972000122070312, 10.38759994506836, 10.681900024414062, 6.696800231933594, 7.1041998863220215, 9.410599708557129, 9.064499855041504, 9.701899528503418, 9.881999969482422, 9.812600135803223, 9.732500076293945, 9.961099624633789, 10.177499771118164, 9.461000442504883, 9.511799812316895, 10.001500129699707, 9.923500061035156, 9.513299942016602, 9.083700180053711, 9.93019962310791, 9.818599700927734, 10.110899925231934, 10.059300422668457, 10.092100143432617, 10.145999908447266, 9.407999992370605, 10.090100288391113, 9.962400436401367, 10.323100090026855, 11.615500450134277, 8.734100341796875, 9.85420036315918, 10.019200325012207, 10.008899688720703, 9.763199806213379, 10.627699851989746, 9.797100067138672, 9.884200096130371, 10.185500144958496, 8.847000122070312, 10.1899995803833, 10.479999542236328, 10.59749984741211, 8.55210018157959, 10.699999809265137, 10.333100318908691, 10.375399589538574, 9.407699584960938]"
