item_id,start,freq,target
T489,2015-01-11 00:00:00,W-SUN,"[7.700500011444092, 7.700500011444092, 7.700500011444092, 7.700500011444092, 7.700500011444092, 7.700500011444092, 6.985899925231934, 7.702400207519531, 7.700500011444092, 7.700500011444092, 7.700500011444092, 7.700500011444092, 7.598499774932861, 7.700500011444092, 7.165599822998047, 6.8597002029418945, 6.685100078582764, 6.704400062561035, 6.27370023727417, 6.85230016708374, 6.867300033569336, 6.840700149536133, 6.734399795532227, 6.484099864959717, 5.969900131225586, 6.502799987792969, 6.901400089263916, 6.390600204467773, 6.429900169372559, 6.396299839019775, 6.2947001457214355, 6.432300090789795, 6.31279993057251, 6.100200176239014, 6.5229997634887695, 6.963200092315674, 6.384200096130371, 6.4816999435424805, 6.371300220489502, 6.4558000564575195, 6.460700035095215, 6.271399974822998, 6.3282999992370605, 6.3196001052856445, 6.314599990844727, 5.6346001625061035, 6.266200065612793, 6.377799987792969, 6.411200046539307, 5.295000076293945, 5.349899768829346, 6.22629976272583, 6.070000171661377, 6.159200191497803, 5.8018999099731445, 6.384699821472168, 6.177999973297119, 6.3572998046875, 6.356100082397461, 5.973199844360352, 5.885000228881836, 6.002200126647949, 6.549300193786621, 6.389599800109863, 6.437600135803223, 6.546500205993652, 6.568999767303467, 6.588900089263916, 6.539100170135498, 6.563600063323975, 6.776599884033203, 6.192399978637695, 6.645500183105469, 6.71999979019165, 6.601500034332275, 6.688399791717529, 5.900899887084961, 6.541200160980225, 6.516900062561035, 6.144400119781494, 6.417699813842773, 6.419099807739258, 6.534200191497803, 6.4745001792907715, 6.481500148773193, 5.833600044250488, 6.098400115966797, 6.5355000495910645, 6.366399765014648, 6.425000190734863]"
