item_id,start,freq,target
T114,2014-12-29,W-SUN,"[3.775899887084961, 4.0441999435424805, 3.0940001010894775, 4.51140022277832, 4.536600112915039, 4.3709001541137695, 4.156000137329102, 5.2804999351501465, 4.3618998527526855, 4.6072998046875, 4.693600177764893, 4.692599773406982, 4.754300117492676, 4.667500019073486, 4.719900131225586, 4.776599884033203, 4.724800109863281, 4.766900062561035, 4.76200008392334, 4.754000186920166, 4.751100063323975, 4.935500144958496, 4.806000232696533, 4.820099830627441, 5.48829984664917, 5.537199974060059, 4.662899971008301, 4.686500072479248, 4.831200122833252, 4.7733001708984375, 4.85699987411499, 4.80709981918335, 5.028900146484375, 4.760799884796143, 4.762499809265137, 4.689199924468994, 4.857900142669678, 4.717599868774414, 4.718999862670898, 4.569300174713135, 4.68310022354126, 4.412199974060059, 4.655300140380859, 4.669300079345703, 4.53000020980835, 4.684299945831299, 4.715099811553955, 4.593999862670898, 4.585400104522705, 4.547399997711182, 4.733699798583984, 4.51669979095459, 4.311100006103516, 4.424200057983398, 4.466000080108643, 4.533599853515625, 4.617000102996826, 5.056099891662598, 4.726399898529053, 4.789400100708008, 4.51639986038208, 4.440800189971924, 4.43720006942749, 4.479400157928467, 4.891499996185303, 4.794400215148926, 4.685100078582764, 4.835999965667725, 4.7220001220703125, 4.736499786376953, 4.755300045013428, 4.767199993133545, 4.825399875640869, 4.945300102233887, 4.8805999755859375, 4.941299915313721, 4.896299839019775, 4.9446001052856445, 4.831999778747559, 4.823999881744385, 4.926700115203857, 4.972899913787842, 4.999899864196777, 4.979100227355957, 5.123199939727783, 6.0391998291015625, 6.6768999099731445, 7.640100002288818, 6.240099906921387, 7.097899913787842, 6.991399765014648, 6.545599937438965, 6.314000129699707, 6.146599769592285, 6.625, 6.034800052642822]"
