item_id,start,freq,target
T670,2014-12-29,W-SUN,"[7.700500011444092, 7.700500011444092, 7.700500011444092, 7.700500011444092, 7.700500011444092, 7.700500011444092, 7.700500011444092, 7.700500011444092, 6.985899925231934, 7.702400207519531, 7.700500011444092, 7.700500011444092, 7.700500011444092, 7.700500011444092, 7.598499774932861, 7.700500011444092, 7.700500011444092, 7.700500011444092, 7.700500011444092, 7.700500011444092, 7.700500011444092, 7.700500011444092, 7.700500011444092, 7.700500011444092, 7.700500011444092, 7.700500011444092, 7.700500011444092, 7.700500011444092, 7.700500011444092, 7.700500011444092, 7.700500011444092, 7.700500011444092, 7.700500011444092, 7.700500011444092, 7.700500011444092, 7.700500011444092, 7.700500011444092, 7.700500011444092, 8.458600044250488, 12.794099807739258, 12.463500022888184, 12.655200004577637, 12.99209976196289, 12.650699615478516, 12.476300239562988, 12.543000221252441, 12.64169979095459, 11.043999671936035, 12.468099594116211, 12.94320011138916, 13.020099639892578, 10.113499641418457, 10.227800369262695, 11.39050006866455, 11.705599784851074, 11.777700424194336, 12.248100280761719, 12.010600090026855, 12.111200332641602, 12.253499984741211, 11.170900344848633, 12.242500305175781, 12.406999588012695, 11.63700008392334, 12.624099731445312, 12.965399742126465, 12.47029972076416, 12.836799621582031, 12.71090030670166, 12.872400283813477, 12.285099983215332, 12.800700187683105, 12.709199905395508, 11.190799713134766, 12.071499824523926, 12.07800006866455, 12.840700149536133, 12.793600082397461, 11.592599868774414, 12.365500450134277, 12.775500297546387, 12.88230037689209, 13.31980037689209, 12.958800315856934, 13.265999794006348, 13.699999809265137, 13.243300437927246, 11.815400123596191, 13.084699630737305, 12.20259952545166, 12.891900062561035, 12.298800468444824, 12.894000053405762, 12.237099647521973, 12.323100090026855, 11.21660041809082]"
