item_id,start,freq,target
T724,2014-12-29,W-SUN,"[3.1254000663757324, 4.066100120544434, 2.6953999996185303, 3.308500051498413, 4.542699813842773, 3.4045000076293945, 3.6703999042510986, 5.359799861907959, 4.601200103759766, 5.665900230407715, 6.057000160217285, 6.261099815368652, 6.728700160980225, 5.7032999992370605, 9.009300231933594, 6.777100086212158, 7.1894001960754395, 6.809899806976318, 6.213399887084961, 6.7993998527526855, 6.135900020599365, 6.953700065612793, 6.910999774932861, 6.9633002281188965, 7.201900005340576, 5.181600093841553, 4.248700141906738, 4.511300086975098, 4.652599811553955, 4.596499919891357, 4.911799907684326, 4.618500232696533, 4.658899784088135, 4.612299919128418, 4.6244001388549805, 4.528600215911865, 4.571100234985352, 4.036600112915039, 5.586100101470947, 7.167500019073486, 6.935500144958496, 7.061999797821045, 6.4268999099731445, 5.183300018310547, 4.494500160217285, 5.204800128936768, 6.162499904632568, 5.541299819946289, 5.054299831390381, 6.362299919128418, 4.6371002197265625, 4.980400085449219, 5.835700035095215, 4.959099769592285, 5.160200119018555, 5.304200172424316, 5.375400066375732, 5.670300006866455, 4.368800163269043, 5.048399925231934, 4.542900085449219, 4.041600227355957, 4.102499961853027, 4.038899898529053, 4.317500114440918, 4.2515997886657715, 4.247300148010254, 4.3684000968933105, 4.217100143432617, 4.31279993057251, 4.316199779510498, 4.338200092315674, 4.3403000831604, 4.320199966430664, 4.443900108337402, 4.40939998626709, 4.517000198364258, 4.464900016784668, 4.312099933624268, 4.393599987030029, 4.448200225830078, 4.55019998550415, 4.685299873352051, 4.499000072479248, 4.512499809265137, 4.466000080108643, 4.429999828338623, 4.241499900817871, 4.38539981842041, 4.434299945831299, 4.416800022125244, 4.19789981842041, 4.333600044250488, 4.056300163269043, 4.036499977111816, 4.013700008392334]"
