item_id,start,freq,target
T612,2014-12-29,W-SUN,"[7.389999866485596, 9.735799789428711, 6.588099956512451, 9.097900390625, 10.01360034942627, 8.85159969329834, 7.785799980163574, 10.3371000289917, 9.195500373840332, 10.432100296020508, 10.678600311279297, 10.554300308227539, 10.428999900817871, 9.645299911499023, 10.167799949645996, 10.328800201416016, 9.243499755859375, 10.582900047302246, 10.468600273132324, 10.284700393676758, 10.089500427246094, 10.762299537658691, 10.790499687194824, 10.572600364685059, 10.64900016784668, 10.4931001663208, 9.57450008392334, 10.748700141906738, 10.488900184631348, 10.175800323486328, 10.202699661254883, 10.2701997756958, 10.403800010681152, 10.509400367736816, 9.978799819946289, 10.073200225830078, 10.89739990234375, 11.171500205993652, 9.28279972076416, 10.926799774169922, 10.365900039672852, 10.8193998336792, 10.628999710083008, 10.693599700927734, 11.247900009155273, 10.986300468444824, 9.902700424194336, 9.40530014038086, 9.462499618530273, 10.954000473022461, 10.016200065612793, 8.27079963684082, 9.281800270080566, 10.341400146484375, 9.950499534606934, 10.01140022277832, 9.83329963684082, 10.746899604797363, 9.356300354003906, 10.860300064086914, 10.379899978637695, 10.416299819946289, 10.28279972076416, 10.554200172424316, 10.813699722290039, 9.736900329589844, 10.235799789428711, 10.989299774169922, 11.107999801635742, 10.48490047454834, 10.622300148010254, 10.873100280761719, 10.88659954071045, 10.406299591064453, 11.391799926757812, 11.029899597167969, 10.969300270080566, 10.759599685668945, 9.472299575805664, 11.072799682617188, 11.090399742126465, 9.903800010681152, 10.423800468444824, 10.586899757385254, 10.884400367736816, 10.576000213623047, 11.100199699401855, 9.747200012207031, 10.563400268554688, 11.23449993133545, 10.937800407409668, 10.715100288391113, 10.665800094604492, 10.445799827575684, 11.281100273132324, 10.500800132751465]"
