item_id,start,freq,target
T371,2015-02-01 00:00:00,W-SUN,"[7.208000183105469, 6.381400108337402, 7.160099983215332, 6.374800205230713, 7.0482001304626465, 6.589399814605713, 6.690800189971924, 6.900899887084961, 7.089700222015381, 7.07420015335083, 7.186500072479248, 6.821400165557861, 6.92140007019043, 6.747600078582764, 7.090400218963623, 6.060699939727783, 6.811600208282471, 6.645199775695801, 6.650599956512451, 6.676400184631348, 6.651800155639648, 5.973700046539307, 7.530200004577637, 6.906599998474121, 8.086199760437012, 6.7652997970581055, 6.576499938964844, 7.08519983291626, 6.625899791717529, 6.153200149536133, 6.7957000732421875, 6.799799919128418, 7.446700096130371, 6.672100067138672, 7.001299858093262, 6.807499885559082, 7.066100120544434, 8.177499771118164, 7.2505998611450195, 6.942699909210205, 6.961599826812744, 6.630899906158447, 5.081299781799316, 6.2221999168396, 6.564499855041504, 7.240099906921387, 4.975599765777588, 5.363699913024902, 6.091899871826172, 6.30709981918335, 5.933499813079834, 6.047800064086914, 8.021699905395508, 6.021699905395508, 6.417699813842773, 6.085999965667725, 6.152299880981445, 6.433800220489502, 6.053999900817871, 6.126100063323975, 5.902299880981445, 6.138599872589111, 6.2067999839782715, 6.048600196838379, 6.113100051879883, 6.530300140380859, 5.8383002281188965, 7.629000186920166, 7.164599895477295, 7.298099994659424, 7.5971999168396, 6.191199779510498, 6.402100086212158, 5.639599800109863, 6.505499839782715, 6.644999980926514, 6.631499767303467, 6.999300003051758, 6.555699825286865, 6.537899971008301, 6.801799774169922, 6.752099990844727, 6.2947998046875, 6.57289981842041, 7.1371002197265625, 6.579100131988525, 6.928599834442139, 6.8420000076293945, 6.300899982452393, 7.5131001472473145]"
