item_id,start,freq,target
T473,2014-12-29,W-SUN,"[5.800600051879883, 6.285900115966797, 4.523499965667725, 6.38539981842041, 6.817699909210205, 6.536200046539307, 6.545899868011475, 6.811699867248535, 6.066699981689453, 7.097499847412109, 6.922500133514404, 7.029799938201904, 7.085700035095215, 7.166500091552734, 7.158100128173828, 7.213099956512451, 6.089700222015381, 6.523600101470947, 6.613399982452393, 6.464600086212158, 6.422500133514404, 6.66480016708374, 6.462900161743164, 6.672399997711182, 6.713699817657471, 6.654099941253662, 6.419400215148926, 6.55049991607666, 6.646699905395508, 6.672100067138672, 6.02839994430542, 5.933899879455566, 6.153299808502197, 5.720300197601318, 5.63040018081665, 5.558700084686279, 5.6178998947143555, 5.5960001945495605, 5.619800090789795, 5.5131001472473145, 5.46619987487793, 5.628900051116943, 5.548699855804443, 5.512199878692627, 5.2617998123168945, 5.448200225830078, 5.6230998039245605, 5.280700206756592, 5.2845001220703125, 5.339399814605713, 5.5644001960754395, 5.422500133514404, 4.91480016708374, 5.243500232696533, 5.33050012588501, 5.215700149536133, 5.29580020904541, 5.559999942779541, 5.450300216674805, 5.386600017547607, 5.814799785614014, 5.032599925994873, 5.299300193786621, 5.236400127410889, 5.933700084686279, 5.631700038909912, 5.460599899291992, 5.706600189208984, 5.489500045776367, 5.573999881744385, 5.760700225830078, 5.555099964141846, 6.0233001708984375, 5.724999904632568, 5.728899955749512, 5.793700218200684, 5.823299884796143, 5.86929988861084, 5.67609977722168, 5.5854997634887695, 7.860799789428711, 10.454500198364258, 10.561800003051758, 10.48740005493164, 10.50100040435791, 10.345399856567383, 10.535099983215332, 9.869199752807617, 10.396300315856934, 10.525300025939941, 10.420599937438965, 10.311400413513184, 10.546600341796875, 10.373900413513184, 10.290300369262695, 10.40839958190918]"
