item_id,start,freq,target
T718,2014-12-29,W-SUN,"[7.700500011444092, 7.700500011444092, 7.700500011444092, 7.700500011444092, 7.700500011444092, 5.553899765014648, 6.84660005569458, 6.811500072479248, 6.172599792480469, 6.535600185394287, 6.54610013961792, 6.5046000480651855, 6.42080020904541, 6.336400032043457, 6.474800109863281, 6.741700172424316, 7.247200012207031, 6.716100215911865, 6.285099983215332, 6.565999984741211, 6.989699840545654, 7.445000171661377, 7.71560001373291, 7.4446001052856445, 7.610899925231934, 7.528500080108643, 6.80109977722168, 7.420300006866455, 7.4583001136779785, 7.580999851226807, 8.706600189208984, 9.299500465393066, 8.394700050354004, 7.348299980163574, 8.300999641418457, 7.908299922943115, 8.865500450134277, 8.875499725341797, 8.813799858093262, 8.313599586486816, 7.989999771118164, 8.403800010681152, 6.340199947357178, 7.911099910736084, 8.424099922180176, 8.569600105285645, 7.761600017547607, 7.537399768829346, 7.623799800872803, 7.7729997634887695, 7.539299964904785, 6.206999778747559, 6.5167999267578125, 7.368899822235107, 6.492199897766113, 7.594299793243408, 6.965000152587891, 6.4415998458862305, 7.359399795532227, 8.208800315856934, 7.244100093841553, 6.64739990234375, 6.110899925231934, 6.538599967956543, 8.366999626159668, 7.866499900817871, 8.081999778747559, 7.769400119781494, 8.346799850463867, 8.841699600219727, 8.722299575805664, 9.555999755859375, 8.968000411987305, 8.382200241088867, 9.748299598693848, 9.037099838256836, 8.994000434875488, 9.193099975585938, 7.13129997253418, 9.010299682617188, 8.65429973602295, 8.446200370788574, 8.608499526977539, 8.673100471496582, 8.366999626159668, 8.661100387573242, 8.292499542236328, 7.779399871826172, 9.134300231933594, 8.595399856567383, 8.96030044555664, 8.44379997253418, 8.957599639892578, 8.301400184631348, 8.830300331115723, 7.059199810028076]"
