item_id,start,freq,target
T645,2014-12-29,W-SUN,"[7.218800067901611, 10.016300201416016, 6.7291998863220215, 10.0693998336792, 10.280200004577637, 10.235400199890137, 10.178500175476074, 10.799799919128418, 9.953100204467773, 10.383399963378906, 10.991800308227539, 10.791600227355957, 11.49020004272461, 10.192899703979492, 10.696999549865723, 9.523500442504883, 9.538000106811523, 9.729000091552734, 10.661399841308594, 11.511899948120117, 10.032699584960938, 10.623299598693848, 10.81149959564209, 11.377900123596191, 11.246100425720215, 11.018699645996094, 9.566900253295898, 10.4753999710083, 10.917099952697754, 10.129400253295898, 10.879199981689453, 11.202400207519531, 10.267399787902832, 11.609000205993652, 10.800200462341309, 9.878100395202637, 10.538200378417969, 11.517800331115723, 10.725299835205078, 11.456899642944336, 10.73900032043457, 12.09529972076416, 11.516400337219238, 11.310600280761719, 10.680500030517578, 11.459099769592285, 12.42770004272461, 9.076800346374512, 11.338199615478516, 11.66670036315918, 10.554300308227539, 6.813799858093262, 6.980400085449219, 8.768899917602539, 7.874899864196777, 8.26039981842041, 8.284299850463867, 9.155699729919434, 8.833200454711914, 8.128999710083008, 8.301400184631348, 7.700500011444092, 7.702400207519531, 7.700500011444092, 7.700500011444092, 7.700500011444092, 8.451199531555176, 9.977299690246582, 10.232399940490723, 9.850099563598633, 9.982399940490723, 9.729999542236328, 10.05739974975586, 9.286800384521484, 9.81659984588623, 10.02280044555664, 10.450699806213379, 9.847900390625, 8.725600242614746, 8.155200004577637, 7.700500011444092, 7.700500011444092, 7.700500011444092, 7.700500011444092, 7.700500011444092, 8.697400093078613, 9.673999786376953, 8.581700325012207, 9.81350040435791, 10.05150032043457, 9.645299911499023, 10.37969970703125, 9.610400199890137, 9.498200416564941, 9.90779972076416, 9.117799758911133]"
