item_id,start,freq,target
T31,2014-12-29,W-SUN,"[8.470100402832031, 10.793499946594238, 10.148699760437012, 11.12909984588623, 10.287699699401855, 9.648699760437012, 10.057000160217285, 10.23799991607666, 9.525799751281738, 10.213899612426758, 10.401000022888184, 10.560999870300293, 10.951899528503418, 10.131600379943848, 10.845999717712402, 10.498499870300293, 10.44540023803711, 10.702400207519531, 10.339900016784668, 10.82409954071045, 9.726699829101562, 10.68649959564209, 10.583800315856934, 11.744500160217285, 11.048500061035156, 11.116999626159668, 9.91510009765625, 10.510100364685059, 10.550100326538086, 10.578499794006348, 11.045299530029297, 11.124199867248535, 10.894000053405762, 11.427000045776367, 10.46030044555664, 9.847200393676758, 10.810400009155273, 11.171600341796875, 10.654600143432617, 10.84850025177002, 11.601200103759766, 11.093799591064453, 11.618200302124023, 10.813199996948242, 11.104900360107422, 10.899900436401367, 11.673100471496582, 9.100799560546875, 10.764300346374512, 11.211400032043457, 11.958200454711914, 9.213600158691406, 8.681300163269043, 10.836400032043457, 10.956600189208984, 11.17590045928955, 10.682999610900879, 11.013799667358398, 11.699600219726562, 11.69379997253418, 11.82919979095459, 11.263199806213379, 11.736200332641602, 11.202699661254883, 11.294099807739258, 11.894399642944336, 11.18179988861084, 11.311699867248535, 11.393099784851074, 11.344300270080566, 11.204999923706055, 11.56879997253418, 11.486100196838379, 11.242400169372559, 11.722200393676758, 12.009499549865723, 12.71660041809082, 11.491999626159668, 11.802300453186035, 11.450799942016602, 11.668499946594238, 11.192399978637695, 11.252699851989746, 11.732399940490723, 11.945199966430664, 11.869799613952637, 11.740699768066406, 10.366299629211426, 12.121500015258789, 12.259099960327148, 12.166099548339844, 12.064800262451172, 11.784500122070312, 11.712300300598145, 12.047499656677246, 11.427200317382812]"
