item_id,start,freq,target
T442,2014-12-29,W-SUN,"[3.5662999153137207, 4.168799877166748, 5.198299884796143, 4.837800025939941, 5.417500019073486, 5.42549991607666, 5.405700206756592, 5.406599998474121, 4.997300148010254, 5.505199909210205, 5.548099994659424, 5.519199848175049, 5.649600028991699, 5.576200008392334, 5.644800186157227, 5.340099811553955, 5.555699825286865, 5.739099979400635, 5.776500225067139, 5.707300186157227, 5.513800144195557, 5.698299884796143, 5.805500030517578, 5.816800117492676, 5.776899814605713, 5.783100128173828, 5.6315999031066895, 5.782800197601318, 5.748600006103516, 5.759699821472168, 5.791900157928467, 5.842299938201904, 5.703700065612793, 5.89139986038208, 5.716100215911865, 5.431700229644775, 5.7444000244140625, 5.793799877166748, 5.716599941253662, 5.765600204467773, 5.646599769592285, 5.767899990081787, 5.884699821472168, 5.653900146484375, 5.742099761962891, 5.756700038909912, 5.9506001472473145, 5.16510009765625, 5.696100234985352, 5.761000156402588, 6.143199920654297, 4.932700157165527, 4.798299789428711, 5.491099834442139, 5.50540018081665, 5.584199905395508, 5.639800071716309, 5.661200046539307, 5.704400062561035, 5.646599769592285, 5.648499965667725, 5.436699867248535, 5.240799903869629, 5.648399829864502, 5.930799961090088, 5.902200222015381, 5.714900016784668, 5.837500095367432, 5.743299961090088, 5.849100112915039, 5.934000015258789, 5.926400184631348, 5.894999980926514, 5.764800071716309, 6.104899883270264, 6.057600021362305, 5.947999954223633, 6.023399829864502, 5.4928998947143555, 5.959000110626221, 6.001100063323975, 6.007299900054932, 5.971499919891357, 5.9182000160217285, 5.938300132751465, 5.962500095367432, 5.885499954223633, 5.492199897766113, 5.843699932098389, 5.9959001541137695, 5.978099822998047, 4.871300220489502, 5.984600067138672, 5.926799774169922, 6.0854997634887695, 5.6041998863220215]"
