item_id,start,freq,target
T702,2014-12-29,W-SUN,"[11.06779956817627, 17.861099243164062, 8.845399856567383, 15.702099800109863, 16.18280029296875, 13.967599868774414, 16.7632999420166, 14.4375, 14.925000190734863, 13.020099639892578, 16.424400329589844, 15.304900169372559, 18.30389976501465, 13.870100021362305, 14.752900123596191, 16.234100341796875, 14.174500465393066, 17.79640007019043, 17.21470069885254, 16.410900115966797, 17.095300674438477, 18.95039939880371, 17.92609977722168, 18.466800689697266, 20.90220069885254, 20.483600616455078, 17.364700317382812, 18.73979949951172, 17.45800018310547, 19.548599243164062, 19.56999969482422, 19.59869956970215, 15.92770004272461, 19.84160041809082, 14.225700378417969, 15.797699928283691, 16.638999938964844, 18.016000747680664, 17.109500885009766, 14.288299560546875, 17.43269920349121, 17.684900283813477, 17.90049934387207, 16.622100830078125, 18.49810028076172, 17.87689971923828, 21.737199783325195, 13.969400405883789, 16.94260025024414, 19.05660057067871, 19.95560073852539, 13.71780014038086, 11.987199783325195, 14.96780014038086, 15.998200416564941, 17.230899810791016, 18.510099411010742, 17.275100708007812, 16.692699432373047, 17.128299713134766, 18.390100479125977, 15.21679973602295, 16.277799606323242, 18.69580078125, 19.18720054626465, 19.189300537109375, 15.559900283813477, 19.205900192260742, 18.61639976501465, 17.350099563598633, 18.625600814819336, 17.221200942993164, 17.968299865722656, 19.488500595092773, 18.851999282836914, 16.727100372314453, 18.56209945678711, 16.248199462890625, 18.710800170898438, 15.569999694824219, 19.57390022277832, 17.707799911499023, 18.206300735473633, 17.612899780273438, 19.068099975585938, 17.66659927368164, 17.625600814819336, 16.46109962463379, 17.446199417114258, 19.571500778198242, 16.19260025024414, 17.0226993560791, 17.082199096679688, 17.109500885009766, 16.16390037536621, 15.89490032196045]"
