item_id,start,freq,target
T121,2014-12-29,W-SUN,"[5.013400077819824, 6.033699989318848, 6.104899883270264, 5.695300102233887, 5.857800006866455, 6.35099983215332, 6.277100086212158, 6.88700008392334, 5.546299934387207, 6.176799774169922, 6.063399791717529, 6.730000019073486, 6.181399822235107, 6.3165998458862305, 6.186600208282471, 6.141600131988525, 6.14139986038208, 6.03980016708374, 6.145899772644043, 6.195199966430664, 5.5472002029418945, 6.003900051116943, 6.337699890136719, 6.046800136566162, 6.564499855041504, 6.387400150299072, 5.411200046539307, 6.147799968719482, 6.611999988555908, 6.217400074005127, 6.766499996185303, 6.5879998207092285, 6.409800052642822, 6.829500198364258, 6.406599998474121, 5.6768999099731445, 6.801700115203857, 7.000199794769287, 6.421299934387207, 7.007900238037109, 6.482399940490723, 6.721399784088135, 6.635000228881836, 6.743100166320801, 6.879700183868408, 6.907199859619141, 6.887800216674805, 5.55049991607666, 7.463200092315674, 7.0802998542785645, 6.619100093841553, 5.139999866485596, 4.684899806976318, 6.3171000480651855, 5.977099895477295, 6.63129997253418, 6.35230016708374, 6.828199863433838, 6.66349983215332, 7.371500015258789, 6.811699867248535, 6.7133002281188965, 6.939199924468994, 6.508999824523926, 6.969399929046631, 7.089900016784668, 6.4054999351501465, 6.722799777984619, 7.035999774932861, 6.781000137329102, 6.893899917602539, 7.182499885559082, 6.969099998474121, 7.052199840545654, 7.025599956512451, 7.144999980926514, 7.971499919891357, 7.697400093078613, 6.219299793243408, 7.0177998542785645, 6.857600212097168, 6.589799880981445, 6.804100036621094, 7.488100051879883, 7.44920015335083, 8.112000465393066, 6.978400230407715, 6.40310001373291, 7.165200233459473, 7.456500053405762, 7.3491997718811035, 7.053100109100342, 6.97790002822876, 6.269000053405762, 6.806399822235107, 6.492000102996826]"
