item_id,start,freq,target
T69,2015-02-01 00:00:00,W-SUN,"[9.150699615478516, 9.150699615478516, 9.150699615478516, 8.301799774169922, 9.153599739074707, 9.150699615478516, 9.150699615478516, 9.150699615478516, 9.150699615478516, 9.486499786376953, 9.150699615478516, 9.150699615478516, 9.150699615478516, 9.150699615478516, 9.150699615478516, 9.150699615478516, 9.150699615478516, 9.150699615478516, 9.150699615478516, 9.150699615478516, 9.150699615478516, 9.150699615478516, 9.150699615478516, 9.150699615478516, 9.150699615478516, 9.150699615478516, 9.150699615478516, 9.150699615478516, 9.150699615478516, 9.150699615478516, 9.150699615478516, 9.150699615478516, 9.150699615478516, 9.150699615478516, 9.150699615478516, 9.150699615478516, 9.150699615478516, 8.187399864196777, 8.628999710083008, 8.64430046081543, 8.64430046081543, 8.64430046081543, 9.150699615478516, 9.150699615478516, 9.150699615478516, 9.150699615478516, 9.150699615478516, 9.150699615478516, 9.150699615478516, 9.150699615478516, 9.150699615478516, 9.150699615478516, 9.150699615478516, 9.151900291442871, 9.150699615478516, 9.150699615478516, 7.842299938201904, 7.006700038909912, 7.038000106811523, 7.1894001960754395, 7.363800048828125, 7.251200199127197, 7.499199867248535, 7.1682000160217285, 8.589099884033203, 7.553899765014648, 7.6082000732421875, 7.810299873352051, 7.456399917602539, 7.456600189208984, 7.858799934387207, 7.598400115966797, 7.39169979095459, 6.904200077056885, 7.1774001121521, 7.611800193786621, 6.991499900817871, 7.065999984741211, 7.024700164794922, 7.016200065612793, 7.089000225067139, 6.854000091552734, 6.485400199890137, 6.8003997802734375, 6.986100196838379, 6.971199989318848, 7.075699806213379, 7.989799976348877, 7.965099811553955, 8.26729965209961]"
