item_id,start,freq,target
T449,2014-12-29,W-SUN,"[18.359699249267578, 18.324600219726562, 23.852699279785156, 22.66990089416504, 25.917299270629883, 23.529199600219727, 24.33639907836914, 24.154300689697266, 23.23780059814453, 25.47249984741211, 23.87969970703125, 24.104400634765625, 24.80270004272461, 25.320899963378906, 25.87310028076172, 26.52899932861328, 25.674400329589844, 25.52090072631836, 26.469900131225586, 25.51650047302246, 21.64620018005371, 23.39150047302246, 23.076400756835938, 22.596799850463867, 22.76129913330078, 22.778200149536133, 19.791500091552734, 23.48710060119629, 23.483200073242188, 23.999900817871094, 23.46619987487793, 23.492000579833984, 23.376100540161133, 23.334800720214844, 24.059799194335938, 20.854700088500977, 11.481399536132812, 15.687399864196777, 19.389699935913086, 14.288000106811523, 11.378700256347656, 17.626300811767578, 18.276599884033203, 19.912399291992188, 12.047599792480469, 12.342900276184082, 10.626700401306152, 8.942000389099121, 11.098199844360352, 12.383099555969238, 10.67020034790039, 5.365200042724609, 7.984899997711182, 11.664600372314453, 10.077799797058105, 12.067399978637695, 11.464900016784668, 11.765700340270996, 11.539199829101562, 11.663999557495117, 11.910099983215332, 11.48390007019043, 11.127099990844727, 11.812399864196777, 11.036700248718262, 11.484199523925781, 11.140299797058105, 11.817999839782715, 11.650699615478516, 12.094300270080566, 11.803600311279297, 12.275400161743164, 12.284000396728516, 10.52299976348877, 12.39739990234375, 12.454099655151367, 13.086600303649902, 12.519000053405762, 8.849900245666504, 12.067299842834473, 12.877599716186523, 12.870599746704102, 12.426799774169922, 12.54539966583252, 12.652199745178223, 12.252400398254395, 12.796799659729004, 10.314200401306152, 12.748900413513184, 13.175700187683105, 14.83650016784668, 11.355600357055664, 12.679699897766113, 12.73490047454834, 13.258999824523926, 12.875200271606445]"
