item_id,start,freq,target
T800,2014-12-29,W-SUN,"[5.921899795532227, 7.808199882507324, 7.924499988555908, 7.5696001052856445, 8.326199531555176, 8.052300453186035, 8.312000274658203, 8.313599586486816, 7.3709001541137695, 8.43970012664795, 9.078399658203125, 8.454999923706055, 8.822600364685059, 8.496199607849121, 8.982199668884277, 8.63599967956543, 8.402899742126465, 8.725299835205078, 8.53969955444336, 8.693499565124512, 8.413299560546875, 7.132500171661377, 8.611800193786621, 9.100199699401855, 9.015199661254883, 9.10200023651123, 9.601499557495117, 10.563400268554688, 10.47130012512207, 10.49940013885498, 10.687700271606445, 10.4621000289917, 10.594599723815918, 10.67300033569336, 10.020500183105469, 10.20359992980957, 10.371899604797363, 10.570099830627441, 10.232000350952148, 10.398599624633789, 10.42870044708252, 10.251399993896484, 10.193900108337402, 9.818499565124512, 9.56309986114502, 9.594900131225586, 9.825200080871582, 8.231100082397461, 9.379400253295898, 9.559700012207031, 9.682000160217285, 8.141400337219238, 8.244099617004395, 9.190699577331543, 9.214900016784668, 9.327899932861328, 9.699700355529785, 9.841899871826172, 9.6048002243042, 9.694000244140625, 9.918499946594238, 9.290599822998047, 8.187899589538574, 8.769700050354004, 8.534199714660645, 8.585100173950195, 9.499899864196777, 10.42590045928955, 10.004899978637695, 10.15999984741211, 9.922300338745117, 10.414899826049805, 9.898799896240234, 10.148799896240234, 10.352399826049805, 10.294500350952148, 10.817899703979492, 10.559300422668457, 9.690699577331543, 10.532099723815918, 10.200300216674805, 11.786999702453613, 10.787400245666504, 10.53499984741211, 10.375900268554688, 10.230400085449219, 10.456700325012207, 6.560800075531006, 11.069299697875977, 11.648099899291992, 11.6358003616333, 8.32349967956543, 11.303600311279297, 11.089599609375, 11.696599960327148, 10.157099723815918]"
