item_id,start,freq,target
T3,2014-12-29,W-SUN,"[12.306900024414062, 15.211400032043457, 14.440500259399414, 12.19279956817627, 15.641799926757812, 15.801400184631348, 15.506400108337402, 16.807300567626953, 13.866299629211426, 16.848499298095703, 17.47599983215332, 19.175100326538086, 18.526599884033203, 17.513700485229492, 18.635499954223633, 18.470199584960938, 17.96030044555664, 18.863399505615234, 20.5718994140625, 19.293100357055664, 18.207500457763672, 18.321500778198242, 20.04199981689453, 20.756000518798828, 19.40169906616211, 19.928699493408203, 16.54290008544922, 20.4862003326416, 21.214500427246094, 16.290000915527344, 18.074499130249023, 19.323699951171875, 17.867000579833984, 17.176000595092773, 19.19569969177246, 17.04439926147461, 18.73040008544922, 18.295799255371094, 16.873899459838867, 17.319499969482422, 17.64299964904785, 17.846500396728516, 19.25200080871582, 17.672399520874023, 17.667299270629883, 17.349700927734375, 18.8302001953125, 13.970199584960938, 16.660999298095703, 18.534500122070312, 20.24850082397461, 13.74370002746582, 12.859000205993652, 15.29800033569336, 16.933300018310547, 15.74779987335205, 16.956100463867188, 15.82129955291748, 17.35849952697754, 17.636600494384766, 17.678800582885742, 17.270299911499023, 18.860599517822266, 17.45800018310547, 17.390499114990234, 18.230499267578125, 17.673999786376953, 18.315500259399414, 18.296600341796875, 17.586599349975586, 18.586599349975586, 19.67569923400879, 19.106000900268555, 17.864599227905273, 18.903400421142578, 19.85849952697754, 19.42690086364746, 17.423999786376953, 14.778300285339355, 18.075700759887695, 20.652000427246094, 17.840999603271484, 20.371400833129883, 18.167999267578125, 20.0044002532959, 18.659700393676758, 17.649700164794922, 18.691200256347656, 18.180099487304688, 19.22559928894043, 18.49530029296875, 18.52389907836914, 18.485000610351562, 17.465099334716797, 20.105300903320312, 15.054100036621094]"
