item_id,start,freq,target
T700,2015-02-01 00:00:00,W-SUN,"[5.73330020904541, 5.73330020904541, 5.73330020904541, 5.1971001625061035, 5.735499858856201, 5.73330020904541, 5.73330020904541, 5.73330020904541, 5.73330020904541, 5.541900157928467, 5.73330020904541, 5.73330020904541, 5.73330020904541, 5.73330020904541, 5.73330020904541, 5.73330020904541, 5.73330020904541, 5.73330020904541, 5.73330020904541, 5.73330020904541, 5.73330020904541, 5.73330020904541, 5.73330020904541, 5.73330020904541, 5.73330020904541, 5.73330020904541, 5.73330020904541, 5.73330020904541, 5.73330020904541, 5.73330020904541, 5.73330020904541, 5.73330020904541, 5.73330020904541, 5.73330020904541, 5.73330020904541, 5.73330020904541, 5.73330020904541, 5.73330020904541, 5.725399971008301, 7.994999885559082, 7.662899971008301, 8.596199989318848, 7.36870002746582, 7.7743000984191895, 7.569200038909912, 8.366299629211426, 7.475800037384033, 6.98769998550415, 7.299699783325195, 7.539999961853027, 7.478400230407715, 6.885499954223633, 7.621500015258789, 8.299200057983398, 7.791800022125244, 7.844600200653076, 7.274700164794922, 7.5381999015808105, 8.568300247192383, 8.809200286865234, 8.498900413513184, 8.116000175476074, 8.246299743652344, 8.314000129699707, 8.273599624633789, 8.574799537658691, 8.645899772644043, 8.446599960327148, 10.309599876403809, 8.51990032196045, 9.881199836730957, 8.725299835205078, 9.639699935913086, 9.122400283813477, 9.51669979095459, 9.298700332641602, 8.965700149536133, 8.847599983215332, 8.85789966583252, 9.2568998336792, 8.97760009765625, 8.937999725341797, 8.467300415039062, 8.308300018310547, 8.662400245666504, 8.451000213623047, 8.618599891662598, 8.561300277709961, 8.026000022888184, 8.614999771118164]"
