item_id,start,freq,target
T402,2014-12-29,W-SUN,"[8.421600341796875, 11.761899948120117, 7.737299919128418, 10.744099617004395, 12.820599555969238, 12.331399917602539, 10.253499984741211, 11.694899559020996, 10.579999923706055, 12.407899856567383, 13.617899894714355, 13.461199760437012, 14.811100006103516, 13.555299758911133, 13.415200233459473, 14.22350025177002, 12.816499710083008, 13.041600227355957, 14.093099594116211, 12.486900329589844, 11.969099998474121, 12.43910026550293, 13.189200401306152, 11.610699653625488, 14.32450008392334, 13.844200134277344, 11.786499977111816, 13.392200469970703, 13.571100234985352, 13.716500282287598, 13.520600318908691, 13.416299819946289, 14.444199562072754, 13.84000015258789, 13.762999534606934, 13.393899917602539, 14.605500221252441, 15.150300025939941, 14.087699890136719, 14.684100151062012, 14.334600448608398, 14.58430004119873, 14.701000213623047, 14.697600364685059, 14.04319953918457, 15.16469955444336, 14.276100158691406, 12.29319953918457, 13.900300025939941, 14.6048002243042, 14.180100440979004, 9.959699630737305, 11.456600189208984, 13.602999687194824, 13.094300270080566, 13.833999633789062, 14.284899711608887, 14.833499908447266, 14.077400207519531, 14.570599555969238, 14.376899719238281, 11.798299789428711, 11.763999938964844, 12.755800247192383, 12.629599571228027, 13.049099922180176, 14.579299926757812, 15.67199993133545, 14.984199523925781, 14.369099617004395, 14.755599975585938, 14.584799766540527, 15.383899688720703, 14.997699737548828, 15.338600158691406, 14.392499923706055, 15.343700408935547, 14.96720027923584, 12.009300231933594, 15.204500198364258, 14.202799797058105, 13.674799919128418, 15.162799835205078, 14.878399848937988, 14.762299537658691, 14.508199691772461, 14.80210018157959, 13.611499786376953, 15.214300155639648, 16.58930015563965, 15.066100120544434, 13.402299880981445, 15.545999526977539, 15.671799659729004, 16.32830047607422, 15.387499809265137]"
