item_id,start,freq,target
T218,2015-02-08 00:00:00,W-SUN,"[9.981499671936035, 9.609199523925781, 10.02280044555664, 11.624300003051758, 10.824399948120117, 10.152000427246094, 10.277600288391113, 9.331100463867188, 10.766500473022461, 11.427399635314941, 10.911700248718262, 12.713800430297852, 12.211400032043457, 10.492600440979004, 9.251799583435059, 10.161800384521484, 11.664600372314453, 11.01990032196045, 12.559900283813477, 13.260199546813965, 12.15369987487793, 15.020700454711914, 13.586999893188477, 14.878600120544434, 14.63640022277832, 15.176799774169922, 14.5826997756958, 14.140000343322754, 12.803899765014648, 14.09749984741211, 13.585000038146973, 14.577899932861328, 11.862500190734863, 15.06410026550293, 13.650300025939941, 12.678299903869629, 13.60569953918457, 15.711600303649902, 13.764300346374512, 14.447099685668945, 12.384099960327148, 11.257499694824219, 11.729399681091309, 13.076000213623047, 11.69379997253418, 9.616000175476074, 11.220999717712402, 11.9306001663208, 11.264399528503418, 13.003700256347656, 14.739500045776367, 12.640600204467773, 11.14169979095459, 14.28909969329834, 14.886300086975098, 15.000900268554688, 13.903200149536133, 14.988200187683105, 13.223799705505371, 13.360600471496582, 14.34060001373291, 15.215999603271484, 16.5310001373291, 15.349599838256836, 15.238900184631348, 16.404399871826172, 16.087900161743164, 15.251099586486816, 16.030799865722656, 15.401300430297852, 16.44770050048828, 15.90060043334961, 12.208200454711914, 16.245500564575195, 15.34589958190918, 15.34689998626709, 14.302599906921387, 13.74209976196289, 13.927300453186035, 15.405900001525879, 15.690400123596191, 14.2608003616333, 16.05579948425293, 16.12420082092285, 18.260499954223633, 13.307100296020508, 15.548399925231934, 15.451800346374512, 15.718700408935547, 15.004300117492676]"
