item_id,start,freq,target
T630,2014-12-29,W-SUN,"[8.80459976196289, 11.640999794006348, 9.686400413513184, 9.736000061035156, 9.666000366210938, 9.757399559020996, 8.34850025177002, 9.002900123596191, 8.48740005493164, 10.282299995422363, 10.21049976348877, 10.630200386047363, 11.046600341796875, 9.54520034790039, 10.157999992370605, 10.91349983215332, 8.851699829101562, 10.632800102233887, 10.892200469970703, 10.036600112915039, 10.07759952545166, 11.148300170898438, 8.380200386047363, 7.700500011444092, 7.700500011444092, 7.127900123596191, 7.700500011444092, 7.700500011444092, 7.700500011444092, 8.5447998046875, 11.2076997756958, 11.254599571228027, 10.887499809265137, 10.87909984588623, 8.764699935913086, 11.8016996383667, 11.134499549865723, 9.982000350952148, 9.567899703979492, 10.121500015258789, 11.152400016784668, 11.350899696350098, 10.284899711608887, 8.868800163269043, 8.870499610900879, 9.34280014038086, 9.563400268554688, 10.110400199890137, 8.976099967956543, 9.314200401306152, 9.296699523925781, 8.906499862670898, 7.988900184631348, 8.439200401306152, 8.780200004577637, 8.63949966430664, 9.058799743652344, 9.304800033569336, 9.068599700927734, 8.89799976348877, 7.4145002365112305, 5.749499797821045, 6.421599864959717, 7.0630998611450195, 7.528600215911865, 7.31879997253418, 7.3592000007629395, 7.446400165557861, 7.85860013961792, 7.321100234985352, 7.467700004577637, 7.587800025939941, 7.834199905395508, 8.329099655151367, 7.970300197601318, 8.065999984741211, 8.26039981842041, 7.870699882507324, 7.427299976348877, 7.363800048828125, 7.139699935913086, 7.496300220489502, 7.176400184631348, 7.129499912261963, 7.513000011444092, 7.7067999839782715, 7.245699882507324, 6.694499969482422, 6.759900093078613, 7.012499809265137, 6.8282999992370605, 6.27209997177124, 6.646399974822998, 6.890200138092041, 6.440199851989746, 6.071899890899658]"
