item_id,start,freq,target
T786,2015-01-18 00:00:00,W-SUN,"[6.44320011138916, 10.175700187683105, 14.207799911499023, 11.204400062561035, 11.30459976196289, 9.955699920654297, 10.610899925231934, 10.69219970703125, 10.499799728393555, 11.332799911499023, 9.227800369262695, 10.308199882507324, 10.763899803161621, 10.213000297546387, 10.934499740600586, 13.715299606323242, 10.81760025024414, 11.73289966583252, 10.723899841308594, 12.629300117492676, 13.450799942016602, 12.212900161743164, 10.84689998626709, 9.48390007019043, 12.3016996383667, 12.468700408935547, 11.401100158691406, 10.717000007629395, 10.854000091552734, 11.286800384521484, 12.294899940490723, 11.390000343322754, 10.934100151062012, 13.352899551391602, 13.289400100708008, 12.934800148010254, 12.03600025177002, 12.255499839782715, 12.6274995803833, 12.598099708557129, 12.798500061035156, 11.770000457763672, 12.317299842834473, 10.374699592590332, 9.42240047454834, 10.6225004196167, 11.866700172424316, 10.374500274658203, 6.992099761962891, 8.340100288391113, 11.621500015258789, 10.331100463867188, 11.656100273132324, 10.246000289916992, 10.879599571228027, 9.847000122070312, 10.51099967956543, 10.734199523925781, 10.148500442504883, 10.1274995803833, 11.157999992370605, 10.233200073242188, 10.199999809265137, 10.332200050354004, 12.03320026397705, 11.818699836730957, 11.05090045928955, 11.392900466918945, 12.718199729919434, 11.236900329589844, 10.515199661254883, 12.087400436401367, 11.473999977111816, 11.20930004119873, 11.524200439453125, 9.261699676513672, 12.592700004577637, 11.881600379943848, 11.062399864196777, 11.564200401306152, 10.324000358581543, 11.401399612426758, 12.451399803161621, 12.366499900817871, 10.181699752807617, 12.420900344848633, 13.264900207519531, 12.964300155639648, 12.51360034942627, 11.851400375366211]"
