item_id,start,freq,target
T115,2014-12-29,W-SUN,"[3.6572999954223633, 5.197000026702881, 5.519400119781494, 5.60890007019043, 5.983500003814697, 6.777500152587891, 5.950799942016602, 5.985599994659424, 5.543700218200684, 6.095099925994873, 6.183199882507324, 5.867499828338623, 5.889599800109863, 5.94379997253418, 6.109600067138672, 6.013999938964844, 5.751100063323975, 6.231800079345703, 6.276599884033203, 6.152900218963623, 5.321300029754639, 6.272799968719482, 6.3277997970581055, 6.122900009155273, 6.122799873352051, 5.874000072479248, 5.201499938964844, 6.0208001136779785, 5.924200057983398, 5.8491997718811035, 5.833899974822998, 6.371300220489502, 6.404799938201904, 4.952700138092041, 7.039999961853027, 6.393899917602539, 7.672599792480469, 7.312300205230713, 6.917099952697754, 7.063700199127197, 6.486999988555908, 7.653800010681152, 7.217599868774414, 6.299900054931641, 5.5528998374938965, 5.605999946594238, 6.6296000480651855, 5.609499931335449, 7.353000164031982, 7.973899841308594, 7.347700119018555, 4.458399772644043, 5.763299942016602, 8.255399703979492, 6.8506999015808105, 7.982399940490723, 7.547800064086914, 7.031599998474121, 6.225800037384033, 6.696100234985352, 7.26200008392334, 7.858399868011475, 7.315100193023682, 7.440700054168701, 6.641200065612793, 6.492099761962891, 7.102799892425537, 7.220099925994873, 7.241000175476074, 8.154999732971191, 8.321700096130371, 7.7245001792907715, 7.617000102996826, 8.82699966430664, 7.194499969482422, 7.449699878692627, 7.032899856567383, 7.497900009155273, 5.694900035858154, 7.109899997711182, 7.353099822998047, 7.3267998695373535, 7.497499942779541, 7.396100044250488, 7.3850998878479, 8.340399742126465, 7.5183000564575195, 6.2677998542785645, 7.231500148773193, 7.897900104522705, 7.814000129699707, 5.682700157165527, 4.575099945068359, 5.191500186920166, 5.798500061035156, 7.07919979095459]"
