item_id,start,freq,target
T434,2014-12-29,W-SUN,"[8.18280029296875, 10.367199897766113, 7.770899772644043, 10.32859992980957, 11.010299682617188, 11.4975004196167, 9.786299705505371, 10.493499755859375, 9.83080005645752, 12.616700172424316, 13.533699989318848, 12.93970012664795, 12.147299766540527, 12.149900436401367, 12.1673002243042, 12.951399803161621, 12.319000244140625, 12.787799835205078, 12.82979965209961, 13.101099967956543, 11.821499824523926, 12.458700180053711, 13.113499641418457, 12.756199836730957, 12.763799667358398, 13.318499565124512, 11.1141996383667, 13.361700057983398, 12.798600196838379, 11.569499969482422, 11.569600105285645, 12.711000442504883, 9.772000312805176, 13.311400413513184, 12.961400032043457, 11.869000434875488, 13.440400123596191, 12.593500137329102, 10.270099639892578, 12.431300163269043, 11.956100463867188, 13.484999656677246, 12.740699768066406, 12.753700256347656, 12.886799812316895, 13.352299690246582, 16.566999435424805, 15.738800048828125, 16.937599182128906, 19.14430046081543, 19.554100036621094, 12.939800262451172, 14.186599731445312, 16.240400314331055, 17.091299057006836, 17.934999465942383, 18.4468994140625, 17.614900588989258, 17.289499282836914, 17.958999633789062, 18.42840003967285, 18.510000228881836, 17.768800735473633, 17.63680076599121, 18.151599884033203, 17.849599838256836, 17.83530044555664, 18.85569953918457, 18.841299057006836, 18.952299118041992, 17.765600204467773, 20.607099533081055, 19.63409996032715, 17.74519920349121, 19.43079948425293, 19.576400756835938, 20.429100036621094, 18.70599937438965, 15.692099571228027, 18.426300048828125, 19.145099639892578, 18.0398006439209, 18.885700225830078, 18.36210060119629, 18.475500106811523, 20.51580047607422, 19.022600173950195, 18.01810073852539, 18.121000289916992, 19.912900924682617, 21.426700592041016, 19.31529998779297, 19.541000366210938, 20.113300323486328, 19.154800415039062, 19.49410057067871]"
