item_id,start,freq,target
T315,2014-12-29,W-SUN,"[8.801799774169922, 7.667500019073486, 10.806699752807617, 9.139800071716309, 12.099300384521484, 12.009300231933594, 9.676400184631348, 10.6673002243042, 9.755800247192383, 12.144000053405762, 11.809200286865234, 10.279600143432617, 11.401000022888184, 11.045100212097168, 11.027099609375, 11.462499618530273, 9.006199836730957, 11.644700050354004, 11.974200248718262, 11.358799934387207, 10.659700393676758, 11.823800086975098, 11.939800262451172, 11.38129997253418, 11.787599563598633, 11.701499938964844, 9.873100280761719, 11.789999961853027, 11.46090030670166, 11.150199890136719, 10.937600135803223, 11.384200096130371, 10.901900291442871, 12.888999938964844, 10.041099548339844, 10.797599792480469, 11.912400245666504, 12.877099990844727, 10.021200180053711, 12.959600448608398, 12.790300369262695, 13.278400421142578, 13.263999938964844, 13.9621000289917, 13.263999938964844, 13.728500366210938, 12.559000015258789, 8.129300117492676, 8.595999717712402, 14.138199806213379, 12.046099662780762, 8.687399864196777, 10.812100410461426, 12.840700149536133, 11.244400024414062, 11.02280044555664, 13.131999969482422, 11.03499984741211, 5.094299793243408, 13.06190013885498, 11.933099746704102, 13.406000137329102, 12.251399993896484, 12.67039966583252, 12.657500267028809, 11.03279972076416, 13.35260009765625, 13.019000053405762, 14.274200439453125, 12.46150016784668, 13.318400382995605, 13.209199905395508, 13.590999603271484, 12.897700309753418, 13.775400161743164, 12.003399848937988, 14.675000190734863, 14.72350025177002, 11.62399959564209, 7.252699851989746, 3.889899969100952, 3.889899969100952, 3.889899969100952, 3.8898000717163086, 3.889899969100952, 3.889899969100952, 3.889899969100952, 3.889899969100952, 3.889899969100952, 3.889899969100952, 5.857100009918213, 13.300999641418457, 13.088299751281738, 13.977499961853027, 13.082099914550781, 12.931699752807617]"
