item_id,start,freq,target
T422,2014-12-29,W-SUN,"[5.52839994430542, 6.781099796295166, 9.663399696350098, 8.749099731445312, 9.98960018157959, 10.203700065612793, 9.28969955444336, 9.37440013885498, 9.281200408935547, 9.607399940490723, 8.797599792480469, 9.3100004196167, 9.901100158691406, 8.543399810791016, 8.982000350952148, 9.31879997253418, 9.043499946594238, 9.729900360107422, 9.459099769592285, 10.245100021362305, 8.684900283813477, 9.802499771118164, 9.79419994354248, 10.169599533081055, 9.355299949645996, 9.780500411987305, 7.839600086212158, 9.2701997756958, 9.643199920654297, 9.012900352478027, 9.352499961853027, 9.022000312805176, 9.444600105285645, 9.668999671936035, 9.520000457763672, 8.451800346374512, 9.848699569702148, 10.321499824523926, 9.628999710083008, 10.06350040435791, 9.48490047454834, 9.99899959564209, 10.09280014038086, 11.02079963684082, 11.546299934387207, 11.272700309753418, 11.070699691772461, 8.850500106811523, 10.619400024414062, 11.43179988861084, 9.870499610900879, 6.241000175476074, 7.363999843597412, 9.682000160217285, 10.219099998474121, 11.01609992980957, 9.647299766540527, 9.61929988861084, 9.585800170898438, 9.655900001525879, 10.31719970703125, 9.916299819946289, 9.667699813842773, 10.184599876403809, 9.206999778747559, 8.949199676513672, 9.664400100708008, 9.637499809265137, 9.476900100708008, 9.938799858093262, 9.714200019836426, 9.952300071716309, 10.734800338745117, 8.597100257873535, 9.967300415039062, 9.625300407409668, 9.339400291442871, 9.24020004272461, 7.931399822235107, 9.144700050354004, 9.503600120544434, 10.065899848937988, 9.43910026550293, 9.409199714660645, 9.106100082397461, 9.180500030517578, 10.200699806213379, 8.22029972076416, 10.065999984741211, 10.181400299072266, 9.058699607849121, 8.488900184631348, 10.191200256347656, 10.172599792480469, 9.990400314331055, 9.709099769592285]"
