item_id,start,freq,target
T275,2015-02-01 00:00:00,W-SUN,"[8.600299835205078, 8.557999610900879, 9.310600280761719, 7.945499897003174, 8.819100379943848, 8.53439998626709, 8.878100395202637, 9.066100120544434, 8.4375, 9.306400299072266, 10.109299659729004, 9.66469955444336, 9.805000305175781, 9.156900405883789, 9.693900108337402, 8.417400360107422, 9.775300025939941, 9.468299865722656, 9.568699836730957, 9.939499855041504, 9.083000183105469, 7.581200122833252, 8.615900039672852, 9.270400047302246, 9.02810001373291, 8.80620002746582, 8.876399993896484, 8.931500434875488, 9.29520034790039, 8.557299613952637, 7.884500026702881, 9.15779972076416, 9.075699806213379, 8.912199974060059, 8.872900009155273, 9.408900260925293, 9.878999710083008, 9.087400436401367, 8.843299865722656, 9.079999923706055, 9.868900299072266, 9.843400001525879, 7.323999881744385, 9.276800155639648, 9.291000366210938, 9.712800025939941, 6.780900001525879, 6.376399993896484, 8.572199821472168, 8.065699577331543, 8.658699989318848, 8.053999900817871, 8.875699996948242, 8.109199523925781, 9.38949966430664, 9.120599746704102, 9.015800476074219, 9.530799865722656, 8.994500160217285, 9.099200248718262, 9.286399841308594, 8.796199798583984, 9.045100212097168, 8.909799575805664, 9.526100158691406, 9.29699993133545, 9.970800399780273, 10.041799545288086, 9.038000106811523, 9.732600212097168, 9.990300178527832, 10.008600234985352, 9.917200088500977, 8.461700439453125, 9.791999816894531, 9.490300178527832, 9.389399528503418, 9.506099700927734, 9.536100387573242, 9.643799781799316, 9.877799987792969, 9.652299880981445, 8.516300201416016, 9.794400215148926, 10.071700096130371, 9.768400192260742, 9.536100387573242, 9.553299903869629, 8.778599739074707, 9.73740005493164]"
