item_id,start,freq,target
T319,2014-12-29,W-SUN,"[11.95580005645752, 16.041200637817383, 11.377300262451172, 12.668399810791016, 12.708600044250488, 13.522600173950195, 14.859100341796875, 16.405099868774414, 15.94279956817627, 18.29210090637207, 17.720699310302734, 18.80739974975586, 18.591100692749023, 17.80229949951172, 17.912599563598633, 18.847700119018555, 18.365999221801758, 17.356800079345703, 18.352699279785156, 16.446500778198242, 15.308600425720215, 16.6564998626709, 20.774200439453125, 18.291400909423828, 19.20829963684082, 19.35930061340332, 14.942399978637695, 19.388999938964844, 20.03059959411621, 19.8341007232666, 20.00189971923828, 19.607200622558594, 18.80459976196289, 19.999300003051758, 19.490699768066406, 17.09429931640625, 20.029800415039062, 21.07080078125, 18.683500289916992, 19.72410011291504, 19.569599151611328, 20.364700317382812, 19.43950080871582, 20.914600372314453, 19.161800384521484, 21.151100158691406, 20.095399856567383, 16.189800262451172, 17.70319938659668, 20.44499969482422, 20.03030014038086, 12.214200019836426, 12.470499992370605, 15.952699661254883, 16.03619956970215, 16.072599411010742, 17.74139976501465, 19.36319923400879, 18.377399444580078, 18.003700256347656, 18.37380027770996, 16.162399291992188, 18.015300750732422, 15.753700256347656, 19.17609977722168, 19.047399520874023, 19.892799377441406, 20.645200729370117, 20.81290054321289, 20.205900192260742, 22.344499588012695, 20.907800674438477, 21.720500946044922, 19.794700622558594, 21.574499130249023, 18.69809913635254, 21.260900497436523, 24.49530029296875, 21.66659927368164, 24.671899795532227, 24.75510025024414, 24.36479949951172, 25.022300720214844, 24.74049949645996, 23.712799072265625, 24.32110023498535, 26.340200424194336, 22.323999404907227, 24.93320083618164, 25.72570037841797, 25.582500457763672, 24.047700881958008, 24.79680061340332, 24.819499969482422, 23.184200286865234, 24.039400100708008]"
