item_id,start,freq,target
T497,2014-12-29,W-SUN,"[7.700500011444092, 7.700500011444092, 7.700500011444092, 7.700500011444092, 7.700500011444092, 9.536100387573242, 8.233099937438965, 8.812800407409668, 7.571400165557861, 6.552299976348877, 8.715800285339355, 8.558199882507324, 7.961999893188477, 8.26669979095459, 8.402199745178223, 7.466800212860107, 7.457900047302246, 6.914100170135498, 6.967599868774414, 7.066299915313721, 6.6417999267578125, 7.032599925994873, 7.080900192260742, 7.1194000244140625, 6.438499927520752, 4.674300193786621, 4.281300067901611, 4.5640997886657715, 4.541100025177002, 4.631199836730957, 4.579599857330322, 4.567399978637695, 4.479400157928467, 4.552800178527832, 4.325900077819824, 4.324100017547607, 4.490099906921387, 4.42549991607666, 4.392000198364258, 4.465400218963623, 4.441100120544434, 4.475399971008301, 4.4390997886657715, 4.227399826049805, 4.326600074768066, 4.281000137329102, 4.384900093078613, 4.08459997177124, 4.28249979019165, 4.3557000160217285, 4.417799949645996, 3.9296998977661133, 3.6963999271392822, 4.195099830627441, 4.180300235748291, 4.159800052642822, 3.920300006866455, 4.326000213623047, 4.255000114440918, 4.398799896240234, 4.36269998550415, 4.134699821472168, 4.182700157165527, 4.5569000244140625, 4.543900012969971, 4.430099964141846, 4.341000080108643, 4.561800003051758, 4.480899810791016, 4.476200103759766, 4.526700019836426, 4.565400123596191, 4.632699966430664, 4.464000225067139, 4.693299770355225, 4.739099979400635, 4.7153000831604, 4.71150016784668, 4.291399955749512, 4.691500186920166, 4.638700008392334, 4.341599941253662, 4.625199794769287, 4.6230998039245605, 4.651700019836426, 4.5954999923706055, 4.588699817657471, 4.270400047302246, 4.487400054931641, 4.614500045776367, 4.502699851989746, 4.501500129699707, 4.502600193023682, 4.2195000648498535, 4.419600009918213, 4.207300186157227]"
