item_id,start,freq,target
T372,2014-12-29,W-SUN,"[7.10890007019043, 9.432499885559082, 7.039599895477295, 7.810999870300293, 9.910300254821777, 9.928500175476074, 6.724800109863281, 8.405799865722656, 7.496399879455566, 10.109600067138672, 10.45460033416748, 10.411700248718262, 10.295100212097168, 10.110899925231934, 10.461099624633789, 10.310999870300293, 10.249699592590332, 10.147000312805176, 11.751399993896484, 10.831500053405762, 10.726099967956543, 10.690400123596191, 10.815500259399414, 10.751099586486816, 11.044699668884277, 10.934300422668457, 10.39780044555664, 10.758199691772461, 10.445699691772461, 9.92240047454834, 11.1274995803833, 11.079099655151367, 6.422800064086914, 10.684499740600586, 10.262900352478027, 9.82979965209961, 10.5625, 10.89210033416748, 6.929500102996826, 10.679699897766113, 9.838000297546387, 10.404899597167969, 10.523099899291992, 10.537300109863281, 10.541600227355957, 10.602999687194824, 10.667699813842773, 9.802399635314941, 6.760700225830078, 6.821599960327148, 6.4781999588012695, 5.396200180053711, 5.965799808502197, 6.335700035095215, 6.489699840545654, 6.320199966430664, 7.268799781799316, 6.805699825286865, 6.870100021362305, 6.990300178527832, 6.958499908447266, 10.180899620056152, 10.333399772644043, 7.557799816131592, 10.59220027923584, 9.99899959564209, 10.533900260925293, 10.561100006103516, 11.006699562072754, 10.413200378417969, 4.686100006103516, 7.406400203704834, 7.87529993057251, 5.151000022888184, 5.501699924468994, 5.7789998054504395, 5.855599880218506, 6.190199851989746, 5.85260009765625, 5.269999980926514, 6.029200077056885, 5.735199928283691, 5.796000003814697, 5.7480998039245605, 5.938799858093262, 5.877600193023682, 5.841100215911865, 5.700500011444092, 5.959499835968018, 6.042900085449219, 6.104100227355957, 6.722400188446045, 7.537700176239014, 6.118899822235107, 5.856400012969971, 5.712800025939941]"
