item_id,start,freq,target
T378,2014-12-29,W-SUN,"[7.658100128173828, 9.401200294494629, 6.81220006942749, 9.234700202941895, 9.833399772644043, 10.848199844360352, 9.998000144958496, 10.402600288391113, 9.479599952697754, 10.29520034790039, 10.150799751281738, 9.160499572753906, 10.259699821472168, 10.35260009765625, 10.730400085449219, 11.134099960327148, 11.0, 10.8125, 11.271900177001953, 11.113100051879883, 10.449399948120117, 11.042200088500977, 11.438400268554688, 11.288100242614746, 11.343799591064453, 10.911499977111816, 10.128600120544434, 10.980600357055664, 11.333999633789062, 11.429800033569336, 11.032099723815918, 11.231599807739258, 10.519700050354004, 10.997200012207031, 10.844400405883789, 8.655500411987305, 10.707300186157227, 10.487700462341309, 8.808799743652344, 10.198200225830078, 9.74470043182373, 10.05370044708252, 8.384300231933594, 7.690800189971924, 7.700500011444092, 7.700500011444092, 7.700500011444092, 7.700500011444092, 7.700500011444092, 7.700500011444092, 7.700500011444092, 7.700500011444092, 7.700500011444092, 7.700500011444092, 7.700500011444092, 7.700500011444092, 7.700500011444092, 7.700500011444092, 7.701900005340576, 7.700500011444092, 7.386899948120117, 12.813300132751465, 15.68529987335205, 12.82289981842041, 14.020899772644043, 13.766300201416016, 15.621000289916992, 14.0600004196167, 14.388899803161621, 14.255000114440918, 14.21310043334961, 14.80780029296875, 14.778800010681152, 13.395000457763672, 14.315899848937988, 14.509599685668945, 14.281999588012695, 14.144200325012207, 12.945799827575684, 14.619000434875488, 14.840200424194336, 14.666899681091309, 14.724499702453613, 14.338700294494629, 14.51360034942627, 14.577500343322754, 14.258299827575684, 13.070500373840332, 14.550299644470215, 14.691300392150879, 13.485400199890137, 9.337599754333496, 11.684000015258789, 11.042900085449219, 11.89330005645752, 14.065299987792969]"
