item_id,start,freq,target
T770,2014-12-29,W-SUN,"[10.587800025939941, 13.309200286865234, 12.092100143432617, 12.067099571228027, 13.204000473022461, 12.074600219726562, 13.012900352478027, 15.147100448608398, 12.72700023651123, 12.607799530029297, 13.167799949645996, 13.599200248718262, 12.481499671936035, 12.04580020904541, 12.909099578857422, 13.524900436401367, 12.3548002243042, 12.711899757385254, 14.406100273132324, 13.570500373840332, 13.140299797058105, 14.441800117492676, 13.391300201416016, 12.870100021362305, 12.386300086975098, 12.580100059509277, 10.428099632263184, 12.447099685668945, 13.100899696350098, 12.927000045776367, 12.571000099182129, 12.694199562072754, 13.111800193786621, 13.15779972076416, 13.429499626159668, 10.925399780273438, 12.970999717712402, 12.949000358581543, 13.163700103759766, 11.879799842834473, 12.168899536132812, 12.213800430297852, 13.087599754333496, 13.042499542236328, 13.006099700927734, 14.281100273132324, 14.020500183105469, 10.787699699401855, 12.607399940490723, 15.150199890136719, 12.480999946594238, 8.479599952697754, 10.05620002746582, 11.640299797058105, 12.614999771118164, 12.872200012207031, 12.062399864196777, 11.710200309753418, 11.838700294494629, 10.944499969482422, 11.526200294494629, 11.277799606323242, 12.849800109863281, 13.751700401306152, 12.872900009155273, 12.020500183105469, 11.238300323486328, 12.515999794006348, 11.869000434875488, 13.024800300598145, 12.869500160217285, 13.71660041809082, 13.908100128173828, 11.278499603271484, 13.832799911499023, 13.625200271606445, 13.191699981689453, 12.162799835205078, 10.367199897766113, 11.660900115966797, 12.60200023651123, 12.038299560546875, 12.50409984588623, 12.148900032043457, 11.94159984588623, 13.079899787902832, 11.129799842834473, 10.1072998046875, 12.142499923706055, 12.561800003051758, 11.557600021362305, 12.202400207519531, 11.779500007629395, 11.149299621582031, 12.440400123596191, 11.387999534606934]"
