item_id,start,freq,target
T391,2014-12-29,W-SUN,"[9.062700271606445, 12.865699768066406, 13.405699729919434, 10.7052001953125, 15.77340030670166, 14.46049976348877, 14.020099639892578, 16.518699645996094, 13.852999687194824, 16.749799728393555, 20.427499771118164, 17.885000228881836, 19.23710060119629, 14.200599670410156, 14.31779956817627, 17.718599319458008, 20.812000274658203, 19.25860023498535, 19.848100662231445, 19.98349952697754, 19.281200408935547, 20.540199279785156, 22.608600616455078, 21.513500213623047, 21.718900680541992, 22.782400131225586, 19.126300811767578, 21.582799911499023, 23.531099319458008, 22.819499969482422, 22.081199645996094, 21.349700927734375, 22.814800262451172, 22.40570068359375, 22.46310043334961, 22.017900466918945, 23.113000869750977, 23.902700424194336, 22.353599548339844, 20.988800048828125, 21.972700119018555, 21.852100372314453, 22.55120086669922, 21.348499298095703, 14.287500381469727, 14.675299644470215, 14.430100440979004, 15.758199691772461, 15.062399864196777, 18.741600036621094, 19.58799934387207, 9.915499687194824, 10.826499938964844, 13.99940013885498, 18.041000366210938, 16.082199096679688, 16.519699096679688, 14.151900291442871, 18.58919906616211, 16.33839988708496, 19.36680030822754, 17.10409927368164, 18.46579933166504, 16.72100067138672, 15.753399848937988, 19.600000381469727, 22.006799697875977, 22.10569953918457, 20.15690040588379, 20.885799407958984, 22.683300018310547, 20.168500900268555, 14.539899826049805, 14.987099647521973, 16.673200607299805, 15.953900337219238, 16.231800079345703, 16.213600158691406, 12.762299537658691, 16.78820037841797, 15.144800186157227, 14.986599922180176, 15.98490047454834, 16.053499221801758, 16.58970069885254, 15.290399551391602, 15.547599792480469, 13.70460033416748, 16.346799850463867, 17.243900299072266, 16.902299880981445, 12.367300033569336, 15.578399658203125, 14.23289966583252, 17.235300064086914, 14.824799537658691]"
