item_id,start,freq,target
T677,2014-12-29,W-SUN,"[6.790800094604492, 7.306399822235107, 6.203000068664551, 7.681300163269043, 7.727399826049805, 7.5518999099731445, 7.504899978637695, 7.664700031280518, 7.059700012207031, 7.807000160217285, 7.881100177764893, 7.922100067138672, 7.975599765777588, 7.943399906158447, 7.882599830627441, 7.8618998527526855, 7.258800029754639, 7.935800075531006, 7.970900058746338, 7.963699817657471, 7.7210001945495605, 8.013699531555176, 7.958000183105469, 8.031499862670898, 8.07229995727539, 7.96589994430542, 7.674099922180176, 7.823200225830078, 8.063400268554688, 8.018500328063965, 8.046699523925781, 7.941299915313721, 8.066499710083008, 8.029600143432617, 7.6066999435424805, 7.911099910736084, 7.936100006103516, 8.002699851989746, 6.938600063323975, 6.6350998878479, 6.611299991607666, 6.579800128936768, 6.571100234985352, 6.452600002288818, 6.44350004196167, 6.529699802398682, 6.5843000411987305, 6.0725998878479, 6.925300121307373, 6.571800231933594, 6.816500186920166, 5.877500057220459, 5.826200008392334, 6.287199974060059, 6.673799991607666, 6.564499855041504, 6.389400005340576, 6.440199851989746, 7.623700141906738, 6.838900089263916, 6.718100070953369, 6.229899883270264, 7.414299964904785, 7.910299777984619, 8.104999542236328, 8.209099769592285, 7.812600135803223, 7.8668999671936035, 8.032699584960938, 8.050299644470215, 8.025300025939941, 8.12600040435791, 8.179800033569336, 7.876399993896484, 8.173100471496582, 8.200400352478027, 7.281099796295166, 6.844200134277344, 6.6006999015808105, 6.737299919128418, 6.742700099945068, 6.686299800872803, 6.736299991607666, 6.658299922943115, 6.698999881744385, 6.700699806213379, 6.6392998695373535, 6.05049991607666, 6.573599815368652, 6.688700199127197, 7.513000011444092, 7.94890022277832, 8.070500373840332, 7.524899959564209, 7.732999801635742, 7.648399829864502]"
