item_id,start,freq,target
T614,2015-02-08 00:00:00,W-SUN,"[3.889899969100952, 3.889899969100952, 3.5253000259399414, 3.9082000255584717, 9.067500114440918, 9.270299911499023, 4.2170000076293945, 3.889899969100952, 4.013700008392334, 3.889899969100952, 8.320699691772461, 8.935099601745605, 4.860000133514404, 3.889899969100952, 3.889899969100952, 3.889899969100952, 3.889899969100952, 3.889899969100952, 3.889899969100952, 3.889899969100952, 3.889899969100952, 3.889899969100952, 3.889899969100952, 3.889899969100952, 3.889899969100952, 8.065299987792969, 9.084199905395508, 8.663700103759766, 6.877799987792969, 7.061500072479248, 7.243599891662598, 7.650100231170654, 7.542099952697754, 8.269700050354004, 7.763599872589111, 7.576000213623047, 8.12339973449707, 7.614999771118164, 7.9182000160217285, 8.371800422668457, 8.347200393676758, 7.982100009918213, 8.030799865722656, 7.927499771118164, 8.19379997253418, 7.958099842071533, 7.241700172424316, 7.4770002365112305, 7.8734002113342285, 7.511899948120117, 7.444499969482422, 8.051300048828125, 7.889500141143799, 7.103099822998047, 7.5345001220703125, 7.468999862670898, 7.420499801635742, 7.236800193786621, 8.340900421142578, 8.309200286865234, 8.202300071716309, 8.365500450134277, 8.284899711608887, 8.614800453186035, 8.46150016784668, 8.6048002243042, 8.521200180053711, 8.678500175476074, 8.713000297546387, 9.416999816894531, 9.273599624633789, 9.064000129699707, 8.373700141906738, 8.643099784851074, 8.825900077819824, 8.577699661254883, 9.192500114440918, 8.877799987792969, 9.590700149536133, 8.66349983215332, 8.673500061035156, 8.389900207519531, 8.535499572753906, 8.778900146484375, 8.651800155639648, 8.370100021362305, 8.529199600219727, 8.118900299072266, 8.12660026550293, 7.973199844360352]"
