item_id,start,freq,target
T252,2015-01-04 00:00:00,W-SUN,"[8.883600234985352, 6.9475998878479, 8.957599639892578, 9.926899909973145, 10.251299858093262, 9.753399848937988, 9.92710018157959, 9.239899635314941, 10.977899551391602, 10.293000221252441, 10.589099884033203, 10.491999626159668, 10.662500381469727, 11.170100212097168, 11.98330020904541, 11.610300064086914, 12.1875, 11.985199928283691, 11.2524995803833, 10.949399948120117, 11.959500312805176, 12.213000297546387, 11.184700012207031, 11.465499877929688, 11.230500221252441, 10.282500267028809, 10.865300178527832, 10.967499732971191, 10.605899810791016, 10.742600440979004, 10.723600387573242, 10.27750015258789, 11.854999542236328, 12.003499984741211, 12.213399887084961, 12.68019962310791, 12.363300323486328, 11.661399841308594, 12.075400352478027, 12.264399528503418, 12.709799766540527, 11.578399658203125, 12.93690013885498, 11.161800384521484, 11.776800155639648, 11.82919979095459, 10.272199630737305, 10.51830005645752, 11.579700469970703, 10.883500099182129, 9.301799774169922, 10.24590015411377, 10.664600372314453, 10.861000061035156, 10.788100242614746, 11.137999534606934, 11.31760025024414, 10.46720027923584, 10.577799797058105, 11.617799758911133, 11.693300247192383, 11.29520034790039, 9.73289966583252, 10.916099548339844, 11.375399589538574, 11.793499946594238, 11.351300239562988, 9.8951997756958, 11.009300231933594, 10.9399995803833, 11.828499794006348, 11.39050006866455, 10.410699844360352, 11.616700172424316, 11.501299858093262, 11.001899719238281, 10.8681001663208, 10.080100059509277, 10.576899528503418, 10.423399925231934, 10.810600280761719, 10.284899711608887, 11.331500053405762, 10.453399658203125, 11.565899848937988, 12.239500045776367, 11.059300422668457, 12.814800262451172, 13.015399932861328, 13.072799682617188]"
