item_id,start,freq,target
T71,2014-12-29,W-SUN,"[6.315999984741211, 6.744699954986572, 5.447700023651123, 6.543499946594238, 7.698800086975098, 7.885700225830078, 6.045199871063232, 7.14169979095459, 6.524199962615967, 8.170100212097168, 8.151800155639648, 8.002300262451172, 7.481299877166748, 7.859499931335449, 7.697500228881836, 8.595000267028809, 8.341300010681152, 8.280400276184082, 8.323599815368652, 7.979700088500977, 7.82859992980957, 8.093700408935547, 7.901500225067139, 7.769100189208984, 7.797599792480469, 7.877900123596191, 7.271500110626221, 7.891300201416016, 7.777400016784668, 7.661200046539307, 7.636499881744385, 7.768400192260742, 8.507100105285645, 8.323399543762207, 8.329000473022461, 7.997099876403809, 8.584099769592285, 8.650199890136719, 7.4552998542785645, 8.548399925231934, 8.092300415039062, 8.710800170898438, 8.60219955444336, 8.597900390625, 8.383299827575684, 8.639399528503418, 8.200400352478027, 7.74399995803833, 7.301599979400635, 8.731300354003906, 8.561699867248535, 6.305600166320801, 7.241799831390381, 7.676700115203857, 8.050700187683105, 7.902299880981445, 8.219499588012695, 8.294300079345703, 7.723100185394287, 8.651900291442871, 7.38070011138916, 8.355500221252441, 8.228599548339844, 8.134200096130371, 7.894800186157227, 7.8429999351501465, 8.382599830627441, 8.426199913024902, 8.273900032043457, 8.42650032043457, 8.312100410461426, 8.451000213623047, 8.12559986114502, 7.839700222015381, 8.412799835205078, 7.940100193023682, 7.802000045776367, 7.832600116729736, 7.431700229644775, 7.920100212097168, 7.723599910736084, 7.8053998947143555, 7.878900051116943, 7.785699844360352, 8.122099876403809, 8.17549991607666, 8.37660026550293, 8.067099571228027, 8.525699615478516, 8.862500190734863, 8.971799850463867, 8.419599533081055, 8.535099983215332, 8.567000389099121, 8.269499778747559, 8.527899742126465]"
