item_id,start,freq,target
T72,2014-12-29,W-SUN,"[6.481200218200684, 7.881999969482422, 9.970999717712402, 9.5447998046875, 11.115900039672852, 10.694899559020996, 10.796899795532227, 10.946800231933594, 10.549500465393066, 11.33180046081543, 10.953300476074219, 10.991100311279297, 11.361700057983398, 10.825900077819824, 11.407099723815918, 11.530099868774414, 11.48639965057373, 11.983599662780762, 11.372699737548828, 11.482600212097168, 10.139300346374512, 11.412400245666504, 11.487600326538086, 11.251700401306152, 12.127799987792969, 11.785799980163574, 9.229299545288086, 12.520000457763672, 11.688300132751465, 12.032600402832031, 11.188699722290039, 11.379899978637695, 11.876299858093262, 11.699399948120117, 11.409600257873535, 10.703399658203125, 12.323599815368652, 11.66409969329834, 11.52970027923584, 11.283599853515625, 11.199399948120117, 11.82349967956543, 11.751899719238281, 11.937000274658203, 11.598199844360352, 11.468199729919434, 10.230899810791016, 9.183899879455566, 10.974699974060059, 11.063599586486816, 10.132599830627441, 6.2230000495910645, 8.516500473022461, 10.558899879455566, 10.568699836730957, 10.608499526977539, 11.521699905395508, 10.92650032043457, 10.915200233459473, 11.088700294494629, 11.137800216674805, 10.8056001663208, 10.626799583435059, 11.048199653625488, 10.991299629211426, 11.027400016784668, 10.928000450134277, 11.394200325012207, 11.414199829101562, 11.615900039672852, 11.156299591064453, 12.24269962310791, 11.593999862670898, 10.56149959564209, 12.264200210571289, 11.904999732971191, 11.968000411987305, 11.8641996383667, 9.113200187683105, 11.701399803161621, 11.82409954071045, 12.087800025939941, 12.200900077819824, 11.690799713134766, 11.88599967956543, 11.9621000289917, 11.972599983215332, 10.206199645996094, 12.47760009765625, 11.90719985961914, 12.148500442504883, 10.843600273132324, 14.815899848937988, 11.21500015258789, 10.845499992370605, 10.8371000289917]"
