item_id,start,freq,target
T204,2014-12-29,W-SUN,"[6.550600051879883, 8.175200462341309, 10.293000221252441, 9.828200340270996, 10.807999610900879, 11.946900367736816, 11.537400245666504, 11.884900093078613, 11.037699699401855, 11.588399887084961, 11.585599899291992, 10.77560043334961, 11.917400360107422, 10.65149974822998, 11.65250015258789, 11.58590030670166, 11.016900062561035, 11.788100242614746, 11.652700424194336, 12.399900436401367, 10.57800006866455, 12.27910041809082, 12.47070026397705, 12.073200225830078, 12.352499961853027, 12.64490032196045, 9.608799934387207, 12.328200340270996, 12.225000381469727, 12.29010009765625, 11.85569953918457, 11.865099906921387, 12.928199768066406, 11.966300010681152, 12.125499725341797, 10.910900115966797, 12.194299697875977, 12.466099739074707, 11.487199783325195, 11.974200248718262, 11.083800315856934, 12.39330005645752, 12.93589973449707, 12.322699546813965, 12.845999717712402, 13.059200286865234, 11.60099983215332, 9.934300422668457, 12.029399871826172, 12.925100326538086, 11.006199836730957, 7.170499801635742, 8.66919994354248, 11.875100135803223, 11.262800216674805, 12.522000312805176, 11.928999900817871, 11.678799629211426, 11.772500038146973, 11.487799644470215, 11.926600456237793, 11.572500228881836, 11.264599800109863, 11.745100021362305, 11.264599800109863, 11.112099647521973, 10.974900245666504, 11.724800109863281, 11.554499626159668, 12.222399711608887, 12.290900230407715, 13.142999649047852, 12.63599967956543, 10.579700469970703, 14.35509967803955, 12.694199562072754, 12.490099906921387, 12.14229965209961, 9.667099952697754, 11.880599975585938, 12.595399856567383, 12.490900039672852, 12.24370002746582, 12.317399978637695, 11.94909954071045, 12.210100173950195, 12.80720043182373, 10.385299682617188, 12.769800186157227, 12.628299713134766, 12.722399711608887, 10.385600090026855, 12.309300422668457, 11.994600296020508, 11.871800422668457, 11.237299919128418]"
