item_id,start,freq,target
T304,2015-01-04 00:00:00,W-SUN,"[9.945799827575684, 11.105500221252441, 10.366299629211426, 11.455699920654297, 11.889399528503418, 11.519399642944336, 11.648300170898438, 10.854000091552734, 12.47189998626709, 12.882800102233887, 12.701399803161621, 12.33810043334961, 12.161199569702148, 10.199600219726562, 11.28950023651123, 11.139399528503418, 11.254199981689453, 11.365900039672852, 11.395999908447266, 10.797499656677246, 11.322799682617188, 11.344099998474121, 11.486599922180176, 11.788900375366211, 11.452400207519531, 10.722900390625, 11.236700057983398, 11.74370002746582, 10.980199813842773, 11.690899848937988, 11.167099952697754, 10.595600128173828, 11.07229995727539, 7.61269998550415, 10.5871000289917, 12.274299621582031, 12.409799575805664, 12.669500350952148, 12.702400207519531, 12.562999725341797, 12.564299583435059, 12.424200057983398, 13.10420036315918, 12.521400451660156, 12.589900016784668, 11.993800163269043, 10.592300415039062, 12.008500099182129, 13.15149974822998, 12.997400283813477, 9.095800399780273, 10.66510009765625, 12.359399795532227, 12.308899879455566, 12.433600425720215, 12.44629955291748, 12.672900199890137, 12.108400344848633, 11.749500274658203, 10.798100471496582, 11.694899559020996, 13.884499549865723, 13.015899658203125, 12.097700119018555, 11.619999885559082, 12.25, 12.619199752807617, 12.564000129699707, 12.286700248718262, 12.363499641418457, 12.823800086975098, 12.940500259399414, 11.974699974060059, 12.398200035095215, 13.574999809265137, 12.79419994354248, 12.668800354003906, 10.899299621582031, 12.926199913024902, 12.787099838256836, 12.788800239562988, 12.798500061035156, 12.85260009765625, 13.058699607849121, 13.329999923706055, 12.615599632263184, 11.447099685668945, 12.65999984741211, 13.638299942016602, 14.171199798583984]"
