item_id,start,freq,target
T222,2014-12-29,W-SUN,"[8.992199897766113, 9.407699584960938, 9.725000381469727, 11.080900192260742, 12.964900016784668, 13.34630012512207, 10.307499885559082, 11.88290023803711, 10.35159969329834, 12.635700225830078, 11.991299629211426, 11.981100082397461, 11.250300407409668, 11.460599899291992, 11.700699806213379, 12.861800193786621, 12.438199996948242, 13.14009952545166, 12.87399959564209, 12.135899543762207, 11.801799774169922, 12.812899589538574, 12.634499549865723, 11.937899589538574, 12.20460033416748, 12.017999649047852, 11.040499687194824, 12.00510025024414, 11.928199768066406, 11.467100143432617, 11.578399658203125, 11.518699645996094, 11.804200172424316, 12.691300392150879, 12.933799743652344, 12.942500114440918, 13.715399742126465, 13.354900360107422, 13.151599884033203, 13.006400108337402, 13.269000053405762, 13.685500144958496, 12.575499534606934, 13.842900276184082, 12.083399772644043, 12.588500022888184, 12.693599700927734, 10.914799690246582, 11.964500427246094, 12.350099563598633, 12.100899696350098, 10.083499908447266, 10.939599990844727, 11.50629997253418, 11.803500175476074, 11.710599899291992, 11.771100044250488, 11.998200416564941, 11.72439956665039, 11.733499526977539, 12.491999626159668, 12.33180046081543, 12.066499710083008, 11.194299697875977, 11.879400253295898, 12.240799903869629, 12.566100120544434, 9.636300086975098, 14.322099685668945, 11.003000259399414, 11.010100364685059, 11.862199783325195, 11.349100112915039, 10.395600318908691, 11.633199691772461, 11.510299682617188, 10.76990032196045, 11.0201997756958, 10.303799629211426, 10.767200469970703, 10.662199974060059, 11.109700202941895, 10.529000282287598, 10.905799865722656, 10.642399787902832, 11.354900360107422, 11.594799995422363, 10.930100440979004, 15.692500114440918, 13.582799911499023, 12.258500099182129, 11.648300170898438, 11.534799575805664, 12.040599822998047, 11.335399627685547, 11.43340015411377]"
