item_id,start,freq,target
T632,2014-12-29,W-SUN,"[7.100800037384033, 8.906399726867676, 9.56089973449707, 8.961999893188477, 8.709699630737305, 8.024499893188477, 9.504500389099121, 9.90530014038086, 7.9141998291015625, 8.35789966583252, 9.48330020904541, 9.424400329589844, 9.416299819946289, 8.765199661254883, 9.311100006103516, 8.94849967956543, 9.085599899291992, 9.211099624633789, 10.003800392150879, 9.534700393676758, 9.23859977722168, 9.603799819946289, 10.148599624633789, 11.061699867248535, 9.282699584960938, 8.955400466918945, 8.965800285339355, 9.439399719238281, 9.303799629211426, 9.428500175476074, 8.984800338745117, 8.76710033416748, 8.833600044250488, 8.580599784851074, 8.402199745178223, 8.071900367736816, 8.541500091552734, 8.776200294494629, 8.491600036621094, 8.430000305175781, 8.1875, 8.662799835205078, 8.284600257873535, 8.041899681091309, 8.790599822998047, 8.256799697875977, 8.186800003051758, 7.399899959564209, 8.10890007019043, 8.593899726867676, 8.972700119018555, 6.77239990234375, 6.921999931335449, 8.061800003051758, 8.758299827575684, 8.202099800109863, 7.5055999755859375, 8.035499572753906, 8.116600036621094, 8.31350040435791, 8.172599792480469, 8.036600112915039, 7.53849983215332, 6.173099994659424, 7.563000202178955, 7.563300132751465, 7.373700141906738, 7.464900016784668, 7.503699779510498, 7.450799942016602, 7.588099956512451, 7.660200119018555, 7.648499965667725, 8.088700294494629, 12.294599533081055, 13.940899848937988, 10.24940013885498, 9.38759994506836, 7.808899879455566, 8.811300277709961, 9.450799942016602, 8.47719955444336, 8.920100212097168, 9.033499717712402, 8.937000274658203, 8.975299835205078, 6.087100028991699, 5.815899848937988, 5.701000213623047, 7.774799823760986, 6.877999782562256, 7.040599822998047, 6.802199840545654, 6.747900009155273, 7.688499927520752, 6.6132001876831055]"
