item_id,start,freq,target
T674,2014-12-29,W-SUN,"[11.315199851989746, 14.060199737548828, 13.994999885559082, 10.99269962310791, 12.89050006866455, 13.744199752807617, 14.462300300598145, 15.359100341796875, 13.849800109863281, 14.888199806213379, 13.897100448608398, 15.020299911499023, 15.323599815368652, 14.827199935913086, 14.941100120544434, 14.992199897766113, 13.690699577331543, 14.880499839782715, 15.130599975585938, 15.002900123596191, 14.429200172424316, 14.854999542236328, 14.991600036621094, 15.65719985961914, 14.844400405883789, 14.780099868774414, 12.588299751281738, 14.234399795532227, 14.856599807739258, 14.562800407409668, 15.211000442504883, 13.679499626159668, 14.890700340270996, 15.603699684143066, 14.384200096130371, 13.926799774169922, 14.765600204467773, 15.49530029296875, 15.162799835205078, 15.424300193786621, 15.421799659729004, 15.949399948120117, 15.22029972076416, 14.663299560546875, 15.070300102233887, 15.36929988861084, 15.678899765014648, 12.634699821472168, 15.424200057983398, 16.459699630737305, 15.736200332641602, 11.64009952545166, 11.055500030517578, 13.9173002243042, 14.117899894714355, 14.796699523925781, 13.618800163269043, 15.649299621582031, 14.459199905395508, 15.84529972076416, 15.502599716186523, 14.63230037689209, 15.733400344848633, 15.78380012512207, 15.158699989318848, 15.976900100708008, 15.043000221252441, 17.622100830078125, 15.255200386047363, 15.597700119018555, 15.722100257873535, 16.100799560546875, 16.021099090576172, 15.183199882507324, 16.133499145507812, 16.812000274658203, 15.977899551391602, 15.549599647521973, 13.713299751281738, 15.118900299072266, 15.568300247192383, 15.068599700927734, 15.999099731445312, 15.414799690246582, 15.603400230407715, 16.529699325561523, 15.9975004196167, 14.080499649047852, 16.001800537109375, 16.530899047851562, 15.690899848937988, 16.621299743652344, 17.674299240112305, 18.724300384521484, 19.342500686645508, 17.53230094909668]"
