item_id,start,freq,target
T549,2014-12-29,W-SUN,"[5.080999851226807, 5.303299903869629, 5.593200206756592, 5.4268999099731445, 5.882699966430664, 5.390200138092041, 5.321499824523926, 5.58489990234375, 4.885700225830078, 5.636300086975098, 5.626500129699707, 5.915800094604492, 5.935400009155273, 6.259500026702881, 5.065400123596191, 6.051499843597412, 5.952400207519531, 5.455399990081787, 4.402900218963623, 5.21589994430542, 5.811699867248535, 6.089600086212158, 5.894400119781494, 6.378699779510498, 6.331500053405762, 6.406899929046631, 5.966700077056885, 6.069499969482422, 6.464300155639648, 6.2789998054504395, 6.4421000480651855, 6.334799766540527, 6.178599834442139, 6.24399995803833, 6.045499801635742, 6.130899906158447, 6.031099796295166, 6.809299945831299, 6.458399772644043, 6.108399868011475, 6.111199855804443, 5.963399887084961, 6.05709981918335, 5.897799968719482, 5.798099994659424, 5.577600002288818, 6.247700214385986, 6.119800090789795, 5.647500038146973, 6.060500144958496, 6.354100227355957, 6.164000034332275, 5.484899997711182, 5.499800205230713, 5.802700042724609, 5.656199932098389, 4.984899997711182, 6.53410005569458, 5.758600234985352, 6.118500232696533, 6.097899913787842, 5.289599895477295, 5.639699935913086, 5.795400142669678, 6.724400043487549, 6.335999965667725, 5.661399841308594, 5.816699981689453, 5.6819000244140625, 5.670300006866455, 5.708799839019775, 5.667500019073486, 5.75600004196167, 5.853899955749512, 6.090199947357178, 7.167500019073486, 5.988699913024902, 6.131400108337402, 5.681099891662598, 5.809199810028076, 6.103499889373779, 5.743599891662598, 6.148099899291992, 6.1707000732421875, 6.202400207519531, 6.0, 6.067599773406982, 5.813300132751465, 5.850200176239014, 5.962600231170654, 5.827899932861328, 5.90500020980835, 5.913000106811523, 5.466100215911865, 5.828000068664551, 5.463900089263916]"
