item_id,start,freq,target
T184,2014-12-29,W-SUN,"[6.182700157165527, 7.5655999183654785, 5.479599952697754, 6.768700122833252, 6.864099979400635, 7.59660005569458, 5.968599796295166, 6.614999771118164, 6.384500026702881, 7.054599761962891, 7.078100204467773, 7.042900085449219, 7.072999954223633, 7.116399765014648, 7.598499774932861, 7.700500011444092, 7.700500011444092, 7.700500011444092, 7.700500011444092, 7.700500011444092, 7.700500011444092, 7.71589994430542, 6.9770002365112305, 6.900400161743164, 7.360799789428711, 7.816999912261963, 7.313300132751465, 7.881100177764893, 8.314000129699707, 7.9278998374938965, 7.939700126647949, 7.927599906921387, 7.9309000968933105, 8.241600036621094, 7.94189977645874, 7.746099948883057, 8.267900466918945, 7.729000091552734, 5.916900157928467, 6.5680999755859375, 6.564199924468994, 6.515999794006348, 6.746399879455566, 6.696199893951416, 6.864799976348877, 6.788300037384033, 6.804299831390381, 6.3302998542785645, 7.021200180053711, 6.926000118255615, 6.898900032043457, 6.032199859619141, 6.457399845123291, 6.729899883270264, 6.916299819946289, 7.001200199127197, 6.799600124359131, 6.888199806213379, 7.354499816894531, 7.52209997177124, 7.493899822235107, 7.27269983291626, 6.746600151062012, 6.370200157165527, 6.933000087738037, 5.769400119781494, 6.773200035095215, 6.620500087738037, 6.85129976272583, 6.708399772644043, 7.007299900054932, 6.900100231170654, 7.311299800872803, 6.492800235748291, 7.183599948883057, 7.033400058746338, 5.822199821472168, 6.805799961090088, 6.358500003814697, 6.71150016784668, 6.772500038146973, 7.207699775695801, 7.004199981689453, 6.922999858856201, 6.9319000244140625, 7.719200134277344, 7.218400001525879, 6.396299839019775, 6.944300174713135, 7.010300159454346, 6.908899784088135, 6.85830020904541, 6.9741997718811035, 6.706600189208984, 7.58050012588501, 6.771999835968018]"
