item_id,start,freq,target
T217,2014-12-29,W-SUN,"[8.492400169372559, 11.3503999710083, 8.569199562072754, 10.420599937438965, 12.802900314331055, 11.576299667358398, 9.886199951171875, 11.216699600219727, 9.891200065612793, 12.285400390625, 12.24839973449707, 13.027600288391113, 11.95740032196045, 11.646599769592285, 11.045999526977539, 11.810999870300293, 12.53219985961914, 12.208100318908691, 12.508600234985352, 12.142200469970703, 11.970800399780273, 12.137800216674805, 12.956399917602539, 11.950499534606934, 12.31719970703125, 12.774100303649902, 11.558300018310547, 11.884599685668945, 12.10569953918457, 11.59850025177002, 12.04520034790039, 11.998000144958496, 9.10770034790039, 13.386500358581543, 13.113699913024902, 12.504500389099121, 13.829400062561035, 13.356499671936035, 10.347299575805664, 13.111499786376953, 12.717499732971191, 12.923999786376953, 12.728699684143066, 13.496600151062012, 11.929699897766113, 12.584799766540527, 12.587200164794922, 11.28339958190918, 10.195500373840332, 12.42710018157959, 10.48639965057373, 8.904199600219727, 10.375100135803223, 11.451800346374512, 11.347200393676758, 11.801899909973145, 10.211700439453125, 10.083999633789062, 10.587400436401367, 9.85890007019043, 10.42389965057373, 10.52910041809082, 9.309000015258789, 9.512200355529785, 9.91450023651123, 10.198699951171875, 9.43179988861084, 9.943699836730957, 10.308600425720215, 10.790300369262695, 11.218000411987305, 11.150899887084961, 10.909700393676758, 10.05720043182373, 11.000200271606445, 10.184700012207031, 10.055100440979004, 10.130399703979492, 8.998299598693848, 10.413599967956543, 9.788900375366211, 9.462499618530273, 9.33240032196045, 9.311300277709961, 10.353500366210938, 10.936800003051758, 11.422200202941895, 9.988499641418457, 11.315199851989746, 11.586799621582031, 11.775099754333496, 11.004500389099121, 10.559300422668457, 12.804699897766113, 10.777199745178223, 10.52750015258789]"
