item_id,start,freq,target
T602,2014-12-29,W-SUN,"[7.696300029754639, 11.651200294494629, 7.269499778747559, 11.240900039672852, 12.074000358581543, 12.666000366210938, 12.609299659729004, 12.33810043334961, 11.793899536132812, 13.04520034790039, 12.912300109863281, 13.413299560546875, 12.770899772644043, 12.076199531555176, 6.949100017547607, 8.018400192260742, 7.605400085449219, 8.007599830627441, 7.914000034332275, 7.809500217437744, 7.042399883270264, 7.536300182342529, 7.4421000480651855, 7.569799900054932, 7.679200172424316, 7.460000038146973, 6.760499954223633, 7.523600101470947, 7.400000095367432, 7.385900020599365, 7.490900039672852, 7.44789981842041, 6.526299953460693, 7.7083001136779785, 7.456999778747559, 7.144599914550781, 8.240500450134277, 8.330400466918945, 7.121200084686279, 8.33549976348877, 7.912099838256836, 8.360400199890137, 8.261899948120117, 8.00879955291748, 8.286100387573242, 8.169099807739258, 7.776199817657471, 6.635900020599365, 7.00600004196167, 8.247200012207031, 7.622300148010254, 5.693299770355225, 6.3983001708984375, 7.828100204467773, 7.348199844360352, 7.3506999015808105, 7.442299842834473, 7.871200084686279, 7.080100059509277, 7.581500053405762, 7.829500198364258, 7.380199909210205, 7.689899921417236, 7.440100193023682, 7.705999851226807, 7.573500156402588, 9.406200408935547, 12.910499572753906, 13.394499778747559, 13.099499702453613, 13.563199996948242, 13.628199577331543, 14.200200080871582, 12.27560043334961, 13.715200424194336, 13.670599937438965, 13.42199993133545, 13.052499771118164, 11.501299858093262, 13.204500198364258, 12.95359992980957, 13.231300354003906, 13.411100387573242, 13.097900390625, 13.51669979095459, 13.418899536132812, 12.96500015258789, 12.579500198364258, 13.764599800109863, 14.475000381469727, 14.145700454711914, 13.658900260925293, 13.619600296020508, 13.951600074768066, 13.287400245666504, 12.993499755859375]"
