item_id,start,freq,target
T362,2015-01-04 00:00:00,W-SUN,"[4.826200008392334, 6.6356000900268555, 5.821400165557861, 6.029099941253662, 6.155799865722656, 6.430099964141846, 6.073200225830078, 6.318999767303467, 5.652200222015381, 6.413899898529053, 6.386899948120117, 6.884399890899658, 6.001299858093262, 6.010499954223633, 6.386499881744385, 6.536799907684326, 6.754000186920166, 6.810500144958496, 6.527299880981445, 6.555799961090088, 6.150199890136719, 6.781199932098389, 6.160600185394287, 6.015399932861328, 6.206500053405762, 6.172800064086914, 5.506800174713135, 6.799699783325195, 6.875800132751465, 5.897799968719482, 6.094699859619141, 6.314000129699707, 6.360300064086914, 6.411099910736084, 6.434899806976318, 6.316199779510498, 6.8246002197265625, 6.982900142669678, 6.971199989318848, 6.7565999031066895, 6.118800163269043, 6.617300033569336, 6.679999828338623, 6.973499774932861, 6.452600002288818, 6.5980000495910645, 6.1458001136779785, 5.848800182342529, 6.7652997970581055, 7.186399936676025, 6.1656999588012695, 4.720699787139893, 6.25540018081665, 6.517499923706055, 6.538400173187256, 6.8130998611450195, 6.023799896240234, 6.586900234222412, 6.618599891662598, 6.557799816131592, 6.9197001457214355, 7.207399845123291, 6.74560022354126, 6.608799934387207, 6.151000022888184, 6.164599895477295, 6.65500020980835, 6.8206000328063965, 7.332699775695801, 7.006400108337402, 7.243299961090088, 6.872700214385986, 7.436500072479248, 6.317800045013428, 7.026299953460693, 6.840799808502197, 6.94890022277832, 7.126299858093262, 5.828499794006348, 7.178999900817871, 6.933800220489502, 6.489299774169922, 6.255499839782715, 6.455999851226807, 6.838900089263916, 6.307799816131592, 7.327700138092041, 6.417799949645996, 7.071700096130371, 7.19789981842041]"
