item_id,start,freq,target
T160,2014-12-29,W-SUN,"[5.376699924468994, 6.354899883270264, 4.043700218200684, 6.470200061798096, 7.174699783325195, 7.115499973297119, 6.9344000816345215, 7.087800025939941, 6.4079999923706055, 7.200900077819824, 7.234099864959717, 7.113900184631348, 7.217899799346924, 6.86269998550415, 7.252799987792969, 7.309500217437744, 7.251500129699707, 7.248300075531006, 7.400300025939941, 7.279399871826172, 6.946199893951416, 7.447999954223633, 7.3531999588012695, 7.214200019836426, 6.97599983215332, 7.316400051116943, 6.781400203704834, 7.2571001052856445, 7.325300216674805, 7.270100116729736, 7.3649001121521, 7.305099964141846, 6.935699939727783, 7.347400188446045, 7.526599884033203, 7.066100120544434, 7.611299991607666, 7.089300155639648, 7.303999900817871, 7.714700222015381, 7.238500118255615, 7.477700233459473, 7.53439998626709, 7.555300235748291, 7.367300033569336, 7.827499866485596, 7.605100154876709, 6.771599769592285, 7.535900115966797, 7.819200038909912, 7.487199783325195, 6.539899826049805, 6.363900184631348, 7.24970006942749, 7.13730001449585, 7.372600078582764, 7.512899875640869, 7.624800205230713, 7.337100028991699, 7.47790002822876, 7.639699935913086, 7.4079999923706055, 7.332699775695801, 7.323699951171875, 7.7153000831604, 7.73859977722168, 7.74399995803833, 7.917399883270264, 8.131699562072754, 7.8256001472473145, 8.665800094604492, 7.981100082397461, 7.96560001373291, 7.457799911499023, 7.952899932861328, 8.411199569702148, 8.29889965057373, 8.277600288391113, 7.415599822998047, 8.324999809265137, 8.464400291442871, 7.897500038146973, 8.21310043334961, 8.328300476074219, 9.337599754333496, 8.289600372314453, 9.116000175476074, 7.793799877166748, 8.356599807739258, 8.386500358581543, 8.626799583435059, 7.890500068664551, 8.39330005645752, 7.932199954986572, 7.761300086975098, 8.67959976196289]"
