item_id,start,freq,target
T368,2015-01-04 00:00:00,W-SUN,"[[7.523900032043457, 8.68529987335205, 7.8850998878479, 8.62399959564209, 8.661299705505371, 7.0320000648498535, 8.25, 7.117000102996826, 9.00879955291748, 8.524499893188477, 7.523900032043457, 7.3520002365112305, 7.254000186920166, 7.386600017547607, 7.082300186157227, 8.009900093078613, 9.201499938964844, 9.896400451660156, 10.112700462341309, 9.800100326538086, 10.500200271606445, 9.083499908447266, 9.0246000289917, 9.200699806213379, 9.24779987335205, 8.290599822998047, 9.172900199890137, 8.417099952697754, 8.372300148010254, 8.517399787902832, 8.792699813842773, 7.628300189971924, 9.656399726867676, 9.75979995727539, 8.617400169372559, 8.367300033569336, 9.743499755859375, 7.283299922943115, 8.455400466918945, 7.883500099182129, 8.028599739074707, 7.877999782562256, 8.437399864196777, 8.486300468444824, 8.259300231933594, 7.342899799346924, 6.986299991607666, 6.205699920654297, 7.264599800109863, 7.221099853515625, 6.904699802398682, 6.546999931335449, 6.963900089263916, 7.059800148010254, 6.8125, 6.842400074005127, 7.242000102996826, 6.526400089263916, 7.252500057220459, 6.833099842071533, 6.7804999351501465, 6.729000091552734, 7.190100193023682, 7.413599967956543, 7.261899948120117, 7.286200046539307, 6.55709981918335, 8.407899856567383, 8.181400299072266, 7.391600131988525, 6.793499946594238, 7.956200122833252, 7.8256001472473145, 7.59689998626709, 7.799799919128418, 7.759399890899658, 7.69890022277832, 7.342100143432617, 7.659599781036377, 7.813199996948242, 6.771999835968018, 8.343299865722656, 7.88539981842041, 8.442299842834473, 8.244000434875488, 7.876500129699707, 8.470499992370605, 8.653499603271484, 9.026300430297852, 9.091699600219727]]"
