item_id,start,freq,target
T305,2015-01-04 00:00:00,W-SUN,"[9.367899894714355, 11.112899780273438, 10.845800399780273, 11.800700187683105, 11.707300186157227, 10.1875, 11.1451997756958, 10.15999984741211, 11.282600402832031, 10.387399673461914, 10.417900085449219, 10.9443998336792, 9.559100151062012, 9.447500228881836, 11.120599746704102, 9.064399719238281, 11.417900085449219, 11.064399719238281, 12.497599601745605, 9.67240047454834, 10.58180046081543, 10.932000160217285, 11.00790023803711, 10.353300094604492, 10.187000274658203, 8.743300437927246, 10.336000442504883, 10.890899658203125, 9.442899703979492, 9.694899559020996, 9.503000259399414, 9.816399574279785, 10.216699600219727, 9.163200378417969, 9.263400077819824, 10.954500198364258, 11.866100311279297, 10.130900382995605, 11.757599830627441, 10.096199989318848, 12.04990005493164, 11.633099555969238, 12.154399871826172, 12.07960033416748, 12.52299976348877, 12.159799575805664, 8.944999694824219, 11.589099884033203, 15.978799819946289, 13.425299644470215, 7.1234002113342285, 7.087100028991699, 11.382100105285645, 10.244799613952637, 11.849699974060059, 11.375300407409668, 11.779500007629395, 10.272100448608398, 11.28339958190918, 11.99590015411377, 11.13949966430664, 11.275799751281738, 11.675999641418457, 10.639699935913086, 10.496100425720215, 10.447600364685059, 10.906200408935547, 10.895400047302246, 10.989399909973145, 11.815299987792969, 11.596500396728516, 11.602700233459473, 10.069600105285645, 11.214200019836426, 11.60509967803955, 12.14330005645752, 13.955100059509277, 9.941399574279785, 13.515000343322754, 14.69540023803711, 14.416399955749512, 13.3326997756958, 13.285599708557129, 12.724800109863281, 13.407999992370605, 14.704400062561035, 11.1628999710083, 15.251299858093262, 15.838800430297852, 15.020500183105469]"
