item_id,start,freq,target
T697,2014-12-29,W-SUN,"[5.73330020904541, 5.73330020904541, 5.73330020904541, 5.73330020904541, 5.73330020904541, 5.73330020904541, 5.73330020904541, 5.73330020904541, 5.1971001625061035, 5.735499858856201, 5.73330020904541, 5.73330020904541, 5.73330020904541, 5.73330020904541, 5.950699806213379, 5.73330020904541, 5.73330020904541, 5.73330020904541, 5.73330020904541, 5.73330020904541, 5.73330020904541, 5.73330020904541, 5.73330020904541, 6.394199848175049, 6.530099868774414, 6.292500019073486, 6.56879997253418, 6.331099987030029, 6.545199871063232, 5.3454999923706055, 11.855400085449219, 11.994600296020508, 8.125800132751465, 5.73330020904541, 5.73330020904541, 5.73330020904541, 5.73330020904541, 6.073699951171875, 6.4903998374938965, 11.163100242614746, 10.593000411987305, 11.16100025177002, 11.0625, 10.065500259399414, 10.8774995803833, 11.07349967956543, 12.127699851989746, 10.179200172424316, 8.050600051879883, 10.640700340270996, 11.505200386047363, 10.228699684143066, 9.17020034790039, 9.957599639892578, 10.14739990234375, 9.504300117492676, 10.066699981689453, 10.990699768066406, 9.392200469970703, 9.772700309753418, 5.138299942016602, 5.73330020904541, 5.735499858856201, 5.73330020904541, 5.73330020904541, 6.231100082397461, 8.607399940490723, 9.306699752807617, 10.129199981689453, 10.232000350952148, 8.855600357055664, 9.473299980163574, 10.15880012512207, 11.02810001373291, 9.366399765014648, 12.398300170898438, 10.716300010681152, 10.014200210571289, 13.955599784851074, 13.215700149536133, 13.45359992980957, 13.479999542236328, 12.860400199890137, 13.096400260925293, 13.90149974822998, 13.43809986114502, 12.711099624633789, 10.838899612426758, 5.73330020904541, 5.73330020904541, 5.73330020904541, 5.73330020904541, 5.73330020904541, 6.059700012207031, 8.147299766540527, 8.131500244140625]"
