item_id,start,freq,target
T468,2014-12-29,W-SUN,"[7.888000011444092, 9.34939956665039, 8.186699867248535, 10.006500244140625, 11.680299758911133, 11.784700393676758, 9.417900085449219, 9.604499816894531, 7.458600044250488, 12.270299911499023, 12.28339958190918, 12.039799690246582, 10.725500106811523, 11.559700012207031, 14.023799896240234, 12.229299545288086, 11.81410026550293, 11.903499603271484, 12.123700141906738, 11.701499938964844, 11.380900382995605, 11.576700210571289, 12.748299598693848, 11.313899993896484, 11.671899795532227, 11.46090030670166, 10.933099746704102, 11.972200393676758, 11.973699569702148, 11.804499626159668, 11.113900184631348, 12.792499542236328, 11.368000030517578, 11.208999633789062, 13.342399597167969, 11.823399543762207, 13.357099533081055, 13.348299980163574, 12.869000434875488, 12.78689956665039, 12.095000267028809, 13.266500473022461, 13.346199989318848, 12.977999687194824, 11.69279956817627, 12.636199951171875, 11.34630012512207, 11.011899948120117, 12.448599815368652, 12.29419994354248, 11.350000381469727, 9.384599685668945, 10.541799545288086, 11.239299774169922, 11.381199836730957, 11.529399871826172, 12.663399696350098, 11.993800163269043, 12.886199951171875, 12.583399772644043, 12.566699981689453, 12.034500122070312, 11.892000198364258, 11.355299949645996, 10.892000198364258, 11.962400436401367, 12.53320026397705, 10.508299827575684, 11.489100456237793, 11.28219985961914, 11.524299621582031, 10.815799713134766, 11.876199722290039, 10.110400199890137, 11.59589958190918, 11.371000289916992, 10.272899627685547, 11.425999641418457, 9.736100196838379, 10.91450023651123, 10.847100257873535, 11.200499534606934, 11.097399711608887, 11.506699562072754, 9.985199928283691, 11.097100257873535, 11.482099533081055, 11.073800086975098, 11.722700119018555, 11.885000228881836, 11.437899589538574, 11.0024995803833, 11.847299575805664, 11.219799995422363, 11.2524995803833, 11.543700218200684]"
