item_id,start,freq,target
T551,2014-12-29,W-SUN,"[7.950200080871582, 9.828399658203125, 9.522299766540527, 9.165900230407715, 9.482600212097168, 9.291600227355957, 9.536999702453613, 9.75469970703125, 8.951499938964844, 9.818400382995605, 9.185199737548828, 9.927300453186035, 10.11989974975586, 9.45300006866455, 9.882200241088867, 9.822999954223633, 9.661499977111816, 9.975799560546875, 9.831700325012207, 10.238699913024902, 9.128199577331543, 10.186200141906738, 10.102499961853027, 10.114500045776367, 10.295299530029297, 10.050700187683105, 9.060799598693848, 10.011699676513672, 10.346799850463867, 10.123800277709961, 10.187199592590332, 9.992899894714355, 9.899999618530273, 10.293600082397461, 9.579400062561035, 9.400400161743164, 10.213800430297852, 10.556500434875488, 7.497200012207031, 8.903499603271484, 8.870400428771973, 8.826499938964844, 8.870800018310547, 8.729399681091309, 8.64229965209961, 8.727700233459473, 8.69890022277832, 7.915500164031982, 8.178000450134277, 8.818499565124512, 8.723699569702148, 7.7027997970581055, 7.7170000076293945, 8.518099784851074, 8.097399711608887, 7.703700065612793, 7.242499828338623, 8.0024995803833, 7.774799823760986, 8.132200241088867, 7.942999839782715, 7.3582000732421875, 7.9847002029418945, 8.133899688720703, 8.25790023803711, 8.04640007019043, 8.0024995803833, 8.348199844360352, 8.97920036315918, 8.23009967803955, 8.324899673461914, 8.528599739074707, 8.546299934387207, 7.970399856567383, 8.608499526977539, 8.763500213623047, 8.58080005645752, 8.609100341796875, 7.851600170135498, 8.484700202941895, 8.478300094604492, 7.794400215148926, 8.335000038146973, 8.416799545288086, 8.791399955749512, 8.390800476074219, 8.366600036621094, 7.669000148773193, 8.266300201416016, 8.507800102233887, 8.212300300598145, 8.366399765014648, 8.240099906921387, 8.208800315856934, 8.248200416564941, 8.0177001953125]"
