item_id,start,freq,target
T45,2015-01-25 00:00:00,W-SUN,"[7.108099937438965, 8.360099792480469, 8.09119987487793, 7.50439977645874, 7.329899787902832, 8.275699615478516, 8.678999900817871, 8.598199844360352, 8.155099868774414, 7.1844000816345215, 7.303699970245361, 14.808600425720215, 14.540399551391602, 13.978799819946289, 14.35159969329834, 13.942399978637695, 13.99429988861084, 14.08240032196045, 14.265999794006348, 14.57610034942627, 14.104499816894531, 14.318400382995605, 12.853300094604492, 14.279999732971191, 14.139599800109863, 13.555100440979004, 14.178199768066406, 14.08240032196045, 10.029000282287598, 14.946900367736816, 13.849300384521484, 13.305700302124023, 14.911700248718262, 14.689299583435059, 10.552599906921387, 14.384099960327148, 13.478099822998047, 14.387100219726562, 14.561200141906738, 14.345399856567383, 14.07759952545166, 14.431599617004395, 14.485899925231934, 12.299799919128418, 10.923100471496582, 15.215800285339355, 13.216899871826172, 10.889599800109863, 11.155500411987305, 13.314900398254395, 13.084799766540527, 13.359600067138672, 13.760100364685059, 13.793600082397461, 10.434300422668457, 11.199700355529785, 12.584699630737305, 13.58530044555664, 13.885600090026855, 9.698399543762207, 4.968900203704834, 5.05019998550415, 4.885200023651123, 5.1828999519348145, 5.112599849700928, 5.117400169372559, 5.195899963378906, 5.289400100708008, 5.225299835205078, 5.010900020599365, 5.281599998474121, 5.184299945831299, 5.2118000984191895, 5.230000019073486, 5.011099815368652, 5.269100189208984, 5.3221001625061035, 5.244800090789795, 5.3632001876831055, 5.21150016784668, 5.257699966430664, 5.283699989318848, 5.164299964904785, 4.948999881744385, 5.219600200653076, 5.203999996185303, 5.103400230407715, 4.84660005569458, 5.0802001953125, 4.893899917602539]"
