item_id,start,freq,target
T232,2014-12-29,W-SUN,"[7.245699882507324, 10.06719970703125, 10.007100105285645, 7.753799915313721, 8.63070011138916, 9.689800262451172, 9.492899894714355, 12.791999816894531, 10.283100128173828, 10.683300018310547, 11.094599723815918, 11.315199851989746, 11.500300407409668, 10.783699989318848, 10.860099792480469, 10.877099990844727, 11.127900123596191, 11.160499572753906, 12.386099815368652, 11.498600006103516, 11.495100021362305, 11.75790023803711, 12.155900001525879, 12.431300163269043, 11.069499969482422, 11.759900093078613, 10.614899635314941, 11.04259967803955, 11.641500473022461, 11.442500114440918, 11.733699798583984, 11.169400215148926, 12.443499565124512, 12.256099700927734, 11.225899696350098, 10.605999946594238, 11.652799606323242, 12.291500091552734, 11.159899711608887, 11.970199584960938, 13.182100296020508, 12.543899536132812, 12.167200088500977, 12.4443998336792, 12.075499534606934, 11.552000045776367, 12.259699821472168, 10.64430046081543, 11.884200096130371, 12.836899757385254, 12.645500183105469, 8.873200416564941, 9.001199722290039, 10.492899894714355, 11.747400283813477, 11.467000007629395, 11.225000381469727, 11.552900314331055, 11.094799995422363, 12.240500450134277, 11.981100082397461, 11.8016996383667, 12.65429973602295, 12.546500205993652, 11.397600173950195, 11.89579963684082, 12.204500198364258, 12.437000274658203, 12.202199935913086, 12.902600288391113, 12.902199745178223, 13.321499824523926, 12.335800170898438, 11.849499702453613, 12.897899627685547, 13.711799621582031, 12.36359977722168, 11.770400047302246, 10.908499717712402, 11.581500053405762, 11.871800422668457, 12.937600135803223, 12.724200248718262, 12.059900283813477, 11.803999900817871, 12.650799751281738, 12.302300453186035, 11.626199722290039, 12.048600196838379, 13.816200256347656, 12.13640022277832, 9.345999717712402, 12.29419994354248, 12.119000434875488, 13.09220027923584, 10.772500038146973]"
