item_id,start,freq,target
T27,2014-12-29,W-SUN,"[7.32480001449585, 9.458999633789062, 6.693900108337402, 8.928899765014648, 9.898799896240234, 9.594099998474121, 9.472299575805664, 9.646900177001953, 8.932100296020508, 10.245400428771973, 9.839900016784668, 9.931599617004395, 9.722100257873535, 9.547599792480469, 9.888999938964844, 10.194499969482422, 9.972399711608887, 10.074299812316895, 8.859000205993652, 9.936300277709961, 9.095499992370605, 10.056900024414062, 10.213899612426758, 10.363100051879883, 10.303600311279297, 10.61520004272461, 9.312600135803223, 10.450599670410156, 10.300100326538086, 10.45460033416748, 10.323200225830078, 10.483400344848633, 9.723899841308594, 10.857600212097168, 10.50100040435791, 10.005999565124512, 10.908699989318848, 9.11299991607666, 10.371000289916992, 10.450699806213379, 10.378700256347656, 10.44629955291748, 10.53499984741211, 10.368599891662598, 10.0423002243042, 10.808099746704102, 10.356399536132812, 9.046899795532227, 9.940799713134766, 10.23490047454834, 10.214500427246094, 7.54610013961792, 8.383399963378906, 8.008399963378906, 8.419099807739258, 8.452199935913086, 9.383700370788574, 9.66469955444336, 9.558300018310547, 9.482799530029297, 9.850700378417969, 8.668999671936035, 9.288900375366211, 7.872700214385986, 9.845600128173828, 9.759099960327148, 9.97029972076416, 10.163100242614746, 10.275699615478516, 10.034199714660645, 10.148900032043457, 10.206999778747559, 10.612099647521973, 9.474599838256836, 10.205900192260742, 10.425399780273438, 10.29520034790039, 10.534700393676758, 9.195699691772461, 10.191699981689453, 10.184000015258789, 10.444000244140625, 10.547200202941895, 10.093000411987305, 10.39229965209961, 10.631400108337402, 10.367799758911133, 9.675299644470215, 10.705499649047852, 10.489500045776367, 10.551300048828125, 10.337400436401367, 10.590800285339355, 10.168100357055664, 9.764699935913086, 9.987600326538086]"
