item_id,start,freq,target
T555,2015-01-25 00:00:00,W-SUN,"[7.569300174713135, 8.694499969482422, 7.34250020980835, 8.06470012664795, 5.596799850463867, 5.925600051879883, 6.567599773406982, 8.3951997756958, 8.447500228881836, 7.922299861907959, 8.501199722290039, 8.693699836730957, 8.114100456237793, 8.396400451660156, 8.295299530029297, 8.445300102233887, 8.332300186157227, 8.540200233459473, 8.745200157165527, 9.31879997253418, 9.177599906921387, 8.76669979095459, 8.1225004196167, 8.617400169372559, 12.791399955749512, 8.84850025177002, 8.919400215148926, 8.776000022888184, 8.375699996948242, 8.625, 8.615599632263184, 8.686599731445312, 8.921199798583984, 13.844900131225586, 8.34630012512207, 8.67770004272461, 8.367799758911133, 8.692899703979492, 8.654199600219727, 8.319100379943848, 8.148799896240234, 8.532999992370605, 8.487600326538086, 7.697400093078613, 8.527899742126465, 9.172300338745117, 9.355500221252441, 6.947800159454346, 6.7957000732421875, 7.911900043487549, 8.071000099182129, 8.289199829101562, 8.313400268554688, 8.7524995803833, 8.616000175476074, 8.026000022888184, 8.131999969482422, 8.246600151062012, 8.952500343322754, 8.584799766540527, 9.285400390625, 8.907899856567383, 8.341500282287598, 8.937899589538574, 9.131400108337402, 10.398300170898438, 9.718700408935547, 10.243599891662598, 10.588500022888184, 9.187800407409668, 10.72029972076416, 10.494099617004395, 10.429400444030762, 10.507599830627441, 8.70740032196045, 10.402600288391113, 10.51830005645752, 10.49489974975586, 10.006500244140625, 9.889900207519531, 9.953499794006348, 9.344200134277344, 9.700699806213379, 8.308199882507324, 9.568599700927734, 9.34589958190918, 9.602999687194824, 9.338500022888184, 8.957900047302246, 9.11400032043457]"
