item_id,start,freq,target
T448,2015-01-04 00:00:00,W-SUN,"[5.895899772644043, 10.322099685668945, 5.558300018310547, 8.598799705505371, 9.407999992370605, 9.153800010681152, 9.815899848937988, 10.133899688720703, 9.419599533081055, 9.884300231933594, 9.631400108337402, 9.406299591064453, 10.525199890136719, 9.237000465393066, 9.536199569702148, 9.903499603271484, 10.186300277709961, 10.00059986114502, 9.875800132751465, 11.132599830627441, 9.567399978637695, 10.236599922180176, 8.909000396728516, 8.530799865722656, 8.366999626159668, 7.788099765777588, 7.3165998458862305, 8.365500450134277, 6.6743998527526855, 6.342599868774414, 6.894800186157227, 8.034600257873535, 6.747300148010254, 7.096399784088135, 6.128200054168701, 5.699100017547607, 5.7855000495910645, 6.0046000480651855, 6.88539981842041, 6.626999855041504, 6.379799842834473, 5.7789998054504395, 5.6041998863220215, 5.608099937438965, 5.633500099182129, 5.770199775695801, 5.787899971008301, 5.225299835205078, 6.692999839782715, 5.863999843597412, 5.83459997177124, 4.813300132751465, 4.519499778747559, 5.295100212097168, 5.649899959564209, 7.271200180053711, 10.26830005645752, 10.18220043182373, 9.471599578857422, 9.66189956665039, 10.103599548339844, 9.840200424194336, 10.061599731445312, 8.962699890136719, 11.01830005645752, 9.351099967956543, 8.964099884033203, 11.100700378417969, 10.486700057983398, 11.001299858093262, 10.479900360107422, 11.227999687194824, 11.412400245666504, 9.171099662780762, 6.086900234222412, 6.2393999099731445, 5.997700214385986, 5.936200141906738, 6.426300048828125, 7.210999965667725, 8.357999801635742, 7.854499816894531, 7.701399803161621, 5.878200054168701, 6.067299842834473, 5.856200218200684, 10.014599800109863, 4.463699817657471, 5.974400043487549, 11.048700332641602]"
