item_id,start,freq,target
T859,2015-01-04 00:00:00,W-SUN,"[7.496600151062012, 7.862100124359131, 7.468400001525879, 6.901599884033203, 7.630499839782715, 7.9421000480651855, 5.558700084686279, 6.690999984741211, 5.819300174713135, 7.876800060272217, 7.969200134277344, 7.88129997253418, 7.964799880981445, 7.940299987792969, 8.005900382995605, 7.90910005569458, 5.484300136566162, 7.919099807739258, 8.034799575805664, 8.07040023803711, 7.815800189971924, 8.027400016784668, 7.870800018310547, 7.956299781799316, 7.798999786376953, 7.848800182342529, 7.709400177001953, 8.025500297546387, 7.792799949645996, 7.480000019073486, 8.047300338745117, 7.982800006866455, 7.383900165557861, 7.980599880218506, 5.2631001472473145, 7.573699951171875, 8.044899940490723, 8.066399574279785, 5.6504998207092285, 7.924900054931641, 7.450200080871582, 8.03439998626709, 8.146100044250488, 8.019599914550781, 8.065600395202637, 7.981800079345703, 8.115400314331055, 7.746600151062012, 5.855500221252441, 8.122200012207031, 7.001699924468994, 7.5706000328063965, 7.5, 7.902699947357178, 7.471199989318848, 7.331500053405762, 7.947199821472168, 8.009599685668945, 5.586699962615967, 6.138400077819824, 6.989999771118164, 8.23069953918457, 5.635499954223633, 4.608500003814697, 4.902200222015381, 4.927700042724609, 4.861000061035156, 5.029399871826172, 5.007599830627441, 5.111299991607666, 5.1596999168396, 5.2256999015808105, 5.216000080108643, 5.055799961090088, 5.181700229644775, 5.172500133514404, 5.269499778747559, 5.373300075531006, 4.915900230407715, 5.224699974060059, 5.270899772644043, 5.21589994430542, 5.414700031280518, 5.377799987792969, 5.561600208282471, 5.537099838256836, 5.512899875640869, 4.9664998054504395, 5.387400150299072, 5.45419979095459]"
