item_id,start,freq,target
T197,2015-01-04 00:00:00,W-SUN,"[[11.637499809265137, 11.544899940490723, 8.267900466918945, 9.150699615478516, 10.22089958190918, 10.741499900817871, 11.526100158691406, 10.605999946594238, 12.817099571228027, 13.262999534606934, 12.45199966430664, 11.712200164794922, 11.697600364685059, 12.429499626159668, 12.086700439453125, 10.392000198364258, 12.039299964904785, 12.303500175476074, 12.360899925231934, 11.196900367736816, 12.345199584960938, 12.02970027923584, 13.084099769592285, 12.569899559020996, 12.89680004119873, 11.190199851989746, 13.563799858093262, 13.179400444030762, 12.235199928283691, 13.222000122070312, 12.552200317382812, 13.135299682617188, 13.21969985961914, 12.29580020904541, 13.138899803161621, 13.810500144958496, 13.960800170898438, 11.11709976196289, 13.053099632263184, 13.070199966430664, 13.535900115966797, 13.80519962310791, 13.778400421142578, 13.256400108337402, 15.762900352478027, 14.195500373840332, 11.233099937438965, 11.55090045928955, 15.503899574279785, 14.749199867248535, 10.283699989318848, 11.316100120544434, 13.129400253295898, 14.718099594116211, 14.9552001953125, 12.403499603271484, 14.043700218200684, 14.552900314331055, 14.799799919128418, 15.751500129699707, 16.35059928894043, 16.237899780273438, 14.796899795532227, 14.809000015258789, 15.241800308227539, 15.008899688720703, 14.651200294494629, 15.538900375366211, 15.708000183105469, 14.128700256347656, 15.489899635314941, 15.974900245666504, 15.503199577331543, 15.827400207519531, 16.01099967956543, 16.375900268554688, 15.327099800109863, 13.64050006866455, 14.214699745178223, 14.981900215148926, 18.27429962158203, 14.494000434875488, 16.764400482177734, 15.167799949645996, 16.30500030517578, 15.283300399780273, 14.946599960327148, 15.396599769592285, 16.18120002746582, 17.194000244140625]]"
