item_id,start,freq,target
T311,2014-12-29,W-SUN,"[8.30780029296875, 11.040300369262695, 13.899800300598145, 12.322400093078613, 12.648300170898438, 14.220800399780273, 13.640199661254883, 15.76710033416748, 13.649299621582031, 13.874600410461426, 13.605299949645996, 13.978599548339844, 15.307299613952637, 12.784000396728516, 14.32390022277832, 15.258000373840332, 13.229999542236328, 14.736599922180176, 13.178500175476074, 14.070099830627441, 13.338700294494629, 16.14229965209961, 17.450300216674805, 17.380599975585938, 15.326199531555176, 16.63949966430664, 12.375900268554688, 16.221799850463867, 15.455599784851074, 17.425899505615234, 15.238499641418457, 14.807900428771973, 16.28339958190918, 15.83329963684082, 21.305700302124023, 12.377599716186523, 15.432299613952637, 14.885700225830078, 12.843899726867676, 14.777600288391113, 14.192500114440918, 10.88010025024414, 13.71720027923584, 14.097700119018555, 13.842300415039062, 15.642399787902832, 15.90939998626709, 11.984100341796875, 14.5600004196167, 16.198299407958984, 16.35070037841797, 9.526100158691406, 10.3548002243042, 12.178600311279297, 13.476300239562988, 12.863200187683105, 12.294899940490723, 15.381199836730957, 13.51259994506836, 13.973999977111816, 11.34570026397705, 13.719900131225586, 14.92240047454834, 15.498299598693848, 13.68850040435791, 14.947500228881836, 14.264300346374512, 14.620200157165527, 14.167900085449219, 14.773099899291992, 15.678299903869629, 16.513999938964844, 15.010000228881836, 13.074399948120117, 16.715099334716797, 18.773000717163086, 16.79400062561035, 16.10689926147461, 13.310999870300293, 15.454700469970703, 17.130300521850586, 16.233699798583984, 17.43440055847168, 15.102499961853027, 17.926300048828125, 18.024799346923828, 16.45479965209961, 14.302399635314941, 17.065000534057617, 18.893999099731445, 15.319100379943848, 15.328800201416016, 14.750699996948242, 14.561800003051758, 14.441800117492676, 13.937899589538574]"
