item_id,start,freq,target
T411,2015-02-08 00:00:00,W-SUN,"[8.669599533081055, 8.207500457763672, 7.451499938964844, 8.383500099182129, 8.048299789428711, 8.527999877929688, 7.881499767303467, 7.874000072479248, 8.151399612426758, 8.586199760437012, 8.211199760437012, 8.582500457763672, 8.344400405883789, 8.377599716186523, 7.514200210571289, 8.366900444030762, 8.836799621582031, 8.216099739074707, 8.251799583435059, 8.163599967956543, 7.231200218200684, 8.450599670410156, 8.663000106811523, 8.337300300598145, 8.229399681091309, 8.075400352478027, 8.360099792480469, 8.491299629211426, 8.22350025177002, 7.933499813079834, 8.596500396728516, 8.72659969329834, 8.636199951171875, 8.413800239562988, 8.362000465393066, 8.318599700927734, 8.336600303649902, 8.48740005493164, 8.393899917602539, 8.276000022888184, 8.02869987487793, 7.334700107574463, 8.401399612426758, 8.869000434875488, 8.237899780273438, 6.257199764251709, 7.601099967956543, 8.717700004577637, 8.468099594116211, 8.526800155639648, 8.039600372314453, 8.265600204467773, 8.305700302124023, 8.741399765014648, 8.768799781799316, 8.805800437927246, 8.30090045928955, 8.345600128173828, 8.336400032043457, 8.31089973449707, 8.734199523925781, 9.17140007019043, 8.995400428771973, 8.953100204467773, 8.831000328063965, 9.036800384521484, 9.063199996948242, 8.335599899291992, 8.949299812316895, 9.099699974060059, 9.076299667358398, 8.765600204467773, 7.3404998779296875, 8.704299926757812, 8.828700065612793, 8.06719970703125, 8.506600379943848, 8.11299991607666, 8.668000221252441, 8.918700218200684, 8.436400413513184, 7.007599830627441, 8.731499671936035, 8.942000389099121, 8.682900428771973, 8.410799980163574, 8.127300262451172, 8.531200408935547, 8.434599876403809, 8.51509952545166]"
