item_id,start,freq,target
T136,2014-12-29,W-SUN,"[11.324700355529785, 14.06309986114502, 14.060400009155273, 11.749500274658203, 15.957300186157227, 15.669699668884277, 14.656200408935547, 15.384200096130371, 14.202500343322754, 15.82699966430664, 15.613100051879883, 15.953800201416016, 15.536100387573242, 15.900899887084961, 15.261699676513672, 15.65880012512207, 16.070899963378906, 15.312800407409668, 15.683500289916992, 15.163399696350098, 14.178299903869629, 15.350600242614746, 16.318599700927734, 15.835800170898438, 15.1850004196167, 15.59939956665039, 13.500499725341797, 15.151900291442871, 15.74020004272461, 15.713500022888184, 17.302200317382812, 15.711299896240234, 15.833000183105469, 16.39069938659668, 16.03689956665039, 15.718899726867676, 16.20509910583496, 17.059200286865234, 16.60569953918457, 16.1112003326416, 16.396900177001953, 16.89579963684082, 16.34119987487793, 15.810199737548828, 15.79990005493164, 16.53510093688965, 15.934000015258789, 12.442700386047363, 15.776900291442871, 16.441999435424805, 16.76300048828125, 12.460200309753418, 11.697099685668945, 14.837400436401367, 15.082300186157227, 15.192999839782715, 14.904000282287598, 13.955100059509277, 15.096400260925293, 16.602399826049805, 15.812800407409668, 15.26360034942627, 16.05229949951172, 15.812800407409668, 16.19540023803711, 15.933099746704102, 15.714500427246094, 16.719200134277344, 16.58340072631836, 16.098800659179688, 16.678800582885742, 16.85219955444336, 17.55940055847168, 16.377099990844727, 16.984899520874023, 17.516700744628906, 16.697399139404297, 16.42690086364746, 14.56760025024414, 16.463199615478516, 16.681499481201172, 15.904399871826172, 17.049999237060547, 16.79170036315918, 17.045000076293945, 17.894899368286133, 17.432600021362305, 14.788599967956543, 17.507999420166016, 17.707000732421875, 17.418500900268555, 17.52280044555664, 17.960800170898438, 16.972900390625, 17.48550033569336, 16.857900619506836]"
