item_id,start,freq,target
T294,2015-01-25 00:00:00,W-SUN,"[[12.81820011138916, 12.169400215148926, 12.671699523925781, 13.225899696350098, 11.60569953918457, 13.49370002746582, 13.675999641418457, 13.33430004119873, 13.517499923706055, 12.365500450134277, 13.332200050354004, 13.515700340270996, 12.97760009765625, 13.329899787902832, 12.362700462341309, 11.950300216674805, 11.895099639892578, 13.535300254821777, 13.721400260925293, 13.664799690246582, 13.721400260925293, 13.812700271606445, 12.76930046081543, 13.382399559020996, 13.847399711608887, 13.38290023803711, 13.648799896240234, 13.485600471496582, 13.461700439453125, 13.635600090026855, 13.0423002243042, 12.885700225830078, 12.467499732971191, 13.2947998046875, 12.73840045928955, 12.9173002243042, 12.910799980163574, 12.536700248718262, 12.050200462341309, 12.203300476074219, 11.345499992370605, 11.467900276184082, 11.512100219726562, 9.889599800109863, 11.316800117492676, 11.810500144958496, 11.65369987487793, 9.523300170898438, 10.491000175476074, 11.981900215148926, 12.432100296020508, 12.825200080871582, 12.018400192260742, 14.30049991607666, 13.765299797058105, 14.158499717712402, 14.151300430297852, 12.43649959564209, 13.109800338745117, 14.053500175476074, 14.641300201416016, 14.671099662780762, 13.933699607849121, 15.059800148010254, 14.346099853515625, 14.902199745178223, 13.701700210571289, 15.128299713134766, 14.300600051879883, 14.281900405883789, 14.581199645996094, 14.04640007019043, 13.826600074768066, 14.576899528503418, 12.906499862670898, 13.878000259399414, 13.677800178527832, 13.119199752807617, 13.785499572753906, 13.21619987487793, 13.987899780273438, 13.939399719238281, 13.89680004119873, 12.97700023651123, 13.686699867248535, 14.023300170898438, 13.581000328063965, 11.970199584960938, 12.924200057983398, 12.11050033569336]]"
