item_id,start,freq,target
T361,2014-12-29,W-SUN,"[9.262499809265137, 11.129199981689453, 7.648799896240234, 10.899399757385254, 11.668299674987793, 12.451600074768066, 12.116900444030762, 12.3125, 11.31659984588623, 12.262100219726562, 12.20009994506836, 12.439900398254395, 12.327400207519531, 11.793899536132812, 12.247200012207031, 12.7524995803833, 12.437199592590332, 12.469400405883789, 12.876500129699707, 12.726300239562988, 11.815899848937988, 12.61870002746582, 13.071399688720703, 12.889100074768066, 12.903800010681152, 12.447500228881836, 11.329099655151367, 12.526000022888184, 12.81190013885498, 13.102800369262695, 12.583200454711914, 13.085599899291992, 12.62969970703125, 12.577300071716309, 12.242500305175781, 11.828900337219238, 13.140399932861328, 12.715100288391113, 12.815799713134766, 13.095999717712402, 12.68850040435791, 12.983799934387207, 12.807700157165527, 13.325200080871582, 12.524999618530273, 12.896900177001953, 12.486800193786621, 10.365099906921387, 12.42039966583252, 13.371999740600586, 12.866700172424316, 9.641799926757812, 10.76360034942627, 13.012900352478027, 12.376099586486816, 12.852399826049805, 12.550200462341309, 13.144599914550781, 12.515299797058105, 12.520700454711914, 12.301899909973145, 11.69789981842041, 13.538299560546875, 11.774299621582031, 12.542799949645996, 12.33329963684082, 14.286999702453613, 12.84060001373291, 12.85099983215332, 12.906700134277344, 12.81470012664795, 13.39799976348877, 13.311699867248535, 12.228400230407715, 12.989999771118164, 13.718799591064453, 13.035900115966797, 13.15410041809082, 11.536199569702148, 13.3503999710083, 13.332799911499023, 13.234199523925781, 13.32229995727539, 12.995100021362305, 13.4576997756958, 13.875100135803223, 12.856100082397461, 11.794099807739258, 13.067700386047363, 13.788000106811523, 14.294099807739258, 12.871199607849121, 13.624600410461426, 12.936400413513184, 12.375, 12.467000007629395]"
