item_id,start,freq,target
T568,2014-12-29,W-SUN,"[3.636899948120117, 4.042500019073486, 3.994499921798706, 4.042500019073486, 4.1097002029418945, 3.966399908065796, 4.059500217437744, 4.119500160217285, 3.7827999591827393, 4.168399810791016, 4.180699825286865, 4.130499839782715, 4.286200046539307, 4.173799991607666, 4.265200138092041, 4.3805999755859375, 6.322500228881836, 4.21120023727417, 4.25, 4.209700107574463, 3.925100088119507, 4.309700012207031, 4.311600208282471, 4.267300128936768, 4.306300163269043, 4.263999938964844, 4.142600059509277, 4.287899971008301, 4.326600074768066, 4.318699836730957, 4.299900054931641, 4.285999774932861, 4.245200157165527, 4.23960018157959, 4.687099933624268, 4.03849983215332, 4.271399974822998, 4.288599967956543, 4.213200092315674, 4.241000175476074, 4.14300012588501, 4.144499778747559, 4.107100009918213, 4.082200050354004, 4.136300086975098, 4.087800025939941, 4.2357001304626465, 3.8777999877929688, 4.160999774932861, 4.190499782562256, 4.307499885559082, 3.8803999423980713, 3.710700035095215, 4.170499801635742, 4.038899898529053, 4.13730001449585, 3.8552000522613525, 4.2571001052856445, 4.149899959564209, 4.31220006942749, 4.2982001304626465, 3.7890000343322754, 3.807499885559082, 4.344699859619141, 4.3821001052856445, 4.401899814605713, 4.359300136566162, 4.474800109863281, 4.405300140380859, 4.456299781799316, 4.424300193786621, 4.502799987792969, 7.680600166320801, 9.730500221252441, 10.143899917602539, 10.118000030517578, 10.192700386047363, 10.095999717712402, 9.316399574279785, 10.050999641418457, 10.058199882507324, 9.92300033569336, 9.858799934387207, 10.050100326538086, 10.185600280761719, 10.058300018310547, 7.930500030517578, 7.00540018081665, 7.509399890899658, 10.208600044250488, 8.439900398254395, 9.842000007629395, 8.546899795532227, 8.36240005493164, 9.40470027923584, 6.978300094604492]"
