item_id,start,freq,target
T420,2014-12-29,W-SUN,"[10.353300094604492, 13.930399894714355, 10.596099853515625, 12.340999603271484, 11.48960018157959, 12.054699897766113, 12.72070026397705, 13.815699577331543, 13.185500144958496, 16.047000885009766, 15.195599555969238, 13.950200080871582, 14.68220043182373, 14.143799781799316, 14.751399993896484, 14.854599952697754, 14.67300033569336, 14.797699928283691, 14.42140007019043, 14.880599975585938, 13.378600120544434, 14.695199966430664, 15.066499710083008, 15.071100234985352, 15.093600273132324, 14.924200057983398, 13.623800277709961, 15.09630012512207, 14.847800254821777, 14.602800369262695, 15.21030044555664, 14.879400253295898, 13.764300346374512, 15.163100242614746, 15.12399959564209, 14.01509952545166, 15.084799766540527, 15.177399635314941, 14.189299583435059, 14.92020034790039, 14.465100288391113, 15.056400299072266, 14.629899978637695, 14.758999824523926, 14.557600021362305, 15.412599563598633, 16.338199615478516, 14.12279987335205, 14.323100090026855, 15.125100135803223, 14.907400131225586, 12.264200210571289, 12.23900032043457, 14.078100204467773, 14.168800354003906, 14.156399726867676, 14.735400199890137, 14.65880012512207, 13.979900360107422, 14.207300186157227, 14.529399871826172, 14.48330020904541, 13.902099609375, 12.95989990234375, 13.855600357055664, 13.730799674987793, 14.531800270080566, 14.871899604797363, 14.936599731445312, 15.000300407409668, 15.308899879455566, 15.419500350952148, 15.566100120544434, 14.62440013885498, 15.634499549865723, 15.567999839782715, 15.499699592590332, 15.561599731445312, 14.083100318908691, 15.449999809265137, 15.53499984741211, 15.475199699401855, 15.757699966430664, 15.623100280761719, 15.581299781799316, 15.93809986114502, 15.592700004577637, 14.405200004577637, 15.576899528503418, 16.029600143432617, 15.793399810791016, 14.863699913024902, 15.433799743652344, 15.38379955291748, 15.043000221252441, 15.116000175476074]"
