item_id,start,freq,target
T450,2014-12-29,W-SUN,"[5.36870002746582, 6.87529993057251, 4.933700084686279, 7.216300010681152, 7.273399829864502, 7.406599998474121, 6.898099899291992, 7.63040018081665, 6.860099792480469, 6.894899845123291, 5.73330020904541, 5.73330020904541, 5.73330020904541, 5.73330020904541, 8.334699630737305, 8.897700309753418, 8.081500053405762, 8.743900299072266, 8.116499900817871, 8.192700386047363, 7.621500015258789, 8.107099533081055, 7.78249979019165, 8.166299819946289, 7.508999824523926, 7.5904998779296875, 7.218400001525879, 9.033499717712402, 8.0516996383667, 8.997200012207031, 7.513999938964844, 7.801599979400635, 8.061200141906738, 7.810500144958496, 8.236300468444824, 6.728300094604492, 8.043700218200684, 8.421500205993652, 7.077899932861328, 7.705399990081787, 7.723999977111816, 7.388500213623047, 7.7743000984191895, 7.608799934387207, 7.369500160217285, 8.446800231933594, 8.003100395202637, 5.968999862670898, 7.523799896240234, 9.353699684143066, 8.355299949645996, 6.001299858093262, 6.1707000732421875, 7.554999828338623, 8.70680046081543, 7.681399822235107, 7.797900199890137, 10.47029972076416, 8.239500045776367, 9.586000442504883, 10.166000366210938, 8.312100410461426, 9.913100242614746, 8.994099617004395, 8.590200424194336, 8.269399642944336, 9.156599998474121, 10.63070011138916, 8.95740032196045, 9.885199546813965, 10.014699935913086, 10.30109977722168, 10.160599708557129, 9.006500244140625, 9.592900276184082, 10.564900398254395, 8.648599624633789, 8.610400199890137, 7.703999996185303, 8.773500442504883, 9.432100296020508, 9.424799919128418, 9.76360034942627, 9.125699996948242, 9.108400344848633, 9.913700103759766, 9.381999969482422, 9.237700462341309, 10.005800247192383, 9.834799766540527, 9.059800148010254, 9.905500411987305, 8.963700294494629, 8.769800186157227, 12.022700309753418, 9.798299789428711]"
