item_id,start,freq,target
T138,2014-12-29,W-SUN,"[6.731200218200684, 8.261099815368652, 8.034099578857422, 7.9394001960754395, 8.208800315856934, 8.124099731445312, 8.844900131225586, 8.295599937438965, 7.662899971008301, 8.50730037689209, 8.182999610900879, 8.656700134277344, 7.9679999351501465, 7.926799774169922, 8.369099617004395, 8.72920036315918, 8.322699546813965, 8.820599555969238, 8.490099906921387, 8.425000190734863, 7.496600151062012, 8.2701997756958, 8.997099876403809, 8.276700019836426, 8.40999984741211, 8.56760025024414, 7.195000171661377, 8.489800453186035, 8.848999977111816, 8.460200309753418, 8.501799583435059, 8.20419979095459, 8.612600326538086, 8.7524995803833, 8.497699737548828, 8.12559986114502, 8.432000160217285, 8.933699607849121, 8.755900382995605, 8.645999908447266, 8.755599975585938, 8.596699714660645, 8.530699729919434, 8.775099754333496, 8.53849983215332, 8.552399635314941, 8.075599670410156, 7.46560001373291, 8.55679988861084, 9.24489974975586, 8.134099960327148, 6.303299903869629, 7.836999893188477, 8.812800407409668, 8.581299781799316, 8.7431001663208, 8.12339973449707, 8.384699821472168, 8.428400039672852, 9.041799545288086, 8.944700241088867, 9.148099899291992, 8.659199714660645, 8.658699989318848, 8.22719955444336, 8.230899810791016, 8.976300239562988, 9.38230037689209, 9.094599723815918, 9.187899589538574, 8.835599899291992, 9.241399765014648, 9.167799949645996, 8.371600151062012, 9.074299812316895, 9.122900009155273, 9.190799713134766, 9.055800437927246, 7.286399841308594, 8.839400291442871, 8.832900047302246, 8.278499603271484, 8.615300178527832, 8.484100341796875, 9.12090015411377, 9.493000030517578, 9.370699882507324, 8.402400016784668, 9.724200248718262, 9.735099792480469, 9.368900299072266, 9.678000450134277, 9.204299926757812, 9.446999549865723, 9.43179988861084, 9.541999816894531]"
