item_id,start,freq,target
T477,2014-12-29,W-SUN,"[8.676600456237793, 9.810400009155273, 10.036199569702148, 10.464599609375, 13.212599754333496, 11.814200401306152, 9.803199768066406, 9.874799728393555, 9.651399612426758, 11.048800468444824, 10.849800109863281, 10.887800216674805, 11.045299530029297, 10.956700325012207, 10.979999542236328, 11.17039966583252, 12.47070026397705, 11.515600204467773, 10.940699577331543, 11.234399795532227, 10.10260009765625, 11.474100112915039, 11.609800338745117, 11.11709976196289, 11.226300239562988, 11.461199760437012, 10.27649974822998, 11.373100280761719, 11.189800262451172, 11.069600105285645, 11.60159969329834, 11.288999557495117, 11.440400123596191, 11.29800033569336, 11.390999794006348, 13.10159969329834, 11.323599815368652, 11.517600059509277, 11.670900344848633, 10.861800193786621, 11.096099853515625, 12.243300437927246, 11.39579963684082, 12.343500137329102, 11.299500465393066, 11.484199523925781, 11.01550006866455, 10.087499618530273, 11.140199661254883, 11.646499633789062, 13.241600036621094, 9.03030014038086, 9.73799991607666, 10.814900398254395, 10.746600151062012, 11.137900352478027, 10.660799980163574, 12.049699783325195, 11.111300468444824, 11.494099617004395, 11.080100059509277, 10.555399894714355, 10.99489974975586, 10.708900451660156, 11.338299751281738, 12.184399604797363, 11.493499755859375, 14.433899879455566, 11.5625, 12.267200469970703, 11.808799743652344, 12.3572998046875, 12.473899841308594, 12.043700218200684, 13.345499992370605, 12.269499778747559, 9.452099800109863, 11.428899765014648, 12.720399856567383, 15.069000244140625, 17.73430061340332, 16.408000946044922, 17.768600463867188, 13.259499549865723, 14.623900413513184, 12.426799774169922, 12.124699592590332, 9.907299995422363, 17.401899337768555, 19.20870018005371, 17.906700134277344, 18.300100326538086, 12.477299690246582, 12.699299812316895, 12.134599685668945, 12.353599548339844]"
