item_id,start,freq,target
T617,2015-01-04 00:00:00,W-SUN,"[4.139200210571289, 3.05649995803833, 4.056399822235107, 3.640500068664551, 3.7781999111175537, 3.3966000080108643, 5.2631001472473145, 5.1971001625061035, 5.735499858856201, 5.73330020904541, 5.73330020904541, 5.73330020904541, 5.73330020904541, 5.541900157928467, 5.73330020904541, 5.73330020904541, 5.73330020904541, 5.73330020904541, 5.73330020904541, 5.73330020904541, 5.06279993057251, 4.918700218200684, 5.0106000900268555, 5.105199813842773, 4.978700160980225, 4.677999973297119, 5.003600120544434, 5.022200107574463, 5.003600120544434, 5.103499889373779, 4.730000019073486, 4.984899997711182, 5.155200004577637, 5.057000160217285, 4.985099792480469, 5.062300205230713, 4.98199987411499, 4.890600204467773, 4.964700222015381, 5.136000156402588, 4.910900115966797, 5.053400039672852, 4.944399833679199, 4.739699840545654, 4.872700214385986, 4.9166998863220215, 4.565499782562256, 4.758900165557861, 4.873700141906738, 5.059999942779541, 4.389800071716309, 4.0584001541137695, 4.393799781799316, 4.560800075531006, 4.51800012588501, 4.707200050354004, 4.608799934387207, 4.691400051116943, 4.798999786376953, 4.7906999588012695, 4.576499938964844, 4.70389986038208, 4.491000175476074, 4.928299903869629, 4.9542999267578125, 4.9095001220703125, 5.016499996185303, 4.957099914550781, 4.958000183105469, 5.008299827575684, 5.167900085449219, 5.020599842071533, 5.002900123596191, 5.224999904632568, 5.382699966430664, 5.374899864196777, 5.290500164031982, 4.8979997634887695, 5.296199798583984, 5.266300201416016, 5.169300079345703, 5.32919979095459, 5.32919979095459, 5.604100227355957, 5.635200023651123, 5.518599987030029, 5.046599864959717, 5.2399001121521, 5.586299896240234, 5.279799938201904]"
