item_id,start,freq,target
T561,2015-01-11 00:00:00,W-SUN,"[6.734399795532227, 6.6757001876831055, 6.917600154876709, 6.760200023651123, 6.912799835205078, 7.284800052642822, 6.418900012969971, 7.17110013961792, 7.292500019073486, 7.2428998947143555, 7.209000110626221, 6.449900150299072, 6.860099792480469, 7.15880012512207, 7.161799907684326, 7.281599998474121, 7.200900077819824, 7.031700134277344, 6.864799976348877, 7.464600086212158, 7.589099884033203, 7.325500011444092, 7.442399978637695, 7.287899971008301, 6.521399974822998, 7.533199787139893, 7.304299831390381, 7.334700107574463, 7.065899848937988, 7.100900173187256, 7.554699897766113, 7.341000080108643, 7.195700168609619, 7.002900123596191, 7.548099994659424, 7.686500072479248, 7.28249979019165, 7.5157999992370605, 7.341800212860107, 7.4197001457214355, 7.321800231933594, 7.359799861907959, 7.7631001472473145, 7.5609002113342285, 6.725500106811523, 6.215000152587891, 7.360300064086914, 7.588500022888184, 7.014800071716309, 5.30810022354126, 6.0665998458862305, 6.906899929046631, 6.7743000984191895, 6.917799949645996, 6.535099983215332, 7.341100215911865, 7.0518999099731445, 7.523600101470947, 7.377399921417236, 7.001999855041504, 6.856599807739258, 7.281000137329102, 7.503200054168701, 6.872200012207031, 6.932600021362305, 7.770999908447266, 7.658999919891357, 7.207600116729736, 7.343299865722656, 7.592199802398682, 7.540299892425537, 7.165200233459473, 8.02560043334961, 7.760499954223633, 7.660900115966797, 7.47629976272583, 6.363900184631348, 7.725500106811523, 7.805799961090088, 6.794899940490723, 7.387400150299072, 7.464200019836426, 7.627299785614014, 7.350900173187256, 7.730299949645996, 6.684000015258789, 7.416399955749512, 7.907800197601318, 7.69350004196167, 7.557700157165527]"
