item_id,start,freq,target
T423,2014-12-29,W-SUN,"[6.582699775695801, 8.550700187683105, 6.085999965667725, 8.629500389099121, 9.571200370788574, 9.71030044555664, 9.317000389099121, 9.38700008392334, 8.590299606323242, 9.698200225830078, 9.921099662780762, 9.486599922180176, 9.223999977111816, 8.640000343322754, 9.472800254821777, 9.593999862670898, 9.724499702453613, 9.963299751281738, 9.568499565124512, 9.895400047302246, 8.610799789428711, 9.261300086975098, 9.470100402832031, 9.556300163269043, 9.490400314331055, 9.129400253295898, 8.505499839782715, 9.27280044555664, 9.306900024414062, 9.123000144958496, 8.733499526977539, 9.053999900817871, 9.207300186157227, 10.096699714660645, 10.862000465393066, 9.172599792480469, 10.695799827575684, 10.597299575805664, 9.853400230407715, 9.844099998474121, 9.337400436401367, 9.724200248718262, 9.97089958190918, 8.111599922180176, 8.72599983215332, 8.939499855041504, 8.652199745178223, 8.270299911499023, 6.396999835968018, 9.8725004196167, 9.594200134277344, 6.181700229644775, 7.198999881744385, 8.774800300598145, 8.361300468444824, 9.194899559020996, 9.398300170898438, 9.396699905395508, 9.255800247192383, 9.268600463867188, 9.133500099182129, 8.56350040435791, 8.667900085449219, 7.930500030517578, 8.444999694824219, 8.636099815368652, 9.111599922180176, 9.616900444030762, 9.660099983215332, 9.701000213623047, 9.596799850463867, 9.57699966430664, 9.755000114440918, 8.497900009155273, 9.16919994354248, 9.368300437927246, 9.156999588012695, 9.206600189208984, 7.936800003051758, 9.037799835205078, 8.602399826049805, 8.757800102233887, 8.765199661254883, 8.70580005645752, 9.026399612426758, 9.87969970703125, 9.86139965057373, 8.606599807739258, 9.799500465393066, 9.8149995803833, 10.059100151062012, 9.745800018310547, 9.649100303649902, 9.524999618530273, 8.93690013885498, 8.216699600219727]"
