item_id,start,freq,target
T243,2015-01-18 00:00:00,W-SUN,"[7.700500011444092, 7.700500011444092, 7.700500011444092, 9.015000343322754, 11.091099739074707, 10.40410041809082, 11.684200286865234, 12.07040023803711, 11.808600425720215, 11.921099662780762, 11.508700370788574, 12.137200355529785, 11.965999603271484, 11.67609977722168, 11.717700004577637, 11.788999557495117, 11.75879955291748, 10.765899658203125, 11.806099891662598, 11.964400291442871, 11.910900115966797, 12.223799705505371, 12.27079963684082, 10.36050033569336, 12.198599815368652, 11.705900192260742, 11.862799644470215, 10.42959976196289, 11.587300300598145, 11.820099830627441, 11.857199668884277, 11.340399742126465, 10.849699974060059, 11.544400215148926, 11.93690013885498, 11.825300216674805, 11.833700180053711, 11.83650016784668, 11.825200080871582, 11.67609977722168, 11.501099586486816, 11.592499732971191, 11.537300109863281, 11.443400382995605, 10.22719955444336, 11.824299812316895, 11.860899925231934, 12.017200469970703, 8.959699630737305, 9.703300476074219, 11.67650032043457, 11.071599960327148, 11.289799690246582, 11.44729995727539, 11.472299575805664, 11.41469955444336, 11.643899917602539, 11.075599670410156, 9.972100257873535, 9.85949993133545, 10.081999778747559, 11.23840045928955, 11.119199752807617, 11.45580005645752, 12.227800369262695, 11.80459976196289, 12.107600212097168, 11.768199920654297, 12.186200141906738, 11.882699966430664, 11.087300300598145, 12.158100128173828, 12.724900245666504, 12.46969985961914, 12.726499557495117, 10.89490032196045, 12.659299850463867, 11.974699974060059, 13.77869987487793, 13.626299858093262, 12.176799774169922, 12.085000038146973, 12.194299697875977, 13.466300010681152, 11.172300338745117, 11.912300109863281, 12.833900451660156, 13.624799728393555, 10.273799896240234, 11.889800071716309]"
