item_id,start,freq,target
T827,2015-02-08 00:00:00,W-SUN,"[7.11359977722168, 7.107800006866455, 6.357100009918213, 7.351600170135498, 7.283299922943115, 7.263199806213379, 7.316100120544434, 7.128499984741211, 7.163899898529053, 7.426300048828125, 7.249000072479248, 7.335999965667725, 7.256499767303467, 7.164599895477295, 6.360799789428711, 7.230999946594238, 7.149499893188477, 6.711699962615967, 8.225000381469727, 10.002599716186523, 9.325799942016602, 9.965999603271484, 10.016599655151367, 9.029500007629395, 9.791399955749512, 9.815199851989746, 9.05370044708252, 9.578399658203125, 6.541399955749512, 9.343199729919434, 9.844900131225586, 9.912300109863281, 6.547100067138672, 9.83899974822998, 6.6427001953125, 7.628300189971924, 7.4899001121521, 7.493299961090088, 7.46619987487793, 6.053800106048584, 7.014100074768066, 6.122900009155273, 7.006899833679199, 8.04259967803955, 8.350199699401855, 6.146299839019775, 6.332799911499023, 7.291500091552734, 7.497000217437744, 7.421800136566162, 6.837600231170654, 7.355400085449219, 7.302700042724609, 7.489799976348877, 7.615200042724609, 7.396999835968018, 7.462600231170654, 7.595300197601318, 7.4953999519348145, 7.44350004196167, 7.310200214385986, 7.558800220489502, 7.505199909210205, 7.335100173950195, 6.644700050354004, 5.210899829864502, 6.167099952697754, 5.821499824523926, 5.839399814605713, 5.20550012588501, 4.952700138092041, 5.673699855804443, 4.6006999015808105, 5.323599815368652, 5.019700050354004, 5.5279998779296875, 5.422399997711182, 4.7459001541137695, 5.390699863433838, 6.081099987030029, 7.5690999031066895, 7.062399864196777, 6.883800029754639, 5.765600204467773, 6.535900115966797, 3.5947999954223633, 6.046800136566162, 6.884399890899658, 5.597300052642822, 6.366600036621094]"
