item_id,start,freq,target
T621,2014-12-29,W-SUN,"[9.848899841308594, 10.57409954071045, 9.536499977111816, 9.295900344848633, 9.456000328063965, 10.089799880981445, 9.731499671936035, 10.132800102233887, 8.423500061035156, 9.40410041809082, 10.105600357055664, 9.680100440979004, 9.647100448608398, 9.410499572753906, 9.901300430297852, 10.02649974822998, 9.5024995803833, 10.188899993896484, 10.185400009155273, 10.03909969329834, 10.371600151062012, 9.738300323486328, 10.27649974822998, 9.214300155639648, 9.716500282287598, 9.645700454711914, 8.548800468444824, 9.904500007629395, 9.49470043182373, 10.216400146484375, 9.362199783325195, 9.811400413513184, 10.036299705505371, 10.378199577331543, 10.137499809265137, 10.380599975585938, 11.422100067138672, 10.692299842834473, 10.760899543762207, 11.103500366210938, 10.698399543762207, 11.647500038146973, 11.195899963378906, 12.163999557495117, 11.123499870300293, 11.401000022888184, 10.442299842834473, 10.937800407409668, 10.342499732971191, 11.54990005493164, 12.734299659729004, 8.448100090026855, 8.4891996383667, 9.642399787902832, 10.333600044250488, 10.628800392150879, 11.177399635314941, 10.466400146484375, 10.331199645996094, 9.763899803161621, 9.632399559020996, 9.523599624633789, 9.784600257873535, 9.96660041809082, 9.41670036315918, 9.246199607849121, 10.10890007019043, 9.867600440979004, 9.87399959564209, 9.786100387573242, 9.95300006866455, 10.757699966430664, 10.481399536132812, 9.853099822998047, 9.746600151062012, 10.860300064086914, 9.672900199890137, 9.658300399780273, 8.71500015258789, 10.187899589538574, 9.994799613952637, 9.48449993133545, 9.158699989318848, 9.560400009155273, 9.91569995880127, 10.684499740600586, 10.489100456237793, 9.914999961853027, 10.287799835205078, 11.646400451660156, 11.71030044555664, 8.274100303649902, 10.487099647521973, 11.198800086975098, 11.366100311279297, 10.2391996383667]"
