item_id,start,freq,target
T417,2014-12-29,W-SUN,"[7.803800106048584, 9.285200119018555, 6.975100040435791, 8.610400199890137, 8.107000350952148, 8.696399688720703, 8.039600372314453, 8.28689956665039, 7.93120002746582, 8.788200378417969, 8.927900314331055, 9.66919994354248, 9.161299705505371, 9.087599754333496, 9.94629955291748, 9.912500381469727, 10.220499992370605, 9.565099716186523, 9.385299682617188, 9.817999839782715, 9.502599716186523, 9.883500099182129, 9.877599716186523, 10.07919979095459, 10.131799697875977, 9.831500053405762, 8.906800270080566, 10.241700172424316, 10.999699592590332, 11.133700370788574, 11.73639965057373, 10.660300254821777, 10.166799545288086, 10.226699829101562, 11.115400314331055, 9.576399803161621, 9.805500030517578, 9.828900337219238, 9.935600280761719, 10.043999671936035, 9.920100212097168, 10.547800064086914, 10.775300025939941, 9.969499588012695, 10.405799865722656, 10.591899871826172, 11.31779956817627, 10.706199645996094, 10.333399772644043, 10.4173002243042, 11.694199562072754, 9.779999732971191, 7.916100025177002, 9.590499877929688, 10.10770034790039, 10.005399703979492, 10.703700065612793, 10.81350040435791, 11.081399917602539, 11.790800094604492, 10.750399589538574, 10.049400329589844, 10.00510025024414, 10.600700378417969, 11.3100004196167, 10.231900215148926, 9.981599807739258, 10.696100234985352, 10.444700241088867, 10.621999740600586, 10.71969985961914, 11.171899795532227, 11.07390022277832, 10.850799560546875, 10.76830005645752, 11.344599723815918, 11.197600364685059, 10.901100158691406, 10.57289981842041, 11.508899688720703, 11.714500427246094, 11.895700454711914, 11.965700149536133, 12.066300392150879, 11.7746000289917, 11.710100173950195, 11.449799537658691, 10.515199661254883, 11.720000267028809, 11.531900405883789, 11.945899963378906, 9.800800323486328, 11.9173002243042, 11.455599784851074, 11.913900375366211, 10.687000274658203]"
