item_id,start,freq,target
T234,2015-01-18 00:00:00,W-SUN,"[[9.08590030670166, 10.245400428771973, 9.518600463867188, 8.468999862670898, 9.726799964904785, 7.638500213623047, 9.95479965209961, 10.365699768066406, 11.132699966430664, 10.720600128173828, 10.550299644470215, 10.089699745178223, 10.756500244140625, 7.269800186157227, 9.842399597167969, 13.677900314331055, 10.57800006866455, 11.753100395202637, 10.263799667358398, 10.61870002746582, 9.72189998626709, 10.314299583435059, 9.699000358581543, 8.969499588012695, 10.523599624633789, 10.5516996383667, 9.12559986114502, 10.499699592590332, 10.387299537658691, 10.157899856567383, 10.163100242614746, 8.837400436401367, 8.789899826049805, 10.910300254821777, 10.819100379943848, 7.438499927520752, 10.232999801635742, 9.771599769592285, 3.752000093460083, 3.889899969100952, 3.8847999572753906, 3.889899969100952, 3.889899969100952, 3.889899969100952, 3.889899969100952, 3.889899969100952, 3.889899969100952, 3.889899969100952, 3.889899969100952, 3.889899969100952, 3.889899969100952, 3.889899969100952, 3.889899969100952, 4.041999816894531, 6.347300052642822, 6.817599773406982, 6.1579999923706055, 6.665900230407715, 5.087299823760986, 6.292500019073486, 6.436299800872803, 6.1539998054504395, 6.177499771118164, 5.3221001625061035, 6.609099864959717, 7.552599906921387, 7.816500186920166, 6.697299957275391, 6.260700225830078, 7.625, 6.164400100708008, 6.642600059509277, 6.358500003814697, 6.762199878692627, 6.535900115966797, 6.006700038909912, 7.460700035095215, 7.1855998039245605, 7.597799777984619, 7.204500198364258, 7.490200042724609, 7.8379998207092285, 8.06190013885498, 10.18179988861084, 6.4832000732421875, 8.604299545288086, 8.296199798583984, 7.678999900817871, 6.133200168609619, 6.690000057220459]]"
