item_id,start,freq,target
T801,2014-12-29,W-SUN,"[6.020100116729736, 6.599899768829346, 8.032400131225586, 7.15939998626709, 8.70419979095459, 9.256799697875977, 7.471199989318848, 6.716000080108643, 5.242400169372559, 4.82450008392334, 4.822299957275391, 4.822299957275391, 5.73330020904541, 5.73330020904541, 5.950699806213379, 5.793499946594238, 6.172299861907959, 5.587600231170654, 6.180200099945068, 5.612500190734863, 5.984000205993652, 4.8256001472473145, 5.677599906921387, 5.600200176239014, 6.357600212097168, 5.62529993057251, 5.535799980163574, 6.105100154876709, 6.01669979095459, 4.642899990081787, 5.592199802398682, 5.9604997634887695, 5.429100036621094, 4.673500061035156, 5.73330020904541, 5.73330020904541, 5.73330020904541, 5.73330020904541, 5.73330020904541, 5.73330020904541, 5.73330020904541, 5.73330020904541, 5.396500110626221, 5.725399971008301, 5.73330020904541, 5.73330020904541, 5.86299991607666, 6.428699970245361, 6.950200080871582, 8.927900314331055, 6.762899875640869, 5.748899936676025, 5.058899879455566, 5.73330020904541, 5.73330020904541, 5.73330020904541, 5.73330020904541, 5.73330020904541, 5.734000205993652, 5.73330020904541, 5.73330020904541, 5.73330020904541, 5.735499858856201, 5.73330020904541, 5.73330020904541, 5.73330020904541, 5.73330020904541, 5.73330020904541, 5.73330020904541, 5.73330020904541, 5.73330020904541, 5.73330020904541, 5.73330020904541, 5.73330020904541, 5.73330020904541, 5.73330020904541, 5.73330020904541, 5.73330020904541, 5.73330020904541, 5.73330020904541, 5.73330020904541, 5.73330020904541, 5.73330020904541, 5.73330020904541, 5.73330020904541, 5.73330020904541, 5.73330020904541, 5.73330020904541, 5.73330020904541, 5.73330020904541, 5.73330020904541, 5.73330020904541, 5.73330020904541, 5.73330020904541, 5.73330020904541, 5.73330020904541]"
