item_id,start,freq,target
T205,2014-12-29,W-SUN,"[4.691800117492676, 7.3277997970581055, 6.826300144195557, 6.708499908447266, 6.824999809265137, 6.807400226593018, 6.729300022125244, 6.939899921417236, 6.301499843597412, 7.4166998863220215, 7.193699836730957, 7.566699981689453, 7.353400230407715, 7.0914998054504395, 7.0258002281188965, 7.219900131225586, 7.1697001457214355, 7.394499778747559, 6.599299907684326, 6.371799945831299, 6.217899799346924, 8.108099937438965, 7.407100200653076, 7.480299949645996, 7.510000228881836, 7.689899921417236, 6.8282999992370605, 7.6016998291015625, 7.614699840545654, 7.6331000328063965, 7.45389986038208, 7.362500190734863, 7.585000038146973, 7.077199935913086, 7.628799915313721, 7.695099830627441, 7.470099925994873, 7.887899875640869, 7.061100006103516, 7.375100135803223, 7.702499866485596, 6.249000072479248, 8.397600173950195, 7.7795000076293945, 6.319399833679199, 6.379300117492676, 6.343200206756592, 5.976200103759766, 5.823299884796143, 6.462900161743164, 6.678500175476074, 5.52869987487793, 5.970300197601318, 6.721199989318848, 6.535999774932861, 6.61929988861084, 6.857800006866455, 6.843200206756592, 6.818900108337402, 6.924099922180176, 7.118199825286865, 6.369999885559082, 6.535299777984619, 7.48769998550415, 7.078499794006348, 6.918900012969971, 6.915900230407715, 7.2729997634887695, 7.113500118255615, 7.395500183105469, 7.360400199890137, 7.518799781799316, 7.347700119018555, 5.051499843597412, 4.570899963378906, 4.469299793243408, 4.578499794006348, 6.958399772644043, 6.86959981918335, 7.462299823760986, 5.881199836730957, 4.552700042724609, 4.572700023651123, 4.3531999588012695, 4.497499942779541, 4.74970006942749, 4.8703999519348145, 6.706500053405762, 7.508699893951416, 8.329400062561035, 7.374899864196777, 5.92110013961792, 8.201600074768066, 7.013000011444092, 7.226200103759766, 7.43779993057251]"
