item_id,start,freq,target
T658,2014-12-29,W-SUN,"[6.77239990234375, 5.878900051116943, 8.453900337219238, 6.515699863433838, 9.090399742126465, 8.284600257873535, 7.950500011444092, 8.414199829101562, 6.9309000968933105, 8.679200172424316, 9.217000007629395, 7.561600208282471, 7.815100193023682, 7.850599765777588, 7.920899868011475, 5.645899772644043, 3.889899969100952, 3.889899969100952, 3.889899969100952, 8.133199691772461, 11.145899772644043, 9.401900291442871, 10.155599594116211, 10.933099746704102, 10.733599662780762, 10.12399959564209, 10.274900436401367, 10.409199714660645, 10.229299545288086, 11.229000091552734, 10.733699798583984, 10.738800048828125, 10.531900405883789, 10.385899543762207, 9.792499542236328, 10.692099571228027, 9.64900016784668, 10.8503999710083, 9.148699760437012, 9.724300384521484, 8.686100006103516, 9.004300117492676, 8.493499755859375, 8.52750015258789, 4.297299861907959, 3.889899969100952, 7.331699848175049, 9.014399528503418, 5.248000144958496, 8.04319953918457, 8.044300079345703, 7.645599842071533, 7.519700050354004, 7.5543999671936035, 7.4567999839782715, 7.158899784088135, 8.152299880981445, 7.836299896240234, 8.128600120544434, 8.768400192260742, 9.177599906921387, 8.344799995422363, 8.299699783325195, 10.189800262451172, 11.005800247192383, 10.50059986114502, 9.931599617004395, 10.664400100708008, 10.140700340270996, 10.38290023803711, 10.407999992370605, 10.802200317382812, 10.995699882507324, 12.046600341796875, 11.122900009155273, 11.013400077819824, 11.413999557495117, 11.374099731445312, 11.00730037689209, 11.567099571228027, 11.32759952545166, 11.265700340270996, 12.101099967956543, 11.665399551391602, 11.444499969482422, 11.133600234985352, 10.970999717712402, 11.359800338745117, 9.981100082397461, 11.08810043334961, 10.975099563598633, 8.579099655151367, 10.670299530029297, 10.36620044708252, 11.009499549865723, 9.182100296020508]"
