item_id,start,freq,target
T151,2014-12-29,W-SUN,"[9.127900123596191, 11.664400100708008, 8.721199989318848, 11.669300079345703, 12.967300415039062, 12.962800025939941, 13.353899955749512, 13.526700019836426, 12.91450023651123, 13.869799613952637, 12.821700096130371, 13.915200233459473, 14.54990005493164, 13.179400444030762, 13.396599769592285, 13.406599998474121, 13.404000282287598, 13.239800453186035, 13.932900428771973, 14.559200286865234, 12.164299964904785, 13.495599746704102, 14.565299987792969, 12.89490032196045, 13.887399673461914, 13.593000411987305, 11.98840045928955, 15.710700035095215, 14.94629955291748, 13.808600425720215, 14.106800079345703, 14.174300193786621, 13.170999526977539, 14.500900268554688, 14.36929988861084, 12.615799903869629, 15.110400199890137, 16.123600006103516, 14.350799560546875, 15.151100158691406, 14.849200248718262, 16.326099395751953, 14.673700332641602, 16.54789924621582, 14.03339958190918, 16.914199829101562, 15.18529987335205, 11.86050033569336, 14.527799606323242, 15.114700317382812, 15.557999610900879, 9.63860034942627, 10.17300033569336, 13.098899841308594, 12.946100234985352, 12.817299842834473, 14.19260025024414, 15.797100067138672, 14.831399917602539, 14.671299934387207, 14.014100074768066, 13.992199897766113, 14.684499740600586, 13.205699920654297, 14.136500358581543, 14.392399787902832, 14.392000198364258, 18.900999069213867, 15.262200355529785, 14.667799949645996, 17.073999404907227, 15.807600021362305, 16.588499069213867, 14.707599639892578, 16.122800827026367, 15.524100303649902, 15.757200241088867, 14.965100288391113, 12.896100044250488, 14.663299560546875, 16.186399459838867, 15.139800071716309, 16.60770034790039, 15.22719955444336, 14.325599670410156, 16.344499588012695, 17.25309944152832, 13.668499946594238, 16.78260040283203, 17.721399307250977, 17.113500595092773, 16.118000030517578, 16.77989959716797, 15.871999740600586, 14.651399612426758, 16.18280029296875]"
