item_id,start,freq,target
T131,2014-12-29,W-SUN,"[11.553600311279297, 15.78439998626709, 10.752699851989746, 14.183799743652344, 16.677499771118164, 16.79990005493164, 15.342399597167969, 16.462600708007812, 14.455499649047852, 16.821199417114258, 16.55069923400879, 16.542999267578125, 16.528799057006836, 15.227100372314453, 16.17530059814453, 16.881399154663086, 16.372499465942383, 16.614900588989258, 17.882099151611328, 17.224199295043945, 15.334199905395508, 16.70639991760254, 16.985300064086914, 16.61669921875, 16.485599517822266, 16.898700714111328, 14.456199645996094, 16.55660057067871, 16.587400436401367, 16.667699813842773, 16.62339973449707, 16.712499618530273, 14.3774995803833, 16.71780014038086, 15.185400009155273, 14.694199562072754, 16.697999954223633, 16.228500366210938, 14.739399909973145, 16.56170082092285, 15.8548002243042, 16.597999572753906, 16.885499954223633, 16.35919952392578, 16.13279914855957, 16.5447998046875, 15.975700378417969, 13.619999885559082, 15.188400268554688, 17.21540069580078, 15.63379955291748, 10.506799697875977, 13.501700401306152, 15.975000381469727, 15.097399711608887, 16.037799835205078, 16.40690040588379, 16.488300323486328, 14.373700141906738, 15.988300323486328, 16.26919937133789, 16.431499481201172, 16.18630027770996, 14.694700241088867, 16.312999725341797, 15.689200401306152, 16.2007999420166, 16.25950050354004, 15.663999557495117, 16.32979965209961, 16.360200881958008, 16.126699447631836, 17.099300384521484, 15.163000106811523, 16.490800857543945, 16.33289909362793, 15.444100379943848, 15.46310043334961, 13.580599784851074, 16.589500427246094, 14.329899787902832, 13.127099990844727, 12.334500312805176, 13.113300323486328, 11.576199531555176, 11.214500427246094, 11.650400161743164, 9.875, 10.886899948120117, 10.147899627685547, 10.42080020904541, 10.238200187683105, 10.339599609375, 10.475700378417969, 10.444499969482422, 10.109800338745117]"
