item_id,start,freq,target
T649,2014-12-29,W-SUN,"[6.6529998779296875, 7.2382001876831055, 9.091400146484375, 8.399200439453125, 9.120200157165527, 9.058199882507324, 9.50409984588623, 9.381099700927734, 8.40939998626709, 9.68970012664795, 9.777799606323242, 10.028200149536133, 10.7121000289917, 10.487099647521973, 10.291399955749512, 10.240400314331055, 10.777199745178223, 11.62030029296875, 11.851799964904785, 10.2947998046875, 11.467599868774414, 10.347599983215332, 10.541399955749512, 11.32699966430664, 10.948599815368652, 10.820099830627441, 10.555500030517578, 10.820699691772461, 10.840700149536133, 11.791299819946289, 11.087300300598145, 11.172200202941895, 10.870499610900879, 9.802200317382812, 10.83489990234375, 10.850000381469727, 10.168399810791016, 10.741299629211426, 10.650199890136719, 10.496999740600586, 9.342000007629395, 11.860699653625488, 10.03380012512207, 10.273599624633789, 11.192500114440918, 11.035900115966797, 12.763799667358398, 11.293700218200684, 8.652899742126465, 10.784600257873535, 11.825599670410156, 9.463500022888184, 9.353500366210938, 10.031499862670898, 10.668600082397461, 10.731300354003906, 9.85319995880127, 10.92549991607666, 9.749799728393555, 9.821700096130371, 5.265100002288818, 5.73330020904541, 5.735499858856201, 5.73330020904541, 5.73330020904541, 6.608399868011475, 10.705699920654297, 11.319000244140625, 11.309399604797363, 11.443400382995605, 11.401599884033203, 11.710700035095215, 11.993800163269043, 12.420499801635742, 12.050700187683105, 11.890700340270996, 11.230500221252441, 10.734199523925781, 11.164199829101562, 10.501700401306152, 11.093000411987305, 11.009400367736816, 11.919099807739258, 11.652700424194336, 11.741600036621094, 9.104700088500977, 11.047499656677246, 11.078499794006348, 11.124199867248535, 11.383099555969238, 11.843299865722656, 10.14490032196045, 10.105400085449219, 10.944299697875977, 11.42389965057373, 9.845800399780273]"
