item_id,start,freq,target
T539,2014-12-29,W-SUN,"[7.597799777984619, 9.517499923706055, 9.131600379943848, 8.620599746704102, 9.364299774169922, 9.36620044708252, 8.95259952545166, 9.393500328063965, 8.440899848937988, 9.801600456237793, 9.796699523925781, 10.080300331115723, 9.23390007019043, 8.643799781799316, 9.39490032196045, 9.570500373840332, 9.134099960327148, 9.939200401306152, 9.445799827575684, 9.990500450134277, 9.007399559020996, 9.724100112915039, 10.309200286865234, 10.103699684143066, 10.102800369262695, 9.261899948120117, 8.256799697875977, 9.59119987487793, 9.875800132751465, 9.368399620056152, 9.996500015258789, 9.194299697875977, 9.498100280761719, 10.563899993896484, 9.71500015258789, 9.734100341796875, 10.828700065612793, 10.614100456237793, 10.316200256347656, 10.269800186157227, 10.60789966583252, 11.144700050354004, 10.812199592590332, 10.925000190734863, 9.84469985961914, 10.761099815368652, 9.513199806213379, 8.926600456237793, 9.711899757385254, 10.96560001373291, 9.19540023803711, 7.1244001388549805, 8.56820011138916, 9.560400009155273, 9.668000221252441, 9.004899978637695, 9.250900268554688, 10.235600471496582, 9.280699729919434, 10.278300285339355, 9.906900405883789, 9.97719955444336, 9.394599914550781, 9.793000221252441, 9.208700180053711, 9.77649974822998, 10.162799835205078, 10.437199592590332, 10.811200141906738, 10.366999626159668, 10.099100112915039, 10.305899620056152, 10.371899604797363, 9.729399681091309, 10.61620044708252, 10.467399597167969, 10.378199577331543, 10.337599754333496, 8.608400344848633, 10.184700012207031, 10.722000122070312, 9.658100128173828, 9.752799987792969, 10.208000183105469, 10.006699562072754, 10.78439998626709, 11.550100326538086, 10.222200393676758, 11.772700309753418, 12.263899803161621, 11.820300102233887, 11.750100135803223, 11.488699913024902, 11.804100036621094, 12.058899879455566, 11.081899642944336]"
