item_id,start,freq,target
T627,2015-01-04 00:00:00,W-SUN,"[16.63279914855957, 10.799400329589844, 14.372099876403809, 16.77739906311035, 15.066900253295898, 15.47189998626709, 15.812399864196777, 13.87279987335205, 19.180700302124023, 18.010000228881836, 18.846099853515625, 17.999900817871094, 17.08839988708496, 18.320199966430664, 18.886899948120117, 18.307600021362305, 17.83169937133789, 19.388900756835938, 19.542999267578125, 17.627700805664062, 19.37420082092285, 19.420700073242188, 20.983600616455078, 20.160900115966797, 20.47920036315918, 16.775699615478516, 20.238800048828125, 18.048099517822266, 19.670000076293945, 18.989099502563477, 20.546199798583984, 16.760900497436523, 19.12619972229004, 19.382299423217773, 17.123300552368164, 19.30699920654297, 19.076900482177734, 17.034900665283203, 17.27079963684082, 16.77720069885254, 18.086200714111328, 19.58639907836914, 17.723499298095703, 18.023799896240234, 17.946199417114258, 18.664100646972656, 14.354999542236328, 16.822399139404297, 17.77280044555664, 19.01580047607422, 15.586199760437012, 14.038299560546875, 15.291999816894531, 18.136499404907227, 15.610699653625488, 17.648099899291992, 15.646300315856934, 17.476299285888672, 17.373300552368164, 17.74850082397461, 17.244300842285156, 19.313199996948242, 17.99920082092285, 16.93720054626465, 18.528400421142578, 18.2893009185791, 18.762300491333008, 17.533199310302734, 14.112799644470215, 16.5314998626709, 16.90049934387207, 16.6117000579834, 16.076200485229492, 17.015100479125977, 17.771400451660156, 16.632600784301758, 16.356199264526367, 13.994000434875488, 15.462300300598145, 17.374399185180664, 15.70930004119873, 18.00309944152832, 16.211000442504883, 17.77910041809082, 15.412500381469727, 14.785900115966797, 15.206500053405762, 14.285200119018555, 15.23490047454834, 14.734100341796875]"
