item_id,start,freq,target
T488,2014-12-29,W-SUN,"[7.043300151824951, 7.876299858093262, 7.764999866485596, 7.763599872589111, 7.809000015258789, 6.904900074005127, 7.136600017547607, 7.037199974060059, 6.440499782562256, 6.266600131988525, 7.033400058746338, 7.084499835968018, 7.092199802398682, 6.9141998291015625, 7.2270002365112305, 7.191699981689453, 7.37939977645874, 7.118599891662598, 7.005199909210205, 7.0183000564575195, 6.595799922943115, 7.1392998695373535, 7.145899772644043, 7.120500087738037, 7.1641998291015625, 6.969799995422363, 6.861100196838379, 7.160399913787842, 7.061299800872803, 7.496699810028076, 7.539700031280518, 7.466599941253662, 7.357699871063232, 7.4878997802734375, 7.195700168609619, 6.979599952697754, 7.425300121307373, 7.885499954223633, 7.410799980163574, 7.475200176239014, 7.404300212860107, 7.422999858856201, 7.451600074768066, 7.187600135803223, 7.469099998474121, 7.334499835968018, 7.422999858856201, 6.616000175476074, 7.370299816131592, 7.43779993057251, 7.641600131988525, 6.263599872589111, 6.222400188446045, 7.162600040435791, 7.157599925994873, 7.179200172424316, 6.639200210571289, 7.1468000411987305, 7.089799880981445, 7.3302998542785645, 7.31279993057251, 7.102099895477295, 7.293300151824951, 7.540200233459473, 7.611800193786621, 7.424300193786621, 7.419000148773193, 7.566800117492676, 7.543600082397461, 7.632999897003174, 7.722099781036377, 7.942200183868408, 7.872700214385986, 7.451900005340576, 7.950500011444092, 8.125499725341797, 8.018400192260742, 7.987800121307373, 7.214900016784668, 7.933899879455566, 7.8993000984191895, 7.393700122833252, 7.767499923706055, 7.774799823760986, 7.929999828338623, 7.805699825286865, 7.729800224304199, 7.098499774932861, 7.72189998626709, 7.8582000732421875, 7.69290018081665, 7.761300086975098, 7.738999843597412, 7.4720001220703125, 7.704400062561035, 7.452600002288818]"
