item_id,start,freq,target
T609,2014-12-29,W-SUN,"[11.318300247192383, 15.110899925231934, 9.225299835205078, 13.492199897766113, 15.702300071716309, 16.276199340820312, 12.547900199890137, 14.639699935913086, 12.611599922180176, 16.148500442504883, 16.330799102783203, 16.05459976196289, 16.50200080871582, 14.867500305175781, 15.86050033569336, 17.0137996673584, 16.216899871826172, 16.41860008239746, 16.915599822998047, 16.1210994720459, 15.70259952545166, 16.89739990234375, 16.391799926757812, 16.316499710083008, 16.921300888061523, 16.926799774169922, 15.594900131225586, 16.340299606323242, 16.54840087890625, 14.711600303649902, 16.785200119018555, 15.691699981689453, 12.0625, 16.105899810791016, 18.414499282836914, 15.5024995803833, 17.317899703979492, 17.048599243164062, 12.228300094604492, 18.000200271606445, 15.593199729919434, 17.52899932861328, 17.16029930114746, 17.260000228881836, 16.251800537109375, 17.815000534057617, 18.001699447631836, 16.630300521850586, 13.516300201416016, 18.256200790405273, 14.987899780273438, 15.026900291442871, 15.094799995422363, 17.034500122070312, 16.4153995513916, 17.836299896240234, 18.015300750732422, 18.010299682617188, 12.518099784851074, 14.582599639892578, 16.1924991607666, 17.835599899291992, 18.083200454711914, 14.706500053405762, 17.007400512695312, 15.625200271606445, 17.990400314331055, 17.22640037536621, 17.313800811767578, 17.282100677490234, 17.701099395751953, 19.04360008239746, 17.584999084472656, 17.325000762939453, 18.387100219726562, 17.260400772094727, 18.288700103759766, 17.69499969482422, 16.00040054321289, 13.584099769592285, 12.461799621582031, 12.161600112915039, 12.380499839782715, 12.316399574279785, 12.51039981842041, 13.394499778747559, 14.014100074768066, 12.516500473022461, 14.162799835205078, 15.065400123596191, 13.950699806213379, 14.081899642944336, 13.99489974975586, 12.677900314331055, 14.71150016784668, 13.88129997253418]"
