item_id,start,freq,target
T408,2014-12-29,W-SUN,"[3.4107000827789307, 6.327700138092041, 4.232100009918213, 3.854300022125244, 4.091800212860107, 4.448599815368652, 3.942199945449829, 4.4903998374938965, 3.7500998973846436, 4.335000038146973, 4.186299800872803, 4.13040018081665, 4.4191999435424805, 3.9763998985290527, 3.934999942779541, 4.259300231933594, 4.120100021362305, 4.295100212097168, 4.282199859619141, 4.554999828338623, 4.164899826049805, 3.932499885559082, 4.531799793243408, 4.6921000480651855, 4.594399929046631, 4.697000026702881, 3.626800060272217, 4.46619987487793, 4.676199913024902, 4.493599891662598, 4.297399997711182, 4.296599864959717, 4.527299880981445, 4.500999927520752, 4.479300022125244, 3.986799955368042, 4.630199909210205, 4.854400157928467, 4.292300224304199, 4.963699817657471, 4.073500156402588, 4.450500011444092, 4.213600158691406, 4.383600234985352, 4.702000141143799, 4.783199787139893, 4.260200023651123, 4.115499973297119, 4.985099792480469, 4.644400119781494, 4.340099811553955, 2.9807000160217285, 3.763700008392334, 5.36359977722168, 4.410399913787842, 4.942999839782715, 4.804800033569336, 4.433000087738037, 4.438000202178955, 4.251500129699707, 4.436100006103516, 4.615900039672852, 4.64139986038208, 4.5152997970581055, 4.065000057220459, 3.9330999851226807, 3.893399953842163, 3.917099952697754, 4.270899772644043, 4.380099773406982, 4.581600189208984, 4.399899959564209, 4.896200180053711, 4.0030999183654785, 4.7104997634887695, 4.763999938964844, 4.22730016708374, 4.257800102233887, 3.5548999309539795, 4.137899875640869, 4.743199825286865, 4.6280999183654785, 4.406099796295166, 4.15939998626709, 4.250400066375732, 4.591599941253662, 4.457600116729736, 3.540800094604492, 4.356100082397461, 4.847700119018555, 4.474699974060059, 4.434500217437744, 4.455999851226807, 4.588900089263916, 3.902400016784668, 4.590000152587891]"
