item_id,start,freq,target
T39,2015-01-25 00:00:00,W-SUN,"[[9.44849967956543, 9.579000473022461, 6.405799865722656, 7.974299907684326, 6.996300220489502, 9.429699897766113, 9.879899978637695, 9.612799644470215, 9.67590045928955, 9.566100120544434, 9.909199714660645, 9.826399803161621, 9.784700393676758, 9.441900253295898, 9.564599990844727, 9.331100463867188, 9.376500129699707, 9.43120002746582, 9.208499908447266, 9.37440013885498, 9.430000305175781, 9.323599815368652, 8.973199844360352, 9.345199584960938, 9.529600143432617, 8.636799812316895, 9.362099647521973, 9.223099708557129, 6.006100177764893, 9.282699584960938, 9.125, 8.755800247192383, 9.227800369262695, 9.305100440979004, 6.2469000816345215, 9.578800201416016, 8.553000450134277, 9.544400215148926, 9.208600044250488, 9.134200096130371, 9.416799545288086, 9.19219970703125, 9.345199584960938, 8.624899864196777, 6.663300037384033, 7.87470006942749, 6.941800117492676, 6.386000156402588, 6.523900032043457, 6.771599769592285, 7.428899765014648, 7.387199878692627, 7.2606000900268555, 7.383500099182129, 7.183599948883057, 7.367099761962891, 6.660200119018555, 9.088700294494629, 9.039600372314453, 6.657599925994873, 9.21679973602295, 8.872699737548828, 9.378199577331543, 8.909899711608887, 9.240799903869629, 9.131999969482422, 6.909200191497803, 8.0826997756958, 8.369600296020508, 7.214200019836426, 7.577199935913086, 7.276400089263916, 7.528600215911865, 7.164299964904785, 6.8582000732421875, 7.584700107574463, 7.835400104522705, 7.12939977645874, 7.1946001052856445, 7.367700099945068, 7.4710001945495605, 7.1620001792907715, 7.057300090789795, 6.795400142669678, 7.162700176239014, 7.877399921417236, 7.725599765777588, 6.826099872589111, 7.451399803161621, 6.955399990081787]]"
