item_id,start,freq,target
T707,2014-12-29,W-SUN,"[4.657299995422363, 5.9475998878479, 5.499100208282471, 5.514599800109863, 5.758800029754639, 5.9842000007629395, 5.719099998474121, 5.955699920654297, 5.264599800109863, 5.946499824523926, 5.918700218200684, 6.4492998123168945, 5.674300193786621, 5.83459997177124, 6.0929999351501465, 6.298099994659424, 6.161099910736084, 6.014100074768066, 5.996099948883057, 6.151599884033203, 5.722899913787842, 6.2829999923706055, 5.822199821472168, 5.783199787139893, 5.843999862670898, 5.880499839782715, 5.291999816894531, 6.457200050354004, 6.377900123596191, 5.78000020980835, 5.918399810791016, 5.972799777984619, 6.049900054931641, 6.126399993896484, 5.980800151824951, 5.964300155639648, 5.334799766540527, 7.234099864959717, 6.4944000244140625, 6.126500129699707, 5.724400043487549, 5.899099826812744, 5.91480016708374, 6.3618998527526855, 5.975500106811523, 6.079100131988525, 5.938799858093262, 5.395599842071533, 6.218900203704834, 6.681000232696533, 6.04640007019043, 4.023399829864502, 6.2459001541137695, 6.0447998046875, 6.4319000244140625, 6.49459981918335, 5.575799942016602, 6.223299980163574, 6.276599884033203, 6.474400043487549, 5.610499858856201, 7.361400127410889, 6.8531999588012695, 6.876800060272217, 6.478799819946289, 5.673699855804443, 6.2469000816345215, 6.393099784851074, 6.5960001945495605, 6.223800182342529, 6.532100200653076, 6.492700099945068, 6.722300052642822, 5.940299987792969, 6.35830020904541, 6.217199802398682, 6.446700096130371, 6.019000053405762, 5.293499946594238, 6.4054999351501465, 6.24429988861084, 5.816699981689453, 5.990300178527832, 5.942800045013428, 6.454400062561035, 5.559199810028076, 6.3821001052856445, 5.84060001373291, 6.663899898529053, 6.371699810028076, 6.190100193023682, 6.431300163269043, 6.239500045776367, 6.721499919891357, 6.881899833679199, 6.362100124359131]"
