item_id,start,freq,target
T25,2015-01-04 00:00:00,W-SUN,"[[8.413299560546875, 9.06309986114502, 13.487299919128418, 10.440699577331543, 14.218799591064453, 14.688300132751465, 9.92300033569336, 11.087200164794922, 5.125100135803223, 5.389999866485596, 5.355599880218506, 5.5100998878479, 8.584799766540527, 10.742300033569336, 9.703700065612793, 14.67490005493164, 6.529900074005127, 7.888800144195557, 10.71969985961914, 10.781100273132324, 8.91569995880127, 7.291999816894531, 7.90339994430542, 11.276700019836426, 7.9070000648498535, 8.05519962310791, 4.547100067138672, 5.733799934387207, 7.161600112915039, 8.740799903869629, 5.087200164794922, 9.585800170898438, 6.7281999588012695, 5.337699890136719, 5.461100101470947, 4.671299934387207, 9.401800155639648, 6.8470001220703125, 7.01639986038208, 5.664000034332275, 5.3084001541137695, 9.906000137329102, 11.639399528503418, 10.338899612426758, 8.189299583435059, 8.413299560546875, 10.738900184631348, 7.051300048828125, 9.564299583435059, 12.314000129699707, 11.689200401306152, 7.083700180053711, 9.402000427246094, 12.337900161743164, 10.043100357055664, 11.359399795532227, 12.034600257873535, 11.31309986114502, 6.5904998779296875, 10.746600151062012, 10.61989974975586, 12.49839973449707, 11.761500358581543, 11.891900062561035, 10.641400337219238, 9.42490005493164, 12.085000038146973, 11.493499755859375, 11.594499588012695, 13.03279972076416, 12.807499885559082, 14.59589958190918, 15.26449966430664, 13.920999526977539, 11.585399627685547, 10.402600288391113, 9.903800010681152, 10.98289966583252, 8.589500427246094, 10.616600036621094, 10.877699851989746, 9.95580005645752, 9.911199569702148, 10.796899795532227, 10.965700149536133, 9.875499725341797, 11.184900283813477, 9.215499877929688, 10.753499984741211, 12.447999954223633]]"
