item_id,start,freq,target
T761,2014-12-29,W-SUN,"[9.462900161743164, 11.878999710083008, 10.517399787902832, 10.676400184631348, 12.496500015258789, 11.364899635314941, 10.038299560546875, 11.505499839782715, 10.041500091552734, 10.511899948120117, 7.6645002365112305, 6.99399995803833, 6.937099933624268, 6.384300231933594, 6.9105000495910645, 6.734300136566162, 5.567399978637695, 7.107900142669678, 7.01200008392334, 7.106100082397461, 6.088500022888184, 6.869900226593018, 6.691199779510498, 6.261899948120117, 6.59499979019165, 6.223400115966797, 5.924300193786621, 9.099800109863281, 6.405300140380859, 6.459499835968018, 7.66379976272583, 6.220699787139893, 5.791100025177002, 6.928100109100342, 4.680200099945068, 6.247399806976318, 6.849800109863281, 7.486800193786621, 5.695400238037109, 7.618599891662598, 6.694499969482422, 6.8180999755859375, 6.649700164794922, 7.03249979019165, 6.881199836730957, 7.009200096130371, 6.584199905395508, 6.1016998291015625, 5.505099773406982, 7.044400215148926, 5.275599956512451, 4.512599945068359, 6.095900058746338, 7.208799839019775, 6.360799789428711, 9.137499809265137, 9.859800338745117, 10.1806001663208, 6.569300174713135, 7.831099987030029, 7.146299839019775, 7.185999870300293, 8.303000450134277, 7.622900009155273, 6.720900058746338, 7.009300231933594, 7.059899806976318, 7.281099796295166, 7.465400218963623, 7.42609977722168, 6.720300197601318, 7.019499778747559, 7.756999969482422, 7.120500087738037, 7.613399982452393, 7.703100204467773, 7.691800117492676, 7.5725998878479, 5.788899898529053, 7.55079984664917, 7.660699844360352, 7.10290002822876, 6.782299995422363, 7.036799907684326, 7.600299835205078, 7.489099979400635, 7.638400077819824, 6.514500141143799, 8.058600425720215, 7.777400016784668, 8.0693998336792, 7.968400001525879, 7.615900039672852, 7.615799903869629, 7.7291998863220215, 7.428800106048584]"
