item_id,start,freq,target
T647,2014-12-29,W-SUN,"[4.019199848175049, 4.527200222015381, 4.468400001525879, 4.506800174713135, 4.653900146484375, 4.468999862670898, 4.579899787902832, 4.633399963378906, 4.156000137329102, 4.649600028991699, 4.571800231933594, 4.509200096130371, 4.641499996185303, 4.662300109863281, 4.767300128936768, 4.843999862670898, 6.171899795532227, 4.644599914550781, 4.805200099945068, 4.790800094604492, 4.519700050354004, 4.845099925994873, 4.72629976272583, 4.584799766540527, 4.816999912261963, 4.598400115966797, 4.776400089263916, 4.613900184631348, 4.613699913024902, 4.608500003814697, 4.628900051116943, 4.550899982452393, 4.5802998542785645, 4.699999809265137, 4.966599941253662, 4.475299835205078, 4.7393999099731445, 4.715099811553955, 6.084499835968018, 8.176400184631348, 7.282400131225586, 7.410200119018555, 7.334400177001953, 7.30810022354126, 7.139699935913086, 6.945000171661377, 4.466400146484375, 4.125699996948242, 4.3495001792907715, 4.576399803161621, 4.530799865722656, 4.077700138092041, 3.940500020980835, 4.38070011138916, 4.311200141906738, 4.436200141906738, 4.105199813842773, 4.5817999839782715, 4.436600208282471, 4.598299980163574, 4.602399826049805, 4.360499858856201, 4.4268999099731445, 4.6707000732421875, 4.693399906158447, 4.682300090789795, 4.671299934387207, 4.740499973297119, 4.708199977874756, 4.723700046539307, 4.7769999504089355, 4.763700008392334, 4.808199882507324, 4.585999965667725, 4.758399963378906, 4.76609992980957, 4.775599956512451, 4.723700046539307, 4.479700088500977, 4.725399971008301, 4.734499931335449, 4.409900188446045, 4.589799880981445, 4.7846999168396, 4.814899921417236, 4.686200141906738, 4.9095001220703125, 4.586699962615967, 4.854899883270264, 4.917799949645996, 4.868199825286865, 4.814300060272217, 4.8703999519348145, 4.088600158691406, 6.62060022354126, 5.559199810028076]"
