item_id,start,freq,target
T778,2014-12-29,W-SUN,"[6.2600998878479, 5.73330020904541, 5.73330020904541, 5.200200080871582, 5.200200080871582, 5.200200080871582, 5.200200080871582, 5.200200080871582, 5.1971001625061035, 5.735499858856201, 5.73330020904541, 8.321100234985352, 8.321100234985352, 8.321100234985352, 8.321100234985352, 8.321100234985352, 5.73330020904541, 5.73330020904541, 5.73330020904541, 5.73330020904541, 5.73330020904541, 5.73330020904541, 5.73330020904541, 5.73330020904541, 5.73330020904541, 5.73330020904541, 5.73330020904541, 5.73330020904541, 5.73330020904541, 5.73330020904541, 5.73330020904541, 5.7418999671936035, 9.815500259399414, 10.721599578857422, 10.664199829101562, 10.348400115966797, 10.438899993896484, 10.545999526977539, 10.738900184631348, 10.521599769592285, 10.476200103759766, 10.625, 10.884499549865723, 10.893699645996094, 10.609399795532227, 10.83240032196045, 11.861599922180176, 9.835000038146973, 10.793999671936035, 10.712800025939941, 11.493599891662598, 9.42710018157959, 9.167400360107422, 10.014900207519531, 10.371100425720215, 10.080100059509277, 9.206500053405762, 10.203499794006348, 10.1427001953125, 10.095800399780273, 10.265199661254883, 10.245499610900879, 10.299599647521973, 10.926199913024902, 10.73270034790039, 8.60569953918457, 9.672499656677246, 10.55840015411377, 10.660400390625, 10.531000137329102, 10.734000205993652, 10.987500190734863, 10.863499641418457, 10.668600082397461, 10.76360034942627, 10.969499588012695, 11.12339973449707, 11.289799690246582, 10.395999908447266, 10.707300186157227, 10.917900085449219, 10.983599662780762, 11.00979995727539, 11.282699584960938, 14.19279956817627, 14.46150016784668, 13.859199523925781, 12.754199981689453, 12.996500015258789, 14.13539981842041, 13.796799659729004, 13.95359992980957, 13.742899894714355, 13.769499778747559, 13.922200202941895, 12.535400390625]"
