item_id,start,freq,target
T156,2015-01-04 00:00:00,W-SUN,"[5.852700233459473, 7.054100036621094, 4.491600036621094, 6.970099925994873, 7.798500061035156, 7.897600173950195, 8.06029987335205, 7.861299991607666, 7.118899822235107, 8.04580020904541, 8.062100410461426, 8.12720012664795, 7.92710018157959, 7.645400047302246, 8.115599632263184, 8.202099800109863, 8.236599922180176, 8.526200294494629, 8.360300064086914, 8.087499618530273, 7.746399879455566, 8.011799812316895, 8.101900100708008, 7.9629998207092285, 7.858799934387207, 7.854400157928467, 7.330100059509277, 8.043600082397461, 8.676300048828125, 7.982100009918213, 7.823699951171875, 7.937699794769287, 10.526800155639648, 8.346199989318848, 8.429300308227539, 7.628900051116943, 8.261300086975098, 8.251199722290039, 8.206299781799316, 8.476900100708008, 7.86460018157959, 8.286800384521484, 8.34060001373291, 8.461099624633789, 8.145500183105469, 8.040399551391602, 8.086899757385254, 7.2453999519348145, 7.942699909210205, 7.9899001121521, 9.379599571228027, 6.740699768066406, 6.855199813842773, 7.6255998611450195, 7.815800189971924, 7.689599990844727, 7.672399997711182, 7.771699905395508, 8.620599746704102, 10.134699821472168, 8.04990005493164, 7.744999885559082, 7.933599948883057, 9.125800132751465, 7.878499984741211, 7.9953999519348145, 8.136099815368652, 8.126500129699707, 8.090800285339355, 8.205699920654297, 8.254400253295898, 8.471699714660645, 8.29069995880127, 7.611100196838379, 7.966599941253662, 8.162199974060059, 8.081399917602539, 8.040399551391602, 7.489500045776367, 8.054800033569336, 7.938399791717529, 8.046500205993652, 8.04170036315918, 7.796999931335449, 8.998800277709961, 9.142800331115723, 9.107999801635742, 8.078700065612793, 8.444299697875977, 8.846500396728516]"
