item_id,start,freq,target
T286,2014-12-29,W-SUN,"[8.265600204467773, 9.076000213623047, 9.14739990234375, 9.317299842834473, 10.904800415039062, 11.071200370788574, 9.394599914550781, 10.4306001663208, 8.896400451660156, 10.960200309753418, 11.124799728393555, 10.317399978637695, 11.478500366210938, 10.791000366210938, 9.561800003051758, 11.28380012512207, 9.82450008392334, 13.854900360107422, 13.329999923706055, 11.474300384521484, 11.241000175476074, 11.410599708557129, 11.520899772644043, 11.90719985961914, 11.65429973602295, 11.227999687194824, 10.83899974822998, 11.444899559020996, 11.695300102233887, 11.605600357055664, 15.25529956817627, 17.51289939880371, 15.655500411987305, 17.041099548339844, 12.748900413513184, 16.181299209594727, 17.354299545288086, 17.875600814819336, 11.723699569702148, 17.57430076599121, 16.57550048828125, 17.06570053100586, 16.959800720214844, 17.601699829101562, 18.31329917907715, 17.4955997467041, 11.148699760437012, 9.574899673461914, 9.349300384521484, 12.72700023651123, 14.362099647521973, 10.542499542236328, 17.64900016784668, 28.687299728393555, 29.4330997467041, 29.746700286865234, 27.982200622558594, 28.60460090637207, 26.30929946899414, 22.993000030517578, 27.86549949645996, 27.137500762939453, 27.45789909362793, 27.661699295043945, 29.018299102783203, 29.972400665283203, 28.888399124145508, 35.02009963989258, 25.407499313354492, 19.586299896240234, 11.754400253295898, 9.99779987335205, 9.187800407409668, 8.939900398254395, 9.348799705505371, 10.18529987335205, 10.463399887084961, 9.025099754333496, 8.816699981689453, 9.364899635314941, 8.975700378417969, 9.681599617004395, 10.802200317382812, 9.502699851989746, 10.010299682617188, 9.824999809265137, 9.265399932861328, 9.30049991607666, 9.151800155639648, 9.310199737548828, 9.373700141906738, 9.133000373840332, 9.190999984741211, 9.291199684143066, 8.920999526977539, 9.236300468444824]"
