item_id,start,freq,target
T125,2015-01-18 00:00:00,W-SUN,"[10.652400016784668, 12.190999984741211, 12.380200386047363, 11.734800338745117, 11.767000198364258, 10.991700172424316, 12.765899658203125, 12.03849983215332, 12.265600204467773, 12.067099571228027, 11.993599891662598, 11.820500373840332, 12.08489990234375, 11.935700416564941, 12.349100112915039, 13.025799751281738, 12.309900283813477, 11.604999542236328, 12.28339958190918, 12.279399871826172, 12.163000106811523, 12.343400001525879, 12.30370044708252, 10.916899681091309, 12.505599975585938, 12.163000106811523, 12.141200065612793, 12.450699806213379, 9.354900360107422, 7.389400005340576, 6.82480001449585, 9.891500473022461, 10.997599601745605, 12.733099937438965, 13.283599853515625, 12.472299575805664, 12.707599639892578, 12.457200050354004, 12.93970012664795, 13.66450023651123, 13.529999732971191, 13.11340045928955, 13.584199905395508, 14.434900283813477, 11.34119987487793, 13.048999786376953, 13.761199951171875, 14.173999786376953, 9.715100288391113, 10.312899589538574, 12.008899688720703, 12.147199630737305, 12.579899787902832, 12.430700302124023, 12.41819953918457, 11.998499870300293, 12.258500099182129, 12.682900428771973, 12.199000358581543, 11.616700172424316, 13.741999626159668, 12.6451997756958, 11.95829963684082, 12.271100044250488, 12.555299758911133, 12.868399620056152, 12.955900192260742, 13.198399543762207, 12.713500022888184, 13.029199600219727, 12.0871000289917, 12.592599868774414, 12.888899803161621, 13.012700080871582, 12.801300048828125, 11.076800346374512, 12.523200035095215, 13.039600372314453, 12.582500457763672, 12.76550006866455, 12.68019962310791, 12.634599685668945, 12.972000122070312, 13.611800193786621, 11.896900177001953, 13.365099906921387, 13.895000457763672, 13.083000183105469, 11.360400199890137, 13.138199806213379]"
