item_id,start,freq,target
T289,2014-12-29,W-SUN,"[12.440699577331543, 7.149099826812744, 6.871600151062012, 8.319700241088867, 7.980199813842773, 7.3892998695373535, 6.72790002822876, 9.529899597167969, 6.886899948120117, 8.274399757385254, 8.235300064086914, 8.628499984741211, 8.080400466918945, 7.401199817657471, 8.528300285339355, 8.596500396728516, 8.431599617004395, 8.492500305175781, 9.46969985961914, 9.126199722290039, 8.062399864196777, 8.972999572753906, 8.768199920654297, 9.826600074768066, 8.755800247192383, 9.875399589538574, 7.312900066375732, 8.501999855041504, 9.746100425720215, 8.377799987792969, 11.629199981689453, 8.601799964904785, 20.043699264526367, 10.141599655151367, 8.503399848937988, 8.748299598693848, 6.829599857330322, 7.8983001708984375, 7.9207000732421875, 10.081399917602539, 7.746500015258789, 8.50409984588623, 8.701499938964844, 8.857399940490723, 8.677599906921387, 9.385100364685059, 10.628000259399414, 7.331999778747559, 9.284199714660645, 10.715900421142578, 15.197600364685059, 6.422399997711182, 6.430099964141846, 8.47760009765625, 8.76200008392334, 10.163100242614746, 8.713600158691406, 8.540300369262695, 11.080400466918945, 17.722700119018555, 9.223699569702148, 11.393400192260742, 12.439399719238281, 10.136300086975098, 11.496399879455566, 10.867600440979004, 10.99899959564209, 10.6673002243042, 10.526599884033203, 10.664899826049805, 10.493200302124023, 13.14680004119873, 10.720800399780273, 10.660300254821777, 11.465200424194336, 12.694499969482422, 11.531499862670898, 10.406599998474121, 8.870100021362305, 11.258600234985352, 12.257100105285645, 11.71090030670166, 10.828100204467773, 11.603699684143066, 10.75790023803711, 12.175100326538086, 11.564900398254395, 9.972299575805664, 11.996700286865234, 12.443900108337402, 11.524200439453125, 11.50570011138916, 11.733400344848633, 11.8056001663208, 13.190299987792969, 10.836799621582031]"
