item_id,start,freq,target
T278,2014-12-29,W-SUN,"[4.39300012588501, 8.853300094604492, 6.850399971008301, 5.9567999839782715, 7.958499908447266, 8.527199745178223, 8.551199913024902, 8.0802001953125, 7.658899784088135, 9.767499923706055, 9.300600051879883, 8.62339973449707, 9.615500450134277, 11.785499572753906, 12.014599800109863, 11.013999938964844, 7.229800224304199, 11.277600288391113, 13.18649959564209, 12.895299911499023, 10.529800415039062, 8.971699714660645, 10.752799987792969, 11.04740047454834, 11.019399642944336, 10.424400329589844, 8.637100219726562, 10.43239974975586, 10.775799751281738, 10.804100036621094, 10.839699745178223, 11.082200050354004, 10.958800315856934, 11.42870044708252, 11.053600311279297, 9.87969970703125, 10.816399574279785, 12.853099822998047, 11.736700057983398, 11.475799560546875, 11.439900398254395, 11.40410041809082, 11.762200355529785, 11.748800277709961, 11.517999649047852, 11.76990032196045, 11.615599632263184, 8.685099601745605, 11.208600044250488, 10.921199798583984, 10.045599937438965, 5.210000038146973, 6.9085001945495605, 10.592000007629395, 9.581299781799316, 11.188199996948242, 10.51710033416748, 11.024200439453125, 10.510600090026855, 10.789400100708008, 10.183199882507324, 12.063599586486816, 13.021499633789062, 13.73289966583252, 12.607799530029297, 11.698699951171875, 12.764800071716309, 13.494999885559082, 13.535599708557129, 13.687299728393555, 13.852399826049805, 13.964699745178223, 13.219300270080566, 10.112500190734863, 11.5024995803833, 11.895500183105469, 10.928400039672852, 11.124099731445312, 8.934599876403809, 11.040800094604492, 11.540900230407715, 11.24779987335205, 10.495599746704102, 11.399299621582031, 10.725199699401855, 10.964099884033203, 11.450400352478027, 9.823800086975098, 12.142200469970703, 11.617300033569336, 11.123299598693848, 10.040200233459473, 11.884599685668945, 12.031100273132324, 12.751999855041504, 10.538800239562988]"
