item_id,start,freq,target
T584,2014-12-29,W-SUN,"[6.567200183868408, 7.510300159454346, 7.462299823760986, 7.447999954223633, 7.456500053405762, 7.454999923706055, 7.587399959564209, 7.822500228881836, 7.00600004196167, 7.932000160217285, 7.838099956512451, 7.980199813842773, 8.012700080871582, 7.73799991607666, 8.03320026397705, 8.097700119018555, 7.9822998046875, 8.053500175476074, 7.8267998695373535, 7.707099914550781, 7.548299789428711, 8.045100212097168, 8.192299842834473, 8.024800300598145, 8.2923002243042, 8.217900276184082, 7.246699810028076, 8.015600204467773, 8.00879955291748, 7.958000183105469, 8.038100242614746, 7.876200199127197, 7.784200191497803, 7.910999774932861, 7.57480001449585, 7.467400074005127, 7.931399822235107, 7.9969000816345215, 7.7947998046875, 7.934700012207031, 7.9268999099731445, 7.946899890899658, 7.889900207519531, 7.813399791717529, 7.944300174713135, 8.269800186157227, 7.64870023727417, 7.037199974060059, 7.84499979019165, 8.140600204467773, 7.988999843597412, 6.5995001792907715, 7.064300060272217, 7.730500221252441, 7.595699787139893, 7.657800197601318, 7.027500152587891, 7.753499984741211, 7.670599937438965, 7.911799907684326, 7.8003997802734375, 6.978300094604492, 7.485199928283691, 7.14109992980957, 6.866000175476074, 7.460999965667725, 7.626999855041504, 7.5553998947143555, 8.208000183105469, 8.37969970703125, 7.910399913787842, 8.050100326538086, 8.25570011138916, 7.328000068664551, 8.909000396728516, 9.025199890136719, 6.457900047302246, 8.272100448608398, 7.077300071716309, 7.887400150299072, 7.794899940490723, 8.026700019836426, 8.440299987792969, 8.317099571228027, 8.396599769592285, 8.376099586486816, 8.258600234985352, 7.601600170135498, 9.341099739074707, 8.53380012512207, 6.68310022354126, 7.637499809265137, 7.534299850463867, 7.424699783325195, 8.243599891662598, 8.030900001525879]"
