item_id,start,freq,target
T116,2014-12-29,W-SUN,"[5.492099761962891, 5.830599784851074, 5.939599990844727, 5.8856000900268555, 5.857699871063232, 5.8769001960754395, 5.735000133514404, 5.952099800109863, 4.8730998039245605, 5.735499858856201, 5.73330020904541, 5.73330020904541, 5.73330020904541, 5.73330020904541, 5.950699806213379, 5.73330020904541, 5.73330020904541, 5.73330020904541, 5.73330020904541, 5.73330020904541, 5.73330020904541, 5.73330020904541, 5.73330020904541, 5.73330020904541, 5.73330020904541, 5.73330020904541, 5.73330020904541, 5.73330020904541, 5.73330020904541, 5.73330020904541, 5.73330020904541, 5.73330020904541, 5.73330020904541, 5.73330020904541, 5.73330020904541, 5.73330020904541, 5.73330020904541, 5.73330020904541, 5.73330020904541, 5.73330020904541, 5.73330020904541, 5.73330020904541, 5.73330020904541, 5.725399971008301, 5.73330020904541, 5.73330020904541, 5.73330020904541, 5.73330020904541, 5.73330020904541, 5.73330020904541, 5.73330020904541, 5.73330020904541, 5.73330020904541, 5.73330020904541, 5.73330020904541, 5.73330020904541, 5.73330020904541, 5.73330020904541, 5.73330020904541, 5.73330020904541, 5.138299942016602, 5.73330020904541, 5.735499858856201, 5.73330020904541, 5.73330020904541, 5.94789981842041, 7.017399787902832, 7.241700172424316, 7.125899791717529, 7.109499931335449, 7.124800205230713, 7.490499973297119, 7.229300022125244, 7.7743000984191895, 7.494900226593018, 7.470099925994873, 8.810700416564941, 8.962599754333496, 7.96120023727417, 8.899399757385254, 11.080699920654297, 10.905900001525879, 10.052200317382812, 9.293999671936035, 12.649800300598145, 8.197999954223633, 8.229100227355957, 9.178600311279297, 9.165599822998047, 8.794599533081055, 8.797699928283691, 8.503199577331543, 8.579500198364258, 7.972599983215332, 8.478500366210938, 7.9070000648498535]"
