item_id,start,freq,target
T459,2014-12-29,W-SUN,"[6.733099937438965, 7.209799766540527, 7.913700103759766, 7.585400104522705, 8.024200439453125, 8.726200103759766, 8.432600021362305, 8.16569995880127, 7.392899990081787, 8.161600112915039, 8.445199966430664, 8.775400161743164, 8.649499893188477, 8.440999984741211, 9.20580005645752, 9.244000434875488, 8.672200202941895, 8.892999649047852, 8.77869987487793, 9.211199760437012, 8.972299575805664, 9.236700057983398, 9.206299781799316, 9.452199935913086, 9.459699630737305, 9.2431001663208, 8.728300094604492, 9.590499877929688, 10.209199905395508, 10.563400268554688, 11.34469985961914, 9.960700035095215, 9.618300437927246, 9.558600425720215, 9.736800193786621, 8.931599617004395, 9.210000038146973, 9.243499755859375, 9.332300186157227, 9.366999626159668, 9.33329963684082, 9.887399673461914, 10.113800048828125, 9.191100120544434, 9.679300308227539, 9.879899978637695, 10.735099792480469, 9.358799934387207, 9.662199974060059, 9.718700408935547, 11.064399719238281, 9.450200080871582, 7.414100170135498, 9.035599708557129, 9.507499694824219, 9.415499687194824, 9.99120044708252, 10.079299926757812, 10.330300331115723, 10.92240047454834, 10.018400192260742, 9.322699546813965, 9.29419994354248, 9.77910041809082, 10.08489990234375, 9.463700294494629, 9.335599899291992, 10.045999526977539, 9.754799842834473, 9.931099891662598, 10.048299789428711, 10.40410041809082, 10.32289981842041, 10.293899536132812, 10.05620002746582, 10.620200157165527, 10.51609992980957, 10.120100021362305, 9.906599998474121, 10.680899620056152, 10.956100463867188, 11.113300323486328, 11.185799598693848, 11.257100105285645, 11.014699935913086, 10.983599662780762, 10.772299766540527, 9.851900100708008, 10.959099769592285, 10.759300231933594, 11.041899681091309, 8.80780029296875, 11.145500183105469, 10.661100387573242, 11.007399559020996, 9.82289981842041]"
