item_id,start,freq,target
T332,2014-12-29,W-SUN,"[5.400700092315674, 9.500900268554688, 8.233699798583984, 6.90310001373291, 8.482199668884277, 8.049400329589844, 7.4670000076293945, 8.253299713134766, 6.93720006942749, 7.690299987792969, 7.646200180053711, 8.218400001525879, 7.619100093841553, 7.083399772644043, 9.027700424194336, 8.531499862670898, 8.352399826049805, 8.861599922180176, 8.973199844360352, 9.737299919128418, 7.438700199127197, 10.038399696350098, 10.707500457763672, 8.315199851989746, 9.856800079345703, 10.231200218200684, 6.463099956512451, 10.574199676513672, 9.673999786376953, 9.89579963684082, 8.449700355529785, 9.308600425720215, 8.551300048828125, 9.100799560546875, 8.793800354003906, 8.317399978637695, 9.647299766540527, 8.532500267028809, 8.180999755859375, 9.249199867248535, 7.484300136566162, 9.748800277709961, 9.02560043334961, 8.922200202941895, 9.829700469970703, 9.208900451660156, 7.628200054168701, 6.66949987411499, 8.614700317382812, 8.035900115966797, 6.875800132751465, 4.344200134277344, 6.275100231170654, 8.770500183105469, 7.811500072479248, 9.162199974060059, 8.685199737548828, 7.8907999992370605, 8.047800064086914, 8.762100219726562, 8.709099769592285, 8.150300025939941, 7.901599884033203, 8.554499626159668, 8.072099685668945, 8.305899620056152, 7.053800106048584, 9.26140022277832, 9.228400230407715, 8.298100471496582, 7.978000164031982, 8.296500205993652, 10.105199813842773, 8.530500411987305, 8.549500465393066, 8.592900276184082, 9.860099792480469, 9.88759994506836, 6.715000152587891, 10.89430046081543, 10.646400451660156, 9.453399658203125, 9.447099685668945, 8.244999885559082, 8.651900291442871, 11.292799949645996, 8.751799583435059, 8.291999816894531, 10.446000099182129, 9.947999954223633, 10.731900215148926, 7.217800140380859, 9.133000373840332, 8.302300453186035, 9.351699829101562, 7.978600025177002]"
