item_id,start,freq,target
T313,2014-12-29,W-SUN,"[12.996199607849121, 15.921199798583984, 15.690699577331543, 15.696499824523926, 15.781100273132324, 16.143199920654297, 16.229299545288086, 17.010499954223633, 15.736900329589844, 17.487199783325195, 16.88409996032715, 17.490100860595703, 17.182199478149414, 15.242799758911133, 17.831300735473633, 18.306400299072266, 17.566499710083008, 16.934600830078125, 16.540000915527344, 16.366100311279297, 15.677000045776367, 17.082000732421875, 17.620899200439453, 17.726900100708008, 16.68090057373047, 17.457300186157227, 14.606900215148926, 16.981000900268555, 17.527000427246094, 17.337099075317383, 17.197200775146484, 16.87529945373535, 17.130300521850586, 18.567899703979492, 16.462900161743164, 16.311899185180664, 17.8612003326416, 17.92650032043457, 16.785600662231445, 17.143699645996094, 17.57900047302246, 17.287200927734375, 17.29210090637207, 17.010499954223633, 16.941699981689453, 17.087099075317383, 17.285499572753906, 13.102100372314453, 16.312000274658203, 18.4424991607666, 18.81439971923828, 10.997699737548828, 11.46049976348877, 15.480500221252441, 15.531100273132324, 16.767499923706055, 15.10099983215332, 16.329999923706055, 15.590999603271484, 16.173500061035156, 16.388399124145508, 15.892999649047852, 16.049299240112305, 16.829700469970703, 12.34589958190918, 13.630599975585938, 15.305800437927246, 15.20199966430664, 16.094600677490234, 13.99899959564209, 16.584999084472656, 17.30900001525879, 18.18589973449707, 15.714300155639648, 17.799100875854492, 18.586999893188477, 17.344100952148438, 17.64189910888672, 14.467599868774414, 17.64859962463379, 17.370899200439453, 16.938899993896484, 17.476600646972656, 16.91659927368164, 17.37980079650879, 17.851299285888672, 17.50830078125, 15.798199653625488, 17.815500259399414, 18.950000762939453, 18.246400833129883, 17.918800354003906, 17.740699768066406, 16.190000534057617, 16.193300247192383, 15.652099609375]"
