item_id,start,freq,target
T839,2014-12-29,W-SUN,"[3.5297999382019043, 3.691699981689453, 3.9670000076293945, 3.9260001182556152, 3.8180999755859375, 3.8008999824523926, 3.9681999683380127, 4.007999897003174, 3.6087000370025635, 4.207900047302246, 4.304699897766113, 4.3572998046875, 4.4253997802734375, 4.281799793243408, 4.483799934387207, 4.243500232696533, 4.3480000495910645, 4.451300144195557, 4.742099761962891, 4.533400058746338, 4.492499828338623, 4.54040002822876, 4.5055999755859375, 4.673999786376953, 4.623899936676025, 4.184800148010254, 4.400899887084961, 4.400100231170654, 4.619900226593018, 4.6331000328063965, 4.560400009155273, 4.560999870300293, 4.464799880981445, 4.499100208282471, 4.5335001945495605, 4.466700077056885, 4.423099994659424, 4.464700222015381, 4.394800186157227, 4.41510009765625, 4.39709997177124, 4.334799766540527, 4.4791998863220215, 4.269999980926514, 4.433700084686279, 4.225900173187256, 4.1493000984191895, 3.912600040435791, 4.0980000495910645, 4.072700023651123, 4.2546000480651855, 3.5769999027252197, 3.602400064468384, 3.824199914932251, 4.010499954223633, 3.969099998474121, 4.0742998123168945, 4.131499767303467, 4.174499988555908, 4.108699798583984, 4.235099792480469, 3.9140000343322754, 3.975399971008301, 4.356100082397461, 4.5690999031066895, 4.434299945831299, 4.19189977645874, 4.489799976348877, 4.592100143432617, 4.417699813842773, 4.438499927520752, 4.567399978637695, 4.69890022277832, 4.545300006866455, 4.391600131988525, 4.6697001457214355, 4.664400100708008, 4.499800205230713, 4.246500015258789, 6.144999980926514, 6.199900150299072, 6.01140022277832, 6.063000202178955, 6.133999824523926, 6.18179988861084, 6.197500228881836, 6.105400085449219, 5.9532999992370605, 5.997499942779541, 6.182700157165527, 6.177299976348877, 6.00439977645874, 6.112400054931641, 6.163700103759766, 6.264999866485596, 5.7530999183654785]"
