item_id,start,freq,target
T186,2014-12-29,W-SUN,"[8.50409984588623, 9.455300331115723, 9.902600288391113, 9.265800476074219, 10.698100090026855, 9.253399848937988, 9.242400169372559, 9.546500205993652, 8.92300033569336, 10.14009952545166, 9.91450023651123, 10.808899879455566, 9.868499755859375, 9.506699562072754, 8.899700164794922, 9.740900039672852, 11.233699798583984, 10.051300048828125, 10.067399978637695, 9.818599700927734, 9.573699951171875, 9.755399703979492, 10.678899765014648, 9.31149959564209, 9.77970027923584, 10.260100364685059, 8.993599891662598, 9.303999900817871, 9.550000190734863, 9.309000015258789, 9.482399940490723, 9.403599739074707, 9.530200004577637, 10.974499702453613, 10.712599754333496, 10.294699668884277, 11.704500198364258, 11.444499969482422, 8.885600090026855, 12.604399681091309, 12.168100357055664, 12.35569953918457, 12.271499633789062, 13.045299530029297, 11.51609992980957, 12.226300239562988, 12.124300003051758, 11.092499732971191, 9.944600105285645, 12.1628999710083, 10.002900123596191, 8.76930046081543, 10.291099548339844, 11.20989990234375, 11.071499824523926, 11.560500144958496, 11.634699821472168, 11.341099739074707, 8.993399620056152, 9.357399940490723, 10.424300193786621, 10.88539981842041, 9.190600395202637, 10.639300346374512, 9.5447998046875, 9.919599533081055, 9.022899627685547, 9.832500457763672, 9.947400093078613, 10.494600296020508, 10.890299797058105, 10.970600128173828, 10.721099853515625, 10.004400253295898, 10.688599586486816, 9.948100090026855, 8.51140022277832, 10.680100440979004, 9.785499572753906, 11.032699584960938, 10.333999633789062, 9.93529987335205, 9.857199668884277, 9.455100059509277, 10.43220043182373, 10.892499923706055, 11.303600311279297, 9.617300033569336, 11.343600273132324, 11.431400299072266, 11.716099739074707, 10.987700462341309, 10.873900413513184, 12.370599746704102, 11.391900062561035, 10.427200317382812]"
