item_id,start,freq,target
T262,2015-02-08 00:00:00,W-SUN,"[[7.19920015335083, 7.35890007019043, 6.721099853515625, 7.3968000411987305, 7.363500118255615, 7.418900012969971, 7.668900012969971, 7.220399856567383, 7.385799884796143, 7.497200012207031, 7.2941999435424805, 7.509200096130371, 7.41480016708374, 7.741000175476074, 6.940700054168701, 7.598899841308594, 7.737800121307373, 7.784800052642822, 7.763199806213379, 7.531799793243408, 6.892099857330322, 7.595699787139893, 7.575200080871582, 7.589900016784668, 7.532100200653076, 7.481100082397461, 7.296000003814697, 7.692699909210205, 7.405200004577637, 7.09119987487793, 7.630799770355225, 7.666500091552734, 7.138700008392334, 7.572700023651123, 7.385700225830078, 7.629700183868408, 7.34119987487793, 7.343900203704834, 7.362400054931641, 7.57450008392334, 7.533699989318848, 6.6244001388549805, 7.375500202178955, 7.603799819946289, 7.567500114440918, 6.019199848175049, 5.678899765014648, 6.957099914550781, 7.1682000160217285, 7.3618998527526855, 7.36359977722168, 8.092700004577637, 7.276700019836426, 8.104100227355957, 7.809999942779541, 7.662499904632568, 7.800899982452393, 7.997900009155273, 8.04800033569336, 7.436600208282471, 7.430200099945068, 8.258099555969238, 8.047200202941895, 8.195899963378906, 8.176600456237793, 8.446200370788574, 8.443499565124512, 8.133700370788574, 8.491600036621094, 8.54699993133545, 8.349900245666504, 8.168299674987793, 7.215099811553955, 8.08080005645752, 8.456899642944336, 7.544899940490723, 7.888000011444092, 8.078200340270996, 7.967299938201904, 8.120400428771973, 8.155799865722656, 7.041200160980225, 8.069999694824219, 8.270999908447266, 7.967800140380859, 8.154199600219727, 7.698299884796143, 7.47599983215332, 7.926599979400635, 7.461299896240234]]"
