item_id,start,freq,target
T331,2014-12-29,W-SUN,"[6.594399929046631, 8.380399703979492, 9.484199523925781, 7.893099784851074, 11.534199714660645, 11.073699951171875, 9.988499641418457, 9.821200370788574, 9.171699523925781, 10.722299575805664, 10.608400344848633, 10.161600112915039, 11.019100189208984, 10.241000175476074, 10.329400062561035, 11.351200103759766, 9.184599876403809, 10.061599731445312, 9.887499809265137, 10.47189998626709, 9.694499969482422, 10.200799942016602, 12.036600112915039, 10.490300178527832, 11.186100006103516, 11.065999984741211, 9.187600135803223, 11.030400276184082, 11.161999702453613, 10.790900230407715, 11.553899765014648, 10.352100372314453, 11.591699600219727, 11.525699615478516, 10.498800277709961, 10.974300384521484, 11.62279987335205, 12.525199890136719, 11.192099571228027, 10.92959976196289, 11.917499542236328, 12.113800048828125, 11.537099838256836, 12.08590030670166, 11.554100036621094, 12.049699783325195, 11.781700134277344, 8.933500289916992, 11.011199951171875, 11.73799991607666, 12.827899932861328, 8.087499618530273, 8.53499984741211, 9.972700119018555, 10.266900062561035, 10.701199531555176, 11.058699607849121, 11.092700004577637, 11.745499610900879, 11.646599769592285, 11.435700416564941, 11.279399871826172, 10.956100463867188, 11.16189956665039, 10.750699996948242, 10.618900299072266, 11.503399848937988, 11.896100044250488, 11.913299560546875, 11.82450008392334, 12.140899658203125, 11.814800262451172, 11.776900291442871, 12.535400390625, 12.935099601745605, 10.979100227355957, 12.240099906921387, 12.350600242614746, 10.646300315856934, 12.697400093078613, 11.567500114440918, 10.810199737548828, 11.856499671936035, 12.75529956817627, 12.927200317382812, 11.992600440979004, 11.840999603271484, 10.429800033569336, 12.813699722290039, 13.985400199890137, 11.974300384521484, 9.135700225830078, 12.188899993896484, 13.208200454711914, 13.878499984741211, 12.519200325012207]"
