item_id,start,freq,target
T425,2014-12-29,W-SUN,"[5.1468000411987305, 5.7444000244140625, 7.024499893188477, 6.493199825286865, 7.299600124359131, 7.667300224304199, 6.838099956512451, 7.572299957275391, 7.9278998374938965, 7.868000030517578, 7.497200012207031, 7.430699825286865, 7.366799831390381, 6.321000099182129, 7.676400184631348, 7.8968000411987305, 7.815199851989746, 8.284099578857422, 7.582300186157227, 7.526899814605713, 6.583399772644043, 7.882400035858154, 8.572500228881836, 7.291500091552734, 8.5693998336792, 8.184700012207031, 6.163599967956543, 8.597800254821777, 8.4173002243042, 8.887100219726562, 7.572999954223633, 7.65749979019165, 6.9141998291015625, 8.26140022277832, 8.338700294494629, 7.39300012588501, 8.82919979095459, 9.013299942016602, 8.346599578857422, 7.7733001708984375, 7.571100234985352, 8.698399543762207, 8.690099716186523, 8.701700210571289, 8.577400207519531, 8.637200355529785, 6.670199871063232, 6.206900119781494, 7.179299831390381, 6.403200149536133, 5.887899875640869, 4.401700019836426, 5.50570011138916, 7.223100185394287, 6.615499973297119, 6.69789981842041, 7.545599937438965, 7.263999938964844, 7.39900016784668, 7.832799911499023, 8.04800033569336, 6.310299873352051, 6.826300144195557, 6.9095001220703125, 6.513700008392334, 7.441999912261963, 6.961999893188477, 7.794000148773193, 8.199999809265137, 7.637199878692627, 7.731100082397461, 8.28380012512207, 7.88040018081665, 7.305200099945068, 7.714399814605713, 8.092499732971191, 8.164999961853027, 8.066100120544434, 5.825099945068359, 8.05210018157959, 8.46969985961914, 7.94350004196167, 7.9415998458862305, 7.154799938201904, 7.969099998474121, 7.776899814605713, 7.534299850463867, 6.624000072479248, 8.887800216674805, 7.869200229644775, 8.650099754333496, 7.462699890136719, 7.257299900054932, 7.8506999015808105, 7.441199779510498, 7.255899906158447]"
