item_id,start,freq,target
T558,2014-12-29,W-SUN,"[7.425000190734863, 8.83240032196045, 6.791800022125244, 9.047800064086914, 9.479700088500977, 9.92770004272461, 9.740900039672852, 9.39900016784668, 9.30090045928955, 10.342900276184082, 10.579500198364258, 10.667099952697754, 9.815899848937988, 9.408699989318848, 9.988100051879883, 10.600899696350098, 10.581100463867188, 10.326000213623047, 10.73490047454834, 10.865699768066406, 10.086000442504883, 9.830699920654297, 10.20199966430664, 10.021400451660156, 11.257399559020996, 11.483599662780762, 9.684800148010254, 11.210399627685547, 11.019000053405762, 10.959799766540527, 10.986900329589844, 10.857999801635742, 10.394000053405762, 10.299099922180176, 8.983499526977539, 8.986300468444824, 10.281900405883789, 9.659299850463867, 9.669400215148926, 9.111599922180176, 11.048600196838379, 9.965100288391113, 10.03689956665039, 9.965999603271484, 9.694100379943848, 9.755399703979492, 9.304499626159668, 8.244600296020508, 9.425999641418457, 10.06820011138916, 9.877799987792969, 7.075799942016602, 8.356599807739258, 9.767200469970703, 9.73859977722168, 9.63290023803711, 9.846500396728516, 9.682999610900879, 10.081500053405762, 10.32960033416748, 9.802399635314941, 9.9306001663208, 10.166899681091309, 9.484100341796875, 9.08489990234375, 9.116700172424316, 9.450799942016602, 9.611499786376953, 9.643400192260742, 9.699000358581543, 9.563199996948242, 9.83489990234375, 10.19320011138916, 9.090399742126465, 10.03909969329834, 9.883000373840332, 9.60420036315918, 9.416199684143066, 8.309300422668457, 9.570599555969238, 9.624799728393555, 9.353899955749512, 9.725600242614746, 9.477800369262695, 9.521400451660156, 9.804300308227539, 9.648200035095215, 9.103099822998047, 10.087200164794922, 10.366399765014648, 10.349499702453613, 9.82129955291748, 9.937700271606445, 10.002599716186523, 10.196700096130371, 9.93690013885498]"
