item_id,start,freq,target
T267,2014-12-29,W-SUN,"[9.58530044555664, 11.935400009155273, 12.322600364685059, 11.72599983215332, 11.641500473022461, 13.69789981842041, 13.164600372314453, 14.197699546813965, 12.715299606323242, 12.537599563598633, 12.437899589538574, 12.823599815368652, 13.397199630737305, 11.83549976348877, 12.833999633789062, 13.727499961853027, 11.845499992370605, 12.945699691772461, 11.861200332641602, 12.816200256347656, 11.89229965209961, 14.75100040435791, 15.38010025024414, 15.237899780273438, 13.883099555969238, 14.516900062561035, 11.706000328063965, 14.393799781799316, 14.100099563598633, 14.967700004577637, 14.425100326538086, 13.834699630737305, 15.425100326538086, 15.98270034790039, 16.49970054626465, 13.5246000289917, 15.759200096130371, 15.369500160217285, 14.126999855041504, 15.537199974060059, 14.902799606323242, 15.587400436401367, 14.621999740600586, 14.949899673461914, 15.190500259399414, 15.730299949645996, 16.14389991760254, 12.31309986114502, 15.005900382995605, 15.87399959564209, 16.642799377441406, 10.400099754333496, 11.519599914550781, 13.121199607849121, 14.485400199890137, 13.87559986114502, 13.099800109863281, 15.348899841308594, 14.360600471496582, 14.414199829101562, 13.75529956817627, 13.574700355529785, 13.172300338745117, 14.67039966583252, 14.41450023651123, 15.031900405883789, 14.680700302124023, 15.462499618530273, 14.88070011138916, 15.218099594116211, 15.56820011138916, 16.550899505615234, 15.640000343322754, 14.806300163269043, 16.697200775146484, 18.715499877929688, 16.9867000579834, 16.410900115966797, 13.982199668884277, 15.81089973449707, 16.51759910583496, 16.17460060119629, 16.952800750732422, 15.348999977111816, 17.422800064086914, 17.390300750732422, 16.384700775146484, 14.44909954071045, 16.687999725341797, 17.875900268554688, 15.998100280761719, 15.517800331115723, 15.478699684143066, 15.550399780273438, 15.19909954071045, 12.90820026397705]"
