item_id,start,freq,target
T326,2014-12-29,W-SUN,"[16.05109977722168, 20.090499877929688, 19.234899520874023, 18.6205997467041, 18.735000610351562, 17.992799758911133, 18.9424991607666, 18.55120086669922, 16.826400756835938, 19.555599212646484, 19.86639976501465, 18.458799362182617, 19.292400360107422, 18.210800170898438, 18.925399780273438, 18.87809944152832, 18.813800811767578, 19.351600646972656, 19.13960075378418, 19.157100677490234, 18.1825008392334, 19.88479995727539, 18.805299758911133, 19.654499053955078, 19.69339942932129, 20.44969940185547, 17.387800216674805, 19.585500717163086, 19.270700454711914, 20.42569923400879, 20.35460090637207, 19.451000213623047, 19.124799728393555, 19.888599395751953, 19.361299514770508, 15.157400131225586, 16.38559913635254, 19.41320037841797, 15.756500244140625, 16.015199661254883, 16.057300567626953, 15.773599624633789, 8.527600288391113, 9.350899696350098, 9.363100051879883, 9.363100051879883, 10.380499839782715, 12.577500343322754, 11.861700057983398, 14.902700424194336, 13.64169979095459, 12.815600395202637, 11.842000007629395, 13.799500465393066, 13.300800323486328, 13.562299728393555, 14.660099983215332, 14.10669994354248, 12.132699966430664, 12.21399974822998, 13.662599563598633, 13.660300254821777, 14.089400291442871, 15.019399642944336, 16.912700653076172, 16.703699111938477, 15.803199768066406, 15.022199630737305, 9.929400444030762, 15.464900016784668, 14.950400352478027, 16.34149932861328, 15.79520034790039, 15.6318998336792, 18.506900787353516, 19.451400756835938, 20.05139923095703, 19.90760040283203, 18.779699325561523, 19.209199905395508, 19.878599166870117, 19.537799835205078, 21.169099807739258, 20.635000228881836, 21.695999145507812, 22.18899917602539, 19.79990005493164, 18.324399948120117, 19.22909927368164, 20.193599700927734, 15.121299743652344, 19.558900833129883, 20.407699584960938, 16.77440071105957, 17.70199966430664, 15.5378999710083]"
