item_id,start,freq,target
T853,2014-12-29,W-SUN,"[3.889899969100952, 3.889899969100952, 3.889899969100952, 3.889899969100952, 3.889899969100952, 3.889899969100952, 3.889899969100952, 3.889899969100952, 3.5253000259399414, 3.891200065612793, 3.889899969100952, 3.889899969100952, 3.889899969100952, 3.889899969100952, 4.013700008392334, 3.889899969100952, 3.889899969100952, 3.889899969100952, 3.889899969100952, 3.889899969100952, 3.889899969100952, 3.889899969100952, 3.889899969100952, 3.889899969100952, 3.889899969100952, 3.889899969100952, 3.889899969100952, 3.889899969100952, 3.889899969100952, 3.889899969100952, 3.889899969100952, 3.889899969100952, 3.889899969100952, 3.889899969100952, 3.889899969100952, 3.889899969100952, 3.889899969100952, 3.889899969100952, 3.889899969100952, 3.889899969100952, 3.889899969100952, 3.889899969100952, 3.889899969100952, 3.8847999572753906, 3.889899969100952, 3.889899969100952, 3.889899969100952, 3.889899969100952, 3.889899969100952, 3.889899969100952, 3.889899969100952, 3.889899969100952, 3.889899969100952, 3.889899969100952, 3.889899969100952, 3.889899969100952, 3.889899969100952, 3.889899969100952, 3.890399932861328, 3.889899969100952, 3.889899969100952, 3.889899969100952, 1.972100019454956, 1.3305000066757202, 1.4363000392913818, 1.3758000135421753, 1.3027000427246094, 1.3930000066757202, 1.3973000049591064, 1.4982999563217163, 1.4365999698638916, 1.4746999740600586, 1.454800009727478, 1.7015999555587769, 1.5227999687194824, 1.5470999479293823, 1.617300033569336, 1.5397000312805176, 1.5110000371932983, 1.5311000347137451, 1.5627000331878662, 1.555400013923645, 1.63919997215271, 1.6270999908447266, 1.6756000518798828, 1.6330000162124634, 1.6337000131607056, 1.6380000114440918, 1.6073999404907227, 1.667799949645996, 1.618299961090088, 1.5771000385284424, 1.6328999996185303, 1.490399956703186, 1.5893000364303589, 1.378100037574768]"
