item_id,start,freq,target
T857,2014-12-29,W-SUN,"[3.889899969100952, 3.889899969100952, 3.889899969100952, 3.889899969100952, 3.889899969100952, 3.889899969100952, 3.889899969100952, 3.889899969100952, 3.5253000259399414, 3.891200065612793, 3.889899969100952, 3.889899969100952, 3.889899969100952, 3.889899969100952, 4.013700008392334, 3.889899969100952, 3.889899969100952, 3.889899969100952, 3.889899969100952, 3.889899969100952, 3.889899969100952, 3.889899969100952, 3.889899969100952, 3.889899969100952, 3.889899969100952, 3.889899969100952, 3.889899969100952, 3.889899969100952, 3.889899969100952, 3.889899969100952, 3.889899969100952, 3.889899969100952, 3.889899969100952, 3.889899969100952, 3.889899969100952, 3.889899969100952, 3.889899969100952, 3.889899969100952, 3.889899969100952, 3.889899969100952, 3.889899969100952, 3.889899969100952, 3.889899969100952, 3.8847999572753906, 3.889899969100952, 3.889899969100952, 3.889899969100952, 3.889899969100952, 3.889899969100952, 3.889899969100952, 3.889899969100952, 3.889899969100952, 3.889899969100952, 3.889899969100952, 3.889899969100952, 3.889899969100952, 3.889899969100952, 3.889899969100952, 3.890399932861328, 3.889899969100952, 3.889899969100952, 3.889899969100952, 3.9628000259399414, 3.773200035095215, 4.524600028991699, 4.4481000900268555, 4.795599937438965, 3.51419997215271, 3.734299898147583, 3.697700023651123, 3.583400011062622, 3.709700107574463, 3.7743000984191895, 3.6370999813079834, 3.755199909210205, 3.75219988822937, 3.835200071334839, 4.379799842834473, 3.5875000953674316, 3.8096001148223877, 3.8513998985290527, 3.8394999504089355, 3.952199935913086, 3.9058001041412354, 4.063700199127197, 4.1722002029418945, 4.1219000816345215, 3.7527999877929688, 4.102700233459473, 4.116000175476074, 4.345300197601318, 4.016300201416016, 3.916100025177002, 4.021699905395508, 4.070899963378906, 3.8803999423980713]"
