item_id,start,freq,target
T766,2014-12-29,W-SUN,"[4.382400035858154, 5.101500034332275, 4.9274001121521, 4.982699871063232, 5.106299877166748, 4.892300128936768, 4.98390007019043, 5.020699977874756, 4.526599884033203, 5.1697998046875, 5.086599826812744, 5.028500080108643, 5.08459997177124, 5.036200046539307, 5.239999771118164, 5.1458001136779785, 5.11870002746582, 5.152900218963623, 5.120100021362305, 5.1280999183654785, 4.883699893951416, 5.2256999015808105, 5.216000080108643, 5.218599796295166, 5.089099884033203, 5.246200084686279, 4.8933000564575195, 5.2642998695373535, 5.307400226593018, 5.216800212860107, 5.24399995803833, 5.21120023727417, 5.234600067138672, 5.379300117492676, 5.029699802398682, 5.010900020599365, 5.414899826049805, 5.645699977874756, 5.366399765014648, 5.389200210571289, 5.267600059509277, 5.417699813842773, 5.331099987030029, 5.5395002365112305, 5.285600185394287, 5.345099925994873, 5.389100074768066, 4.8491997718811035, 5.328400135040283, 5.575900077819824, 5.494100093841553, 4.729700088500977, 4.63730001449585, 4.747700214385986, 5.1545000076293945, 5.31220006942749, 4.916500091552734, 5.513700008392334, 5.318900108337402, 5.562900066375732, 5.501399993896484, 5.297999858856201, 5.355299949645996, 5.397900104522705, 5.472300052642822, 5.571000099182129, 5.673799991607666, 5.731599807739258, 5.649400234222412, 5.734399795532227, 6.059299945831299, 5.829800128936768, 5.804699897766113, 5.458499908447266, 5.779300212860107, 5.757699966430664, 5.7758002281188965, 5.778500080108643, 5.320000171661377, 5.702300071716309, 5.7469000816345215, 5.427599906921387, 5.603499889373779, 5.850100040435791, 5.88640022277832, 5.85260009765625, 6.047900199890137, 5.371699810028076, 5.822199821472168, 5.918600082397461, 5.827899932861328, 5.806700229644775, 5.811699867248535, 5.51609992980957, 5.843599796295166, 6.125899791717529]"
