item_id,start,freq,target
T526,2014-12-29,W-SUN,"[6.454500198364258, 8.211000442504883, 7.671299934387207, 7.683300018310547, 8.271100044250488, 8.037300109863281, 7.837800025939941, 8.291299819946289, 7.792699813842773, 8.262200355529785, 7.9070000648498535, 7.8805999755859375, 7.960899829864502, 7.595300197601318, 8.434000015258789, 8.204000473022461, 8.003800392150879, 8.34060001373291, 8.311300277709961, 8.79990005493164, 7.711699962615967, 5.8024001121521, 8.049799919128418, 8.651900291442871, 8.552800178527832, 8.402799606323242, 7.152400016784668, 8.336799621582031, 8.635499954223633, 8.697199821472168, 8.203300476074219, 8.513500213623047, 8.414400100708008, 8.663299560546875, 8.25510025024414, 7.846199989318848, 8.460399627685547, 9.299799919128418, 8.606200218200684, 8.83650016784668, 8.768099784851074, 9.197199821472168, 8.878299713134766, 8.980799674987793, 8.913900375366211, 9.141900062561035, 8.986900329589844, 7.28849983215332, 8.711299896240234, 8.666199684143066, 8.018799781799316, 5.18209981918335, 6.436699867248535, 8.559599876403809, 7.864799976348877, 8.67770004272461, 7.525300025939941, 8.56089973449707, 8.17770004272461, 8.700900077819824, 8.728500366210938, 8.037699699401855, 8.376199722290039, 9.081199645996094, 8.329400062561035, 8.471799850463867, 8.270000457763672, 8.87660026550293, 9.03950023651123, 8.874300003051758, 9.062899589538574, 9.0447998046875, 8.840999603271484, 8.1072998046875, 9.24209976196289, 9.210100173950195, 8.595600128173828, 8.687199592590332, 7.186699867248535, 8.700200080871582, 8.860799789428711, 8.196499824523926, 8.317700386047363, 8.842499732971191, 8.562899589538574, 8.595499992370605, 8.685099601745605, 7.640200138092041, 9.001500129699707, 9.092700004577637, 9.160200119018555, 9.582900047302246, 9.155400276184082, 8.730999946594238, 9.522100448608398, 8.440099716186523]"
