item_id,start,freq,target
T464,2014-12-29,W-SUN,"[5.473299980163574, 8.086199760437012, 9.120800018310547, 8.49429988861084, 9.319700241088867, 9.201800346374512, 9.367199897766113, 9.41469955444336, 8.509099960327148, 9.608799934387207, 9.575400352478027, 9.19540023803711, 9.776100158691406, 9.960599899291992, 9.891599655151367, 10.563300132751465, 8.565099716186523, 10.26159954071045, 10.378499984741211, 10.354900360107422, 9.913299560546875, 10.372200012207031, 10.337200164794922, 10.579700469970703, 11.119099617004395, 10.50730037689209, 9.063300132751465, 10.614100456237793, 10.28909969329834, 10.434499740600586, 9.99020004272461, 10.028900146484375, 10.215100288391113, 10.563799858093262, 10.428099632263184, 9.075799942016602, 11.035900115966797, 10.468600273132324, 10.528900146484375, 10.565799713134766, 10.476099967956543, 10.446399688720703, 10.941399574279785, 10.42650032043457, 10.629500389099121, 10.594099998474121, 10.42080020904541, 8.087599754333496, 10.111000061035156, 11.419099807739258, 11.27750015258789, 7.394199848175049, 7.895199775695801, 9.606300354003906, 9.359700202941895, 10.04740047454834, 10.549400329589844, 10.047599792480469, 10.262999534606934, 9.997200012207031, 10.572500228881836, 10.208999633789062, 10.272700309753418, 10.725600242614746, 10.59469985961914, 10.030200004577637, 9.9975004196167, 10.801600456237793, 10.380599975585938, 10.393199920654297, 10.62090015411377, 10.336099624633789, 10.967100143432617, 9.855500221252441, 10.309700012207031, 10.82759952545166, 10.904600143432617, 10.969499588012695, 9.354399681091309, 10.426300048828125, 10.336799621582031, 10.461700439453125, 10.228500366210938, 10.58180046081543, 10.56760025024414, 10.846500396728516, 10.55049991607666, 9.828499794006348, 11.210700035095215, 10.8100004196167, 11.400899887084961, 9.202300071716309, 11.031700134277344, 10.902999877929688, 11.896900177001953, 10.868599891662598]"
