item_id,start,freq,target
T803,2015-01-04 00:00:00,W-SUN,"[4.408299922943115, 5.301000118255615, 5.257599830627441, 5.222899913787842, 5.50029993057251, 5.487500190734863, 5.389100074768066, 5.475800037384033, 5.059199810028076, 5.612599849700928, 5.546500205993652, 5.595300197601318, 5.440499782562256, 5.3420000076293945, 5.6331000328063965, 5.609099864959717, 5.66480016708374, 5.660999774932861, 5.656499862670898, 5.733099937438965, 5.105599880218506, 5.6427001953125, 5.614500045776367, 5.465700149536133, 5.520199775695801, 5.546500205993652, 4.976399898529053, 5.587100028991699, 5.679500102996826, 5.502799987792969, 5.525599956512451, 5.573699951171875, 5.466599941253662, 5.726399898529053, 5.473999977111816, 5.287799835205078, 5.780200004577637, 5.959799766540527, 5.6890997886657715, 5.763500213623047, 5.690499782562256, 5.6834001541137695, 5.730199813842773, 5.7795000076293945, 5.74399995803833, 5.814499855041504, 5.622900009155273, 4.805500030517578, 5.722300052642822, 5.839099884033203, 5.704899787902832, 4.073800086975098, 4.727799892425537, 5.508800029754639, 5.676700115203857, 5.7017998695373535, 5.381700038909912, 5.809599876403809, 5.747399806976318, 5.8165998458862305, 5.936100006103516, 5.764100074768066, 5.909599781036377, 5.837399959564209, 5.5304999351501465, 5.745800018310547, 6.171599864959717, 5.947299957275391, 5.952000141143799, 5.938000202178955, 5.9629998207092285, 6.196599960327148, 6.165599822998047, 5.367599964141846, 5.977399826049805, 5.937300205230713, 5.826600074768066, 5.961699962615967, 5.071400165557861, 5.634399890899658, 5.958799839019775, 5.510700225830078, 5.7804999351501465, 5.7042999267578125, 5.917500019073486, 6.05709981918335, 5.922100067138672, 5.526800155639648, 5.960100173950195, 5.907899856567383]"
