item_id,start,freq,target
T356,2015-01-04 00:00:00,W-SUN,"[6.523600101470947, 8.575599670410156, 6.725500106811523, 8.189299583435059, 8.255999565124512, 8.087800025939941, 9.846699714660645, 9.409799575805664, 9.955400466918945, 9.484999656677246, 9.706899642944336, 9.487500190734863, 9.00570011138916, 9.720100402832031, 9.900699615478516, 9.752099990844727, 9.507100105285645, 9.789199829101562, 9.39169979095459, 8.714799880981445, 9.62030029296875, 10.207300186157227, 9.567399978637695, 9.348899841308594, 9.100899696350098, 7.86329984664917, 9.915800094604492, 9.68649959564209, 9.3927001953125, 8.905099868774414, 8.942500114440918, 9.304100036621094, 9.059000015258789, 9.310799598693848, 8.652700424194336, 10.668600082397461, 10.648599624633789, 10.298299789428711, 10.19729995727539, 9.263099670410156, 9.61970043182373, 9.264800071716309, 10.236100196838379, 9.10949993133545, 9.63129997253418, 9.081100463867188, 8.183899879455566, 8.81350040435791, 8.880000114440918, 9.065999984741211, 6.860400199890137, 7.479499816894531, 8.760299682617188, 9.094300270080566, 8.261699676513672, 8.924500465393066, 9.010700225830078, 8.970499992370605, 9.109000205993652, 9.410499572753906, 8.241399765014648, 8.709199905395508, 9.16349983215332, 9.043800354003906, 8.8858003616333, 9.104299545288086, 9.376199722290039, 9.595800399780273, 8.249199867248535, 8.954899787902832, 9.209199905395508, 9.600199699401855, 8.599800109863281, 9.130800247192383, 8.878800392150879, 8.70300006866455, 9.294400215148926, 7.684199810028076, 8.978300094604492, 8.809800148010254, 8.860699653625488, 8.958000183105469, 9.038000106811523, 9.05150032043457, 9.036800384521484, 8.829299926757812, 7.8354997634887695, 9.305399894714355, 9.486300468444824, 9.447099685668945]"
