item_id,start,freq,target
T437,2015-02-08 00:00:00,W-SUN,"[6.1875, 6.855199813842773, 6.353899955749512, 6.752200126647949, 6.245999813079834, 7.246399879455566, 6.05079984664917, 6.619699954986572, 6.532800197601318, 6.2789998054504395, 7.265500068664551, 7.111700057983398, 6.94350004196167, 7.129700183868408, 6.335999965667725, 6.262899875640869, 7.4944000244140625, 7.3582000732421875, 7.516600131988525, 7.52839994430542, 6.514699935913086, 7.859399795532227, 7.495100021362305, 8.217000007629395, 7.893799781799316, 7.438000202178955, 7.485899925231934, 7.957600116729736, 8.139200210571289, 6.79610013961792, 7.668399810791016, 8.179699897766113, 7.56689977645874, 7.831399917602539, 8.009499549865723, 8.088899612426758, 8.065999984741211, 8.418399810791016, 7.821800231933594, 7.8454999923706055, 6.952600002288818, 6.7052998542785645, 7.327400207519531, 7.444399833679199, 6.774899959564209, 4.599699974060059, 6.188899993896484, 7.607999801635742, 6.923099994659424, 7.180799961090088, 8.025300025939941, 7.502900123596191, 7.183800220489502, 7.775199890136719, 7.983799934387207, 7.109300136566162, 7.114200115203857, 7.517899990081787, 7.064000129699707, 7.0279998779296875, 6.966800212860107, 7.684999942779541, 7.791999816894531, 7.568699836730957, 7.746699810028076, 7.720099925994873, 7.580599784851074, 7.348800182342529, 8.090499877929688, 7.788300037384033, 7.9492998123168945, 7.662499904632568, 6.26200008392334, 7.78879976272583, 8.412799835205078, 7.722599983215332, 8.26039981842041, 7.196599960327148, 8.140899658203125, 7.728400230407715, 7.618599891662598, 6.417500019073486, 7.695899963378906, 8.44890022277832, 8.512700080871582, 7.232600212097168, 8.192999839782715, 7.7530999183654785, 8.15530014038086, 7.69350004196167]"
