item_id,start,freq,target
T281,2014-12-29,W-SUN,"[6.028600215911865, 6.799200057983398, 4.627999782562256, 7.178400039672852, 7.522200107574463, 7.540500164031982, 7.365099906921387, 7.723700046539307, 6.936399936676025, 7.890600204467773, 8.16819953918457, 8.439800262451172, 8.063300132751465, 7.7403998374938965, 7.996300220489502, 7.993100166320801, 8.286700248718262, 8.05780029296875, 8.24530029296875, 8.641400337219238, 7.937399864196777, 8.18649959564209, 8.207500457763672, 8.313199996948242, 8.452500343322754, 8.452899932861328, 7.832300186157227, 8.014599800109863, 8.338000297546387, 8.359000205993652, 8.457799911499023, 7.782100200653076, 8.240599632263184, 8.145400047302246, 8.159099578857422, 7.827199935913086, 8.23330020904541, 7.840700149536133, 8.164199829101562, 8.036100387573242, 8.010100364685059, 8.27910041809082, 8.310099601745605, 7.932400226593018, 8.152400016784668, 8.171699523925781, 8.340100288391113, 7.422800064086914, 6.901100158691406, 7.6570000648498535, 7.826399803161621, 6.7083001136779785, 6.528900146484375, 7.288599967956543, 7.295000076293945, 7.484600067138672, 9.07409954071045, 9.096400260925293, 7.299600124359131, 7.682700157165527, 8.436100006103516, 8.873499870300293, 8.903300285339355, 8.100000381469727, 9.444299697875977, 9.080400466918945, 9.064000129699707, 9.22659969329834, 9.405900001525879, 9.388299942016602, 9.455300331115723, 9.463199615478516, 9.561400413513184, 9.0802001953125, 9.576299667358398, 9.55109977722168, 9.611200332641602, 9.693499565124512, 9.00629997253418, 9.401700019836426, 9.433699607849121, 9.2878999710083, 9.253999710083008, 9.299099922180176, 9.409000396728516, 9.465499877929688, 9.378800392150879, 8.524900436401367, 9.14050006866455, 9.481599807739258, 10.076000213623047, 9.2608003616333, 9.130900382995605, 9.052800178527832, 8.764900207519531, 9.021100044250488]"
