item_id,start,freq,target
T208,2014-12-29,W-SUN,"[6.788400173187256, 7.795199871063232, 5.519100189208984, 8.566499710083008, 9.47760009765625, 9.044099807739258, 8.87399959564209, 8.94159984588623, 8.066699981689453, 8.994400024414062, 9.140800476074219, 8.986700057983398, 9.1766996383667, 9.26669979095459, 10.696800231933594, 9.179200172424316, 9.06760025024414, 9.143400192260742, 9.329000473022461, 9.415300369262695, 8.90719985961914, 9.280900001525879, 9.322799682617188, 9.713600158691406, 9.315799713134766, 9.427300453186035, 8.885199546813965, 9.329899787902832, 9.589200019836426, 9.281800270080566, 9.415900230407715, 9.300200462341309, 10.580699920654297, 9.369099617004395, 8.852399826049805, 11.512399673461914, 12.33650016784668, 12.263099670410156, 8.627400398254395, 12.04800033569336, 10.901700019836426, 12.002300262451172, 12.129500389099121, 12.0600004196167, 11.89330005645752, 11.993499755859375, 11.989700317382812, 9.183300018310547, 10.171199798583984, 11.870800018310547, 11.938899993896484, 10.081899642944336, 10.47819995880127, 11.836600303649902, 11.187600135803223, 8.855899810791016, 8.113200187683105, 8.113200187683105, 8.113800048828125, 8.113200187683105, 8.960599899291992, 11.752599716186523, 11.103500366210938, 11.876700401306152, 11.65060043334961, 11.930500030517578, 11.818699836730957, 12.116499900817871, 11.8503999710083, 12.428400039672852, 12.474300384521484, 12.64900016784668, 12.54259967803955, 12.038800239562988, 13.137900352478027, 13.175600051879883, 12.496299743652344, 13.076800346374512, 11.656700134277344, 12.506600379943848, 12.957500457763672, 8.91469955444336, 8.597399711608887, 9.18340015411377, 9.453499794006348, 9.262999534606934, 9.001799583435059, 9.366399765014648, 9.165599822998047, 8.972200393676758, 9.56190013885498, 8.539199829101562, 8.775400161743164, 9.089699745178223, 8.812100410461426, 8.61050033569336]"
