item_id,start,freq,target
T178,2014-12-29,W-SUN,"[10.146200180053711, 10.472100257873535, 7.76609992980957, 10.542799949645996, 9.496500015258789, 10.232999801635742, 9.559300422668457, 9.917400360107422, 9.779500007629395, 12.702899932861328, 14.069000244140625, 12.66510009765625, 11.709500312805176, 11.774800300598145, 12.276200294494629, 12.560999870300293, 11.81410026550293, 12.410099983215332, 12.869199752807617, 12.666099548339844, 11.583999633789062, 12.696900367736816, 12.60669994354248, 12.240500450134277, 12.158100128173828, 12.402999877929688, 10.932100296020508, 13.123299598693848, 12.327699661254883, 12.07390022277832, 12.775699615478516, 11.829099655151367, 12.098999977111816, 13.077899932861328, 13.31029987335205, 11.928400039672852, 14.920299530029297, 13.991600036621094, 13.447699546813965, 12.785699844360352, 13.30370044708252, 13.087599754333496, 14.035499572753906, 13.836299896240234, 13.427300453186035, 13.88379955291748, 13.267999649047852, 11.050399780273438, 12.553299903869629, 13.300800323486328, 12.844300270080566, 9.596199989318848, 10.561699867248535, 11.929200172424316, 12.397500038146973, 12.680899620056152, 13.0201997756958, 12.70300006866455, 12.74209976196289, 12.802000045776367, 13.355500221252441, 13.393600463867188, 13.731599807739258, 12.34630012512207, 12.681599617004395, 12.88640022277832, 12.682499885559082, 12.769100189208984, 13.451499938964844, 13.114999771118164, 12.553099632263184, 13.587499618530273, 13.427599906921387, 12.595499992370605, 13.103400230407715, 12.680899620056152, 13.644499778747559, 13.28950023651123, 11.32800006866455, 12.942899703979492, 12.87559986114502, 12.873100280761719, 12.416600227355957, 12.597800254821777, 13.10569953918457, 14.13759994506836, 14.004899978637695, 12.828800201416016, 13.960700035095215, 14.253800392150879, 15.272899627685547, 13.397199630737305, 13.498900413513184, 13.758399963378906, 13.897199630737305, 13.190299987792969]"
