item_id,start,freq,target
T227,2015-02-01 00:00:00,W-SUN,"[10.27239990234375, 9.757200241088867, 10.796099662780762, 9.962800025939941, 9.771499633789062, 9.654899597167969, 11.625800132751465, 10.957300186157227, 10.72089958190918, 11.466400146484375, 13.566399574279785, 11.52649974822998, 10.482399940490723, 14.772199630737305, 12.053199768066406, 12.66349983215332, 11.349300384521484, 8.682999610900879, 9.642499923706055, 9.645299911499023, 9.185799598693848, 8.959400177001953, 11.076700210571289, 8.979900360107422, 8.83530044555664, 9.136899948120117, 10.221799850463867, 6.293099880218506, 8.980400085449219, 9.784299850463867, 10.254300117492676, 9.285400390625, 10.807700157165527, 6.960899829864502, 9.753299713134766, 8.539199829101562, 7.944900035858154, 8.555999755859375, 8.641799926757812, 9.563899993896484, 8.037799835205078, 6.20389986038208, 4.8867998123168945, 5.3668999671936035, 5.373300075531006, 6.23360013961792, 4.785900115966797, 6.835599899291992, 6.98829984664917, 9.027299880981445, 7.528900146484375, 9.750200271606445, 7.7052001953125, 7.7204999923706055, 7.874300003051758, 7.905900001525879, 7.116799831390381, 7.963200092315674, 8.132499694824219, 9.299400329589844, 8.375699996948242, 7.747200012207031, 8.463700294494629, 8.657999992370605, 7.3343000411987305, 7.964799880981445, 9.15470027923584, 8.848199844360352, 9.180800437927246, 8.419899940490723, 9.084699630737305, 8.395999908447266, 9.148500442504883, 8.526900291442871, 11.541099548339844, 10.684100151062012, 11.7475004196167, 15.208100318908691, 10.739899635314941, 12.361599922180176, 10.97819995880127, 11.182100296020508, 12.65820026397705, 11.22070026397705, 11.174099922180176, 12.082300186157227, 10.64490032196045, 11.419099807739258, 9.83530044555664, 9.949299812316895]"
