item_id,start,freq,target
T599,2014-12-29,W-SUN,"[8.715900421142578, 11.612000465393066, 7.724299907684326, 11.375399589538574, 12.175800323486328, 12.863800048828125, 12.53499984741211, 12.639599800109863, 11.63029956817627, 12.717900276184082, 12.616999626159668, 13.038800239562988, 12.840399742126465, 12.266900062561035, 12.56190013885498, 13.138199806213379, 12.937899589538574, 12.830300331115723, 13.099499702453613, 13.2746000289917, 12.327099800109863, 13.128100395202637, 13.774200439453125, 13.228699684143066, 13.273699760437012, 12.824799537658691, 11.687299728393555, 13.382599830627441, 13.284299850463867, 13.487099647521973, 13.019800186157227, 13.39330005645752, 13.040399551391602, 13.11620044708252, 10.355199813842773, 10.246399879455566, 11.02079963684082, 10.729000091552734, 9.404800415039062, 10.953700065612793, 10.396400451660156, 10.958499908447266, 10.725799560546875, 11.171699523925781, 10.653599739074707, 10.812299728393555, 11.394800186157227, 10.794599533081055, 11.905500411987305, 13.999699592590332, 13.472299575805664, 9.991600036621094, 11.459699630737305, 13.678899765014648, 13.097800254821777, 13.669699668884277, 13.154000282287598, 13.961400032043457, 12.729599952697754, 11.697500228881836, 11.828399658203125, 9.756799697875977, 10.6225004196167, 9.583800315856934, 10.238200187683105, 9.211099624633789, 12.222100257873535, 13.249300003051758, 13.387399673461914, 13.32129955291748, 13.131999969482422, 13.892000198364258, 13.856100082397461, 12.69950008392334, 13.30370044708252, 14.34119987487793, 13.451800346374512, 13.583200454711914, 11.66409969329834, 13.753199577331543, 14.285699844360352, 13.454000473022461, 13.611300468444824, 13.727999687194824, 13.976200103759766, 14.3641996383667, 13.351699829101562, 12.295999526977539, 13.534099578857422, 14.456700325012207, 14.9375, 13.456000328063965, 13.781999588012695, 13.885299682617188, 13.34630012512207, 13.20259952545166]"
