item_id,start,freq,target
T321,2015-01-25 00:00:00,W-SUN,"[15.547499656677246, 14.724699974060059, 13.88010025024414, 15.858499526977539, 13.56410026550293, 14.353699684143066, 14.886799812316895, 14.435500144958496, 14.82800006866455, 14.167099952697754, 14.206199645996094, 14.079899787902832, 12.947699546813965, 14.609600067138672, 16.287900924682617, 14.851799964904785, 15.045000076293945, 14.553400039672852, 14.7431001663208, 15.954899787902832, 14.39109992980957, 14.503899574279785, 12.260700225830078, 14.118599891662598, 14.62969970703125, 14.740099906921387, 14.946700096130371, 14.561599731445312, 15.475899696350098, 15.722700119018555, 13.425100326538086, 13.560400009155273, 15.110400199890137, 15.330699920654297, 14.604900360107422, 15.229299545288086, 15.771300315856934, 16.041400909423828, 15.309200286865234, 14.56879997253418, 15.131600379943848, 15.604999542236328, 15.896900177001953, 11.262200355529785, 15.281900405883789, 16.439899444580078, 16.37299919128418, 10.319700241088867, 9.796099662780762, 13.26259994506836, 13.71679973602295, 14.787400245666504, 14.70989990234375, 15.270600318908691, 14.428999900817871, 16.200899124145508, 15.450900077819824, 14.954299926757812, 15.761799812316895, 16.463899612426758, 14.536499977111816, 15.254500389099121, 15.253600120544434, 16.899499893188477, 15.430500030517578, 15.807999610900879, 16.04330062866211, 16.760900497436523, 15.391400337219238, 15.462900161743164, 16.012399673461914, 17.18160057067871, 15.972800254821777, 15.250300407409668, 13.549200057983398, 14.951600074768066, 17.287900924682617, 16.664499282836914, 16.672000885009766, 16.004100799560547, 16.022199630737305, 16.375999450683594, 16.018400192260742, 14.955699920654297, 16.34910011291504, 16.84869956970215, 15.104599952697754, 13.932499885559082, 16.297399520874023, 14.684100151062012]"
