item_id,start,freq,target
T324,2014-12-29,W-SUN,"[3.5913000106811523, 5.714600086212158, 3.547800064086914, 4.559800148010254, 4.158199787139893, 4.631499767303467, 4.67080020904541, 4.987800121307373, 3.3227999210357666, 6.94980001449585, 7.876100063323975, 6.167799949645996, 5.13040018081665, 2.7298998832702637, 8.174599647521973, 11.119500160217285, 6.275000095367432, 9.652899742126465, 4.398600101470947, 4.581399917602539, 4.09060001373291, 4.27370023727417, 4.6143999099731445, 4.4028000831604, 4.703000068664551, 4.651800155639648, 4.047800064086914, 5.0640997886657715, 4.320400238037109, 3.3671000003814697, 4.015699863433838, 4.86460018157959, 5.3649001121521, 5.217100143432617, 4.946000099182129, 4.9517998695373535, 5.350800037384033, 4.747200012207031, 4.851500034332275, 4.664999961853027, 4.790900230407715, 4.689199924468994, 4.946499824523926, 5.075900077819824, 4.831399917602539, 4.865200042724609, 4.682300090789795, 4.436500072479248, 4.94980001449585, 4.923399925231934, 4.402599811553955, 3.372999906539917, 3.723900079727173, 4.2758002281188965, 4.387400150299072, 4.372200012207031, 4.449100017547607, 4.505899906158447, 4.688000202178955, 4.353499889373779, 4.979700088500977, 3.9305999279022217, 4.091700077056885, 4.199699878692627, 4.607399940490723, 4.44980001449585, 4.377399921417236, 4.713600158691406, 4.57390022277832, 4.582699775695801, 4.521599769592285, 4.685500144958496, 4.7281999588012695, 4.556000232696533, 4.545100212097168, 4.6519999504089355, 4.669600009918213, 4.701000213623047, 4.084799766540527, 4.7677001953125, 4.692200183868408, 4.640200138092041, 4.6641998291015625, 3.764899969100952, 3.581899881362915, 2.7748000621795654, 2.8568999767303467, 2.6893999576568604, 2.8671000003814697, 5.162300109863281, 4.780200004577637, 3.8213000297546387, 4.759699821472168, 4.286499977111816, 4.385300159454346, 4.285699844360352]"
