item_id,start,freq,target
T533,2015-02-01 00:00:00,W-SUN,"[15.725799560546875, 16.908599853515625, 16.793800354003906, 13.841300010681152, 16.519800186157227, 17.177900314331055, 18.274599075317383, 18.3882999420166, 17.377399444580078, 18.196800231933594, 18.010299682617188, 17.595600128173828, 18.19729995727539, 19.238100051879883, 18.54360008239746, 17.254600524902344, 17.055099487304688, 18.78030014038086, 19.282100677490234, 18.34079933166504, 18.797000885009766, 15.407099723815918, 19.37529945373535, 19.588199615478516, 18.087299346923828, 18.14080047607422, 19.708599090576172, 18.2549991607666, 17.936599731445312, 19.22170066833496, 19.09600067138672, 20.79680061340332, 19.305999755859375, 16.36440086364746, 19.61840057373047, 19.845800399780273, 20.165000915527344, 21.336000442504883, 19.874799728393555, 19.87459945678711, 19.486600875854492, 21.109800338745117, 16.149999618530273, 13.69279956817627, 20.934099197387695, 17.937299728393555, 15.61340045928955, 14.878000259399414, 17.623600006103516, 18.26259994506836, 16.625999450683594, 19.128299713134766, 18.14349937438965, 14.331600189208984, 15.892999649047852, 17.30699920654297, 19.430299758911133, 21.10420036315918, 17.20199966430664, 19.59280014038086, 19.486400604248047, 19.78809928894043, 19.938199996948242, 20.417800903320312, 19.409500122070312, 20.669700622558594, 21.953100204467773, 21.41990089416504, 20.06439971923828, 21.97260093688965, 22.889799118041992, 20.56220054626465, 18.765899658203125, 15.854499816894531, 19.276100158691406, 21.367799758911133, 18.850400924682617, 21.09269905090332, 19.109699249267578, 21.0447998046875, 19.407699584960938, 18.55139923095703, 19.782800674438477, 19.11389923095703, 19.935199737548828, 19.205400466918945, 19.530799865722656, 19.122299194335938, 18.01689910888672, 20.906700134277344]"
