item_id,start,freq,target
T198,2014-12-29,W-SUN,"[3.0329999923706055, 4.557700157165527, 4.254300117492676, 4.072000026702881, 4.4506001472473145, 4.281799793243408, 4.231900215148926, 4.4145002365112305, 4.090400218963623, 4.440199851989746, 4.515600204467773, 4.888700008392334, 4.731299877166748, 5.71619987487793, 4.324100017547607, 4.508999824523926, 5.296299934387207, 4.415200233459473, 5.46150016784668, 4.516600131988525, 4.8420000076293945, 4.456900119781494, 4.510700225830078, 4.333799839019775, 4.390200138092041, 4.338500022888184, 3.787100076675415, 5.077700138092041, 4.515100002288818, 4.530300140380859, 4.50029993057251, 4.363100051879883, 4.35230016708374, 4.566100120544434, 4.719299793243408, 3.9393999576568604, 3.967099905014038, 4.569200038909912, 4.420000076293945, 4.559800148010254, 4.311200141906738, 4.472799777984619, 4.065299987792969, 4.355000019073486, 4.5208001136779785, 4.6132001876831055, 4.533699989318848, 3.9828999042510986, 4.437699794769287, 4.498600006103516, 4.346399784088135, 3.2481000423431396, 3.533099889755249, 4.320099830627441, 4.05620002746582, 3.9809999465942383, 3.7469000816345215, 4.449699878692627, 5.770899772644043, 4.683700084686279, 4.004799842834473, 4.08519983291626, 4.183199882507324, 4.329899787902832, 4.638899803161621, 4.292300224304199, 4.248199939727783, 4.302299976348877, 4.33650016784668, 4.391300201416016, 4.364500045776367, 4.3744001388549805, 4.436500072479248, 3.9719998836517334, 3.539400100708008, 4.915500164031982, 4.739999771118164, 4.499899864196777, 3.9052000045776367, 4.525100231170654, 4.615300178527832, 4.499899864196777, 4.688700199127197, 4.626999855041504, 4.598700046539307, 4.68179988861084, 4.5619001388549805, 4.118199825286865, 4.597799777984619, 4.5447001457214355, 4.684500217437744, 3.9851999282836914, 4.640600204467773, 4.485000133514404, 4.600900173187256, 4.241499900817871]"
