item_id,start,freq,target
T593,2014-12-29,W-SUN,"[10.641500473022461, 13.160699844360352, 12.902099609375, 10.249199867248535, 13.522000312805176, 13.515999794006348, 12.453300476074219, 12.716899871826172, 10.443499565124512, 13.013400077819824, 12.937299728393555, 12.515800476074219, 15.105999946594238, 14.339400291442871, 14.022100448608398, 13.663700103759766, 13.156000137329102, 13.588800430297852, 13.154500007629395, 14.57409954071045, 13.478500366210938, 14.297200202941895, 14.491399765014648, 14.225199699401855, 15.405500411987305, 14.579700469970703, 12.709099769592285, 14.486800193786621, 14.427300453186035, 13.548500061035156, 14.44950008392334, 14.184200286865234, 13.843600273132324, 14.638999938964844, 13.813799858093262, 13.491999626159668, 15.162300109863281, 15.638099670410156, 11.2431001663208, 14.2746000289917, 13.582500457763672, 13.739899635314941, 14.920299530029297, 15.176899909973145, 14.958900451660156, 15.362299919128418, 15.290800094604492, 13.098899841308594, 11.527099609375, 15.337599754333496, 14.854000091552734, 11.012499809265137, 12.389900207519531, 14.12339973449707, 13.560999870300293, 13.800800323486328, 13.805299758911133, 14.85669994354248, 11.743800163269043, 15.138699531555176, 12.99590015411377, 13.647199630737305, 13.183099746704102, 13.917799949645996, 13.06149959564209, 13.624600410461426, 14.867199897766113, 15.322600364685059, 14.951000213623047, 13.857799530029297, 14.797300338745117, 15.138999938964844, 15.049200057983398, 13.536100387573242, 15.39229965209961, 14.81029987335205, 14.473699569702148, 14.859999656677246, 13.465499877929688, 12.968199729919434, 14.178299903869629, 14.45259952545166, 14.366100311279297, 14.345999717712402, 17.26930046081543, 17.881799697875977, 18.31999969482422, 16.434600830078125, 17.786100387573242, 15.772600173950195, 15.22189998626709, 18.32069969177246, 17.916200637817383, 17.783599853515625, 18.77589988708496, 19.114700317382812]"
