item_id,start,freq,target
T210,2014-12-29,W-SUN,"[10.395099639892578, 12.241000175476074, 6.998499870300293, 12.004300117492676, 13.586700439453125, 12.618399620056152, 12.622200012207031, 13.425800323486328, 12.096599578857422, 13.23960018157959, 13.465200424194336, 12.913700103759766, 13.643699645996094, 12.008500099182129, 13.277700424194336, 13.649200439453125, 13.190099716186523, 12.894599914550781, 13.048700332641602, 13.279500007629395, 12.213500022888184, 13.241600036621094, 12.899200439453125, 13.474100112915039, 13.953499794006348, 13.366100311279297, 12.514599800109863, 13.32129955291748, 13.58329963684082, 13.29010009765625, 13.633700370788574, 13.340200424194336, 13.422499656677246, 14.302399635314941, 14.362500190734863, 13.379799842834473, 14.052900314331055, 14.900099754333496, 13.960000038146973, 13.887299537658691, 13.262800216674805, 14.373299598693848, 14.48799991607666, 14.991000175476074, 13.673600196838379, 14.400400161743164, 14.833200454711914, 12.56719970703125, 14.030400276184082, 15.46720027923584, 14.172900199890137, 12.026900291442871, 12.373100280761719, 15.210000038146973, 13.349300384521484, 14.490400314331055, 14.166600227355957, 14.502900123596191, 14.343500137329102, 14.553899765014648, 14.871700286865234, 13.730799674987793, 13.760499954223633, 13.79640007019043, 15.69729995727539, 13.996700286865234, 11.59220027923584, 14.592100143432617, 12.315699577331543, 14.005200386047363, 13.43589973449707, 13.454099655151367, 13.084699630737305, 12.962499618530273, 13.607799530029297, 14.022100448608398, 13.416600227355957, 13.422699928283691, 12.739500045776367, 12.848699569702148, 13.202300071716309, 12.958700180053711, 13.114899635314941, 13.224499702453613, 14.04539966583252, 13.112099647521973, 13.326700210571289, 11.938699722290039, 12.735300064086914, 12.50879955291748, 12.586999893188477, 12.376999855041504, 12.821200370788574, 11.708900451660156, 12.255599975585938, 12.289899826049805]"
