item_id,start,freq,target
T475,2014-12-29,W-SUN,"[5.344799995422363, 6.621500015258789, 6.401899814605713, 6.180799961090088, 6.6371002197265625, 6.445400238037109, 6.295599937438965, 6.6346001625061035, 6.204400062561035, 6.558700084686279, 6.23769998550415, 6.397299766540527, 6.293000221252441, 5.829999923706055, 6.742199897766113, 7.517300128936768, 7.243800163269043, 6.565499782562256, 5.926499843597412, 6.1717000007629395, 5.22189998626709, 6.478300094604492, 6.440499782562256, 6.212299823760986, 6.320700168609619, 6.476099967956543, 5.696100234985352, 6.615900039672852, 6.4899001121521, 6.604100227355957, 6.239799976348877, 6.519199848175049, 6.5640997886657715, 6.913700103759766, 6.569799900054932, 6.224400043487549, 7.183199882507324, 7.0706000328063965, 6.64709997177124, 6.805699825286865, 6.798099994659424, 6.4558000564575195, 7.184500217437744, 6.985400199890137, 6.765999794006348, 6.668099880218506, 6.6975998878479, 5.830599784851074, 6.7906999588012695, 7.442200183868408, 7.022799968719482, 4.397600173950195, 5.471700191497803, 6.206299781799316, 6.469600200653076, 6.511899948120117, 5.9028000831604, 6.151899814605713, 6.3368000984191895, 6.5106000900268555, 6.540200233459473, 6.469699859619141, 6.5706000328063965, 6.701700210571289, 6.09689998626709, 6.497799873352051, 6.554100036621094, 6.311500072479248, 6.718900203704834, 6.775000095367432, 6.777299880981445, 6.6975998878479, 6.925000190734863, 6.05620002746582, 6.560500144958496, 6.53410005569458, 6.700500011444092, 6.725399971008301, 5.59250020980835, 6.493500232696533, 6.665800094604492, 6.230599880218506, 6.540800094604492, 6.478300094604492, 6.645299911499023, 7.2418999671936035, 7.020899772644043, 6.130499839782715, 7.1468000411987305, 6.92519998550415, 7.121300220489502, 7.223100185394287, 6.7846999168396, 6.679299831390381, 6.940199851989746, 6.553199768066406]"
