item_id,start,freq,target
T605,2014-12-29,W-SUN,"[8.451199531555176, 10.36050033569336, 9.986599922180176, 9.343600273132324, 8.52400016784668, 8.8193998336792, 8.253399848937988, 8.223099708557129, 6.861000061035156, 6.257199764251709, 7.859399795532227, 5.152299880981445, 6.4583001136779785, 5.448599815368652, 7.002500057220459, 10.59119987487793, 7.473800182342529, 9.77079963684082, 9.781499862670898, 10.466300010681152, 10.680399894714355, 12.344799995422363, 11.583100318908691, 11.855799674987793, 12.084600448608398, 12.112799644470215, 10.93120002746582, 11.737299919128418, 12.11340045928955, 11.257800102233887, 12.05739974975586, 11.966099739074707, 11.296099662780762, 11.18019962310791, 9.973099708557129, 9.946399688720703, 10.899200439453125, 10.9306001663208, 10.812100410461426, 10.900699615478516, 10.744099617004395, 11.25469970703125, 11.271400451660156, 10.594300270080566, 11.25510025024414, 10.49209976196289, 10.360899925231934, 9.095499992370605, 10.537199974060059, 11.080300331115723, 10.613699913024902, 8.023099899291992, 8.983200073242188, 10.625399589538574, 10.775699615478516, 10.326299667358398, 9.528800010681152, 10.582900047302246, 10.75979995727539, 10.686100006103516, 11.157400131225586, 10.46030044555664, 10.925299644470215, 10.60509967803955, 10.246999740600586, 10.453200340270996, 10.601900100708008, 10.682100296020508, 10.761799812316895, 10.64169979095459, 11.001899719238281, 11.123100280761719, 11.554800033569336, 10.19890022277832, 11.150899887084961, 11.055100440979004, 10.666399955749512, 10.621100425720215, 9.455699920654297, 10.727100372314453, 10.598999977111816, 9.98270034790039, 10.595100402832031, 10.58899974822998, 10.987099647521973, 10.892399787902832, 10.585000038146973, 10.09749984741211, 11.252300262451172, 11.25100040435791, 11.123000144958496, 11.094599723815918, 10.860300064086914, 10.767600059509277, 11.121199607849121, 10.58810043334961]"
