item_id,start,freq,target
T506,2015-02-01 00:00:00,W-SUN,"[8.601499557495117, 8.284700393676758, 8.126500129699707, 8.676400184631348, 8.918700218200684, 10.25570011138916, 10.059800148010254, 10.317700386047363, 8.909099578857422, 10.116399765014648, 10.441699981689453, 8.899200439453125, 10.375300407409668, 11.148599624633789, 10.898699760437012, 10.388899803161621, 10.017900466918945, 8.498800277709961, 8.839200019836426, 9.599300384521484, 9.680899620056152, 7.929100036621094, 8.880800247192383, 8.150500297546387, 7.446000099182129, 9.303600311279297, 8.68529987335205, 5.8867998123168945, 8.569000244140625, 7.805200099945068, 7.376399993896484, 8.303400039672852, 8.728500366210938, 5.7266998291015625, 8.276900291442871, 7.339799880981445, 7.908299922943115, 7.714600086212158, 7.728899955749512, 7.704699993133545, 8.0600004196167, 8.40999984741211, 7.477700233459473, 5.896699905395508, 8.342100143432617, 6.868500232696533, 7.204899787902832, 6.842100143432617, 7.345699787139893, 8.17770004272461, 6.887499809265137, 8.403800010681152, 7.85890007019043, 6.297100067138672, 6.695700168609619, 7.018700122833252, 7.289400100708008, 7.653500080108643, 6.317699909210205, 7.869500160217285, 7.239099979400635, 7.1722002029418945, 7.119100093841553, 7.144000053405762, 7.178299903869629, 7.212500095367432, 7.497900009155273, 7.659599781036377, 7.396100044250488, 7.515100002288818, 7.659800052642822, 7.615900039672852, 7.679500102996826, 7.319200038909912, 7.440199851989746, 7.627299785614014, 7.148900032043457, 7.377500057220459, 7.770699977874756, 7.582799911499023, 7.807600021362305, 7.757800102233887, 7.227799892425537, 7.094099998474121, 7.1971001625061035, 6.618500232696533, 6.453700065612793, 6.0954999923706055, 5.845600128173828, 5.923799991607666]"
