item_id,start,freq,target
T661,2014-12-29,W-SUN,"[9.90820026397705, 8.915900230407715, 14.02929973602295, 10.751099586486816, 15.366100311279297, 15.483699798583984, 10.017499923706055, 12.659600257873535, 10.877300262451172, 15.418600082397461, 15.454299926757812, 11.953800201416016, 14.911999702453613, 14.257100105285645, 14.304400444030762, 15.17870044708252, 7.577600002288818, 15.165399551391602, 15.32759952545166, 15.160200119018555, 14.120800018310547, 15.146699905395508, 15.243499755859375, 14.901200294494629, 15.281800270080566, 15.209500312805176, 13.573100090026855, 15.385899543762207, 15.241600036621094, 13.623900413513184, 14.45829963684082, 14.734199523925781, 13.257499694824219, 15.281599998474121, 9.17710018157959, 13.825900077819824, 15.505499839782715, 15.898099899291992, 9.81470012664795, 15.19540023803711, 14.434599876403809, 15.519800186157227, 15.587200164794922, 15.572799682617188, 15.080400466918945, 15.535699844360352, 14.72350025177002, 9.470199584960938, 9.639200210571289, 15.615699768066406, 14.334699630737305, 11.779800415039062, 12.928899765014648, 15.042699813842773, 13.342900276184082, 12.847000122070312, 14.13379955291748, 15.101300239562988, 10.040499687194824, 15.239299774169922, 12.997099876403809, 14.861200332641602, 15.088899612426758, 15.595000267028809, 14.523900032043457, 10.969099998474121, 11.091400146484375, 12.006600379943848, 13.068499565124512, 11.236700057983398, 11.570599555969238, 11.985099792480469, 11.845000267028809, 11.041799545288086, 11.785300254821777, 11.793100357055664, 12.357000350952148, 12.366299629211426, 9.48740005493164, 12.080499649047852, 11.106100082397461, 14.555299758911133, 14.62559986114502, 14.331999778747559, 14.5826997756958, 15.298999786376953, 15.13949966430664, 13.343799591064453, 14.803500175476074, 13.182900428771973, 14.86359977722168, 10.936800003051758, 12.333200454711914, 12.912799835205078, 12.517999649047852, 12.375200271606445]"
