item_id,start,freq,target
T97,2015-02-01 00:00:00,W-SUN,"[7.158899784088135, 7.438600063323975, 7.44379997253418, 6.86460018157959, 7.516900062561035, 7.6722002029418945, 8.053000450134277, 7.017099857330322, 6.738900184631348, 7.134399890899658, 7.462500095367432, 7.423699855804443, 7.631899833679199, 7.349400043487549, 8.128499984741211, 6.9421000480651855, 7.676199913024902, 7.767199993133545, 7.4380998611450195, 7.819499969482422, 7.033599853515625, 6.146299839019775, 7.532700061798096, 7.792900085449219, 7.405200004577637, 7.586100101470947, 7.097499847412109, 8.043399810791016, 8.259400367736816, 8.393500328063965, 7.720200061798096, 8.196700096130371, 8.236499786376953, 8.162799835205078, 7.960599899291992, 8.390800476074219, 8.733599662780762, 8.50979995727539, 8.50790023803711, 7.958399772644043, 8.95009994506836, 7.990799903869629, 6.997700214385986, 7.862100124359131, 9.157400131225586, 7.810100078582764, 5.5329999923706055, 6.947700023651123, 7.684800148010254, 7.612400054931641, 7.532299995422363, 8.13010025024414, 8.169300079345703, 7.645599842071533, 8.655500411987305, 7.7245001792907715, 8.023099899291992, 7.782400131225586, 6.8196001052856445, 7.743199825286865, 7.542099952697754, 7.924300193786621, 8.276700019836426, 8.230400085449219, 8.140999794006348, 7.9542999267578125, 8.036299705505371, 8.010000228881836, 7.618100166320801, 8.4266996383667, 8.105600357055664, 8.154500007629395, 7.958199977874756, 6.519100189208984, 8.357600212097168, 8.235099792480469, 7.479400157928467, 8.013500213623047, 7.59499979019165, 7.970799922943115, 8.436800003051758, 8.862700462341309, 7.304900169372559, 8.437199592590332, 9.331399917602539, 9.052499771118164, 8.443099975585938, 7.068900108337402, 8.500200271606445, 8.886899948120117]"
