item_id,start,freq,target
T520,2014-12-29,W-SUN,"[8.9975004196167, 10.800999641418457, 8.285099983215332, 10.835599899291992, 11.614700317382812, 12.241399765014648, 11.643400192260742, 11.26039981842041, 10.712699890136719, 13.2475004196167, 12.517000198364258, 12.09529972076416, 11.303500175476074, 11.362099647521973, 11.930999755859375, 13.246800422668457, 12.947600364685059, 13.593500137329102, 13.252400398254395, 12.61929988861084, 12.269200325012207, 12.609199523925781, 13.353099822998047, 11.776399612426758, 12.057299613952637, 12.249600410461426, 11.372400283813477, 12.053899765014648, 12.172599792480469, 11.553500175476074, 11.27400016784668, 12.17959976196289, 11.937199592590332, 12.381500244140625, 12.857099533081055, 13.785400390625, 13.828399658203125, 13.418800354003906, 13.282500267028809, 13.673399925231934, 13.160400390625, 14.272000312805176, 12.664799690246582, 14.410699844360352, 11.910099983215332, 13.199199676513672, 11.853500366210938, 10.99120044708252, 12.418800354003906, 12.636199951171875, 12.207099914550781, 9.445699691772461, 10.870400428771973, 11.14490032196045, 11.709199905395508, 11.883700370788574, 12.07349967956543, 12.056599617004395, 11.904899597167969, 11.707799911499023, 12.278499603271484, 12.26360034942627, 12.039400100708008, 11.45680046081543, 12.125699996948242, 12.871500015258789, 13.180100440979004, 12.255999565124512, 10.581600189208984, 11.859700202941895, 12.3302001953125, 13.685500144958496, 12.326000213623047, 11.062700271606445, 13.373600006103516, 14.145299911499023, 12.849699974060059, 13.233599662780762, 12.259200096130371, 13.178199768066406, 12.72700023651123, 13.433500289916992, 11.650799751281738, 10.82759952545166, 10.438400268554688, 10.944299697875977, 10.6983003616333, 7.969399929046631, 11.137399673461914, 11.2253999710083, 11.175700187683105, 10.292499542236328, 10.465999603271484, 10.497099876403809, 10.446100234985352, 10.508000373840332]"
