item_id,start,freq,target
T63,2015-01-25 00:00:00,W-SUN,"[[4.92579984664917, 5.343299865722656, 5.255000114440918, 4.051599979400635, 4.364999771118164, 5.537600040435791, 5.260900020599365, 6.123600006103516, 6.979300022125244, 5.507699966430664, 5.297599792480469, 5.3105998039245605, 5.688499927520752, 7.344699859619141, 8.059900283813477, 7.859600067138672, 7.625999927520752, 7.753799915313721, 8.507699966430664, 7.9029998779296875, 7.787300109863281, 7.903800010681152, 7.177199840545654, 7.485300064086914, 7.889500141143799, 7.940400123596191, 8.023099899291992, 8.125699996948242, 6.985400199890137, 8.59000015258789, 8.215200424194336, 8.780799865722656, 8.151800155639648, 9.037400245666504, 9.189000129699707, 9.272500038146973, 8.73900032043457, 8.664899826049805, 8.17020034790039, 9.297300338745117, 7.99370002746582, 8.387499809265137, 7.80109977722168, 6.429100036621094, 7.1971001625061035, 6.986999988555908, 7.0655999183654785, 5.61959981918335, 5.95550012588501, 6.625800132751465, 6.5854997634887695, 6.856599807739258, 6.932799816131592, 7.741300106048584, 7.827300071716309, 7.847099781036377, 8.16349983215332, 7.446800231933594, 7.438600063323975, 8.338299751281738, 8.173399925231934, 6.737800121307373, 7.576399803161621, 8.951899528503418, 8.576199531555176, 8.225199699401855, 7.947299957275391, 8.401900291442871, 8.53279972076416, 8.084199905395508, 8.195500373840332, 8.346599578857422, 8.375900268554688, 8.327199935913086, 7.772299766540527, 9.301899909973145, 9.192999839782715, 8.661999702453613, 8.903200149536133, 9.25879955291748, 8.966099739074707, 9.371399879455566, 9.118000030517578, 8.092399597167969, 8.287099838256836, 8.824399948120117, 9.50160026550293, 6.898799896240234, 7.788300037384033, 8.1048002243042]]"
