item_id,start,freq,target
T698,2014-12-29,W-SUN,"[9.142499923706055, 5.73330020904541, 5.73330020904541, 5.73330020904541, 5.73330020904541, 5.73330020904541, 5.73330020904541, 5.73330020904541, 5.1971001625061035, 5.735499858856201, 5.73330020904541, 5.73330020904541, 5.73330020904541, 5.73330020904541, 5.950699806213379, 5.73330020904541, 6.848299980163574, 9.733599662780762, 9.785200119018555, 9.74269962310791, 9.926300048828125, 10.43220043182373, 10.000800132751465, 10.649999618530273, 9.514599800109863, 10.327500343322754, 10.017900466918945, 11.030099868774414, 10.489800453186035, 10.660400390625, 11.301199913024902, 8.988100051879883, 10.50510025024414, 9.564200401306152, 10.653300285339355, 9.590299606323242, 8.966300010681152, 8.852899551391602, 9.33650016784668, 10.126299858093262, 9.902400016784668, 10.62399959564209, 8.404999732971191, 9.55109977722168, 9.620599746704102, 9.434300422668457, 9.98799991607666, 9.941800117492676, 9.593899726867676, 9.64009952545166, 9.858099937438965, 9.2298002243042, 8.802599906921387, 9.164999961853027, 9.012900352478027, 9.494999885559082, 8.347100257873535, 9.272199630737305, 9.252699851989746, 8.90779972076416, 7.951700210571289, 8.817899703979492, 9.270899772644043, 9.903499603271484, 10.247300148010254, 10.137299537658691, 9.751299858093262, 10.160099983215332, 9.94379997253418, 9.940099716186523, 10.359199523925781, 10.303000450134277, 10.180100440979004, 10.545100212097168, 10.450699806213379, 10.81779956817627, 10.501899719238281, 10.620499610900879, 9.323200225830078, 13.741100311279297, 13.192299842834473, 12.719799995422363, 10.913299560546875, 6.930600166320801, 7.523099899291992, 7.381899833679199, 6.778299808502197, 5.905700206756592, 9.536600112915039, 11.453700065612793, 10.978400230407715, 10.635499954223633, 10.381699562072754, 9.220000267028809, 9.38860034942627, 8.582799911499023]"
