item_id,start,freq,target
T375,2014-12-29,W-SUN,"[5.51609992980957, 6.861599922180176, 7.768599987030029, 7.441199779510498, 8.399100303649902, 8.599100112915039, 8.963700294494629, 9.354100227355957, 8.474200248718262, 9.037599563598633, 8.507699966430664, 8.723899841308594, 8.80720043182373, 7.864500045776367, 8.264200210571289, 7.992700099945068, 8.32040023803711, 7.231200218200684, 7.568900108337402, 6.968500137329102, 8.365500450134277, 9.178899765014648, 9.329500198364258, 9.770999908447266, 9.31309986114502, 9.1628999710083, 7.650400161743164, 9.037400245666504, 9.128499984741211, 8.965800285339355, 9.003999710083008, 9.071999549865723, 9.766799926757812, 9.629300117492676, 9.402700424194336, 9.038599967956543, 9.73449993133545, 10.460200309753418, 9.758099555969238, 10.159199714660645, 9.946499824523926, 10.138899803161621, 10.160599708557129, 10.18850040435791, 10.190999984741211, 10.362000465393066, 10.633899688720703, 8.368499755859375, 9.854599952697754, 10.26200008392334, 9.810400009155273, 6.583499908447266, 6.990600109100342, 9.173399925231934, 8.964200019836426, 9.812299728393555, 9.446499824523926, 9.638899803161621, 9.569899559020996, 9.610699653625488, 10.207099914550781, 9.434000015258789, 9.273500442504883, 9.979399681091309, 9.95740032196045, 9.491299629211426, 8.854100227355957, 9.899700164794922, 9.54010009765625, 9.961199760437012, 9.8100004196167, 9.988800048828125, 10.164299964904785, 9.544400215148926, 10.020000457763672, 9.934700012207031, 9.914299964904785, 9.934100151062012, 8.68970012664795, 9.864899635314941, 10.147500038146973, 9.921600341796875, 9.628700256347656, 9.365599632263184, 9.793100357055664, 9.82390022277832, 10.192000389099121, 8.769700050354004, 10.16189956665039, 10.399299621582031, 10.551400184631348, 8.98859977722168, 12.066699981689453, 11.595499992370605, 11.774900436401367, 10.832500457763672]"
