item_id,start,freq,target
T398,2014-12-29,W-SUN,"[9.894599914550781, 12.381999969482422, 7.301499843597412, 13.150699615478516, 12.883199691772461, 13.808300018310547, 11.890899658203125, 15.129899978637695, 12.669500350952148, 14.27340030670166, 14.37559986114502, 15.465999603271484, 13.97070026397705, 13.529199600219727, 14.94890022277832, 15.320699691772461, 15.016300201416016, 14.830599784851074, 15.87600040435791, 16.10140037536621, 13.774999618530273, 15.805800437927246, 16.255699157714844, 17.60099983215332, 15.776399612426758, 17.538400650024414, 12.980400085449219, 15.567700386047363, 15.726900100708008, 15.51360034942627, 14.04640007019043, 15.683500289916992, 15.724800109863281, 12.428000450134277, 15.281800270080566, 15.252900123596191, 12.859399795532227, 13.583800315856934, 14.540499687194824, 17.217300415039062, 14.056900024414062, 15.407500267028809, 15.01159954071045, 15.421500205993652, 14.995599746704102, 16.540000915527344, 17.832799911499023, 12.752400398254395, 15.896100044250488, 18.41629981994629, 18.20009994506836, 11.631199836730957, 11.4443998336792, 14.602999687194824, 15.128000259399414, 16.758899688720703, 15.677599906921387, 15.17609977722168, 14.581700325012207, 15.996700286865234, 15.556900024414062, 15.51449966430664, 17.75550079345703, 16.779600143432617, 16.4325008392334, 15.604900360107422, 15.604399681091309, 14.924799919128418, 15.164899826049805, 15.332900047302246, 15.280099868774414, 18.138599395751953, 16.15730094909668, 15.341300010681152, 16.68400001525879, 17.968399047851562, 16.805400848388672, 15.337599754333496, 12.786100387573242, 16.07390022277832, 17.633499145507812, 17.052200317382812, 16.37820053100586, 16.86359977722168, 16.009300231933594, 17.703800201416016, 16.82430076599121, 14.425200462341309, 17.09309959411621, 17.77680015563965, 16.622900009155273, 16.47260093688965, 16.767000198364258, 17.257600784301758, 18.991300582885742, 16.543399810791016]"
