item_id,start,freq,target
T743,2014-12-29,W-SUN,"[4.690899848937988, 5.448400020599365, 5.571400165557861, 5.135900020599365, 5.157599925994873, 4.930600166320801, 5.310500144958496, 5.42080020904541, 5.116600036621094, 5.436999797821045, 5.595699787139893, 5.753900051116943, 5.79580020904541, 5.777200222015381, 6.343400001525879, 6.551300048828125, 5.907700061798096, 5.871099948883057, 6.256999969482422, 6.044000148773193, 6.092400074005127, 5.14300012588501, 6.054599761962891, 5.944799900054932, 5.750400066375732, 6.764699935913086, 7.700500011444092, 7.700500011444092, 7.700500011444092, 7.700500011444092, 7.700500011444092, 7.700500011444092, 7.700500011444092, 7.700500011444092, 7.700500011444092, 7.700500011444092, 7.700500011444092, 7.973700046539307, 8.533599853515625, 9.554499626159668, 9.776700019836426, 9.971400260925293, 9.464699745178223, 9.279999732971191, 9.217599868774414, 9.119999885559082, 9.659500122070312, 7.739999771118164, 7.683000087738037, 8.354900360107422, 8.224900245666504, 7.739099979400635, 7.803999900817871, 7.858099937438965, 8.533699989318848, 7.410600185394287, 7.700500011444092, 8.608799934387207, 7.986299991607666, 7.136600017547607, 6.251399993896484, 5.6921000480651855, 5.899400234222412, 5.573599815368652, 6.0304999351501465, 6.1280999183654785, 6.6092000007629395, 6.179900169372559, 6.047800064086914, 6.288099765777588, 6.293900012969971, 6.850599765777588, 6.127200126647949, 8.69950008392334, 5.905900001525879, 6.9583001136779785, 6.944200038909912, 8.674400329589844, 7.643700122833252, 6.4532999992370605, 8.131099700927734, 8.78969955444336, 11.13599967956543, 9.071599960327148, 9.069899559020996, 8.499600410461426, 7.655600070953369, 5.934500217437744, 5.4745001792907715, 5.932000160217285, 5.34250020980835, 5.275700092315674, 6.448800086975098, 5.684899806976318, 5.730100154876709, 5.11460018157959]"
