item_id,start,freq,target
T553,2014-12-29,W-SUN,"[5.998600006103516, 7.154300212860107, 7.518799781799316, 7.210599899291992, 7.613699913024902, 7.131499767303467, 7.021999835968018, 8.263799667358398, 7.24429988861084, 8.256500244140625, 7.507400035858154, 8.290300369262695, 7.435100078582764, 6.868199825286865, 9.142600059509277, 9.265600204467773, 12.133099555969238, 9.081299781799316, 7.064599990844727, 7.8557000160217285, 6.816999912261963, 9.070899963378906, 7.629799842834473, 8.087499618530273, 8.382699966430664, 8.766799926757812, 6.932799816131592, 9.00409984588623, 8.88640022277832, 10.081100463867188, 8.675999641418457, 8.107500076293945, 8.25790023803711, 8.736200332641602, 9.333700180053711, 7.216800212860107, 9.128800392150879, 8.623000144958496, 8.719300270080566, 8.866800308227539, 8.320899963378906, 8.701299667358398, 8.575699806213379, 8.128600120544434, 8.211999893188477, 8.969099998474121, 8.47189998626709, 6.302199840545654, 7.923900127410889, 8.40470027923584, 8.130399703979492, 4.582099914550781, 5.16510009765625, 8.363100051879883, 6.704699993133545, 4.728700160980225, 7.289400100708008, 8.093400001525879, 6.165599822998047, 7.586400032043457, 7.440800189971924, 10.514800071716309, 11.465100288391113, 11.791099548339844, 11.833900451660156, 11.452099800109863, 11.0600004196167, 12.163999557495117, 11.24209976196289, 12.495499610900879, 11.789299964904785, 12.988499641418457, 12.609399795532227, 10.679200172424316, 13.518799781799316, 13.42490005493164, 13.027799606323242, 13.02929973602295, 10.459699630737305, 13.011899948120117, 13.178999900817871, 12.811400413513184, 12.779600143432617, 13.40999984741211, 13.427200317382812, 13.263400077819824, 12.885299682617188, 11.206600189208984, 12.863699913024902, 13.303799629211426, 13.389399528503418, 13.458600044250488, 12.474300384521484, 11.895899772644043, 12.558600425720215, 12.44789981842041]"
