item_id,start,freq,target
T471,2014-12-29,W-SUN,"[8.264699935913086, 10.43340015411377, 9.924300193786621, 9.666099548339844, 10.76360034942627, 9.658100128173828, 9.743000030517578, 12.188599586486816, 10.133299827575684, 11.468600273132324, 11.121700286865234, 11.447600364685059, 10.112299919128418, 8.760299682617188, 11.08240032196045, 11.050200462341309, 10.008099555969238, 9.584400177001953, 9.525899887084961, 10.293600082397461, 8.317399978637695, 12.230799674987793, 11.005900382995605, 11.753999710083008, 10.997200012207031, 11.366999626159668, 10.412400245666504, 12.002400398254395, 12.424099922180176, 11.700400352478027, 12.071800231933594, 12.16450023651123, 12.233699798583984, 13.374500274658203, 11.056500434875488, 10.51449966430664, 12.781999588012695, 12.92609977722168, 12.54520034790039, 13.177599906921387, 12.378899574279785, 12.602100372314453, 12.920000076293945, 11.464799880981445, 12.148300170898438, 13.316900253295898, 13.16469955444336, 8.594200134277344, 11.745100021362305, 12.656399726867676, 12.14840030670166, 6.118000030517578, 6.094900131225586, 11.235699653625488, 9.25529956817627, 12.788299560546875, 9.451700210571289, 11.616299629211426, 10.832200050354004, 12.954999923706055, 11.510600090026855, 11.689200401306152, 11.718099594116211, 12.356599807739258, 11.712499618530273, 11.27239990234375, 11.530400276184082, 13.213000297546387, 10.575200080871582, 12.397600173950195, 12.43589973449707, 13.041899681091309, 12.887700080871582, 10.49779987335205, 13.57699966430664, 14.16100025177002, 13.496100425720215, 14.028900146484375, 10.477499961853027, 13.524800300598145, 13.83549976348877, 13.470800399780273, 13.477499961853027, 13.858799934387207, 13.696000099182129, 15.311300277709961, 13.691699981689453, 11.065999984741211, 13.325200080871582, 14.321499824523926, 14.17770004272461, 14.198200225830078, 12.280200004577637, 12.037500381469727, 13.378800392150879, 14.236200332641602]"
