item_id,start,freq,target
T179,2014-12-29,W-SUN,"[5.5980000495910645, 7.937600135803223, 8.85569953918457, 6.688499927520752, 7.558800220489502, 8.478099822998047, 8.33240032196045, 9.535300254821777, 9.428000450134277, 9.998600006103516, 9.409700393676758, 9.57699966430664, 9.50409984588623, 9.02560043334961, 9.836999893188477, 9.987000465393066, 8.944600105285645, 9.706700325012207, 9.956299781799316, 9.558199882507324, 8.795900344848633, 9.720499992370605, 10.33430004119873, 9.745599746704102, 9.369799613952637, 9.16759967803955, 7.897799968719482, 9.982399940490723, 9.834400177001953, 9.509900093078613, 8.99269962310791, 9.012399673461914, 9.454700469970703, 9.188599586486816, 8.998900413513184, 8.751799583435059, 10.683500289916992, 10.725000381469727, 10.378399848937988, 10.324299812316895, 9.43910026550293, 9.697999954223633, 9.476499557495117, 10.36359977722168, 9.262499809265137, 9.786199569702148, 9.121199607849121, 7.42110013961792, 8.879599571228027, 8.953100204467773, 9.11620044708252, 6.842299938201904, 7.532199859619141, 8.824000358581543, 9.167799949645996, 8.924200057983398, 9.050299644470215, 9.173100471496582, 9.076000213623047, 9.309000015258789, 9.522000312805176, 8.852899551391602, 8.801400184631348, 9.522199630737305, 9.036700248718262, 8.901800155639648, 9.265800476074219, 9.491999626159668, 9.737500190734863, 8.458000183105469, 9.108099937438965, 9.450599670410156, 9.883500099182129, 8.399999618530273, 8.173399925231934, 8.071700096130371, 8.300700187683105, 8.523799896240234, 7.098499774932861, 8.34939956665039, 8.274999618530273, 8.10949993133545, 8.220399856567383, 8.248100280761719, 8.291099548339844, 8.418499946594238, 8.305800437927246, 7.408400058746338, 8.724900245666504, 8.789999961853027, 9.098600387573242, 8.519499778747559, 7.534999847412109, 7.60699987411499, 7.997000217437744, 7.6605000495910645]"
