item_id,start,freq,target
T772,2015-01-04 00:00:00,W-SUN,"[8.4266996383667, 10.247200012207031, 9.723999977111816, 9.48840045928955, 10.906299591064453, 10.27079963684082, 10.64109992980957, 12.357199668884277, 9.947099685668945, 10.246700286865234, 11.034500122070312, 11.326899528503418, 10.567099571228027, 10.442399978637695, 10.653499603271484, 11.407699584960938, 9.9798002243042, 10.595100402832031, 12.2701997756958, 11.456100463867188, 11.544899940490723, 11.328200340270996, 10.632499694824219, 10.562100410461426, 9.876999855041504, 9.98490047454834, 8.864700317382812, 9.739700317382812, 10.044899940490723, 9.990599632263184, 9.904600143432617, 10.292400360107422, 10.459199905395508, 10.48900032043457, 9.822999954223633, 9.112700462341309, 10.913000106811523, 10.390399932861328, 10.224200248718262, 9.976799964904785, 9.625499725341797, 10.029800415039062, 10.597599983215332, 10.485799789428711, 10.346799850463867, 11.078100204467773, 10.731599807739258, 8.588000297546387, 9.40939998626709, 12.156499862670898, 9.558699607849121, 7.488900184631348, 8.930999755859375, 9.920499801635742, 10.521100044250488, 9.703800201416016, 9.869999885559082, 9.86970043182373, 9.353799819946289, 9.789799690246582, 9.442399978637695, 9.16510009765625, 10.629799842834473, 9.87720012664795, 10.136300086975098, 10.093099594116211, 9.525799751281738, 9.970000267028809, 9.751399993896484, 9.809700012207031, 10.279800415039062, 10.649100303649902, 11.40880012512207, 9.300000190734863, 10.558500289916992, 10.806599617004395, 10.381199836730957, 9.836099624633789, 8.731300354003906, 9.722599983215332, 10.292200088500977, 9.585599899291992, 10.048199653625488, 9.98859977722168, 9.782999992370605, 10.316800117492676, 9.643500328063965, 9.092499732971191, 9.77649974822998, 9.81089973449707]"
