item_id,start,freq,target
T460,2014-12-29,W-SUN,"[7.350800037384033, 11.46619987487793, 10.837800025939941, 10.416600227355957, 12.02400016784668, 11.326800346374512, 12.527400016784668, 13.731300354003906, 11.258899688720703, 11.836700439453125, 12.32450008392334, 12.359800338745117, 12.299099922180176, 11.847800254821777, 11.804200172424316, 11.629400253295898, 13.252699851989746, 12.190799713134766, 12.97719955444336, 12.339200019836426, 12.12969970703125, 12.203399658203125, 12.168600082397461, 13.566200256347656, 12.035799980163574, 12.095600128173828, 10.368000030517578, 11.786700248718262, 12.287300109863281, 12.43239974975586, 12.677399635314941, 12.415300369262695, 13.176400184631348, 13.309499740600586, 13.308500289916992, 11.353300094604492, 12.779000282287598, 12.986700057983398, 12.283900260925293, 12.839599609375, 13.278900146484375, 13.546099662780762, 12.76990032196045, 12.250399589538574, 12.531599998474121, 13.068599700927734, 13.380999565124512, 10.315400123596191, 12.745200157165527, 13.597100257873535, 13.569600105285645, 8.61769962310791, 8.029500007629395, 10.90880012512207, 11.340499877929688, 12.196900367736816, 12.032999992370605, 12.441399574279785, 11.760100364685059, 13.279399871826172, 12.75100040435791, 12.398300170898438, 13.190899848937988, 13.570500373840332, 11.943900108337402, 12.530500411987305, 12.608799934387207, 13.514699935913086, 12.687800407409668, 12.909099578857422, 13.176799774169922, 13.771300315856934, 12.607099533081055, 12.843199729919434, 13.287599563598633, 14.427300453186035, 13.282099723815918, 12.71780014038086, 11.369999885559082, 12.371299743652344, 14.390800476074219, 13.750100135803223, 13.801899909973145, 13.38010025024414, 13.215900421142578, 13.520299911499023, 13.333100318908691, 12.48270034790039, 13.542200088500977, 13.770500183105469, 12.734999656677246, 12.109100341796875, 15.437600135803223, 14.046600341796875, 15.907400131225586, 13.048600196838379]"
