item_id,start,freq,target
T263,2014-12-29,W-SUN,"[5.53879976272583, 7.10830020904541, 8.563799858093262, 7.751699924468994, 9.161600112915039, 8.983599662780762, 8.641500473022461, 8.929800033569336, 8.800800323486328, 9.471599578857422, 9.340100288391113, 9.021699905395508, 9.067500114440918, 8.36240005493164, 9.998100280761719, 10.167799949645996, 9.107600212097168, 9.84749984741211, 9.548199653625488, 9.439000129699707, 8.499300003051758, 9.544099807739258, 9.734600067138672, 9.254599571228027, 9.82129955291748, 9.68120002746582, 8.041600227355957, 10.092900276184082, 9.373100280761719, 9.6850004196167, 9.10509967803955, 9.334400177001953, 8.98390007019043, 9.489299774169922, 9.389399528503418, 8.830599784851074, 9.716300010681152, 10.348299980163574, 9.794099807739258, 10.148799896240234, 9.590499877929688, 9.858699798583984, 10.208200454711914, 10.252699851989746, 9.645400047302246, 9.833900451660156, 9.004199981689453, 7.880000114440918, 9.313599586486816, 9.475299835205078, 8.459199905395508, 5.590799808502197, 7.663099765777588, 9.291899681091309, 8.608200073242188, 8.907400131225586, 9.488900184631348, 9.460599899291992, 9.259200096130371, 9.234199523925781, 9.334699630737305, 8.233599662780762, 8.226400375366211, 8.651200294494629, 8.666600227355957, 8.989700317382812, 8.958399772644043, 9.638799667358398, 9.89009952545166, 9.516400337219238, 9.301199913024902, 9.587699890136719, 9.990099906921387, 8.861800193786621, 9.821499824523926, 9.916399955749512, 9.893600463867188, 9.575499534606934, 7.96619987487793, 9.455699920654297, 9.929200172424316, 9.481100082397461, 9.582500457763672, 7.194799900054932, 7.104599952697754, 7.161600112915039, 7.7754998207092285, 8.178400039672852, 9.730500221252441, 9.878100395202637, 10.222100257873535, 8.58899974822998, 10.05370044708252, 9.712800025939941, 10.058300018310547, 9.336999893188477]"
