item_id,start,freq,target
T52,2014-12-29,W-SUN,"[4.721099853515625, 6.6082000732421875, 3.9900999069213867, 5.85129976272583, 6.243800163269043, 6.143799781799316, 6.645199775695801, 6.517499923706055, 5.905600070953369, 6.33620023727417, 6.402299880981445, 6.618599891662598, 7.074999809265137, 6.781700134277344, 6.884900093078613, 6.4629998207092285, 6.564599990844727, 6.451600074768066, 6.742800235748291, 7.799600124359131, 6.702499866485596, 6.956099987030029, 7.399400234222412, 7.651000022888184, 7.507900238037109, 6.793499946594238, 6.284200191497803, 7.9506001472473145, 6.725800037384033, 7.301799774169922, 6.637800216674805, 6.51669979095459, 6.4899001121521, 7.223999977111816, 6.495800018310547, 6.162700176239014, 6.919000148773193, 6.972300052642822, 6.445400238037109, 6.677599906921387, 6.268099784851074, 6.315299987792969, 6.519199848175049, 6.32480001449585, 6.718800067901611, 6.884799957275391, 6.651000022888184, 5.810200214385986, 6.861299991607666, 7.44789981842041, 6.777400016784668, 5.618000030517578, 5.289999961853027, 5.7769999504089355, 6.655200004577637, 6.046000003814697, 6.6585001945495605, 6.517099857330322, 6.197199821472168, 6.9131999015808105, 6.55049991607666, 6.482699871063232, 6.932600021362305, 6.494100093841553, 7.198299884796143, 6.510700225830078, 6.319900035858154, 7.126999855041504, 6.508900165557861, 6.6006999015808105, 6.8470001220703125, 7.197199821472168, 7.274899959564209, 7.043900012969971, 7.8491997718811035, 7.722400188446045, 6.905099868774414, 6.9116997718811035, 6.769700050354004, 6.840199947357178, 6.746799945831299, 6.75629997253418, 7.0777997970581055, 6.651899814605713, 7.365799903869629, 6.633500099182129, 6.84630012512207, 6.084199905395508, 6.3846001625061035, 7.03980016708374, 6.520999908447266, 6.4217000007629395, 6.483500003814697, 6.271999835968018, 6.205999851226807, 6.16349983215332]"
