item_id,start,freq,target
T87,2014-12-29,W-SUN,"[6.102099895477295, 10.054800033569336, 10.450300216674805, 8.29889965057373, 8.241399765014648, 10.21560001373291, 7.97130012512207, 10.01159954071045, 9.081100463867188, 10.381199836730957, 10.748000144958496, 10.440899848937988, 11.001399993896484, 10.080499649047852, 10.602999687194824, 10.574999809265137, 10.52400016784668, 10.740799903869629, 11.67490005493164, 10.753199577331543, 10.235199928283691, 10.937899589538574, 11.042900085449219, 11.245200157165527, 11.133700370788574, 11.527999877929688, 9.424200057983398, 11.85990047454834, 11.790800094604492, 12.142200469970703, 11.144599914550781, 11.5024995803833, 11.911299705505371, 11.714599609375, 11.460599899291992, 10.529800415039062, 11.423199653625488, 11.871399879455566, 11.487899780273438, 11.152600288391113, 11.670999526977539, 11.63949966430664, 11.793999671936035, 11.061300277709961, 11.967300415039062, 11.54580020904541, 11.653900146484375, 9.660200119018555, 11.480299949645996, 12.07289981842041, 12.144700050354004, 7.951200008392334, 9.076199531555176, 11.97599983215332, 11.608200073242188, 11.100500106811523, 11.653599739074707, 11.525799751281738, 11.462400436401367, 12.201600074768066, 11.031700134277344, 11.685799598693848, 9.682900428771973, 11.698399543762207, 12.605899810791016, 11.89490032196045, 11.406800270080566, 11.688199996948242, 11.767600059509277, 11.412699699401855, 11.583200454711914, 11.921099662780762, 11.619500160217285, 11.141599655151367, 12.268099784851074, 12.650799751281738, 11.962499618530273, 12.949799537658691, 10.277099609375, 12.736300468444824, 12.832799911499023, 12.449899673461914, 12.348199844360352, 12.412599563598633, 11.749600410461426, 12.28279972076416, 11.431300163269043, 11.13539981842041, 10.462499618530273, 12.11050033569336, 11.882800102233887, 11.224800109863281, 11.715800285339355, 12.092599868774414, 12.262399673461914, 11.708100318908691]"
