item_id,start,freq,target
T809,2014-12-29,W-SUN,"[7.731299877166748, 10.527099609375, 9.904000282287598, 9.310999870300293, 9.352100372314453, 9.132599830627441, 10.13379955291748, 10.077199935913086, 9.427599906921387, 10.073399543762207, 10.038100242614746, 10.131199836730957, 10.892999649047852, 10.07129955291748, 9.851799964904785, 10.094499588012695, 10.180899620056152, 10.205400466918945, 10.258899688720703, 10.916199684143066, 9.62909984588623, 10.847000122070312, 11.253999710083008, 11.102800369262695, 11.058099746704102, 11.031700134277344, 9.290499687194824, 11.022700309753418, 10.928299903869629, 11.296299934387207, 10.908100128173828, 11.47070026397705, 10.520999908447266, 11.938899993896484, 10.743000030517578, 10.111800193786621, 10.365099906921387, 11.591699600219727, 10.271100044250488, 10.597700119018555, 10.412699699401855, 12.667799949645996, 9.355199813842773, 9.296500205993652, 9.04259967803955, 9.503100395202637, 10.20259952545166, 7.5802998542785645, 9.608200073242188, 9.532299995422363, 10.543000221252441, 7.363800048828125, 6.4328999519348145, 8.31879997253418, 9.30370044708252, 9.334500312805176, 9.663900375366211, 10.913800239562988, 9.804300308227539, 10.71090030670166, 11.148699760437012, 9.314000129699707, 10.38029956817627, 9.760000228881836, 11.626399993896484, 11.721699714660645, 10.188799858093262, 10.60770034790039, 10.9891996383667, 10.965700149536133, 12.291399955749512, 11.77400016784668, 12.22659969329834, 10.929800033569336, 11.26710033416748, 11.831500053405762, 12.01990032196045, 11.186599731445312, 10.141599655151367, 9.692500114440918, 11.177800178527832, 10.512100219726562, 10.784700393676758, 11.378700256347656, 11.929300308227539, 11.024800300598145, 11.384300231933594, 8.938199996948242, 10.978799819946289, 11.06820011138916, 10.597399711608887, 11.467900276184082, 10.511199951171875, 10.213000297546387, 10.76830005645752, 9.827500343322754]"
