item_id,start,freq,target
T113,2014-12-29,W-SUN,"[7.247000217437744, 8.133299827575684, 7.81790018081665, 8.165599822998047, 8.334199905395508, 8.340900421142578, 7.861400127410889, 8.326399803161621, 6.82289981842041, 8.707300186157227, 8.973400115966797, 7.97599983215332, 8.375100135803223, 8.078200340270996, 8.697199821472168, 8.108200073242188, 7.95359992980957, 8.066100120544434, 8.908100128173828, 9.06149959564209, 9.18280029296875, 8.483699798583984, 8.173999786376953, 8.284500122070312, 8.345499992370605, 9.040499687194824, 8.938699722290039, 9.216899871826172, 8.902999877929688, 8.782899856567383, 9.029399871826172, 8.888699531555176, 9.20479965209961, 8.93239974975586, 8.3572998046875, 8.597900390625, 8.804499626159668, 8.942500114440918, 6.190000057220459, 8.322999954223633, 7.936399936676025, 8.597399711608887, 8.335800170898438, 8.22719955444336, 8.658599853515625, 8.565099716186523, 8.335700035095215, 7.742400169372559, 6.782700061798096, 8.190799713134766, 7.421999931335449, 7.259799957275391, 7.2469000816345215, 7.736800193786621, 7.786099910736084, 8.055299758911133, 8.1225004196167, 8.13479995727539, 6.780700206756592, 7.08519983291626, 7.7270002365112305, 8.037799835205078, 7.987100124359131, 7.431399822235107, 8.50529956817627, 8.06659984588623, 8.105999946594238, 8.139800071716309, 8.23009967803955, 8.241800308227539, 8.398200035095215, 8.200300216674805, 7.099599838256836, 9.449299812316895, 8.53380012512207, 9.923100471496582, 9.09570026397705, 8.911399841308594, 8.154999732971191, 8.597700119018555, 8.745599746704102, 8.0447998046875, 8.496899604797363, 8.519700050354004, 8.534799575805664, 8.535300254821777, 8.478400230407715, 8.315400123596191, 8.391500473022461, 8.890299797058105, 8.443099975585938, 8.416399955749512, 8.486100196838379, 8.048199653625488, 8.57859992980957, 8.31149959564209]"
