item_id,start,freq,target
T672,2014-12-29,W-SUN,"[3.889899969100952, 3.889899969100952, 3.889899969100952, 3.889899969100952, 3.889899969100952, 3.889899969100952, 4.722400188446045, 6.361199855804443, 5.440000057220459, 7.043000221252441, 7.265699863433838, 6.261000156402588, 7.090700149536133, 6.941299915313721, 7.681000232696533, 7.166399955749512, 4.861299991607666, 7.375899791717529, 7.515999794006348, 7.004199981689453, 7.052800178527832, 7.489200115203857, 7.015699863433838, 3.5897998809814453, 3.889899969100952, 3.889899969100952, 3.889899969100952, 3.889899969100952, 3.889899969100952, 3.889899969100952, 3.889899969100952, 3.889899969100952, 3.889899969100952, 3.889899969100952, 3.889899969100952, 3.889899969100952, 3.6928000450134277, 3.889899969100952, 3.889899969100952, 3.889899969100952, 3.889899969100952, 5.857900142669678, 7.049699783325195, 6.613699913024902, 6.183700084686279, 6.748700141906738, 6.791200160980225, 6.343800067901611, 4.623000144958496, 3.889899969100952, 3.889899969100952, 3.889899969100952, 5.444699764251709, 6.505799770355225, 6.409999847412109, 6.547399997711182, 6.577300071716309, 6.49429988861084, 6.583499908447266, 6.692699909210205, 6.906000137329102, 6.4096999168396, 6.738100051879883, 6.2220001220703125, 6.821400165557861, 6.781700134277344, 6.866600036621094, 7.549099922180176, 6.8892998695373535, 7.000999927520752, 6.898900032043457, 7.405300140380859, 7.094200134277344, 6.575900077819824, 7.13100004196167, 7.114999771118164, 7.36929988861084, 6.948800086975098, 6.314799785614014, 6.671999931335449, 7.7027997970581055, 7.36269998550415, 7.117199897766113, 6.981299877166748, 6.8927001953125, 6.945300102233887, 6.890200138092041, 6.258699893951416, 6.866099834442139, 7.342199802398682, 7.686299800872803, 6.13129997253418, 7.500699996948242, 7.372900009155273, 7.48859977722168, 7.290999889373779]"
