item_id,start,freq,target
T483,2014-12-29,W-SUN,"[4.168399810791016, 5.973599910736084, 4.3506999015808105, 5.860499858856201, 6.197199821472168, 5.946100234985352, 7.201499938964844, 6.200200080871582, 5.393599987030029, 5.259399890899658, 5.237299919128418, 5.250999927520752, 5.359000205993652, 5.198500156402588, 5.342599868774414, 5.36299991607666, 5.2307000160217285, 5.2631001472473145, 5.361000061035156, 5.315899848937988, 5.116399765014648, 5.316400051116943, 5.320499897003174, 5.40749979019165, 5.4293999671936035, 5.448299884796143, 4.607399940490723, 5.133900165557861, 4.9807000160217285, 5.065700054168701, 4.930799961090088, 4.901599884033203, 5.110199928283691, 4.964799880981445, 5.053400039672852, 4.791500091552734, 4.962800025939941, 4.972799777984619, 5.067800045013428, 4.945799827575684, 4.832600116729736, 5.006999969482422, 5.015900135040283, 4.98330020904541, 4.824100017547607, 4.925300121307373, 5.062399864196777, 4.568699836730957, 4.918099880218506, 4.911200046539307, 5.134099960327148, 4.6483001708984375, 4.352700233459473, 4.732600212097168, 4.881700038909912, 4.808000087738037, 4.8653998374938965, 4.941199779510498, 5.098700046539307, 4.98769998550415, 5.001699924468994, 4.839000225067139, 4.90339994430542, 4.80810022354126, 5.2210001945495605, 5.038700103759766, 4.895699977874756, 5.009399890899658, 4.955699920654297, 4.985799789428711, 5.162499904632568, 4.927999973297119, 5.005199909210205, 4.9156999588012695, 5.0096001625061035, 5.092899799346924, 5.048099994659424, 5.106599807739258, 4.82450008392334, 4.95389986038208, 5.054599761962891, 5.187600135803223, 5.321700096130371, 5.332499980926514, 5.389500141143799, 5.828700065612793, 5.861599922180176, 5.515699863433838, 5.78849983215332, 5.821599960327148, 5.77869987487793, 5.651700019836426, 5.835400104522705, 5.742199897766113, 5.6880998611450195, 5.7129998207092285]"
