item_id,start,freq,target
T196,2015-01-25 00:00:00,W-SUN,"[[9.27299976348877, 9.254199981689453, 8.882399559020996, 8.902899742126465, 8.505000114440918, 9.72130012512207, 9.25879955291748, 8.79800033569336, 9.039299964904785, 8.616900444030762, 8.558600425720215, 8.88129997253418, 8.852899551391602, 9.247599601745605, 9.174599647521973, 8.798999786376953, 7.98360013961792, 8.950200080871582, 9.276399612426758, 8.646900177001953, 9.197799682617188, 8.910400390625, 7.391200065612793, 9.293399810791016, 9.023200035095215, 8.852299690246582, 8.325900077819824, 8.489700317382812, 8.904199600219727, 10.114299774169922, 9.75979995727539, 8.692099571228027, 9.808600425720215, 10.304499626159668, 9.857500076293945, 9.483599662780762, 9.554200172424316, 9.99779987335205, 9.9931001663208, 10.218799591064453, 9.795900344848633, 10.123200416564941, 8.73960018157959, 8.078100204467773, 9.239399909973145, 10.435400009155273, 9.209500312805176, 5.84660005569458, 7.360099792480469, 9.35319995880127, 8.552200317382812, 8.719900131225586, 9.653800010681152, 9.967599868774414, 9.335399627685547, 9.424400329589844, 9.849499702453613, 9.789600372314453, 9.803000450134277, 10.092300415039062, 9.336799621582031, 8.97700023651123, 9.431900024414062, 10.024900436401367, 11.331399917602539, 9.064599990844727, 9.71969985961914, 9.843700408935547, 9.819100379943848, 9.164199829101562, 9.561400413513184, 9.666500091552734, 10.400899887084961, 10.24120044708252, 7.773799896240234, 9.93529987335205, 10.651200294494629, 10.455599784851074, 10.533300399780273, 9.78320026397705, 10.268600463867188, 11.231200218200684, 11.066699981689453, 9.338899612426758, 11.013500213623047, 10.059399604797363, 11.10200023651123, 8.806599617004395, 8.660599708557129, 9.291399955749512]]"
