item_id,start,freq,target
T370,2015-02-08 00:00:00,W-SUN,"[[7.054599761962891, 8.07289981842041, 7.737800121307373, 8.298800468444824, 8.114899635314941, 7.609300136566162, 7.977700233459473, 7.066199779510498, 8.78439998626709, 8.556699752807617, 7.274700164794922, 8.79069995880127, 8.243399620056152, 8.196700096130371, 7.207200050354004, 8.53380012512207, 7.556099891662598, 8.049400329589844, 9.059399604797363, 8.705900192260742, 6.76170015335083, 9.193900108337402, 9.430800437927246, 9.530799865722656, 8.112199783325195, 7.805600166320801, 7.892399787902832, 8.511099815368652, 7.627500057220459, 7.775100231170654, 9.232000350952148, 8.332300186157227, 5.240699768066406, 5.826200008392334, 6.35890007019043, 9.037599563598633, 8.9173002243042, 9.112299919128418, 9.017600059509277, 8.61340045928955, 4.774099826812744, 4.254199981689453, 5.047399997711182, 4.976799964904785, 4.339600086212158, 2.934499979019165, 4.053599834442139, 5.539400100708008, 4.837900161743164, 5.269000053405762, 6.339799880981445, 5.573699951171875, 5.632900238037109, 5.735799789428711, 5.590400218963623, 5.076300144195557, 6.852799892425537, 8.621199607849121, 7.289599895477295, 7.838500022888184, 7.712600231170654, 8.15939998626709, 8.653599739074707, 7.988500118255615, 8.26360034942627, 7.92710018157959, 5.908199787139893, 5.45989990234375, 5.962500095367432, 6.137899875640869, 6.2891998291015625, 6.140399932861328, 4.356200218200684, 5.833799839019775, 7.46750020980835, 8.537699699401855, 7.095699787139893, 7.704599857330322, 8.653599739074707, 8.241000175476074, 8.041500091552734, 7.1682000160217285, 9.236900329589844, 8.347200393676758, 8.727800369262695, 7.664299964904785, 7.816500186920166, 7.871500015258789, 8.057999610900879, 7.761499881744385]]"
