item_id,start,freq,target
T51,2014-12-29,W-SUN,"[4.6809000968933105, 6.07420015335083, 6.791200160980225, 8.59570026397705, 8.876299858093262, 6.59630012512207, 6.0366997718811035, 7.862100124359131, 7.103600025177002, 6.313399791717529, 6.635499954223633, 6.753399848937988, 7.022900104522705, 7.229400157928467, 7.868299961090088, 8.056699752807617, 7.125800132751465, 7.870800018310547, 7.6402997970581055, 8.050999641418457, 7.043000221252441, 7.453400135040283, 7.486800193786621, 7.499800205230713, 7.333000183105469, 7.385799884796143, 6.646200180053711, 9.007200241088867, 7.4695000648498535, 8.668100357055664, 7.531199932098389, 7.4004998207092285, 7.795199871063232, 7.3069000244140625, 6.693900108337402, 6.838500022888184, 7.536099910736084, 7.571899890899658, 7.326000213623047, 7.712699890136719, 7.345699787139893, 7.353799819946289, 7.934800148010254, 7.463600158691406, 7.271299839019775, 7.764699935913086, 6.649400234222412, 5.751299858093262, 7.2256999015808105, 7.9506001472473145, 8.648500442504883, 5.603400230407715, 6.071400165557861, 7.192299842834473, 7.421299934387207, 7.084400177001953, 7.283400058746338, 10.05109977722168, 7.458600044250488, 7.8302001953125, 7.384399890899658, 7.259699821472168, 7.984799861907959, 7.47629976272583, 7.456999778747559, 7.132500171661377, 7.48799991607666, 7.673399925231934, 7.325099945068359, 7.343299865722656, 7.769400119781494, 7.785699844360352, 8.043100357055664, 7.445799827575684, 7.681600093841553, 8.027000427246094, 6.451000213623047, 6.508699893951416, 5.8557000160217285, 7.217800140380859, 7.565899848937988, 7.605899810791016, 7.8206000328063965, 7.414700031280518, 7.470900058746338, 7.743100166320801, 7.407700061798096, 6.848400115966797, 7.471199989318848, 8.021599769592285, 7.289000034332275, 5.8394999504089355, 7.350900173187256, 7.045400142669678, 8.578200340270996, 7.357399940490723]"
