item_id,start,freq,target
T394,2014-12-29,W-SUN,"[5.75570011138916, 6.244699954986572, 7.907599925994873, 6.6707000732421875, 8.682600021362305, 8.595999717712402, 6.864799976348877, 8.570199966430664, 8.109299659729004, 9.411499977111816, 8.797300338745117, 7.758399963378906, 8.032699584960938, 6.561399936676025, 8.2298002243042, 9.4552001953125, 7.307000160217285, 9.474699974060059, 9.136500358581543, 7.847700119018555, 5.616000175476074, 5.746300220489502, 6.452499866485596, 5.337100028991699, 6.037600040435791, 6.4182000160217285, 4.285099983215332, 6.5777997970581055, 5.8684000968933105, 6.541200160980225, 5.795199871063232, 5.034599781036377, 5.666800022125244, 7.263000011444092, 6.631999969482422, 5.568299770355225, 6.648900032043457, 8.758500099182129, 7.666999816894531, 8.609800338745117, 7.563199996948242, 7.7083001136779785, 7.702899932861328, 8.025199890136719, 7.013599872589111, 7.238800048828125, 5.544400215148926, 5.207499980926514, 6.339399814605713, 5.804900169372559, 4.454100131988525, 3.141700029373169, 5.6458001136779785, 7.321899890899658, 6.099800109863281, 6.775899887084961, 8.485600471496582, 8.183199882507324, 6.7322998046875, 8.23449993133545, 8.776599884033203, 8.267200469970703, 7.632299900054932, 7.349800109863281, 6.171500205993652, 6.905600070953369, 7.045400142669678, 8.439599990844727, 9.738699913024902, 8.185099601745605, 8.151700019836426, 8.056599617004395, 8.269599914550781, 8.409600257873535, 7.762199878692627, 8.995400428771973, 7.93310022354126, 6.3881001472473145, 4.408599853515625, 6.19379997253418, 6.593900203704834, 5.910200119018555, 5.576600074768066, 4.434199810028076, 4.780600070953369, 6.008600234985352, 5.974899768829346, 5.483500003814697, 6.791999816894531, 6.254300117492676, 7.74560022354126, 6.69290018081665, 6.881899833679199, 7.396699905395508, 7.084000110626221, 7.19920015335083]"
