item_id,start,freq,target
T746,2014-12-29,W-SUN,"[8.215900421142578, 8.98550033569336, 9.571599960327148, 9.040200233459473, 8.765299797058105, 8.791899681091309, 9.056099891662598, 9.434800148010254, 8.518699645996094, 9.615900039672852, 9.711400032043457, 10.207799911499023, 9.99209976196289, 10.338600158691406, 10.254300117492676, 11.218899726867676, 10.277199745178223, 10.73330020904541, 11.57610034942627, 11.524900436401367, 10.989399909973145, 11.174200057983398, 10.652299880981445, 10.910599708557129, 10.515399932861328, 10.391599655151367, 10.666799545288086, 11.4399995803833, 11.149399757385254, 11.601900100708008, 12.292099952697754, 12.284199714660645, 11.739500045776367, 12.869799613952637, 11.013199806213379, 11.025300025939941, 12.304300308227539, 11.74429988861084, 11.464099884033203, 11.128700256347656, 10.756600379943848, 8.84689998626709, 11.213000297546387, 10.38640022277832, 9.511199951171875, 9.402600288391113, 10.508700370788574, 9.420999526977539, 9.316100120544434, 9.463600158691406, 9.565199851989746, 9.02079963684082, 8.613699913024902, 8.751500129699707, 9.7298002243042, 9.237700462341309, 8.793399810791016, 10.053400039672852, 9.919300079345703, 10.468400001525879, 9.903200149536133, 9.213700294494629, 9.706000328063965, 9.741399765014648, 10.150899887084961, 10.625399589538574, 11.013799667358398, 10.514699935913086, 10.621500015258789, 10.366299629211426, 11.787199974060059, 10.985300064086914, 10.786700248718262, 12.638199806213379, 10.48490047454834, 11.474300384521484, 12.160300254821777, 13.89210033416748, 11.274499893188477, 10.578900337219238, 12.58810043334961, 11.921500205993652, 15.961099624633789, 13.481100082397461, 13.196000099182129, 13.64050006866455, 13.496399879455566, 11.958900451660156, 12.24779987335205, 11.305899620056152, 10.858400344848633, 13.216500282287598, 11.472399711608887, 12.585200309753418, 11.828499794006348, 10.236599922180176]"
