item_id,start,freq,target
T164,2014-12-29,W-SUN,"[6.993000030517578, 9.045299530029297, 9.732199668884277, 8.7746000289917, 9.802900314331055, 10.268099784851074, 9.037500381469727, 9.684100151062012, 8.664299964904785, 10.250100135803223, 10.500300407409668, 9.808799743652344, 10.46150016784668, 10.103400230407715, 10.534000396728516, 11.453200340270996, 8.465299606323242, 10.74429988861084, 10.86340045928955, 12.024900436401367, 11.538000106811523, 12.773300170898438, 12.448200225830078, 12.519100189208984, 12.832900047302246, 12.633700370788574, 11.19279956817627, 12.411800384521484, 12.64009952545166, 12.755399703979492, 12.464799880981445, 12.75409984588623, 12.579000473022461, 12.740300178527832, 11.069999694824219, 11.59119987487793, 13.150699615478516, 13.266200065612793, 12.874300003051758, 13.05679988861084, 13.025099754333496, 13.68529987335205, 13.15820026397705, 13.024499893188477, 12.9266996383667, 13.00100040435791, 12.94279956817627, 10.635899543762207, 12.49470043182373, 14.166500091552734, 14.013500213623047, 9.608400344848633, 10.454700469970703, 12.417400360107422, 12.86870002746582, 11.825300216674805, 11.153499603271484, 12.982199668884277, 12.784600257873535, 13.155500411987305, 13.012299537658691, 13.361499786376953, 13.722800254821777, 13.65149974822998, 12.777700424194336, 13.121000289916992, 13.399200439453125, 13.963899612426758, 13.688899993896484, 13.557299613952637, 13.799699783325195, 13.874199867248535, 14.503800392150879, 12.739500045776367, 13.943900108337402, 13.944000244140625, 14.152000427246094, 13.92140007019043, 12.496000289916992, 13.65779972076416, 14.000100135803223, 12.862099647521973, 13.58240032196045, 13.956399917602539, 13.999899864196777, 14.006799697875977, 14.161199569702148, 13.0201997756958, 14.194899559020996, 15.252099990844727, 15.635499954223633, 15.234199523925781, 14.522600173950195, 13.027700424194336, 14.375, 14.007100105285645]"
