item_id,start,freq,target
T433,2014-12-29,W-SUN,"[7.853300094604492, 9.450599670410156, 5.56279993057251, 9.420100212097168, 10.399200439453125, 10.667699813842773, 10.045499801635742, 10.392800331115723, 9.442399978637695, 10.575900077819824, 10.590100288391113, 10.650300025939941, 10.702699661254883, 9.655900001525879, 10.224300384521484, 11.069100379943848, 10.625100135803223, 11.411700248718262, 11.05739974975586, 10.721199989318848, 10.104700088500977, 10.945799827575684, 10.878700256347656, 11.256199836730957, 10.10830020904541, 9.685799598693848, 7.619800090789795, 9.604599952697754, 9.657999992370605, 9.305000305175781, 9.702099800109863, 9.86929988861084, 10.031399726867676, 10.242600440979004, 10.302499771118164, 9.757699966430664, 10.79539966583252, 9.94260025024414, 10.329899787902832, 11.57919979095459, 10.574299812316895, 12.39780044555664, 10.013799667358398, 9.643400192260742, 9.191499710083008, 9.485099792480469, 9.793399810791016, 8.704099655151367, 8.56820011138916, 9.294500350952148, 9.187000274658203, 7.777900218963623, 8.006400108337402, 8.856200218200684, 9.068499565124512, 8.85830020904541, 9.219799995422363, 9.089500427246094, 8.82409954071045, 8.940899848937988, 8.845399856567383, 9.640600204467773, 9.996800422668457, 9.258399963378906, 9.413299560546875, 9.070699691772461, 8.95479965209961, 10.402400016784668, 9.746899604797363, 9.887200355529785, 9.963199615478516, 10.722800254821777, 9.968999862670898, 9.866700172424316, 10.672499656677246, 9.859600067138672, 8.598400115966797, 8.633000373840332, 7.87470006942749, 8.457099914550781, 8.638400077819824, 8.57229995727539, 8.735300064086914, 8.7947998046875, 8.687000274658203, 9.43340015411377, 9.26039981842041, 8.313400268554688, 9.018099784851074, 9.782400131225586, 9.187700271606445, 8.979900360107422, 9.12720012664795, 8.828800201416016, 9.07979965209961, 8.858499526977539]"
