item_id,start,freq,target
T192,2014-12-29,W-SUN,"[8.682700157165527, 10.23009967803955, 7.769599914550781, 10.154199600219727, 11.324899673461914, 11.44379997253418, 11.003700256347656, 10.973400115966797, 10.408300399780273, 12.222299575805664, 11.661299705505371, 11.571000099182129, 10.853799819946289, 10.994199752807617, 11.344499588012695, 12.1697998046875, 12.025799751281738, 12.219599723815918, 12.285499572753906, 11.71679973602295, 11.2052001953125, 12.172100067138672, 12.435700416564941, 11.440199851989746, 11.694600105285645, 11.48740005493164, 10.59529972076416, 11.247900009155273, 11.318599700927734, 10.959199905395508, 11.103799819946289, 10.036199569702148, 11.017499923706055, 11.530900001525879, 11.593799591064453, 11.701499938964844, 12.26140022277832, 11.859199523925781, 11.886199951171875, 11.774200439453125, 11.58810043334961, 12.186800003051758, 11.512299537658691, 12.477299690246582, 11.05459976196289, 11.582200050354004, 11.623000144958496, 10.172100067138672, 11.202500343322754, 11.639100074768066, 11.349900245666504, 9.179400444030762, 10.156900405883789, 10.615400314331055, 10.765600204467773, 10.902600288391113, 11.338500022888184, 11.051300048828125, 10.995100021362305, 10.809499740600586, 11.3572998046875, 10.84220027923584, 9.66409969329834, 9.91510009765625, 10.736499786376953, 11.240400314331055, 11.676600456237793, 11.29069995880127, 11.619000434875488, 11.340399742126465, 11.287599563598633, 12.094099998474121, 11.57960033416748, 10.659799575805664, 11.815500259399414, 11.76830005645752, 11.603099822998047, 11.191399574279785, 10.268699645996094, 10.808699607849121, 10.78600025177002, 11.05519962310791, 10.555999755859375, 11.22819995880127, 10.682900428771973, 11.407099723815918, 11.657099723815918, 11.226799964904785, 12.032299995422363, 12.093899726867676, 12.067299842834473, 11.338500022888184, 11.88290023803711, 11.660499572753906, 11.310700416564941, 10.803999900817871]"
