item_id,start,freq,target
T496,2014-12-29,W-SUN,"[4.205699920654297, 4.5777997970581055, 4.822400093078613, 4.2555999755859375, 4.0279998779296875, 3.67330002784729, 4.171899795532227, 3.8336000442504883, 4.011899948120117, 4.103600025177002, 4.562399864196777, 4.099599838256836, 4.43779993057251, 4.721499919891357, 4.558199882507324, 4.26609992980957, 5.596399784088135, 4.7245001792907715, 4.275899887084961, 4.908899784088135, 4.781599998474121, 5.286900043487549, 4.7519001960754395, 5.24560022354126, 5.180799961090088, 4.668399810791016, 4.536200046539307, 5.2444000244140625, 5.407400131225586, 4.528500080108643, 4.671500205993652, 5.183700084686279, 4.90910005569458, 5.28849983215332, 5.224899768829346, 5.035299777984619, 5.136899948120117, 5.128399848937988, 5.245999813079834, 5.232999801635742, 5.174699783325195, 5.242300033569336, 5.511000156402588, 4.637899875640869, 4.874499797821045, 3.9230000972747803, 4.870800018310547, 4.269599914550781, 4.576099872589111, 4.457099914550781, 4.435299873352051, 4.4704999923706055, 4.190299987792969, 4.024700164794922, 3.8320000171661377, 3.6898000240325928, 3.907399892807007, 4.130199909210205, 5.446199893951416, 7.251800060272217, 6.375, 6.788400173187256, 6.898399829864502, 7.207200050354004, 5.935200214385986, 5.371399879455566, 5.285900115966797, 5.421999931335449, 5.40880012512207, 5.418900012969971, 5.4928998947143555, 5.6722002029418945, 5.65339994430542, 5.700699806213379, 5.680799961090088, 5.911799907684326, 5.7368998527526855, 5.740799903869629, 5.449399948120117, 5.836900234222412, 6.277299880981445, 5.370800018310547, 5.753900051116943, 5.72160005569458, 5.829999923706055, 5.642099857330322, 5.55810022354126, 5.374800205230713, 5.470799922943115, 5.651700019836426, 5.410799980163574, 5.496399879455566, 5.486100196838379, 5.13129997253418, 5.490499973297119, 5.193900108337402]"
