item_id,start,freq,target
T55,2014-12-29,W-SUN,"[7.224699974060059, 8.947600364685059, 9.360699653625488, 8.57919979095459, 7.5183000564575195, 10.692500114440918, 9.48639965057373, 8.694999694824219, 7.948599815368652, 9.753999710083008, 8.609199523925781, 10.650899887084961, 10.471699714660645, 8.615500450134277, 9.656200408935547, 8.565699577331543, 8.791600227355957, 8.906900405883789, 9.088800430297852, 8.47719955444336, 7.710899829864502, 10.85949993133545, 8.492799758911133, 9.405099868774414, 8.555299758911133, 8.660699844360352, 7.609799861907959, 8.21049976348877, 8.405200004577637, 8.442000389099121, 8.259200096130371, 8.611200332641602, 8.18970012664795, 8.351300239562988, 7.445799827575684, 7.7133002281188965, 8.737299919128418, 8.775899887084961, 8.654600143432617, 8.514900207519531, 8.50059986114502, 9.338399887084961, 8.453499794006348, 8.473699569702148, 8.630800247192383, 8.668700218200684, 8.774700164794922, 7.165999889373779, 8.491800308227539, 9.326199531555176, 9.385700225830078, 6.510700225830078, 7.134099960327148, 8.257699966430664, 8.397700309753418, 7.937699794769287, 7.827700138092041, 8.17609977722168, 8.311599731445312, 7.947700023651123, 8.1225004196167, 8.130800247192383, 8.392999649047852, 8.530400276184082, 7.789400100708008, 8.175200462341309, 8.137800216674805, 8.521499633789062, 8.298800468444824, 8.334500312805176, 8.368900299072266, 8.62279987335205, 8.840900421142578, 7.952099800109863, 8.709099769592285, 8.658100128173828, 8.827899932861328, 8.63479995727539, 7.970300197601318, 8.32859992980957, 8.629899978637695, 8.005900382995605, 8.337300300598145, 8.583100318908691, 8.548100471496582, 8.655099868774414, 8.604900360107422, 8.052900314331055, 8.663800239562988, 9.313599586486816, 8.49489974975586, 9.09469985961914, 8.964900016784668, 8.032899856567383, 8.75979995727539, 8.734600067138672]"
