item_id,start,freq,target
T257,2014-12-29,W-SUN,"[6.840700149536133, 7.545199871063232, 5.6707000732421875, 7.894999980926514, 8.678000450134277, 8.281999588012695, 8.509200096130371, 8.91450023651123, 8.081999778747559, 9.606499671936035, 9.305399894714355, 9.8996000289917, 9.777400016784668, 9.286999702453613, 9.233699798583984, 9.68340015411377, 9.784199714660645, 9.594599723815918, 10.264599800109863, 9.695099830627441, 9.56659984588623, 9.824199676513672, 9.66100025177002, 9.824999809265137, 10.046699523925781, 9.7322998046875, 9.11139965057373, 9.31659984588623, 9.81879997253418, 9.802000045776367, 9.702099800109863, 9.751899719238281, 9.753700256347656, 10.220399856567383, 9.742899894714355, 9.229999542236328, 9.877900123596191, 9.776800155639648, 9.833399772644043, 9.849800109863281, 9.55840015411377, 9.808600425720215, 9.60319995880127, 9.513899803161621, 9.613800048828125, 10.237099647521973, 9.962300300598145, 8.495699882507324, 9.457200050354004, 7.421000003814697, 10.852399826049805, 8.690600395202637, 9.1850004196167, 10.067399978637695, 9.01360034942627, 7.700500011444092, 7.700500011444092, 7.739999771118164, 8.609399795532227, 8.78219985961914, 7.73330020904541, 8.213000297546387, 7.259900093078613, 8.853300094604492, 9.866800308227539, 9.637900352478027, 9.417200088500977, 9.654199600219727, 9.764200210571289, 9.967300415039062, 10.133500099182129, 9.99370002746582, 10.151800155639648, 9.736800193786621, 10.018699645996094, 10.523599624633789, 9.920100212097168, 9.857999801635742, 9.379799842834473, 9.779999732971191, 9.864100456237793, 9.82759952545166, 9.754899978637695, 9.66569995880127, 9.7701997756958, 9.9822998046875, 9.704999923706055, 9.045100212097168, 9.565699577331543, 9.92650032043457, 9.662799835205078, 9.61299991607666, 9.649700164794922, 9.288700103759766, 9.410699844360352, 9.249600410461426]"
