item_id,start,freq,target
T82,2014-12-29,W-SUN,"[4.192500114440918, 7.333499908447266, 4.7108001708984375, 7.1331000328063965, 8.196200370788574, 8.466099739074707, 8.051600456237793, 9.332099914550781, 9.077199935913086, 9.789400100708008, 9.638999938964844, 9.530599594116211, 10.140199661254883, 8.887900352478027, 9.931400299072266, 10.164400100708008, 9.744000434875488, 9.286399841308594, 9.524499893188477, 9.712499618530273, 9.133000373840332, 9.774200439453125, 9.43340015411377, 9.986200332641602, 10.166899681091309, 9.837900161743164, 9.104000091552734, 9.774399757385254, 9.984299659729004, 9.73960018157959, 9.947500228881836, 9.690299987792969, 9.985300064086914, 10.35099983215332, 10.620699882507324, 10.034700393676758, 10.083600044250488, 10.215499877929688, 7.728099822998047, 7.683899879455566, 7.658100128173828, 7.724299907684326, 7.665999889373779, 8.232799530029297, 9.665200233459473, 11.101699829101562, 10.567899703979492, 8.536299705505371, 10.217100143432617, 10.608599662780762, 10.359600067138672, 8.38949966430664, 8.550600051879883, 10.008099555969238, 9.218799591064453, 10.316499710083008, 10.16100025177002, 10.019200325012207, 10.299300193786621, 10.366700172424316, 10.79539966583252, 9.94629955291748, 9.765299797058105, 9.834500312805176, 10.973999977111816, 10.109800338745117, 10.146499633789062, 8.693300247192383, 9.569100379943848, 10.537199974060059, 9.964900016784668, 10.114999771118164, 9.671500205993652, 9.510199546813965, 10.023200035095215, 9.970000267028809, 9.873800277709961, 9.800700187683105, 9.253700256347656, 9.85770034790039, 10.21969985961914, 9.66100025177002, 10.143500328063965, 10.733400344848633, 10.917900085449219, 10.961999893188477, 11.14680004119873, 10.005499839782715, 11.58430004119873, 11.880800247192383, 10.489700317382812, 10.338600158691406, 10.615500450134277, 9.3725004196167, 9.07289981842041, 9.004400253295898]"
