item_id,start,freq,target
T509,2014-12-29,W-SUN,"[6.323500156402588, 6.428500175476074, 8.249600410461426, 7.142499923706055, 7.118299961090088, 6.647799968719482, 8.883299827575684, 7.707399845123291, 6.647500038146973, 8.20460033416748, 7.8628997802734375, 7.762800216674805, 9.011799812316895, 8.504199981689453, 8.033300399780273, 8.804900169372559, 7.6596999168396, 7.765100002288818, 8.16919994354248, 7.702300071716309, 9.558600425720215, 7.722599983215332, 8.052800178527832, 10.710800170898438, 11.24470043182373, 10.535099983215332, 11.189800262451172, 9.784600257873535, 10.972999572753906, 10.867899894714355, 11.236499786376953, 10.73169994354248, 11.11139965057373, 10.353699684143066, 10.02299976348877, 10.826499938964844, 8.577400207519531, 10.105999946594238, 9.391400337219238, 8.343199729919434, 9.54889965057373, 8.88029956817627, 8.88230037689209, 8.206199645996094, 8.804499626159668, 8.220499992370605, 10.836799621582031, 9.217599868774414, 8.880499839782715, 7.906899929046631, 12.778400421142578, 13.082099914550781, 7.05810022354126, 7.39300012588501, 10.20829963684082, 9.0693998336792, 7.987100124359131, 8.522299766540527, 11.252400398254395, 9.145299911499023, 8.896200180053711, 7.571800231933594, 8.810999870300293, 9.387299537658691, 12.077899932861328, 8.997200012207031, 8.790800094604492, 9.365500450134277, 8.282699584960938, 8.158900260925293, 9.330100059509277, 8.559399604797363, 9.423600196838379, 11.601499557495117, 9.120800018310547, 11.14739990234375, 10.884200096130371, 10.098699569702148, 12.515700340270996, 9.602899551391602, 10.973899841308594, 10.821000099182129, 12.467300415039062, 10.77929973602295, 10.803600311279297, 8.916199684143066, 8.652099609375, 10.713700294494629, 7.882299900054932, 8.565999984741211, 8.125, 8.302900314331055, 8.23550033569336, 7.337100028991699, 8.594799995422363, 7.271900177001953]"
