item_id,start,freq,target
T155,2014-12-29,W-SUN,"[3.698899984359741, 4.773099899291992, 3.2704999446868896, 4.758299827575684, 4.803100109100342, 5.078000068664551, 4.611400127410889, 5.054200172424316, 4.680099964141846, 4.9944000244140625, 5.296800136566162, 5.191800117492676, 4.8709001541137695, 4.806600093841553, 5.430699825286865, 5.219299793243408, 4.792900085449219, 4.860599994659424, 5.6427998542785645, 5.2804999351501465, 5.176700115203857, 5.042200088500977, 5.314499855041504, 5.088399887084961, 5.075500011444092, 4.930600166320801, 4.334199905395508, 5.116799831390381, 5.5467000007629395, 4.876200199127197, 4.993500232696533, 4.697400093078613, 4.358399868011475, 4.942699909210205, 4.934700012207031, 4.019199848175049, 5.174799919128418, 5.079699993133545, 4.566299915313721, 5.247000217437744, 4.684899806976318, 5.150300025939941, 4.966700077056885, 5.509099960327148, 5.484300136566162, 5.843299865722656, 5.85129976272583, 4.764599800109863, 5.563300132751465, 6.110799789428711, 5.182300090789795, 3.7704999446868896, 4.184000015258789, 5.34119987487793, 4.8333001136779785, 5.403600215911865, 5.7657999992370605, 5.763199806213379, 6.220399856567383, 4.853799819946289, 5.35830020904541, 5.432600021362305, 5.495999813079834, 5.215000152587891, 5.269599914550781, 5.0868000984191895, 5.334799766540527, 5.812600135803223, 5.248600006103516, 5.761099815368652, 5.706600189208984, 5.90339994430542, 5.59630012512207, 5.038599967956543, 5.563799858093262, 5.841400146484375, 5.527599811553955, 5.393499851226807, 4.698200225830078, 5.587200164794922, 5.56790018081665, 5.4029998779296875, 6.054699897766113, 5.9274001121521, 5.96999979019165, 5.913400173187256, 5.918799877166748, 4.96120023727417, 5.9095001220703125, 5.899199962615967, 5.766499996185303, 6.1128997802734375, 6.133500099182129, 5.9207000732421875, 6.14739990234375, 5.845300197601318]"
