item_id,start,freq,target
T759,2014-12-29,W-SUN,"[9.875200271606445, 12.140299797058105, 11.482399940490723, 11.248200416564941, 12.966300010681152, 12.31029987335205, 11.011199951171875, 12.140399932861328, 10.883000373840332, 12.866299629211426, 12.736499786376953, 12.638799667358398, 12.003399848937988, 11.817999839782715, 13.843199729919434, 12.351200103759766, 10.905699729919434, 12.82699966430664, 13.059100151062012, 12.444999694824219, 11.425700187683105, 12.478400230407715, 12.24940013885498, 12.269700050354004, 12.227100372314453, 12.193599700927734, 10.87030029296875, 12.322500228881836, 12.394100189208984, 11.84160041809082, 12.090200424194336, 12.071200370788574, 12.298500061035156, 13.576600074768066, 12.52649974822998, 11.65530014038086, 13.08590030670166, 13.854599952697754, 11.70680046081543, 13.293600082397461, 12.65999984741211, 13.880200386047363, 13.47439956665039, 12.996999740600586, 13.198100090026855, 13.35990047454834, 13.339099884033203, 10.924400329589844, 11.949600219726562, 13.617300033569336, 13.106100082397461, 9.04539966583252, 10.109399795532227, 12.503199577331543, 11.383000373840332, 12.735899925231934, 12.208000183105469, 13.186100006103516, 11.594499588012695, 13.283499717712402, 12.868900299072266, 13.522700309753418, 12.76609992980957, 13.408599853515625, 12.571000099182129, 12.346799850463867, 13.152999877929688, 13.399200439453125, 14.03600025177002, 13.623700141906738, 13.73270034790039, 13.733400344848633, 13.837599754333496, 12.150500297546387, 12.880599975585938, 13.327899932861328, 12.881699562072754, 12.928099632263184, 11.418800354003906, 12.830699920654297, 12.808699607849121, 11.86299991607666, 12.288700103759766, 12.692500114440918, 12.802200317382812, 13.249500274658203, 14.410599708557129, 12.042400360107422, 13.830499649047852, 13.979000091552734, 13.902199745178223, 13.936100006103516, 13.751899719238281, 13.11050033569336, 13.870400428771973, 13.953700065612793]"
