item_id,start,freq,target
T616,2014-12-29,W-SUN,"[3.9274001121520996, 4.564199924468994, 5.723899841308594, 5.263800144195557, 6.579699993133545, 6.029799938201904, 5.704699993133545, 5.8445000648498535, 5.5218000411987305, 6.409299850463867, 6.573599815368652, 6.1468000411987305, 6.537300109863281, 6.327300071716309, 6.630099773406982, 6.456999778747559, 5.72760009765625, 6.309000015258789, 7.428699970245361, 6.586400032043457, 6.228000164031982, 5.217199802398682, 6.426300048828125, 6.64300012588501, 6.515699863433838, 6.524700164794922, 6.080100059509277, 6.518599987030029, 6.488999843597412, 6.2743000984191895, 6.384699821472168, 6.475800037384033, 6.189300060272217, 6.560699939727783, 5.974699974060059, 6.084700107574463, 6.624800205230713, 6.64870023727417, 5.861299991607666, 6.519100189208984, 6.889699935913086, 4.935100078582764, 6.685500144958496, 6.764200210571289, 6.745800018310547, 7.007500171661377, 6.885900020599365, 5.908100128173828, 6.138299942016602, 7.3343000411987305, 6.659999847412109, 5.421599864959717, 5.526100158691406, 6.42519998550415, 6.344600200653076, 6.651599884033203, 7.012499809265137, 7.039000034332275, 6.48769998550415, 6.472899913787842, 6.461299896240234, 6.771699905395508, 6.774199962615967, 7.258999824523926, 7.063399791717529, 6.791299819946289, 6.632699966430664, 6.813799858093262, 6.639800071716309, 7.206600189208984, 7.047100067138672, 7.096499919891357, 7.073200225830078, 6.868000030517578, 7.347499847412109, 7.112800121307373, 6.945799827575684, 7.0680999755859375, 6.452199935913086, 7.287499904632568, 7.368500232696533, 6.940100193023682, 6.896500110626221, 6.838600158691406, 6.937099933624268, 7.464200019836426, 6.910299777984619, 6.3471999168396, 6.749800205230713, 7.159900188446045, 7.257599830627441, 5.372700214385986, 6.633299827575684, 6.506100177764893, 6.89870023727417, 6.333399772644043]"
