item_id,start,freq,target
T399,2015-01-18 00:00:00,W-SUN,"[[8.944299697875977, 10.250100135803223, 10.448100090026855, 9.808600425720215, 10.038299560546875, 9.548199653625488, 10.725799560546875, 10.628600120544434, 11.105799674987793, 11.044400215148926, 9.767200469970703, 10.916399955749512, 11.112500190734863, 10.955900192260742, 10.416399955749512, 10.586999893188477, 10.651599884033203, 9.672699928283691, 10.875200271606445, 10.614800453186035, 10.871700286865234, 10.962300300598145, 11.015800476074219, 10.156700134277344, 10.832500457763672, 10.987099647521973, 10.672300338745117, 10.730199813842773, 11.088299751281738, 11.06089973449707, 11.869099617004395, 11.4552001953125, 10.989800453186035, 11.545000076293945, 11.423600196838379, 11.457500457763672, 11.807499885559082, 11.102299690246582, 11.799599647521973, 11.617400169372559, 11.054300308227539, 10.512299537658691, 11.460700035095215, 11.743200302124023, 9.306599617004395, 12.166799545288086, 11.042499542236328, 10.908599853515625, 8.457300186157227, 9.410400390625, 10.560700416564941, 9.943499565124512, 10.801400184631348, 11.261799812316895, 11.058199882507324, 11.32610034942627, 11.389399528503418, 11.481599807739258, 10.958100318908691, 11.933699607849121, 11.130800247192383, 13.684399604797363, 11.710700035095215, 11.481900215148926, 8.537199974060059, 10.140199661254883, 10.678000450134277, 11.815400123596191, 11.57509994506836, 10.886699676513672, 10.485400199890137, 10.680800437927246, 10.68809986114502, 10.730999946594238, 11.26259994506836, 10.29419994354248, 10.910400390625, 11.296600341796875, 10.843700408935547, 11.592499732971191, 10.824999809265137, 11.14739990234375, 11.118000030517578, 11.072099685668945, 10.92549991607666, 10.694000244140625, 10.571399688720703, 10.350799560546875, 10.278200149536133, 10.352100372314453]]"
