item_id,start,freq,target
T802,2014-12-29,W-SUN,"[13.108499526977539, 15.899499893188477, 14.411399841308594, 15.455699920654297, 15.959699630737305, 15.817700386047363, 15.394499778747559, 16.75160026550293, 14.92490005493164, 16.419300079345703, 16.72170066833496, 17.087099075317383, 15.965200424194336, 14.595999717712402, 15.57040023803711, 16.713699340820312, 15.337400436401367, 16.187700271606445, 17.1968994140625, 16.671600341796875, 15.719499588012695, 16.895599365234375, 17.31060028076172, 17.4822998046875, 16.19059944152832, 16.528099060058594, 13.512100219726562, 18.118600845336914, 18.04800033569336, 17.350200653076172, 16.51490020751953, 16.74970054626465, 17.205799102783203, 17.75819969177246, 16.32309913635254, 14.279199600219727, 17.66119956970215, 17.883100509643555, 16.48940086364746, 17.41670036315918, 16.730499267578125, 16.747100830078125, 16.629199981689453, 16.880199432373047, 17.59040069580078, 17.49679946899414, 17.59630012512207, 12.631999969482422, 15.811100006103516, 18.64780044555664, 18.822799682617188, 9.752099990844727, 11.45359992980957, 15.82610034942627, 14.896499633789062, 17.17009925842285, 16.32670021057129, 15.866999626159668, 15.646100044250488, 15.764900207519531, 16.718399047851562, 15.756400108337402, 16.44219970703125, 19.012699127197266, 16.441499710083008, 15.221199989318848, 15.479499816894531, 16.71969985961914, 15.983499526977539, 16.855300903320312, 16.649499893188477, 17.41710090637207, 18.10740089416504, 15.656499862670898, 17.712799072265625, 18.619400024414062, 17.468000411987305, 17.016399383544922, 14.00469970703125, 17.12540054321289, 17.877099990844727, 17.305999755859375, 17.635900497436523, 16.992300033569336, 17.59119987487793, 17.943599700927734, 17.420499801635742, 15.04010009765625, 17.547500610351562, 17.693300247192383, 17.75309944152832, 18.274700164794922, 17.04170036315918, 16.994300842285156, 18.673599243164062, 17.315799713134766]"
