item_id,start,freq,target
T381,2015-01-18 00:00:00,W-SUN,"[9.981399536132812, 9.790200233459473, 10.116900444030762, 10.061599731445312, 11.791799545288086, 10.093799591064453, 10.680000305175781, 10.344900131225586, 10.631999969482422, 11.046299934387207, 9.817399978637695, 10.7568998336792, 11.202400207519531, 9.809599876403809, 11.49940013885498, 9.948800086975098, 10.411100387573242, 10.247400283813477, 10.80370044708252, 10.91569995880127, 11.425399780273438, 10.196100234985352, 10.70580005645752, 9.688899993896484, 11.751199722290039, 10.687299728393555, 11.458600044250488, 10.5177001953125, 10.264300346374512, 10.80270004272461, 10.766300201416016, 13.07699966430664, 9.289199829101562, 10.577400207519531, 10.150799751281738, 8.942999839782715, 9.874799728393555, 9.785799980163574, 9.90369987487793, 9.985699653625488, 10.074299812316895, 10.143099784851074, 11.330900192260742, 11.028800010681152, 8.71150016784668, 9.539299964904785, 11.777000427246094, 11.043700218200684, 7.900899887084961, 8.478500366210938, 9.486000061035156, 10.683099746704102, 9.813300132751465, 9.84160041809082, 12.346400260925293, 10.204000473022461, 10.657699584960938, 10.874099731445312, 10.092700004577637, 11.587900161743164, 11.60890007019043, 10.506099700927734, 10.506500244140625, 10.774399757385254, 11.266900062561035, 10.51729965209961, 11.210800170898438, 11.681400299072266, 12.582200050354004, 12.333600044250488, 11.436200141906738, 12.172300338745117, 13.116900444030762, 11.031000137329102, 11.335800170898438, 9.820199966430664, 10.774900436401367, 11.686400413513184, 11.323699951171875, 11.932299613952637, 10.75570011138916, 11.337400436401367, 11.5068998336792, 10.715100288391113, 9.548999786376953, 11.052800178527832, 11.634300231933594, 9.707900047302246, 10.37660026550293, 10.053199768066406]"
