item_id,start,freq,target
T775,2014-12-29,W-SUN,"[3.2225000858306885, 4.048799991607666, 4.9415998458862305, 4.645400047302246, 6.058000087738037, 4.811600208282471, 4.887700080871582, 5.72760009765625, 6.219299793243408, 7.3632001876831055, 5.48769998550415, 5.279099941253662, 5.310699939727783, 5.3282999992370605, 5.280700206756592, 5.904799938201904, 5.370699882507324, 6.571800231933594, 5.660200119018555, 5.254799842834473, 5.856100082397461, 5.950900077819824, 5.3520002365112305, 4.11299991607666, 3.889899969100952, 3.889899969100952, 3.889899969100952, 3.889899969100952, 3.889899969100952, 3.888400077819824, 4.5553998947143555, 4.796500205993652, 4.690999984741211, 5.654799938201904, 4.815899848937988, 4.7129998207092285, 5.245999813079834, 8.093000411987305, 6.451700210571289, 6.677299976348877, 5.508200168609619, 6.531400203704834, 7.2382001876831055, 7.628499984741211, 7.178400039672852, 7.1946001052856445, 5.959400177001953, 4.902699947357178, 5.031099796295166, 6.575200080871582, 4.718999862670898, 2.7734999656677246, 3.4268999099731445, 5.262199878692627, 5.521900177001953, 6.611000061035156, 5.611999988555908, 5.532100200653076, 5.024400234222412, 6.628499984741211, 6.740300178527832, 5.848899841308594, 6.182499885559082, 6.711100101470947, 5.10699987411499, 5.427700042724609, 5.510300159454346, 6.0447998046875, 6.572700023651123, 6.851900100708008, 6.801400184631348, 6.461699962615967, 8.002300262451172, 5.624000072479248, 6.65749979019165, 6.328100204467773, 5.243000030517578, 4.735300064086914, 3.9367001056671143, 5.25439977645874, 5.898499965667725, 5.324100017547607, 5.2677998542785645, 6.171800136566162, 5.44320011138916, 5.213399887084961, 6.48859977722168, 4.568600177764893, 6.646500110626221, 7.147799968719482, 7.5543999671936035, 7.285900115966797, 6.867700099945068, 7.213900089263916, 7.057000160217285, 5.934700012207031]"
