item_id,start,freq,target
T796,2015-01-04 00:00:00,W-SUN,"[8.707200050354004, 6.249199867248535, 6.906799793243408, 6.954899787902832, 6.644000053405762, 6.6743998527526855, 6.6402997970581055, 5.944499969482422, 6.878499984741211, 6.406199932098389, 7.899799823760986, 6.100500106811523, 6.257800102233887, 7.078000068664551, 5.993800163269043, 10.31190013885498, 6.259699821472168, 6.001299858093262, 6.184599876403809, 5.6768999099731445, 5.894199848175049, 5.965099811553955, 5.7540998458862305, 5.839200019836426, 6.073599815368652, 5.493299961090088, 5.6666998863220215, 5.979100227355957, 5.797900199890137, 5.870500087738037, 5.815800189971924, 5.70389986038208, 6.709099769592285, 10.875300407409668, 6.840700149536133, 6.1442999839782715, 6.123799800872803, 6.584400177001953, 6.17110013961792, 6.229300022125244, 6.212800025939941, 6.186699867248535, 6.135200023651123, 5.813600063323975, 6.121799945831299, 5.9334001541137695, 7.785799980163574, 6.437600135803223, 6.265900135040283, 6.195799827575684, 5.122700214385986, 5.457200050354004, 5.724899768829346, 6.010300159454346, 6.298600196838379, 5.9842000007629395, 6.122399806976318, 6.4720001220703125, 5.685200214385986, 6.381800174713135, 5.760799884796143, 7.582699775695801, 5.458899974822998, 5.632599830627441, 5.868500232696533, 10.57229995727539, 10.698599815368652, 10.959500312805176, 11.284600257873535, 11.14050006866455, 11.588199615478516, 11.137100219726562, 10.166600227355957, 11.105400085449219, 11.196800231933594, 10.922800064086914, 10.928199768066406, 10.456500053405762, 10.511199951171875, 10.424599647521973, 10.620699882507324, 10.031499862670898, 9.81029987335205, 11.255599975585938, 11.059100151062012, 11.190899848937988, 9.05720043182373, 12.031299591064453, 12.450400352478027, 13.050200462341309]"
