item_id,start,freq,target
T250,2014-12-29,W-SUN,"[9.101499557495117, 12.781900405883789, 12.66510009765625, 11.37339973449707, 13.954099655151367, 13.344599723815918, 13.784299850463867, 14.998700141906738, 12.662599563598633, 14.231599807739258, 14.464599609375, 14.367199897766113, 14.589799880981445, 13.782500267028809, 14.023099899291992, 13.997200012207031, 12.904399871826172, 14.04889965057373, 15.447199821472168, 14.388899803161621, 14.239299774169922, 14.095600128173828, 14.503999710083008, 15.138299942016602, 13.95359992980957, 14.182999610900879, 11.90149974822998, 13.918299674987793, 14.335800170898438, 14.034600257873535, 14.546799659729004, 14.174099922180176, 14.956500053405762, 14.927000045776367, 13.908900260925293, 13.166799545288086, 14.33329963684082, 14.80109977722168, 13.672300338745117, 14.597100257873535, 14.665200233459473, 15.372200012207031, 14.986000061035156, 14.067399978637695, 14.518099784851074, 14.804499626159668, 15.065099716186523, 11.589699745178223, 14.086099624633789, 15.71310043334961, 15.475799560546875, 10.593799591064453, 9.661700248718262, 12.774800300598145, 12.821999549865723, 14.614399909973145, 14.248900413513184, 15.160699844360352, 14.110099792480469, 15.427900314331055, 14.533900260925293, 12.430299758911133, 12.746100425720215, 13.374300003051758, 14.278800010681152, 14.91450023651123, 14.521300315856934, 17.161399841308594, 14.386199951171875, 15.197799682617188, 15.51729965209961, 15.87339973449707, 14.699700355529785, 15.365500450134277, 15.703900337219238, 16.518600463867188, 15.499099731445312, 14.772199630737305, 12.920000076293945, 14.400099754333496, 15.488499641418457, 15.897000312805176, 15.811200141906738, 15.23550033569336, 15.128999710083008, 16.60890007019043, 15.236200332641602, 12.935600280761719, 15.013099670410156, 16.815900802612305, 15.216099739074707, 13.65530014038086, 16.12220001220703, 14.892999649047852, 16.988100051879883, 13.810799598693848]"
