item_id,start,freq,target
T209,2014-12-29,W-SUN,"[7.700500011444092, 7.700500011444092, 7.700500011444092, 7.700500011444092, 7.700500011444092, 7.700500011444092, 7.700500011444092, 7.700500011444092, 6.985899925231934, 7.702400207519531, 7.700500011444092, 7.700500011444092, 7.700500011444092, 7.700500011444092, 7.598499774932861, 7.700500011444092, 7.700500011444092, 12.852800369262695, 13.517999649047852, 13.968299865722656, 12.644100189208984, 15.192500114440918, 14.090499877929688, 13.851400375366211, 15.048800468444824, 14.798700332641602, 12.160699844360352, 14.208499908447266, 14.465999603271484, 13.696100234985352, 14.761799812316895, 14.612199783325195, 12.857500076293945, 14.086099624633789, 14.44279956817627, 12.620800018310547, 14.95460033416748, 14.778900146484375, 13.102299690246582, 18.95599937438965, 14.563699722290039, 14.34060001373291, 9.047100067138672, 8.70740032196045, 8.312000274658203, 8.482999801635742, 8.640899658203125, 7.890500068664551, 8.177900314331055, 6.2906999588012695, 7.746799945831299, 7.300000190734863, 8.553999900817871, 9.527299880981445, 9.149200439453125, 8.206399917602539, 8.705900192260742, 8.46660041809082, 8.41189956665039, 7.778600215911865, 8.41919994354248, 8.060500144958496, 8.243900299072266, 7.803899765014648, 8.049200057983398, 8.33650016784668, 8.281299591064453, 8.544699668884277, 8.284899711608887, 8.351499557495117, 8.672200202941895, 8.413800239562988, 8.842599868774414, 8.013999938964844, 9.545499801635742, 8.883000373840332, 8.554100036621094, 8.376500129699707, 7.544099807739258, 8.843500137329102, 8.923299789428711, 8.784299850463867, 8.949399948120117, 9.765999794006348, 8.951800346374512, 9.056900024414062, 8.343099594116211, 9.14430046081543, 8.32699966430664, 9.70359992980957, 8.745699882507324, 8.756199836730957, 8.805899620056152, 8.120400428771973, 8.1072998046875, 8.914299964904785]"
