item_id,start,freq,target
T9,2014-12-29,W-SUN,"[7.740300178527832, 9.086600303649902, 5.560299873352051, 9.048800468444824, 9.695300102233887, 9.633199691772461, 9.575200080871582, 10.088600158691406, 9.062600135803223, 10.281399726867676, 10.486100196838379, 10.042499542236328, 10.474200248718262, 9.63599967956543, 10.284199714660645, 10.499699592590332, 10.313199996948242, 10.118399620056152, 10.141799926757812, 10.478699684143066, 9.720000267028809, 10.45740032196045, 10.354100227355957, 10.468400001525879, 10.659700393676758, 10.532400131225586, 9.91189956665039, 10.428400039672852, 10.536399841308594, 10.206999778747559, 10.585000038146973, 10.114899635314941, 10.424599647521973, 10.76930046081543, 10.843099594116211, 10.251899719238281, 10.59589958190918, 10.45300006866455, 10.58590030670166, 10.665900230407715, 10.197099685668945, 10.511699676513672, 10.613900184631348, 10.648799896240234, 10.029999732971191, 10.940600395202637, 10.728500366210938, 9.041799545288086, 10.222000122070312, 10.71150016784668, 10.792699813842773, 9.054200172424316, 8.912799835205078, 10.172800064086914, 9.78499984741211, 10.2524995803833, 10.365500450134277, 10.320500373840332, 10.52810001373291, 10.543299674987793, 10.611300468444824, 10.204999923706055, 10.282600402832031, 10.123900413513184, 10.577199935913086, 10.44629955291748, 10.312100410461426, 10.422200202941895, 10.120699882507324, 10.890000343322754, 10.492300033569336, 10.98859977722168, 10.484399795532227, 10.248700141906738, 10.527799606323242, 10.644599914550781, 10.552599906921387, 10.592300415039062, 9.75409984588623, 10.267900466918945, 10.403400421142578, 10.088199615478516, 10.39050006866455, 11.10260009765625, 12.085399627685547, 12.841099739074707, 12.030099868774414, 10.973699569702148, 13.225600242614746, 14.57960033416748, 13.09179973602295, 11.299500465393066, 11.545900344848633, 9.54580020904541, 11.785400390625, 12.23859977722168]"
