item_id,start,freq,target
T325,2014-12-29,W-SUN,"[9.692700386047363, 11.870100021362305, 8.215399742126465, 11.896300315856934, 12.684599876403809, 13.271100044250488, 12.34630012512207, 13.053999900817871, 12.547800064086914, 13.770099639892578, 14.35319995880127, 14.006199836730957, 12.955400466918945, 12.97439956665039, 13.78339958190918, 14.114899635314941, 13.333700180053711, 14.10319995880127, 13.838399887084961, 14.21310043334961, 13.633199691772461, 13.122699737548828, 14.826399803161621, 14.014599800109863, 13.419300079345703, 15.015000343322754, 11.697600364685059, 14.913599967956543, 14.565799713134766, 13.403499603271484, 12.982600212097168, 14.637700080871582, 12.86240005493164, 14.603799819946289, 14.71150016784668, 13.551400184631348, 14.951299667358398, 13.10890007019043, 14.434200286865234, 14.199199676513672, 13.701800346374512, 14.957900047302246, 14.286999702453613, 14.09119987487793, 14.355299949645996, 14.718500137329102, 14.134699821472168, 11.946399688720703, 13.749199867248535, 15.435400009155273, 15.954500198364258, 9.991900444030762, 11.044300079345703, 12.560199737548828, 13.06149959564209, 13.797300338745117, 11.13700008392334, 14.346799850463867, 12.456399917602539, 14.458900451660156, 14.491999626159668, 12.11709976196289, 13.417400360107422, 11.961299896240234, 14.103599548339844, 13.616000175476074, 14.438799858093262, 15.061200141906738, 14.774700164794922, 15.070300102233887, 14.32800006866455, 16.437400817871094, 16.0802001953125, 14.187700271606445, 15.794400215148926, 15.680899620056152, 16.3257999420166, 14.818499565124512, 12.624099731445312, 14.661999702453613, 15.116399765014648, 14.32699966430664, 16.189699172973633, 14.856800079345703, 14.946499824523926, 16.157400131225586, 15.06149959564209, 13.65820026397705, 14.690699577331543, 15.164199829101562, 16.976900100708008, 15.369999885559082, 15.069700241088867, 16.09079933166504, 15.094799995422363, 14.802300453186035]"
