item_id,start,freq,target
T216,2015-01-11 00:00:00,W-SUN,"[[4.364999771118164, 3.71560001373291, 3.8368000984191895, 3.940000057220459, 3.813499927520752, 3.9670000076293945, 3.435800075531006, 4.417600154876709, 4.636300086975098, 5.01639986038208, 3.807300090789795, 4.019899845123291, 6.371500015258789, 3.4154000282287598, 5.590000152587891, 4.8927998542785645, 4.027100086212158, 4.231599807739258, 4.682400226593018, 3.9375998973846436, 4.684599876403809, 4.44950008392334, 4.40500020980835, 9.66469955444336, 3.260999917984009, 8.077500343322754, 6.246799945831299, 5.396599769592285, 4.491799831390381, 4.202899932861328, 5.288000106811523, 5.0243000984191895, 5.976399898529053, 3.9904000759124756, 5.585000038146973, 4.435200214385986, 4.122700214385986, 4.974299907684326, 5.392099857330322, 4.285900115966797, 4.671599864959717, 4.834799766540527, 4.722700119018555, 4.127399921417236, 4.441400051116943, 4.3541998863220215, 4.107500076293945, 4.299600124359131, 4.792399883270264, 3.276900053024292, 4.649600028991699, 4.01230001449585, 4.08050012588501, 4.145299911499023, 4.125800132751465, 4.3221001625061035, 4.093800067901611, 4.123600006103516, 4.374499797821045, 4.652100086212158, 5.461999893188477, 6.573999881744385, 5.12939977645874, 7.109399795532227, 5.680300235748291, 7.635200023651123, 7.083000183105469, 6.453400135040283, 5.422299861907959, 5.22189998626709, 5.233399868011475, 7.614500045776367, 5.412499904632568, 4.598199844360352, 4.953100204467773, 5.198200225830078, 5.694499969482422, 5.74970006942749, 5.152400016784668, 4.909299850463867, 5.006100177764893, 5.116499900817871, 5.656499862670898, 4.369999885559082, 4.263000011444092, 3.8499999046325684, 4.243800163269043, 4.337200164794922, 4.354800224304199, 4.138500213623047]]"
