item_id,start,freq,target
T383,2014-12-29,W-SUN,"[8.08810043334961, 10.64490032196045, 7.786099910736084, 10.491700172424316, 11.168399810791016, 10.767900466918945, 10.839300155639648, 10.98330020904541, 10.16819953918457, 11.930700302124023, 11.785599708557129, 9.790499687194824, 10.584500312805176, 10.794300079345703, 11.315400123596191, 11.379400253295898, 10.877900123596191, 11.626999855041504, 11.033599853515625, 11.270099639892578, 11.269000053405762, 11.185400009155273, 11.32859992980957, 12.113300323486328, 10.651300430297852, 10.831299781799316, 9.525099754333496, 11.89780044555664, 10.88010025024414, 10.633500099182129, 11.744799613952637, 10.663599967956543, 11.432600021362305, 11.090800285339355, 11.806699752807617, 10.493000030517578, 11.926899909973145, 11.96030044555664, 11.222999572753906, 11.475600242614746, 11.126999855041504, 11.920700073242188, 11.765199661254883, 12.242899894714355, 11.659299850463867, 12.607500076293945, 11.839900016784668, 10.182999610900879, 11.388999938964844, 12.642399787902832, 11.904399871826172, 8.818900108337402, 9.766400337219238, 11.201800346374512, 12.190099716186523, 11.681300163269043, 11.922800064086914, 11.390600204467773, 11.71500015258789, 12.639800071716309, 11.815600395202637, 12.04010009765625, 10.411299705505371, 10.510299682617188, 11.474100112915039, 11.660400390625, 11.116600036621094, 11.553099632263184, 11.605600357055664, 12.191900253295898, 11.554499626159668, 11.853099822998047, 12.41759967803955, 11.170000076293945, 12.301300048828125, 12.068300247192383, 11.722800254821777, 11.729599952697754, 10.093799591064453, 11.660099983215332, 11.244400024414062, 13.90719985961914, 11.173199653625488, 12.190600395202637, 11.492600440979004, 11.416199684143066, 11.903599739074707, 11.779800415039062, 12.71780014038086, 13.229700088500977, 13.008899688720703, 11.937600135803223, 11.89430046081543, 11.924300193786621, 13.062399864196777, 12.258099555969238]"
