item_id,start,freq,target
T530,2014-12-29,W-SUN,"[8.653900146484375, 11.217900276184082, 8.308300018310547, 10.583600044250488, 11.464900016784668, 11.593600273132324, 11.077099800109863, 11.715999603271484, 10.74590015411377, 13.540399551391602, 12.285599708557129, 13.598600387573242, 11.857199668884277, 11.390199661254883, 13.440600395202637, 13.104999542236328, 13.059800148010254, 12.694999694824219, 14.125699996948242, 13.424799919128418, 11.696900367736816, 12.860400199890137, 13.249899864196777, 14.13759994506836, 13.836199760437012, 13.816900253295898, 10.764100074768066, 13.148799896240234, 12.15149974822998, 16.002599716186523, 11.863800048828125, 14.73840045928955, 12.467000007629395, 13.369199752807617, 15.014399528503418, 11.452500343322754, 14.021699905395508, 15.178000450134277, 12.963399887084961, 13.161800384521484, 12.372699737548828, 12.567999839782715, 13.946999549865723, 12.852100372314453, 11.800200462341309, 13.305999755859375, 11.6048002243042, 10.403200149536133, 12.354399681091309, 13.001899719238281, 13.618800163269043, 9.933500289916992, 9.809700012207031, 10.918299674987793, 12.509099960327148, 11.55090045928955, 12.853099822998047, 11.20419979095459, 13.170700073242188, 12.749500274658203, 13.075499534606934, 11.294099807739258, 13.809800148010254, 12.182299613952637, 12.100500106811523, 12.803500175476074, 13.187000274658203, 13.579500198364258, 15.237199783325195, 12.365699768066406, 14.928899765014648, 12.222100257873535, 14.40880012512207, 11.633700370788574, 12.970100402832031, 15.42240047454834, 13.11050033569336, 12.655500411987305, 10.609399795532227, 12.241700172424316, 14.10569953918457, 12.85219955444336, 15.508500099182129, 12.654999732971191, 15.714699745178223, 14.044400215148926, 13.873299598693848, 13.277899742126465, 12.674099922180176, 14.612099647521973, 12.92710018157959, 12.307900428771973, 13.08810043334961, 10.44890022277832, 13.695300102233887, 11.474800109863281]"
