item_id,start,freq,target
T174,2015-01-25 00:00:00,W-SUN,"[8.931099891662598, 8.422100067138672, 8.634900093078613, 8.906499862670898, 8.019499778747559, 9.277999877929688, 9.688300132751465, 9.758700370788574, 9.946800231933594, 8.859199523925781, 9.285900115966797, 9.526100158691406, 9.607999801635742, 9.77869987487793, 9.54520034790039, 9.514900207519531, 9.553199768066406, 10.017600059509277, 10.265199661254883, 10.579099655151367, 10.630900382995605, 10.961899757385254, 9.94629955291748, 9.94540023803711, 10.811100006103516, 10.777999877929688, 10.61520004272461, 10.502099990844727, 9.939399719238281, 10.378399848937988, 10.621999740600586, 10.082799911499023, 9.713899612426758, 10.355799674987793, 10.009099960327148, 10.142000198364258, 9.997200012207031, 9.834799766540527, 9.627799987792969, 9.287199974060059, 8.885000228881836, 8.928099632263184, 9.263099670410156, 7.843800067901611, 8.565500259399414, 8.710399627685547, 8.945599555969238, 7.585100173950195, 7.291999816894531, 8.155900001525879, 8.32509994506836, 8.412699699401855, 8.51159954071045, 8.972700119018555, 9.105299949645996, 8.861900329589844, 9.229999542236328, 8.137700080871582, 8.726499557495117, 9.311300277709961, 9.9975004196167, 9.838299751281738, 9.132499694824219, 9.979399681091309, 9.439399719238281, 10.001399993896484, 9.626099586486816, 10.390399932861328, 10.006600379943848, 10.280799865722656, 10.39009952545166, 10.553500175476074, 10.647000312805176, 10.813400268554688, 10.05090045928955, 10.480500221252441, 10.5826997756958, 10.695799827575684, 10.507200241088867, 10.668800354003906, 11.603799819946289, 11.329999923706055, 11.263899803161621, 10.202400207519531, 10.811800003051758, 11.317000389099121, 11.649700164794922, 10.133299827575684, 10.902999877929688, 9.781999588012695]"
