item_id,start,freq,target
T153,2014-12-29,W-SUN,"[7.054500102996826, 7.6097002029418945, 5.24399995803833, 8.003999710083008, 8.614800453186035, 8.62399959564209, 8.252300262451172, 8.549300193786621, 7.763599872589111, 8.771300315856934, 8.976200103759766, 8.490500450134277, 8.306300163269043, 7.6595001220703125, 8.503800392150879, 8.734399795532227, 8.686100006103516, 8.9266996383667, 8.58489990234375, 8.693300247192383, 7.599299907684326, 8.227100372314453, 8.467599868774414, 8.474100112915039, 8.586400032043457, 8.277899742126465, 7.6504998207092285, 8.337599754333496, 8.478300094604492, 8.210000038146973, 7.991499900817871, 8.089500427246094, 11.431099891662598, 9.123600006103516, 9.91670036315918, 8.234299659729004, 9.370499610900879, 9.279999732971191, 8.790800094604492, 8.826000213623047, 8.383600234985352, 8.692299842834473, 8.934100151062012, 9.159099578857422, 8.385600090026855, 9.03950023651123, 8.940299987792969, 7.1616997718811035, 8.689200401306152, 8.906800270080566, 10.049200057983398, 5.31279993057251, 6.189599990844727, 7.777299880981445, 7.407800197601318, 8.128800392150879, 8.322999954223633, 8.437999725341797, 8.712300300598145, 9.938699722290039, 8.142399787902832, 7.476600170135498, 7.382599830627441, 10.235899925231934, 7.577899932861328, 7.5995001792907715, 7.99370002746582, 8.535699844360352, 8.529399871826172, 8.506500244140625, 8.53909969329834, 8.497099876403809, 8.521300315856934, 7.451200008392334, 8.116399765014648, 8.349300384521484, 7.975399971008301, 8.356200218200684, 7.025400161743164, 8.01710033416748, 7.9131999015808105, 7.966100215911865, 7.769499778747559, 7.638299942016602, 7.969799995422363, 8.777400016784668, 8.730999946594238, 7.770500183105469, 8.781499862670898, 8.705100059509277, 8.99530029296875, 8.784600257873535, 8.627400398254395, 8.619799613952637, 8.036499977111816, 8.066399574279785]"
