item_id,start,freq,target
T202,2014-12-29,W-SUN,"[6.378799915313721, 8.184599876403809, 5.163300037384033, 7.6057000160217285, 8.5201997756958, 8.687299728393555, 8.222900390625, 8.41569995880127, 7.93209981918335, 8.890899658203125, 8.866399765014648, 9.298399925231934, 9.223600387573242, 8.193400382995605, 9.025400161743164, 9.184599876403809, 9.077199935913086, 8.766400337219238, 8.81190013885498, 8.903800010681152, 8.28030014038086, 9.146499633789062, 8.989899635314941, 9.123900413513184, 9.198599815368652, 9.191100120544434, 8.373800277709961, 8.989299774169922, 9.21780014038086, 8.997099876403809, 8.941399574279785, 9.106399536132812, 9.181300163269043, 9.72920036315918, 9.442099571228027, 8.996700286865234, 9.475899696350098, 9.384400367736816, 9.429200172424316, 9.59749984741211, 9.148699760437012, 9.582599639892578, 9.544300079345703, 9.130800247192383, 9.255000114440918, 9.365500450134277, 9.812800407409668, 7.770899772644043, 9.820500373840332, 9.0556001663208, 9.089900016784668, 7.082200050354004, 7.768499851226807, 8.803199768066406, 8.330300331115723, 8.932700157165527, 9.321499824523926, 9.26550006866455, 9.399100303649902, 9.460800170898438, 9.498800277709961, 9.112199783325195, 9.84000015258789, 9.392000198364258, 11.24530029296875, 9.749300003051758, 9.367500305175781, 9.557299613952637, 9.197999954223633, 9.44950008392334, 10.3951997756958, 10.621899604797363, 9.68529987335205, 9.330100059509277, 9.644200325012207, 9.514900207519531, 9.640199661254883, 10.156700134277344, 9.281900405883789, 9.753000259399414, 9.987000465393066, 9.635899543762207, 10.64680004119873, 9.775699615478516, 9.655400276184082, 9.878299713134766, 10.378299713134766, 10.41100025177002, 10.307000160217285, 10.046799659729004, 9.962900161743164, 9.735600471496582, 9.877599716186523, 9.59939956665039, 9.762299537658691, 9.810099601745605]"
