item_id,start,freq,target
T415,2014-12-29,W-SUN,"[7.1407999992370605, 8.21310043334961, 8.157400131225586, 7.986499786376953, 7.948500156402588, 8.207099914550781, 8.106100082397461, 8.256699562072754, 7.61359977722168, 8.336299896240234, 8.394399642944336, 8.516599655151367, 8.517800331115723, 8.367199897766113, 8.582599639892578, 8.943599700927734, 8.486200332641602, 8.608400344848633, 8.482399940490723, 8.910799980163574, 7.859399795532227, 8.589799880981445, 8.395899772644043, 8.465999603271484, 8.549400329589844, 8.456399917602539, 7.638599872589111, 8.708999633789062, 8.39210033416748, 9.135499954223633, 8.472000122070312, 8.527400016784668, 8.664799690246582, 8.491000175476074, 7.864699840545654, 7.984899997711182, 8.562299728393555, 8.67240047454834, 8.509200096130371, 8.7298002243042, 8.45009994506836, 8.616499900817871, 8.950400352478027, 8.24120044708252, 8.375300407409668, 8.498499870300293, 8.269700050354004, 7.096700191497803, 8.199899673461914, 8.484199523925781, 8.842100143432617, 6.721499919891357, 7.263800144195557, 8.23639965057373, 8.335200309753418, 7.9380998611450195, 7.356100082397461, 8.91919994354248, 8.092399597167969, 8.407099723815918, 8.363499641418457, 8.20359992980957, 8.532600402832031, 8.590100288391113, 8.316900253295898, 8.342499732971191, 8.38479995727539, 8.53689956665039, 8.523300170898438, 8.398799896240234, 8.574899673461914, 8.846400260925293, 8.937100410461426, 8.241999626159668, 8.642200469970703, 9.034700393676758, 8.734299659729004, 8.682299613952637, 7.826900005340576, 8.552599906921387, 8.77970027923584, 8.144100189208984, 8.706899642944336, 8.72249984741211, 8.867799758911133, 8.916799545288086, 8.66510009765625, 8.148799896240234, 8.711999893188477, 9.0556001663208, 8.678899765014648, 8.805800437927246, 8.735400199890137, 8.450599670410156, 9.229100227355957, 8.640299797058105]"
