item_id,start,freq,target
T6,2014-12-29,W-SUN,"[5.935200214385986, 7.234000205993652, 8.32919979095459, 7.916500091552734, 9.241800308227539, 8.983200073242188, 8.800100326538086, 9.982600212097168, 8.474900245666504, 9.57919979095459, 8.94890022277832, 8.532699584960938, 9.2475004196167, 8.267499923706055, 9.440500259399414, 9.199299812316895, 7.863100051879883, 8.93220043182373, 9.730999946594238, 8.681900024414062, 8.189200401306152, 8.47920036315918, 9.195500373840332, 9.581399917602539, 9.067399978637695, 8.786100387573242, 7.514200210571289, 8.731100082397461, 8.684200286865234, 8.148900032043457, 8.64579963684082, 8.888199806213379, 9.695599555969238, 9.70009994506836, 8.280599594116211, 9.019399642944336, 9.877099990844727, 11.219300270080566, 9.106300354003906, 10.251299858093262, 9.573699951171875, 10.37559986114502, 10.287099838256836, 10.28339958190918, 10.669500350952148, 11.013799667358398, 11.510600090026855, 8.112799644470215, 9.968400001525879, 10.488499641418457, 10.311699867248535, 5.899799823760986, 6.562399864196777, 9.316100120544434, 8.625800132751465, 9.926400184631348, 10.331100463867188, 9.945500373840332, 9.227800369262695, 10.21150016784668, 10.025899887084961, 9.231499671936035, 9.368900299072266, 9.945899963378906, 9.754599571228027, 8.92959976196289, 9.000499725341797, 10.027199745178223, 9.78380012512207, 10.498499870300293, 10.390999794006348, 10.20199966430664, 10.755800247192383, 9.297699928283691, 10.313199996948242, 10.234700202941895, 10.28969955444336, 10.362899780273438, 8.740300178527832, 10.01039981842041, 10.1628999710083, 10.172699928283691, 9.62660026550293, 10.611499786376953, 9.749699592590332, 10.07129955291748, 10.826899528503418, 9.025899887084961, 10.521499633789062, 10.824399948120117, 11.246399879455566, 8.942999839782715, 10.677000045776367, 10.537400245666504, 11.87339973449707, 9.933799743652344]"
