item_id,start,freq,target
T309,2014-12-29,W-SUN,"[7.53380012512207, 8.074999809265137, 10.781700134277344, 9.895299911499023, 12.127099990844727, 12.147199630737305, 11.479999542236328, 11.392000198364258, 10.987199783325195, 12.38129997253418, 11.899800300598145, 11.108599662780762, 11.569899559020996, 11.101099967956543, 11.071399688720703, 11.518600463867188, 11.518799781799316, 11.91349983215332, 11.933600425720215, 11.251099586486816, 10.367199897766113, 11.821499824523926, 12.278900146484375, 11.281399726867676, 12.078700065612793, 11.815299987792969, 9.472399711608887, 12.073200225830078, 11.488499641418457, 11.810600280761719, 10.711000442504883, 11.1496000289917, 11.422699928283691, 13.368000030517578, 12.75409984588623, 10.958600044250488, 12.065999984741211, 13.270600318908691, 12.643699645996094, 12.053199768066406, 12.1850004196167, 12.468999862670898, 12.39680004119873, 13.164600372314453, 12.33650016784668, 12.969599723815918, 11.476499557495117, 10.148200035095215, 11.879599571228027, 13.565299987792969, 11.95419979095459, 7.079400062561035, 9.504599571228027, 11.881500244140625, 10.79889965057373, 10.930299758911133, 12.275500297546387, 12.407999992370605, 13.671099662780762, 12.272600173950195, 12.544400215148926, 12.701800346374512, 11.445300102233887, 11.817500114440918, 11.789600372314453, 11.246199607849121, 12.588000297546387, 12.910499572753906, 13.87600040435791, 11.684399604797363, 12.569700241088867, 12.397199630737305, 12.893799781799316, 12.063300132751465, 13.053199768066406, 12.693099975585938, 13.931599617004395, 13.985799789428711, 10.418000221252441, 15.10200023651123, 19.090700149536133, 18.950000762939453, 18.62929916381836, 18.36039924621582, 18.892200469970703, 19.730300903320312, 19.44029998779297, 16.831100463867188, 18.90049934387207, 12.476400375366211, 18.010799407958984, 9.849100112915039, 11.670299530029297, 12.77239990234375, 11.818400382995605, 11.613800048828125]"
