item_id,start,freq,target
T595,2015-01-18 00:00:00,W-SUN,"[[9.906900405883789, 11.125900268554688, 11.731399536132812, 10.825699806213379, 12.386799812316895, 10.858699798583984, 11.736300468444824, 11.800800323486328, 12.036100387573242, 11.980999946594238, 10.573800086975098, 11.350199699401855, 12.161499977111816, 12.61400032043457, 12.189299583435059, 12.542699813842773, 11.892600059509277, 11.069100379943848, 12.720800399780273, 11.973400115966797, 12.441100120544434, 12.281100273132324, 12.942000389099121, 10.475299835205078, 11.766599655151367, 11.745800018310547, 12.00979995727539, 11.936599731445312, 10.951800346374512, 12.425800323486328, 11.65719985961914, 12.511300086975098, 11.496600151062012, 12.256500244140625, 12.4375, 11.651100158691406, 13.245599746704102, 11.758099555969238, 12.802499771118164, 12.113800048828125, 13.062299728393555, 12.072199821472168, 12.9931001663208, 13.204000473022461, 10.161100387573242, 11.52340030670166, 13.394100189208984, 12.938199996948242, 8.532400131225586, 9.390800476074219, 10.949899673461914, 10.917799949645996, 12.222599983215332, 11.859199523925781, 12.047800064086914, 11.901200294494629, 12.072799682617188, 11.557100296020508, 11.86240005493164, 12.077799797058105, 11.950200080871582, 11.512100219726562, 11.061400413513184, 12.046099662780762, 11.661100387573242, 11.877900123596191, 12.10890007019043, 11.93280029296875, 13.337499618530273, 11.86340045928955, 11.310099601745605, 12.597200393676758, 12.311800003051758, 12.16450023651123, 11.605199813842773, 10.795900344848633, 12.18589973449707, 11.753100395202637, 11.745400428771973, 11.685199737548828, 11.585000038146973, 11.312399864196777, 13.77280044555664, 14.144200325012207, 12.683500289916992, 13.98840045928955, 14.859700202941895, 13.910599708557129, 12.728300094604492, 13.934599876403809]]"
