item_id,start,freq,target
T511,2015-01-04 00:00:00,W-SUN,"[[7.965000152587891, 8.050000190734863, 6.62939977645874, 8.105899810791016, 8.22439956665039, 5.947000026702881, 7.168900012969971, 6.058899879455566, 8.232799530029297, 7.218400001525879, 7.361499786376953, 7.084199905395508, 6.880099773406982, 6.966000080108643, 7.056000232696533, 5.521500110626221, 6.958499908447266, 7.061600208282471, 6.968500137329102, 5.720399856567383, 4.1006999015808105, 3.889899969100952, 3.889899969100952, 3.889899969100952, 3.889899969100952, 3.889899969100952, 3.889899969100952, 3.889899969100952, 3.889899969100952, 3.889899969100952, 3.889899969100952, 3.889899969100952, 3.889899969100952, 3.889899969100952, 3.889899969100952, 3.889899969100952, 3.889899969100952, 3.889899969100952, 3.889899969100952, 3.889899969100952, 3.889899969100952, 3.889899969100952, 3.8847999572753906, 7.217100143432617, 7.281599998474121, 8.061599731445312, 7.444900035858154, 6.032100200653076, 8.895700454711914, 9.129199981689453, 7.450799942016602, 7.590400218963623, 8.303999900817871, 7.992300033569336, 7.76140022277832, 7.902500152587891, 8.304200172424316, 6.3491997718811035, 8.378499984741211, 7.322700023651123, 8.326600074768066, 8.37440013885498, 8.45300006866455, 8.370100021362305, 7.84250020980835, 8.211799621582031, 8.2677001953125, 8.401399612426758, 8.132699966430664, 7.644100189208984, 5.760799884796143, 4.482399940490723, 5.656499862670898, 6.901800155639648, 5.192599773406982, 5.603600025177002, 6.810100078582764, 5.980199813842773, 5.254199981689453, 6.24370002746582, 5.950300216674805, 6.533100128173828, 4.789999961853027, 6.557199954986572, 4.634799957275391, 3.889899969100952, 3.8991000652313232, 4.054999828338623, 4.871099948883057, 5.532100200653076]]"
