item_id,start,freq,target
T843,2015-02-08 00:00:00,W-SUN,"[[8.67039966583252, 8.688599586486816, 7.769599914550781, 9.005000114440918, 9.209799766540527, 9.13659954071045, 9.27649974822998, 9.061100006103516, 9.278499603271484, 9.015899658203125, 10.17140007019043, 9.223999977111816, 9.259400367736816, 9.255499839782715, 8.900099754333496, 9.382399559020996, 9.341400146484375, 8.63659954071045, 9.166500091552734, 9.396699905395508, 9.027600288391113, 9.584600448608398, 9.758999824523926, 9.738100051879883, 10.622099876403809, 9.864299774169922, 9.687899589538574, 9.751500129699707, 10.736300468444824, 9.65939998626709, 9.802900314331055, 9.916299819946289, 9.726900100708008, 9.662199974060059, 9.555800437927246, 9.823200225830078, 9.881699562072754, 9.419099807739258, 9.6427001953125, 9.406000137329102, 9.620699882507324, 8.729499816894531, 9.361300468444824, 9.333399772644043, 9.524299621582031, 8.373900413513184, 7.966899871826172, 8.845000267028809, 8.899800300598145, 8.913800239562988, 8.940299987792969, 8.968600273132324, 9.02750015258789, 8.9576997756958, 9.053899765014648, 8.700200080871582, 8.854299545288086, 9.0447998046875, 9.425100326538086, 9.375200271606445, 9.138299942016602, 9.543000221252441, 9.364500045776367, 9.396499633789062, 9.3951997756958, 9.544899940490723, 9.50570011138916, 9.51099967956543, 9.362199783325195, 9.520299911499023, 9.687899589538574, 9.618800163269043, 9.51930046081543, 10.081999778747559, 9.53969955444336, 9.485600471496582, 9.940199851989746, 9.821900367736816, 9.932700157165527, 9.724200248718262, 9.658100128173828, 9.387999534606934, 9.345399856567383, 9.687299728393555, 9.781399726867676, 9.45259952545166, 9.517999649047852, 9.264800071716309, 9.468500137329102, 8.615900039672852]]"
