item_id,start,freq,target
T744,2015-01-25 00:00:00,W-SUN,"[6.275300025939941, 6.037199974060059, 7.081500053405762, 6.806099891662598, 6.202099800109863, 1.839900016784668, 0.0, 0.0, 0.9700000286102295, 6.645500183105469, 7.168700218200684, 7.083499908447266, 6.536600112915039, 6.3557000160217285, 6.627999782562256, 6.255199909210205, 6.3907999992370605, 6.798799991607666, 7.060800075531006, 6.841800212860107, 6.749300003051758, 6.873499870300293, 6.642399787902832, 6.691400051116943, 6.827099800109863, 7.462800025939941, 7.79640007019043, 7.610000133514404, 7.415900230407715, 7.629499912261963, 7.134699821472168, 7.345900058746338, 7.274499893188477, 7.973400115966797, 8.32979965209961, 9.066699981689453, 9.477899551391602, 9.585200309753418, 9.087499618530273, 8.677000045776367, 8.539600372314453, 8.388199806213379, 9.042099952697754, 7.364500045776367, 7.951700210571289, 8.105999946594238, 8.273099899291992, 7.50629997253418, 7.385499954223633, 7.343900203704834, 8.243800163269043, 6.525400161743164, 6.097099781036377, 8.446000099182129, 8.239399909973145, 8.603599548339844, 8.086999893188477, 6.58620023727417, 8.03950023651123, 7.888599872589111, 8.401200294494629, 8.450200080871582, 8.700799942016602, 8.423299789428711, 8.676600456237793, 8.909899711608887, 8.801600456237793, 9.40310001373291, 8.729999542236328, 11.161199569702148, 8.815799713134766, 10.212900161743164, 10.331600189208984, 12.406800270080566, 10.321800231933594, 9.213600158691406, 11.69279956817627, 12.586600303649902, 16.654499053955078, 12.350000381469727, 12.302900314331055, 12.108400344848633, 10.266300201416016, 8.673700332641602, 8.540599822998047, 9.11050033569336, 8.941300392150879, 6.843900203704834, 9.472700119018555, 9.269200325012207]"
