item_id,start,freq,target
T768,2014-12-29,W-SUN,"[9.428199768066406, 11.108099937438965, 10.922800064086914, 10.671600341796875, 10.804900169372559, 11.506600379943848, 10.952099800109863, 11.797300338745117, 10.07979965209961, 11.192099571228027, 11.708100318908691, 11.459699630737305, 11.1072998046875, 10.497400283813477, 11.03689956665039, 10.76930046081543, 10.88659954071045, 11.305100440979004, 12.399900436401367, 11.242899894714355, 10.400199890136719, 11.128100395202637, 11.26449966430664, 11.029199600219727, 11.048800468444824, 11.09000015258789, 10.143600463867188, 11.174500465393066, 11.138500213623047, 11.030900001525879, 10.99940013885498, 10.791099548339844, 10.825599670410156, 10.909700393676758, 10.197400093078613, 10.212599754333496, 11.523599624633789, 10.815799713134766, 10.923600196838379, 10.846199989318848, 11.038999557495117, 9.026100158691406, 11.414600372314453, 10.927300453186035, 11.267399787902832, 11.351699829101562, 10.976300239562988, 9.664199829101562, 10.754899978637695, 11.531399726867676, 11.030599594116211, 8.611800193786621, 9.043100357055664, 10.778300285339355, 10.470999717712402, 10.943499565124512, 10.624799728393555, 11.021400451660156, 10.82699966430664, 10.973899841308594, 11.235600471496582, 10.48639965057373, 10.470499992370605, 10.34000015258789, 10.709799766540527, 10.518400192260742, 10.544599533081055, 10.785599708557129, 10.768600463867188, 10.580100059509277, 10.838299751281738, 10.8233003616333, 11.867799758911133, 10.268600463867188, 11.303500175476074, 10.75100040435791, 10.75, 11.233499526977539, 9.851200103759766, 11.226699829101562, 11.501500129699707, 10.672800064086914, 10.987700462341309, 10.782999992370605, 10.961400032043457, 11.027999877929688, 11.107500076293945, 10.190699577331543, 10.921600341796875, 11.551600456237793, 10.866499900817871, 10.679300308227539, 10.839699745178223, 10.96310043334961, 11.100500106811523, 10.50979995727539]"
