item_id,start,freq,target
T303,2015-01-18 00:00:00,W-SUN,"[4.074100017547607, 3.8053998947143555, 3.7888998985290527, 3.9091999530792236, 3.9026999473571777, 3.5144999027252197, 4.001999855041504, 4.074399948120117, 4.120699882507324, 4.183000087738037, 4.114299774169922, 4.1468000411987305, 4.15369987487793, 4.316999912261963, 4.1381001472473145, 4.112400054931641, 4.236299991607666, 4.082099914550781, 4.219900131225586, 4.248300075531006, 4.282299995422363, 4.3881001472473145, 4.437699794769287, 4.167699813842773, 4.425099849700928, 4.421299934387207, 4.389999866485596, 4.467299938201904, 4.383900165557861, 4.3165998458862305, 4.324900150299072, 4.1528000831604, 4.178100109100342, 4.276700019836426, 4.2870001792907715, 4.270500183105469, 4.183700084686279, 4.223199844360352, 4.249499797821045, 4.116399765014648, 3.9683001041412354, 4.090099811553955, 4.0644001960754395, 4.150599956512451, 3.9047000408172607, 4.012199878692627, 3.9460999965667725, 3.958199977874756, 3.5868000984191895, 3.5053999423980713, 3.766700029373169, 3.7792000770568848, 3.836400032043457, 3.609800100326538, 4.020199775695801, 3.8847999572753906, 4.002600193023682, 3.9969000816345215, 3.491300106048584, 3.6249001026153564, 3.464900016784668, 4.1697001457214355, 4.11329984664917, 4.039700031280518, 4.061399936676025, 4.13070011138916, 4.13730001449585, 4.122499942779541, 4.294600009918213, 4.209799766540527, 4.189700126647949, 4.238399982452393, 4.295199871063232, 4.399499893188477, 4.400000095367432, 4.1305999755859375, 4.286600112915039, 4.299900054931641, 4.128399848937988, 4.3684000968933105, 4.393400192260742, 4.355400085449219, 4.331099987030029, 4.283299922943115, 4.122099876403809, 4.177599906921387, 4.245200157165527, 3.9702999591827393, 4.21750020980835, 4.285600185394287]"
