item_id,start,freq,target
T711,2014-12-29,W-SUN,"[8.174799919128418, 10.361499786376953, 10.210800170898438, 9.893899917602539, 11.516599655151367, 10.427300453186035, 11.049599647521973, 10.351699829101562, 9.656800270080566, 9.401700019836426, 11.100199699401855, 11.050399780273438, 8.786600112915039, 7.299499988555908, 9.821999549865723, 10.423700332641602, 9.496100425720215, 10.728300094604492, 8.01259994506836, 7.894999980926514, 7.356500148773193, 10.327699661254883, 11.661100387573242, 12.43970012664795, 12.315699577331543, 11.685400009155273, 11.409099578857422, 15.022000312805176, 14.921600341796875, 12.168600082397461, 8.82409954071045, 9.088899612426758, 10.173299789428711, 12.227299690246582, 10.431699752807617, 9.09589958190918, 11.88659954071045, 13.393799781799316, 11.038299560546875, 12.097900390625, 12.078399658203125, 10.134499549865723, 9.578499794006348, 9.413900375366211, 8.057700157165527, 8.383700370788574, 7.692599773406982, 7.053400039672852, 8.412199974060059, 8.404199600219727, 7.364500045776367, 5.752900123596191, 7.507199764251709, 8.381099700927734, 8.47130012512207, 8.47089958190918, 7.395999908447266, 9.24370002746582, 9.123000144958496, 12.10319995880127, 10.945599555969238, 9.709500312805176, 8.831999778747559, 11.889900207519531, 9.483200073242188, 10.616900444030762, 7.97130012512207, 10.565699577331543, 13.253800392150879, 12.971400260925293, 12.701700210571289, 11.676199913024902, 14.755200386047363, 12.664400100708008, 10.47819995880127, 8.5447998046875, 10.712599754333496, 11.78950023651123, 8.562800407409668, 12.825699806213379, 11.750100135803223, 11.393199920654297, 10.270600318908691, 9.751099586486816, 12.527899742126465, 12.1673002243042, 14.71560001373291, 12.724800109863281, 13.59220027923584, 13.6358003616333, 12.89490032196045, 10.327899932861328, 12.062899589538574, 12.739500045776367, 11.727700233459473, 12.34160041809082]"
