item_id,start,freq,target
T239,2015-01-11 00:00:00,W-SUN,"[6.389599800109863, 6.206699848175049, 6.996799945831299, 6.754199981689453, 6.378600120544434, 6.689799785614014, 5.909800052642822, 6.774600028991699, 7.029399871826172, 6.772900104522705, 6.826900005340576, 6.093999862670898, 6.845799922943115, 7.16510009765625, 8.222399711608887, 7.218299865722656, 6.918399810791016, 6.840000152587891, 5.853700160980225, 7.081699848175049, 7.248700141906738, 7.253699779510498, 7.24970006942749, 6.735899925231934, 6.317299842834473, 7.127699851989746, 7.099699974060059, 6.967100143432617, 6.5192999839782715, 6.8979997634887695, 7.293099880218506, 7.446700096130371, 9.707300186157227, 6.690800189971924, 8.024800300598145, 7.395100116729736, 7.08459997177124, 6.96619987487793, 6.617199897766113, 6.858399868011475, 7.96019983291626, 8.280400276184082, 7.790500164031982, 7.990799903869629, 7.7042999267578125, 7.282899856567383, 6.021299839019775, 7.851500034332275, 6.787199974060059, 4.257900238037109, 5.174900054931641, 6.490200042724609, 6.7241997718811035, 6.666200160980225, 6.451600074768066, 6.53849983215332, 6.647600173950195, 6.686500072479248, 6.015500068664551, 7.469600200653076, 6.359499931335449, 6.55649995803833, 6.301199913024902, 6.34089994430542, 6.157299995422363, 6.879199981689453, 6.671899795532227, 6.893099784851074, 6.993800163269043, 7.410200119018555, 7.0329999923706055, 6.849800109863281, 7.481500148773193, 7.538599967956543, 7.62939977645874, 7.42140007019043, 6.109600067138672, 7.402900218963623, 7.141900062561035, 6.7393999099731445, 6.195400238037109, 6.972700119018555, 7.0131001472473145, 7.251299858093262, 7.577300071716309, 6.76609992980957, 7.436600208282471, 7.876999855041504, 7.247099876403809, 6.881899833679199]"
