item_id,start,freq,target
T789,2015-02-01 00:00:00,W-SUN,"[9.071100234985352, 7.28879976272583, 8.457900047302246, 7.257599830627441, 9.6274995803833, 9.287400245666504, 9.871399879455566, 9.778400421142578, 10.277700424194336, 10.104599952697754, 9.811699867248535, 7.336999893188477, 9.576899528503418, 10.40719985961914, 9.543399810791016, 10.428500175476074, 9.781900405883789, 9.688899993896484, 10.880399703979492, 10.597900390625, 11.402400016784668, 10.011099815368652, 10.486000061035156, 10.940099716186523, 10.021499633789062, 10.451299667358398, 10.135199546813965, 11.901100158691406, 10.065400123596191, 7.219200134277344, 9.746600151062012, 9.956000328063965, 10.096099853515625, 7.400400161743164, 9.976699829101562, 8.897199630737305, 9.089699745178223, 9.090999603271484, 8.833499908447266, 8.842499732971191, 8.750900268554688, 9.137700080871582, 8.608200073242188, 6.948999881744385, 8.800700187683105, 8.214200019836426, 8.558099746704102, 8.09119987487793, 8.513899803161621, 8.410699844360352, 8.185999870300293, 8.547300338745117, 8.729599952697754, 7.221799850463867, 7.264900207519531, 8.236599922180176, 9.456500053405762, 10.035599708557129, 10.732999801635742, 10.958499908447266, 10.53439998626709, 10.498100280761719, 10.71049976348877, 10.603300094604492, 10.757100105285645, 12.766300201416016, 13.052499771118164, 13.70419979095459, 15.793100357055664, 13.028499603271484, 13.342100143432617, 13.547200202941895, 14.236800193786621, 13.048199653625488, 13.097700119018555, 14.786499977111816, 12.778200149536133, 12.55049991607666, 12.5378999710083, 12.609600067138672, 11.944199562072754, 11.944299697875977, 11.454500198364258, 11.471599578857422, 11.875800132751465, 11.482199668884277, 11.296099662780762, 11.762499809265137, 10.926199913024902, 11.780400276184082]"
