item_id,start,freq,target
T848,2014-12-29,W-SUN,"[6.128300189971924, 7.646599769592285, 9.454400062561035, 8.999199867248535, 10.048600196838379, 10.310600280761719, 9.784899711608887, 9.963500022888184, 9.45479965209961, 9.968099594116211, 10.26550006866455, 9.937000274658203, 10.010299682617188, 9.411600112915039, 9.588600158691406, 10.296899795532227, 10.038700103759766, 10.202799797058105, 10.288100242614746, 10.644100189208984, 9.19909954071045, 10.53849983215332, 10.637499809265137, 10.525400161743164, 10.464699745178223, 10.273500442504883, 8.548600196838379, 10.19480037689209, 10.194299697875977, 10.28339958190918, 10.100099563598633, 10.032699584960938, 10.347999572753906, 10.275699615478516, 10.198699951171875, 9.106499671936035, 10.353799819946289, 10.421099662780762, 10.203100204467773, 10.362799644470215, 9.857999801635742, 10.218899726867676, 10.545499801635742, 10.092000007629395, 10.26609992980957, 10.472000122070312, 9.836000442504883, 8.21030044555664, 10.390800476074219, 10.482999801635742, 9.574399948120117, 5.747799873352051, 7.639200210571289, 10.144800186157227, 9.17590045928955, 10.18910026550293, 10.425999641418457, 9.954500198364258, 10.231900215148926, 9.84589958190918, 9.555999755859375, 8.513799667358398, 9.154500007629395, 9.385000228881836, 9.525699615478516, 9.724300384521484, 9.404199600219727, 9.947799682617188, 10.30109977722168, 10.089200019836426, 10.6274995803833, 10.612199783325195, 10.450300216674805, 9.137700080871582, 10.141500473022461, 9.972200393676758, 10.22070026397705, 10.449700355529785, 8.52560043334961, 9.916299819946289, 10.330400466918945, 10.41100025177002, 10.317999839782715, 10.122599601745605, 10.469400405883789, 10.445799827575684, 10.424300193786621, 9.045999526977539, 10.37600040435791, 10.759699821472168, 10.501199722290039, 8.452500343322754, 10.327799797058105, 10.255000114440918, 10.356200218200684, 9.945899963378906]"
