item_id,start,freq,target
T686,2014-12-29,W-SUN,"[5.393199920654297, 6.764900207519531, 8.786600112915039, 6.368199825286865, 7.435299873352051, 8.477800369262695, 8.173999786376953, 9.445500373840332, 8.581299781799316, 9.797300338745117, 9.561599731445312, 9.648799896240234, 10.25570011138916, 9.388400077819824, 10.100099563598633, 9.774200439453125, 9.771200180053711, 10.121000289916992, 10.42870044708252, 9.871100425720215, 9.187999725341797, 9.846199989318848, 9.87279987335205, 10.431400299072266, 10.071900367736816, 10.535499572753906, 8.495599746704102, 10.526800155639648, 10.53499984741211, 11.228699684143066, 10.557900428771973, 10.588600158691406, 10.95460033416748, 11.367199897766113, 10.971400260925293, 9.911600112915039, 10.884900093078613, 11.548500061035156, 10.636199951171875, 10.572600364685059, 10.281599998474121, 11.111000061035156, 10.833399772644043, 10.025400161743164, 10.475899696350098, 10.380999565124512, 10.214699745178223, 8.701399803161621, 10.00160026550293, 10.101699829101562, 10.852100372314453, 7.236999988555908, 7.536499977111816, 9.345399856567383, 9.370800018310547, 9.611800193786621, 10.276399612426758, 10.138299942016602, 10.20680046081543, 10.735899925231934, 10.5649995803833, 10.064800262451172, 9.864999771118164, 10.66819953918457, 10.624199867248535, 9.893899917602539, 9.842000007629395, 10.854000091552734, 10.692500114440918, 9.304400444030762, 10.47819995880127, 10.713700294494629, 10.367899894714355, 9.883600234985352, 10.594300270080566, 10.656200408935547, 10.371199607849121, 11.822999954223633, 9.002300262451172, 11.097800254821777, 11.385499954223633, 11.16819953918457, 10.840100288391113, 11.099200248718262, 11.335700035095215, 11.064800262451172, 10.850099563598633, 8.869199752807617, 10.673800468444824, 10.668600082397461, 10.579000473022461, 8.147700309753418, 11.326700210571289, 10.801600456237793, 10.503199577331543, 9.279800415039062]"
