item_id,start,freq,target
T200,2014-12-29,W-SUN,"[9.542200088500977, 10.196200370788574, 10.708800315856934, 10.396900177001953, 10.781499862670898, 10.350700378417969, 10.41189956665039, 10.585200309753418, 9.580599784851074, 10.305899620056152, 8.235799789428711, 11.277999877929688, 11.090700149536133, 10.86460018157959, 10.341099739074707, 10.997699737548828, 9.251299858093262, 11.0693998336792, 11.415900230407715, 11.083900451660156, 10.535599708557129, 10.777099609375, 10.799699783325195, 10.686400413513184, 10.928199768066406, 10.503399848937988, 10.026200294494629, 10.286399841308594, 10.559100151062012, 10.53439998626709, 10.573599815368652, 10.35159969329834, 10.385700225830078, 10.80739974975586, 9.760700225830078, 8.093999862670898, 7.47130012512207, 7.629199981689453, 8.607799530029297, 7.712900161743164, 7.089900016784668, 7.5183000564575195, 7.662199974060059, 7.561100006103516, 7.227200031280518, 7.310299873352051, 7.511000156402588, 6.765999794006348, 6.598100185394287, 7.42519998550415, 7.525899887084961, 9.138799667358398, 9.05109977722168, 9.706000328063965, 9.843799591064453, 10.140800476074219, 9.729299545288086, 10.102499961853027, 8.860300064086914, 7.759399890899658, 8.250900268554688, 7.762400150299072, 7.863900184631348, 8.024499893188477, 7.967599868774414, 8.045100212097168, 7.745100021362305, 7.938000202178955, 8.156399726867676, 8.07509994506836, 8.151800155639648, 8.30150032043457, 8.52299976348877, 7.673900127410889, 7.785799980163574, 7.985799789428711, 7.861199855804443, 7.862299919128418, 7.40749979019165, 7.975399971008301, 7.849699974060059, 7.338099956512451, 7.629199981689453, 7.610599994659424, 7.786600112915039, 7.861299991607666, 7.601600170135498, 7.525899887084961, 7.767000198364258, 8.100500106811523, 8.405200004577637, 8.433799743652344, 8.257499694824219, 8.458999633789062, 8.04520034790039, 7.811200141906738]"
