item_id,start,freq,target
T162,2015-01-04 00:00:00,W-SUN,"[[12.894599914550781, 7.191299915313721, 11.752699851989746, 10.05679988861084, 12.443599700927734, 11.421699523925781, 13.59589958190918, 11.777000427246094, 13.815400123596191, 13.416099548339844, 13.020099639892578, 14.14840030670166, 11.920900344848633, 15.243900299072266, 14.130999565124512, 13.23740005493164, 13.00570011138916, 11.841099739074707, 13.56470012664795, 12.409199714660645, 13.623200416564941, 13.660900115966797, 14.298999786376953, 15.197199821472168, 14.832200050354004, 14.212900161743164, 15.19950008392334, 14.221699714660645, 14.191699981689453, 15.315400123596191, 14.05270004272461, 14.738499641418457, 15.777000427246094, 15.429800033569336, 14.612299919128418, 13.773900032043457, 14.134900093078613, 14.185199737548828, 15.305700302124023, 14.308699607849121, 15.041099548339844, 14.323800086975098, 15.43340015411377, 13.52929973602295, 16.07229995727539, 14.295100212097168, 11.02400016784668, 13.569899559020996, 14.796799659729004, 14.662099838256836, 11.513799667358398, 11.118499755859375, 13.099900245666504, 13.149299621582031, 13.639800071716309, 13.367799758911133, 13.41510009765625, 14.233099937438965, 14.125499725341797, 14.776399612426758, 12.925100326538086, 12.39229965209961, 11.657899856567383, 13.943300247192383, 13.242300033569336, 13.078800201416016, 9.91919994354248, 9.281599998474121, 13.665200233459473, 12.77079963684082, 12.82759952545166, 12.102100372314453, 12.321800231933594, 12.07610034942627, 12.40060043334961, 12.47189998626709, 12.974900245666504, 11.777299880981445, 12.337699890136719, 12.304200172424316, 15.17770004272461, 12.393899917602539, 12.172300338745117, 11.971500396728516, 11.983599662780762, 11.363200187683105, 10.044300079345703, 11.742199897766113, 13.17650032043457, 10.6048002243042]]"
