item_id,start,freq,target
T68,2014-12-29,W-SUN,"[6.670599937438965, 10.079099655151367, 8.947500228881836, 8.374799728393555, 8.51360034942627, 8.354999542236328, 9.197999954223633, 9.602299690246582, 8.459600448608398, 8.83489990234375, 8.815699577331543, 8.805000305175781, 9.847000122070312, 8.770600318908691, 8.686599731445312, 9.208100318908691, 9.874699592590332, 9.14900016784668, 8.936300277709961, 10.493200302124023, 8.803199768066406, 9.446599960327148, 10.191499710083008, 10.06350040435791, 9.356499671936035, 8.621000289916992, 8.268899917602539, 9.625100135803223, 9.20259952545166, 8.90369987487793, 9.475000381469727, 8.961899757385254, 8.462599754333496, 9.913200378417969, 8.92199993133545, 8.190799713134766, 9.186300277709961, 9.852700233459473, 8.212499618530273, 9.468799591064453, 8.794400215148926, 9.539999961853027, 8.65779972076416, 9.568900108337402, 9.437000274658203, 10.242199897766113, 10.368900299072266, 7.973499774932861, 9.64900016784668, 10.701800346374512, 9.817099571228027, 6.589600086212158, 5.997099876403809, 7.896699905395508, 8.475899696350098, 8.117199897766113, 8.909000396728516, 9.285699844360352, 8.308500289916992, 9.802800178527832, 9.185199737548828, 8.920100212097168, 9.148200035095215, 8.94909954071045, 9.123200416564941, 8.25790023803711, 8.135499954223633, 10.151100158691406, 9.490699768066406, 10.064299583435059, 9.654000282287598, 10.276900291442871, 10.64330005645752, 10.419899940490723, 10.26609992980957, 11.161800384521484, 9.71049976348877, 9.49590015411377, 8.652600288391113, 9.243800163269043, 9.773300170898438, 8.05459976196289, 9.297900199890137, 9.041999816894531, 9.847800254821777, 9.375300407409668, 9.979299545288086, 7.512899875640869, 9.626099586486816, 10.086899757385254, 9.342399597167969, 9.899800300598145, 8.212200164794922, 8.434200286865234, 9.35830020904541, 8.599300384521484]"
