item_id,start,freq,target
T540,2015-01-04 00:00:00,W-SUN,"[6.3420000076293945, 7.543099880218506, 7.275000095367432, 7.09660005569458, 7.931099891662598, 7.519400119781494, 7.34060001373291, 8.051799774169922, 6.997099876403809, 8.03030014038086, 7.9197001457214355, 7.755000114440918, 7.530399799346924, 7.218100070953369, 7.669000148773193, 7.88070011138916, 7.652400016784668, 8.0378999710083, 7.805799961090088, 8.008700370788574, 7.238999843597412, 8.06879997253418, 8.606399536132812, 7.660900115966797, 7.982100009918213, 7.688799858093262, 6.931099891662598, 7.721399784088135, 7.78980016708374, 7.601099967956543, 8.172499656677246, 7.490600109100342, 7.8805999755859375, 8.087800025939941, 7.1869001388549805, 7.367700099945068, 7.69379997253418, 8.068400382995605, 6.450699806213379, 5.73330020904541, 5.73330020904541, 5.73330020904541, 5.73330020904541, 5.725399971008301, 5.73330020904541, 5.73330020904541, 5.73330020904541, 7.477200031280518, 6.906199932098389, 7.8730998039245605, 6.919300079345703, 6.912700176239014, 7.416200160980225, 7.678400039672852, 7.593699932098389, 7.560299873352051, 6.1803998947143555, 8.43809986114502, 7.3871002197265625, 7.452199935913086, 7.5233001708984375, 8.113699913024902, 7.792099952697754, 7.881100177764893, 7.7281999588012695, 7.8171000480651855, 8.273900032043457, 8.343600273132324, 8.406700134277344, 8.658599853515625, 8.129400253295898, 8.353899955749512, 8.406800270080566, 7.954500198364258, 9.12660026550293, 9.1048002243042, 8.974499702453613, 8.657999992370605, 7.376200199127197, 9.089900016784668, 8.855299949645996, 8.102299690246582, 8.49209976196289, 8.593899726867676, 8.745200157165527, 8.831299781799316, 9.142900466918945, 8.441800117492676, 9.61139965057373, 9.947999954223633]"
