item_id,start,freq,target
T67,2014-12-29,W-SUN,"[10.385899543762207, 11.910599708557129, 9.528599739074707, 9.382100105285645, 9.991100311279297, 9.51710033416748, 9.767999649047852, 10.433600425720215, 9.570599555969238, 10.230999946594238, 10.853500366210938, 10.720000267028809, 11.468099594116211, 10.408599853515625, 10.746100425720215, 10.782600402832031, 10.636899948120117, 10.868499755859375, 10.585399627685547, 11.385199546813965, 10.112299919128418, 10.572500228881836, 10.70989990234375, 11.400699615478516, 11.290599822998047, 10.925800323486328, 9.672200202941895, 10.477700233459473, 10.807700157165527, 10.401800155639648, 10.988800048828125, 11.194899559020996, 11.133999824523926, 11.196900367736816, 10.593400001525879, 10.0068998336792, 10.662300109863281, 11.173800468444824, 10.596199989318848, 11.114999771118164, 10.69849967956543, 11.300299644470215, 11.130599975585938, 9.0201997756958, 10.626500129699707, 10.769599914550781, 9.914400100708008, 9.477499961853027, 9.190500259399414, 10.375, 9.524700164794922, 8.2701997756958, 9.120200157165527, 10.045599937438965, 9.708200454711914, 9.659199714660645, 9.436400413513184, 10.291299819946289, 9.21049976348877, 10.508199691772461, 8.293899536132812, 7.700500011444092, 7.702400207519531, 7.700500011444092, 7.700500011444092, 7.700500011444092, 7.700500011444092, 8.393699645996094, 10.573699951171875, 10.277000427246094, 10.338399887084961, 10.473099708557129, 10.592900276184082, 10.14430046081543, 8.699299812316895, 7.700500011444092, 7.700500011444092, 7.700500011444092, 7.700500011444092, 7.700500011444092, 7.700500011444092, 7.700500011444092, 7.700500011444092, 7.700500011444092, 7.700500011444092, 7.700500011444092, 7.700500011444092, 7.700500011444092, 7.700500011444092, 7.700500011444092, 7.700399875640869, 7.700500011444092, 7.700500011444092, 7.700500011444092, 9.582300186157227, 10.66409969329834]"
