item_id,start,freq,target
T318,2015-01-11 00:00:00,W-SUN,"[9.150699615478516, 9.150699615478516, 9.150699615478516, 9.150699615478516, 9.150699615478516, 9.150699615478516, 8.301799774169922, 9.153599739074707, 9.150699615478516, 9.150699615478516, 9.150699615478516, 9.150699615478516, 8.814900398254395, 9.150699615478516, 9.150699615478516, 9.16349983215332, 16.529300689697266, 17.007600784301758, 14.834699630737305, 17.29669952392578, 16.75040054321289, 19.023000717163086, 19.34239959716797, 18.007699966430664, 14.93019962310791, 17.180500030517578, 16.798099517822266, 14.920700073242188, 15.721599578857422, 16.211599349975586, 13.590499877929688, 10.84749984741211, 18.26110076904297, 14.812700271606445, 9.353400230407715, 10.831500053405762, 9.160799980163574, 17.739200592041016, 15.093199729919434, 16.494400024414062, 16.177600860595703, 12.159600257873535, 15.097399711608887, 15.986499786376953, 15.90839958190918, 13.681900024414062, 12.456700325012207, 15.552300453186035, 14.269700050354004, 12.883500099182129, 12.65999984741211, 14.630599975585938, 13.91919994354248, 14.295999526977539, 14.93850040435791, 15.744400024414062, 12.076199531555176, 13.000699996948242, 14.010100364685059, 13.14229965209961, 15.876199722290039, 14.01039981842041, 16.369199752807617, 15.772299766540527, 15.390999794006348, 15.29010009765625, 16.211299896240234, 16.41200065612793, 16.74410057067871, 18.953100204467773, 17.6018009185791, 16.04840087890625, 17.358600616455078, 17.462099075317383, 17.180500030517578, 16.8257999420166, 14.684499740600586, 16.92609977722168, 16.823400497436523, 16.354400634765625, 17.249399185180664, 17.7189998626709, 17.430200576782227, 17.391000747680664, 17.591800689697266, 16.277599334716797, 16.448699951171875, 18.08839988708496, 17.191999435424805, 16.100799560546875]"
