item_id,start,freq,target
T269,2014-12-29,W-SUN,"[5.276700019836426, 6.399499893188477, 8.246600151062012, 7.585999965667725, 8.764699935913086, 8.62909984588623, 8.57349967956543, 8.546799659729004, 8.034000396728516, 8.597800254821777, 8.588399887084961, 8.616000175476074, 8.941300392150879, 8.456000328063965, 8.926799774169922, 8.923500061035156, 8.862799644470215, 9.080499649047852, 9.032400131225586, 9.47439956665039, 8.156700134277344, 9.353699684143066, 9.735400199890137, 8.745100021362305, 9.354299545288086, 9.54740047454834, 7.497300148010254, 9.77810001373291, 9.339200019836426, 9.236700057983398, 8.696599960327148, 9.253800392150879, 8.761199951171875, 9.167900085449219, 8.759400367736816, 8.483799934387207, 9.447999954223633, 9.125800132751465, 8.854299545288086, 9.704299926757812, 7.235099792480469, 7.826099872589111, 9.020400047302246, 8.792200088500977, 8.975799560546875, 8.61400032043457, 7.999199867248535, 6.671500205993652, 7.094799995422363, 8.391200065612793, 7.748799800872803, 6.292200088500977, 7.233799934387207, 8.467399597167969, 7.93209981918335, 8.005800247192383, 8.97819995880127, 8.591099739074707, 8.449999809265137, 8.784099578857422, 8.532600402832031, 8.568599700927734, 8.26550006866455, 8.656800270080566, 8.630499839782715, 8.638999938964844, 8.193300247192383, 8.256099700927734, 8.541500091552734, 8.755000114440918, 8.550700187683105, 9.20359992980957, 9.312100410461426, 8.294099807739258, 8.990400314331055, 8.830300331115723, 8.917900085449219, 9.107000350952148, 7.258900165557861, 8.746500015258789, 9.247900009155273, 9.03499984741211, 8.81719970703125, 8.45419979095459, 8.967900276184082, 9.491000175476074, 8.722700119018555, 8.102299690246582, 9.545599937438965, 6.396500110626221, 9.50790023803711, 6.366199970245361, 7.179299831390381, 8.826199531555176, 11.499099731445312, 10.202400207519531]"
