item_id,start,freq,target
T226,2014-12-29,W-SUN,"[11.057600021362305, 14.748499870300293, 9.116399765014648, 10.755900382995605, 16.191999435424805, 15.139900207519531, 15.354700088500977, 14.657999992370605, 14.289199829101562, 14.572999954223633, 14.374600410461426, 14.896499633789062, 15.517600059509277, 14.541199684143066, 14.992600440979004, 14.863200187683105, 14.61520004272461, 14.294599533081055, 14.184900283813477, 14.33489990234375, 12.705100059509277, 14.854100227355957, 14.803999900817871, 15.61050033569336, 15.197099685668945, 14.818400382995605, 7.585999965667725, 10.778400421142578, 12.69789981842041, 12.318699836730957, 9.204500198364258, 8.706899642944336, 8.952799797058105, 10.408599853515625, 8.347000122070312, 9.349800109863281, 9.644599914550781, 10.323599815368652, 8.76830005645752, 10.503600120544434, 9.218000411987305, 11.064299583435059, 9.887700080871582, 11.064900398254395, 11.652600288391113, 13.23840045928955, 10.733400344848633, 7.586699962615967, 8.972299575805664, 11.362099647521973, 11.350000381469727, 5.882500171661377, 7.502399921417236, 10.483799934387207, 8.599800109863281, 10.083499908447266, 10.11769962310791, 9.628800392150879, 7.580999851226807, 8.834799766540527, 9.623499870300293, 11.327199935913086, 10.007200241088867, 11.963600158691406, 10.682700157165527, 11.28339958190918, 9.497300148010254, 13.13379955291748, 11.986000061035156, 10.94159984588623, 10.577199935913086, 11.452500343322754, 11.662799835205078, 11.013899803161621, 12.415900230407715, 11.128899574279785, 14.382200241088867, 13.622400283813477, 11.668700218200684, 12.162099838256836, 13.20110034942627, 10.866600036621094, 11.064399719238281, 9.899700164794922, 10.378600120544434, 11.338000297546387, 11.787400245666504, 10.363100051879883, 12.349699974060059, 11.866800308227539, 13.243000030517578, 12.960000038146973, 12.198399543762207, 11.288900375366211, 12.003499984741211, 12.818699836730957]"
