item_id,start,freq,target
T472,2015-01-04 00:00:00,W-SUN,"[[12.361599922180176, 10.570300102233887, 11.016799926757812, 12.199399948120117, 12.33899974822998, 11.36400032043457, 11.94950008392334, 10.72920036315918, 12.320599555969238, 12.914199829101562, 12.528800010681152, 13.01710033416748, 12.086899757385254, 12.408300399780273, 12.5802001953125, 11.206399917602539, 12.827099800109863, 12.788200378417969, 13.629500389099121, 12.27079963684082, 12.951000213623047, 13.033300399780273, 13.459199905395508, 13.382499694824219, 13.09179973602295, 11.972000122070312, 13.641900062561035, 12.919300079345703, 12.586199760437012, 13.152299880981445, 13.184800148010254, 12.468999862670898, 13.395700454711914, 12.32349967956543, 12.444499969482422, 13.07800006866455, 13.081000328063965, 11.319600105285645, 13.08810043334961, 12.38290023803711, 13.505599975585938, 12.990300178527832, 13.090999603271484, 13.277199745178223, 14.091099739074707, 13.367300033569336, 12.005000114440918, 11.547699928283691, 13.453300476074219, 13.288999557495117, 11.112899780273438, 11.188300132751465, 12.568900108337402, 12.375800132751465, 11.848699569702148, 11.878000259399414, 13.300800323486328, 11.438599586486816, 12.688599586486816, 12.208999633789062, 12.408100128173828, 12.767600059509277, 12.463399887084961, 13.238499641418457, 12.388799667358398, 12.544699668884277, 13.246500015258789, 13.685600280761719, 13.192999839782715, 12.998299598693848, 13.562800407409668, 13.745100021362305, 13.224900245666504, 14.092300415039062, 14.346500396728516, 13.592100143432617, 14.345800399780273, 12.169699668884277, 14.211700439453125, 13.86970043182373, 12.661600112915039, 13.027999877929688, 13.296899795532227, 12.86340045928955, 13.422300338745117, 13.483400344848633, 11.951499938964844, 12.79889965057373, 13.402700424194336, 13.555299758911133]]"
