item_id,start,freq,target
T2,2014-12-29,W-SUN,"[4.941100120544434, 8.61520004272461, 7.668600082397461, 7.185500144958496, 7.8206000328063965, 8.249199867248535, 7.443900108337402, 8.177200317382812, 8.186599731445312, 7.817800045013428, 7.894000053405762, 8.151200294494629, 7.597300052642822, 6.6859002113342285, 8.811300277709961, 7.959099769592285, 8.127699851989746, 8.152799606323242, 7.558599948883057, 7.646900177001953, 6.71999979019165, 8.52869987487793, 9.07759952545166, 7.845300197601318, 8.805100440979004, 8.583000183105469, 6.5279998779296875, 8.839900016784668, 8.538599967956543, 9.400799751281738, 7.809000015258789, 7.23799991607666, 7.631100177764893, 8.203100204467773, 8.050700187683105, 7.406899929046631, 8.59000015258789, 9.193699836730957, 8.17710018157959, 8.181099891662598, 7.949999809265137, 9.387999534606934, 9.055500030517578, 9.206299781799316, 8.812399864196777, 8.53219985961914, 7.265699863433838, 6.207699775695801, 6.774199962615967, 6.947800159454346, 6.746699810028076, 5.234099864959717, 5.865600109100342, 7.168799877166748, 7.142399787902832, 7.17519998550415, 7.9004998207092285, 7.332099914550781, 7.46560001373291, 7.640699863433838, 7.989200115203857, 7.328100204467773, 6.965799808502197, 7.8765997886657715, 6.806300163269043, 7.6184000968933105, 7.05019998550415, 7.908400058746338, 7.911600112915039, 7.852399826049805, 7.7530999183654785, 8.016400337219238, 7.591800212860107, 7.303100109100342, 7.396500110626221, 8.25409984588623, 8.556699752807617, 7.812099933624268, 6.532800197601318, 8.718600273132324, 8.478899955749512, 8.028300285339355, 8.204899787902832, 7.052999973297119, 8.125900268554688, 7.258800029754639, 7.996600151062012, 7.156799793243408, 9.09630012512207, 7.967700004577637, 9.20300006866455, 7.684999942779541, 7.63040018081665, 7.6230998039245605, 7.733099937438965, 7.163300037384033]"
