item_id,start,freq,target
T543,2014-12-29,W-SUN,"[6.626800060272217, 7.923399925231934, 7.684700012207031, 7.216899871826172, 8.43179988861084, 8.021599769592285, 7.1290998458862305, 8.122099876403809, 7.276599884033203, 8.4443998336792, 8.000200271606445, 6.7230000495910645, 6.282100200653076, 5.889599800109863, 6.51800012588501, 6.864799976348877, 6.478600025177002, 7.058700084686279, 6.617700099945068, 6.753699779510498, 6.104400157928467, 7.002200126647949, 7.803999900817871, 6.555500030517578, 7.044300079345703, 6.4542999267578125, 5.682499885559082, 6.581699848175049, 6.630199909210205, 6.3140997886657715, 6.970200061798096, 6.292600154876709, 6.678699970245361, 7.0767998695373535, 6.17080020904541, 5.414299964904785, 5.4217000007629395, 5.469900131225586, 6.009099960327148, 5.4375, 5.4257001876831055, 5.367800235748291, 5.351799964904785, 5.339300155639648, 5.361800193786621, 5.355400085449219, 5.423799991607666, 5.211699962615967, 5.310100078582764, 5.437399864196777, 5.451200008392334, 5.193900108337402, 5.081999778747559, 5.4004998207092285, 6.675600051879883, 6.334400177001953, 4.414299964904785, 5.445799827575684, 5.641900062561035, 5.45989990234375, 6.482800006866455, 6.899899959564209, 6.290500164031982, 6.577700138092041, 6.309800148010254, 6.436800003051758, 7.0903000831604, 7.22760009765625, 7.257699966430664, 7.527500152587891, 7.031400203704834, 7.355299949645996, 7.217299938201904, 6.796899795532227, 8.019100189208984, 7.79449987411499, 7.621200084686279, 7.377299785614014, 5.90310001373291, 7.592899799346924, 7.648799896240234, 6.536399841308594, 6.958700180053711, 7.180500030517578, 7.212600231170654, 7.367599964141846, 7.963200092315674, 7.314300060272217, 8.312100410461426, 8.759499549865723, 8.131400108337402, 8.670000076293945, 7.91540002822876, 7.860499858856201, 8.383500099182129, 7.499300003051758]"
