item_id,start,freq,target
T139,2015-02-08 00:00:00,W-SUN,"[15.963000297546387, 16.50279998779297, 15.420900344848633, 17.542400360107422, 17.06909942626953, 17.25670051574707, 16.880599975585938, 14.895999908447266, 17.27560043334961, 17.81049919128418, 17.37179946899414, 16.850799560546875, 17.132400512695312, 16.746599197387695, 16.577999114990234, 16.70560073852539, 17.25749969482422, 17.534700393676758, 16.750499725341797, 17.08099937438965, 14.778300285339355, 16.947399139404297, 17.18400001525879, 17.250699996948242, 16.785200119018555, 16.705900192260742, 17.13170051574707, 18.114500045776367, 16.856199264526367, 16.375900268554688, 18.178600311279297, 17.78569984436035, 16.690900802612305, 17.212299346923828, 17.01059913635254, 17.114299774169922, 17.562000274658203, 17.30470085144043, 16.67970085144043, 17.308799743652344, 17.31529998779297, 13.785099983215332, 16.68630027770996, 18.58060073852539, 18.896499633789062, 11.751799583435059, 12.20199966430664, 15.560500144958496, 16.058799743652344, 16.407800674438477, 16.278799057006836, 16.228200912475586, 15.967499732971191, 16.218799591064453, 16.588699340820312, 16.164400100708008, 16.492799758911133, 15.973799705505371, 16.263099670410156, 16.04509925842285, 16.230199813842773, 16.90570068359375, 16.572200775146484, 16.293500900268555, 16.78569984436035, 17.227800369262695, 18.09670066833496, 15.798100471496582, 17.703399658203125, 18.41119956970215, 14.899700164794922, 15.048100471496582, 13.604499816894531, 17.315099716186523, 13.124899864196777, 12.261300086975098, 11.200200080871582, 10.94279956817627, 9.31820011138916, 8.57129955291748, 10.179300308227539, 9.453200340270996, 10.195300102233887, 11.643699645996094, 14.814200401306152, 12.750200271606445, 11.262499809265137, 11.456100463867188, 11.279800415039062, 11.683799743652344]"
