item_id,start,freq,target
T751,2014-12-29,W-SUN,"[2.115000009536743, 2.29830002784729, 2.6198999881744385, 2.445199966430664, 2.763000011444092, 2.6770999431610107, 2.726799964904785, 2.893899917602539, 2.4863998889923096, 2.8812999725341797, 2.930000066757202, 2.908400058746338, 2.869999885559082, 2.7843000888824463, 2.9618000984191895, 3.0550999641418457, 2.932499885559082, 3.04229998588562, 3.016900062561035, 3.036099910736084, 2.99780011177063, 3.003000020980835, 2.869999885559082, 2.872299909591675, 2.941499948501587, 2.8310000896453857, 2.7923998832702637, 2.8417999744415283, 2.9423000812530518, 2.8912999629974365, 2.911400079727173, 2.898699998855591, 2.9058001041412354, 3.6668999195098877, 3.9049999713897705, 4.985899925231934, 5.228400230407715, 5.204100131988525, 4.377099990844727, 5.611999988555908, 4.922900199890137, 5.032400131225586, 5.008399963378906, 4.5096001625061035, 2.310499906539917, 4.899899959564209, 4.848700046539307, 3.800299882888794, 3.723400115966797, 4.43179988861084, 2.6015000343322754, 2.2839999198913574, 2.1603000164031982, 2.504300117492676, 2.5931999683380127, 2.6142001152038574, 2.6944000720977783, 2.749500036239624, 2.7486000061035156, 2.815999984741211, 2.77020001411438, 2.716200113296509, 2.67930006980896, 2.765899896621704, 2.830399990081787, 2.836699962615967, 2.85479998588562, 3.053299903869629, 3.228300094604492, 3.127000093460083, 3.142400026321411, 3.083899974822998, 3.039799928665161, 2.9470999240875244, 2.941499948501587, 2.9918999671936035, 2.9532999992370605, 2.898099899291992, 2.8684000968933105, 2.93530011177063, 3.022200107574463, 2.9340999126434326, 2.9616000652313232, 2.974299907684326, 2.8743999004364014, 2.8907999992370605, 2.876300096511841, 2.7985999584198, 2.8893001079559326, 2.9788999557495117, 3.053800106048584, 2.4031999111175537, 3.0034000873565674, 2.7760000228881836, 2.904400110244751, 2.5504000186920166]"
