item_id,start,freq,target
T283,2015-01-04 00:00:00,W-SUN,"[[3.3808000087738037, 3.8987998962402344, 2.9007999897003174, 2.6287999153137207, 2.700500011444092, 2.4925999641418457, 2.9121999740600586, 3.033400058746338, 2.4744999408721924, 2.519399881362915, 2.796099901199341, 3.094399929046631, 3.2967000007629395, 3.4017999172210693, 5.680600166320801, 2.928800106048584, 2.5933001041412354, 9.977700233459473, 2.917099952697754, 7.0218000411987305, 4.088900089263916, 5.873300075531006, 4.8582000732421875, 6.688600063323975, 3.3645999431610107, 3.889899969100952, 3.889899969100952, 3.889899969100952, 3.889899969100952, 3.889899969100952, 3.842900037765503, 4.426000118255615, 2.9704999923706055, 4.526000022888184, 5.633900165557861, 4.745999813079834, 7.171899795532227, 4.488900184631348, 4.252900123596191, 3.3529000282287598, 4.944300174713135, 3.920799970626831, 3.859600067138672, 3.257200002670288, 3.889899969100952, 3.889899969100952, 3.6415998935699463, 3.808199882507324, 3.808199882507324, 3.808199882507324, 3.808199882507324, 4.05649995803833, 3.889899969100952, 3.889899969100952, 3.889899969100952, 3.889899969100952, 3.889899969100952, 3.889899969100952, 3.889899969100952, 3.889899969100952, 3.889899969100952, 3.891200065612793, 3.889899969100952, 3.889899969100952, 3.889899969100952, 3.889899969100952, 3.889899969100952, 3.889899969100952, 3.889899969100952, 3.889899969100952, 3.889899969100952, 3.889899969100952, 3.889899969100952, 3.889899969100952, 3.889899969100952, 3.889899969100952, 3.889899969100952, 3.889899969100952, 3.889899969100952, 3.889899969100952, 3.889899969100952, 3.889899969100952, 3.889899969100952, 3.889899969100952, 3.889899969100952, 3.889899969100952, 3.889899969100952, 3.889899969100952, 3.889899969100952, 3.889899969100952]]"
