item_id,start,freq,target
T244,2014-12-29,W-SUN,"[9.106200218200684, 12.04889965057373, 9.188899993896484, 10.821100234985352, 8.958999633789062, 9.123200416564941, 8.610600471496582, 8.51669979095459, 7.216300010681152, 7.7027997970581055, 12.754899978637695, 12.52079963684082, 12.036600112915039, 12.0246000289917, 12.867600440979004, 12.899399757385254, 12.46090030670166, 12.907899856567383, 12.831500053405762, 12.446100234985352, 11.836999893188477, 13.709500312805176, 13.129899978637695, 12.603500366210938, 13.09000015258789, 12.880499839782715, 12.025199890136719, 12.770899772644043, 12.640800476074219, 12.295700073242188, 12.97070026397705, 13.054699897766113, 11.237799644470215, 13.557499885559082, 13.141400337219238, 12.486599922180176, 13.48449993133545, 13.09220027923584, 10.791899681091309, 13.121899604797363, 12.641400337219238, 11.016200065612793, 12.93910026550293, 13.307000160217285, 12.626399993896484, 13.217499732971191, 12.563899993896484, 11.771200180053711, 11.705599784851074, 13.067700386047363, 12.259499549865723, 11.060799598693848, 11.040599822998047, 12.112500190734863, 12.197699546813965, 11.934700012207031, 13.16759967803955, 12.739299774169922, 10.077699661254883, 11.926799774169922, 12.458100318908691, 12.060400009155273, 8.218099594116211, 8.305500030517578, 9.120499610900879, 9.036100387573242, 9.131099700927734, 9.236599922180176, 9.19729995727539, 9.354700088500977, 9.289199829101562, 7.38640022277832, 9.24489974975586, 8.660799980163574, 9.260000228881836, 9.203700065612793, 9.325499534606934, 9.472599983215332, 8.680800437927246, 9.279800415039062, 8.423600196838379, 8.254899978637695, 8.174599647521973, 9.558899879455566, 9.701700210571289, 9.560199737548828, 9.56820011138916, 8.13379955291748, 9.277600288391113, 9.735199928283691, 9.383500099182129, 9.669899940490723, 9.538599967956543, 9.01669979095459, 9.519599914550781, 9.111100196838379]"
