item_id,start,freq,target
T212,2014-12-29,W-SUN,"[9.331600189208984, 10.725000381469727, 6.585899829864502, 10.716400146484375, 12.558699607849121, 12.16510009765625, 10.564299583435059, 12.366600036621094, 10.893500328063965, 13.395700454711914, 12.718400001525879, 12.555899620056152, 12.879899978637695, 11.679800033569336, 13.286399841308594, 13.420599937438965, 12.96660041809082, 12.46310043334961, 12.864999771118164, 12.119799613952637, 11.877099990844727, 10.608699798583984, 10.454999923706055, 11.458700180053711, 11.723999977111816, 11.40250015258789, 10.749699592590332, 11.438799858093262, 11.64900016784668, 11.35219955444336, 11.400400161743164, 11.557900428771973, 11.468899726867676, 11.821399688720703, 12.262700080871582, 11.56309986114502, 12.276100158691406, 12.303299903869629, 12.11769962310791, 12.507399559020996, 11.7746000289917, 12.71030044555664, 12.461999893188477, 12.709099769592285, 11.58329963684082, 12.718799591064453, 12.371000289916992, 10.248200416564941, 12.168499946594238, 12.310700416564941, 11.921199798583984, 9.828100204467773, 10.216699600219727, 11.645400047302246, 10.968500137329102, 12.309399604797363, 12.40429973602295, 12.07289981842041, 12.52340030670166, 12.738100051879883, 12.817000389099121, 12.062999725341797, 12.204899787902832, 11.101400375366211, 15.841300010681152, 14.027400016784668, 13.750900268554688, 13.315699577331543, 13.057299613952637, 14.417200088500977, 11.808500289916992, 11.262499809265137, 11.719300270080566, 11.1003999710083, 11.139599800109863, 11.637800216674805, 11.29990005493164, 11.518400192260742, 10.889699935913086, 11.002799987792969, 11.844900131225586, 10.99530029296875, 10.520500183105469, 11.001799583435059, 12.17609977722168, 13.06659984588623, 14.760600090026855, 13.324600219726562, 14.86400032043457, 14.61870002746582, 14.85770034790039, 14.00879955291748, 14.33240032196045, 13.182499885559082, 13.86299991607666, 13.902199745178223]"
