item_id,start,freq,target
T242,2014-12-29,W-SUN,"[5.755199909210205, 7.389500141143799, 6.089000225067139, 7.131700038909912, 7.949699878692627, 7.494800090789795, 6.77239990234375, 7.263400077819824, 6.6757001876831055, 7.919400215148926, 7.719399929046631, 8.23270034790039, 7.470600128173828, 7.23859977722168, 7.19350004196167, 7.563499927520752, 8.088199615478516, 7.931600093841553, 7.878900051116943, 7.749100208282471, 7.668499946594238, 7.539899826049805, 8.456500053405762, 7.081299781799316, 7.373000144958496, 7.096099853515625, 6.55210018157959, 7.180200099945068, 6.99970006942749, 6.8480000495910645, 7.047900199890137, 7.309599876403809, 6.221799850463867, 8.554100036621094, 8.708100318908691, 8.239100456237793, 9.332799911499023, 8.998800277709961, 7.01039981842041, 8.607999801635742, 8.243300437927246, 8.533499717712402, 8.414999961853027, 9.293899536132812, 8.001399993896484, 8.378199577331543, 8.009900093078613, 7.115300178527832, 7.0559000968933105, 8.684700012207031, 6.476500034332275, 5.359499931335449, 7.102200031280518, 7.56790018081665, 7.691400051116943, 7.935100078582764, 8.089300155639648, 8.114899635314941, 8.097299575805664, 8.093500137329102, 9.416399955749512, 9.688300132751465, 7.73390007019043, 8.496199607849121, 8.044699668884277, 8.753700256347656, 7.445799827575684, 8.419400215148926, 8.773500442504883, 9.632200241088867, 9.871399879455566, 10.29170036315918, 9.640800476074219, 8.877099990844727, 9.614800453186035, 8.13949966430664, 7.963699817657471, 8.249099731445312, 7.0208001136779785, 8.373000144958496, 7.344600200653076, 6.972700119018555, 6.9822998046875, 7.0121002197265625, 8.499899864196777, 9.24530029296875, 10.239299774169922, 9.0, 10.192099571228027, 10.742300033569336, 11.406999588012695, 10.040800094604492, 9.730600357055664, 12.651399612426758, 10.10509967803955, 9.480199813842773]"
