item_id,start,freq,target
T784,2014-12-29,W-SUN,"[9.37600040435791, 12.297699928283691, 11.534199714660645, 10.878499984741211, 11.203399658203125, 11.788900375366211, 11.678199768066406, 11.451800346374512, 11.339099884033203, 13.305100440979004, 13.347000122070312, 12.819600105285645, 12.421600341796875, 12.399999618530273, 13.22070026397705, 12.852800369262695, 12.325400352478027, 13.881199836730957, 12.74470043182373, 12.737600326538086, 11.648300170898438, 11.626999855041504, 13.613499641418457, 13.896300315856934, 13.360799789428711, 13.693599700927734, 12.53969955444336, 14.214200019836426, 13.584099769592285, 13.37339973449707, 13.962599754333496, 13.173199653625488, 13.556099891662598, 13.769700050354004, 12.923100471496582, 13.184499740600586, 14.011500358581543, 14.308799743652344, 11.460599899291992, 13.995599746704102, 13.415900230407715, 14.09280014038086, 14.41919994354248, 15.187999725341797, 15.139300346374512, 17.260400772094727, 16.172000885009766, 12.69379997253418, 13.321700096130371, 15.0378999710083, 14.628800392150879, 10.404999732971191, 11.396300315856934, 13.370599746704102, 14.274399757385254, 14.15470027923584, 12.876799583435059, 14.190799713134766, 14.084099769592285, 14.637100219726562, 14.762499809265137, 14.177900314331055, 12.767000198364258, 13.88379955291748, 13.920999526977539, 14.613100051879883, 14.145899772644043, 14.020299911499023, 14.948200225830078, 14.746399879455566, 13.87969970703125, 14.638400077819824, 14.785599708557129, 14.18179988861084, 14.636799812316895, 14.937199592590332, 15.592000007629395, 14.774900436401367, 13.339900016784668, 14.57509994506836, 14.75979995727539, 16.381200790405273, 13.983099937438965, 15.852700233459473, 15.053299903869629, 15.041299819946289, 15.083000183105469, 14.640999794006348, 15.269200325012207, 15.614299774169922, 16.06399917602539, 14.728300094604492, 14.807100296020508, 14.344400405883789, 16.429000854492188, 15.197400093078613]"
