item_id,start,freq,target
T56,2014-12-29,W-SUN,"[18.939899444580078, 23.590099334716797, 22.454500198364258, 20.502700805664062, 20.870399475097656, 21.299100875854492, 22.604900360107422, 22.608699798583984, 18.71430015563965, 22.163799285888672, 23.12849998474121, 24.33769989013672, 24.46540069580078, 22.85919952392578, 23.311399459838867, 23.86359977722168, 23.383100509643555, 24.303499221801758, 25.81920051574707, 25.022199630737305, 23.15239906311035, 22.97610092163086, 24.814699172973633, 25.600099563598633, 24.169099807739258, 24.981700897216797, 20.233999252319336, 25.813100814819336, 26.32900047302246, 23.92569923400879, 24.135799407958984, 25.813499450683594, 23.624300003051758, 23.96649932861328, 24.926700592041016, 17.269899368286133, 20.166000366210938, 26.354000091552734, 20.257400512695312, 18.096799850463867, 18.729299545288086, 18.411100387573242, 18.614500045776367, 17.89550018310547, 18.629899978637695, 18.592199325561523, 18.976200103759766, 11.985600471496582, 13.343400001525879, 19.55229949951172, 20.37350082397461, 13.955900192260742, 13.496000289916992, 16.12310028076172, 16.895200729370117, 16.212600708007812, 17.69499969482422, 17.189199447631836, 14.774299621582031, 18.453500747680664, 16.332500457763672, 17.694900512695312, 19.31279945373535, 18.293100357055664, 17.722400665283203, 16.91029930114746, 18.035499572753906, 17.759000778198242, 18.58970069885254, 17.618200302124023, 18.48150062561035, 19.35759925842285, 18.862499237060547, 18.78849983215332, 24.764400482177734, 27.848400115966797, 27.04290008544922, 25.46940040588379, 21.906600952148438, 26.32379913330078, 28.680099487304688, 25.563199996948242, 28.5625, 25.709800720214844, 27.25200080871582, 25.239200592041016, 24.570499420166016, 24.486400604248047, 25.538799285888672, 26.864599227905273, 19.65169906616211, 25.546499252319336, 25.45210075378418, 20.85689926147461, 22.846599578857422, 17.901599884033203]"
