item_id,start,freq,target
T59,2014-12-29,W-SUN,"[8.485699653625488, 9.275500297546387, 9.535900115966797, 9.39799976348877, 10.607500076293945, 9.865099906921387, 10.208700180053711, 11.58489990234375, 9.871600151062012, 10.035499572753906, 10.464699745178223, 10.340800285339355, 10.419699668884277, 10.035099983215332, 9.939399719238281, 9.805299758911133, 10.243000030517578, 10.357600212097168, 11.24470043182373, 10.474499702453613, 9.969799995422363, 10.468600273132324, 11.001299858093262, 11.030799865722656, 9.997099876403809, 10.281499862670898, 8.713800430297852, 9.741800308227539, 9.870599746704102, 10.185400009155273, 10.977800369262695, 9.91670036315918, 11.237700462341309, 11.071399688720703, 9.81779956817627, 9.328399658203125, 10.61299991607666, 11.222800254821777, 10.138199806213379, 10.992199897766113, 11.752099990844727, 11.542499542236328, 10.729599952697754, 11.428500175476074, 11.031000137329102, 11.043100357055664, 11.531900405883789, 9.508299827575684, 11.058899879455566, 11.655500411987305, 11.950400352478027, 7.344399929046631, 7.412399768829346, 9.239399909973145, 10.101200103759766, 11.046199798583984, 10.323699951171875, 10.954400062561035, 10.318400382995605, 11.345000267028809, 11.201899528503418, 10.736599922180176, 10.162599563598633, 9.283499717712402, 10.090200424194336, 10.824399948120117, 11.155599594116211, 11.739100456237793, 11.092100143432617, 11.48270034790039, 11.55150032043457, 11.983400344848633, 10.799200057983398, 10.35200023651123, 11.345600128173828, 11.66569995880127, 10.702300071716309, 10.409099578857422, 9.085599899291992, 10.369000434875488, 11.081199645996094, 11.182499885559082, 11.419300079345703, 11.208499908447266, 11.222800254821777, 11.254300117492676, 11.105899810791016, 10.5556001663208, 11.455699920654297, 12.043999671936035, 11.312899589538574, 10.06879997253418, 11.830499649047852, 10.842499732971191, 11.761099815368652, 9.768799781799316]"
