item_id,start,freq,target
T104,2014-12-29,W-SUN,"[5.801000118255615, 6.639599800109863, 5.039100170135498, 7.049499988555908, 7.531700134277344, 7.223400115966797, 7.2754998207092285, 7.702700138092041, 6.868000030517578, 7.804599761962891, 8.229700088500977, 8.205499649047852, 7.865499973297119, 7.926799774169922, 8.282899856567383, 8.148099899291992, 8.214099884033203, 8.043000221252441, 8.990599632263184, 8.36400032043457, 7.832600116729736, 8.19950008392334, 8.19260025024414, 8.210700035095215, 8.33240032196045, 8.07229995727539, 7.4608001708984375, 8.14680004119873, 8.250499725341797, 7.9770002365112305, 8.181500434875488, 8.316200256347656, 7.903500080108643, 6.976500034332275, 8.495499610900879, 7.8429999351501465, 8.013899803161621, 8.152899742126465, 8.22439956665039, 7.9730000495910645, 7.704400062561035, 7.979599952697754, 8.022600173950195, 8.021900177001953, 7.689000129699707, 8.11769962310791, 8.022000312805176, 6.826900005340576, 7.6894001960754395, 8.061800003051758, 8.202500343322754, 6.733799934387207, 6.345099925994873, 7.469699859619141, 7.365699768066406, 7.3557000160217285, 7.690499782562256, 7.8277997970581055, 7.707200050354004, 8.169599533081055, 7.964099884033203, 7.339600086212158, 7.578400135040283, 7.605999946594238, 8.126899719238281, 7.894700050354004, 7.908699989318848, 8.100099563598633, 8.093500137329102, 8.005200386047363, 7.9232001304626465, 8.045599937438965, 7.950900077819824, 7.395500183105469, 8.321000099182129, 8.611599922180176, 8.35099983215332, 8.103400230407715, 7.722599983215332, 9.50469970703125, 8.252699851989746, 8.011500358581543, 8.182999610900879, 8.40939998626709, 8.1072998046875, 8.181400299072266, 8.071100234985352, 7.5258002281188965, 8.079700469970703, 8.27810001373291, 8.030500411987305, 7.876100063323975, 8.05840015411377, 8.011899948120117, 8.249600410461426, 7.998199939727783]"
