item_id,start,freq,target
T302,2014-12-29,W-SUN,"[5.46750020980835, 6.036200046539307, 10.286499977111816, 8.31350040435791, 10.45110034942627, 8.868900299072266, 8.851099967956543, 8.515700340270996, 5.555099964141846, 6.740699768066406, 7.002200126647949, 6.747600078582764, 6.8730998039245605, 6.500500202178955, 6.276700019836426, 6.0218000411987305, 6.262899875640869, 9.3100004196167, 7.202300071716309, 6.325699806213379, 6.112400054931641, 6.77209997177124, 7.436100006103516, 6.236599922180176, 6.078000068664551, 6.081299781799316, 5.700900077819824, 6.080699920654297, 6.030600070953369, 5.498000144958496, 6.968800067901611, 6.049499988555908, 5.944799900054932, 6.279200077056885, 6.071599960327148, 5.791900157928467, 6.296299934387207, 6.38539981842041, 5.940400123596191, 11.7947998046875, 7.311999797821045, 14.4399995803833, 11.498299598693848, 12.691699981689453, 7.1930999755859375, 7.853099822998047, 7.255199909210205, 6.150300025939941, 7.562399864196777, 8.00160026550293, 6.717700004577637, 5.532599925994873, 5.7382001876831055, 6.74429988861084, 6.63100004196167, 6.950799942016602, 15.1943998336792, 13.749500274658203, 7.359399795532227, 6.868000030517578, 10.165399551391602, 11.90410041809082, 9.120499610900879, 9.421199798583984, 8.943900108337402, 9.04419994354248, 11.866399765014648, 11.472900390625, 11.840399742126465, 11.179499626159668, 10.006600379943848, 8.626099586486816, 8.18280029296875, 8.351200103759766, 8.566100120544434, 8.377400398254395, 8.2052001953125, 8.556400299072266, 7.192699909210205, 8.812800407409668, 8.888799667358398, 8.278400421142578, 8.194700241088867, 8.222299575805664, 8.227399826049805, 8.371800422668457, 7.736100196838379, 7.483500003814697, 8.371399879455566, 8.916600227355957, 9.162500381469727, 5.7866997718811035, 9.417099952697754, 9.243000030517578, 9.824199676513672, 8.973699569702148]"
