item_id,start,freq,target
T513,2014-12-29,W-SUN,"[4.688499927520752, 4.862400054931641, 4.452000141143799, 5.5746002197265625, 4.597099781036377, 4.69890022277832, 4.89300012588501, 4.9105000495910645, 4.023200035095215, 4.406899929046631, 5.146299839019775, 4.787700176239014, 5.019499778747559, 5.240699768066406, 5.405799865722656, 5.188499927520752, 4.916999816894531, 5.422800064086914, 5.2692999839782715, 4.8109002113342285, 4.8354997634887695, 4.7403998374938965, 4.848800182342529, 4.895400047302246, 4.878300189971924, 4.7708001136779785, 4.542200088500977, 4.870200157165527, 5.337800025939941, 4.663000106811523, 4.8242998123168945, 4.772500038146973, 4.2621002197265625, 4.793600082397461, 4.688199996948242, 4.421599864959717, 4.76140022277832, 4.761199951171875, 4.266499996185303, 4.916100025177002, 4.4781999588012695, 4.733099937438965, 4.6529998779296875, 4.705100059509277, 4.678699970245361, 4.7032999992370605, 4.7484002113342285, 4.115799903869629, 4.3242998123168945, 4.98390007019043, 4.537300109863281, 3.982300043106079, 4.197700023651123, 4.703199863433838, 4.7129998207092285, 5.021500110626221, 4.721099853515625, 4.751399993896484, 4.253200054168701, 4.451900005340576, 4.584199905395508, 4.7133002281188965, 4.715000152587891, 4.215199947357178, 4.962600231170654, 5.477499961853027, 5.170400142669678, 5.767499923706055, 5.677800178527832, 5.3979997634887695, 5.637599945068359, 5.571899890899658, 8.765700340270996, 9.625200271606445, 9.718799591064453, 8.924699783325195, 9.341300010681152, 8.51200008392334, 8.316100120544434, 6.883999824523926, 9.612899780273438, 8.25629997253418, 8.8725004196167, 9.026200294494629, 5.277699947357178, 4.714900016784668, 4.675099849700928, 6.259099960327148, 7.851900100708008, 7.3343000411987305, 6.769000053405762, 7.256700038909912, 7.872600078582764, 7.593400001525879, 7.534200191497803, 7.592599868774414]"
