item_id,start,freq,target
T126,2014-12-29,W-SUN,"[8.049200057983398, 10.444899559020996, 10.896900177001953, 10.258299827575684, 11.586299896240234, 11.6048002243042, 11.578300476074219, 11.778400421142578, 10.694600105285645, 11.566100120544434, 11.675600051879883, 12.127400398254395, 11.83899974822998, 11.390999794006348, 11.815799713134766, 12.374099731445312, 11.562399864196777, 12.089799880981445, 12.335100173950195, 12.405799865722656, 11.540300369262695, 12.170299530029297, 12.295900344848633, 12.14109992980957, 12.410099983215332, 12.18970012664795, 10.734299659729004, 12.331399917602539, 12.300600051879883, 12.491100311279297, 12.105600357055664, 12.04740047454834, 12.302200317382812, 12.103699684143066, 11.850700378417969, 11.47189998626709, 11.240500450134277, 13.079400062561035, 11.74530029296875, 12.926199913024902, 11.543999671936035, 12.978699684143066, 13.362299919128418, 12.702199935913086, 13.01669979095459, 12.245599746704102, 11.663299560546875, 10.08590030670166, 8.949700355529785, 12.362299919128418, 12.070099830627441, 9.478599548339844, 10.361800193786621, 11.91919994354248, 11.462400436401367, 10.856900215148926, 11.637800216674805, 11.502400398254395, 9.321599960327148, 11.954899787902832, 10.86460018157959, 12.279000282287598, 13.854399681091309, 13.481900215148926, 12.833100318908691, 12.543899536132812, 13.202500343322754, 13.1048002243042, 13.29539966583252, 13.345399856567383, 13.54520034790039, 13.746000289916992, 14.278900146484375, 12.572099685668945, 13.845499992370605, 13.532999992370605, 13.1850004196167, 13.031299591064453, 11.606499671936035, 13.262800216674805, 13.119400024414062, 13.126799583435059, 13.347700119018555, 13.007800102233887, 13.44540023803711, 13.446399688720703, 12.862199783325195, 12.376099586486816, 13.743900299072266, 13.96660041809082, 14.220399856567383, 10.800399780273438, 13.601099967956543, 13.682100296020508, 13.954999923706055, 12.425700187683105]"
