item_id,start,freq,target
T407,2015-01-04 00:00:00,W-SUN,"[24.509700775146484, 13.958399772644043, 18.912599563598633, 24.4507999420166, 25.702600479125977, 23.198200225830078, 28.98699951171875, 19.97879981994629, 24.46139907836914, 24.41860008239746, 26.28070068359375, 27.237699508666992, 27.510799407958984, 28.51449966430664, 29.78529930114746, 26.17169952392578, 27.475200653076172, 34.091800689697266, 30.710899353027344, 31.878700256347656, 29.697599411010742, 30.89430046081543, 31.032699584960938, 26.365100860595703, 29.001399993896484, 23.655899047851562, 30.674400329589844, 35.42070007324219, 33.85490036010742, 30.351499557495117, 30.570600509643555, 30.487499237060547, 34.25419998168945, 29.309200286865234, 24.118099212646484, 29.162399291992188, 32.693599700927734, 28.121299743652344, 31.962200164794922, 28.386499404907227, 26.32080078125, 26.03380012512207, 23.966999053955078, 28.773099899291992, 32.4385986328125, 29.885900497436523, 19.853200912475586, 26.938199996948242, 29.46150016784668, 30.722999572753906, 21.400800704956055, 15.396900177001953, 25.319299697875977, 29.35849952697754, 25.585100173950195, 22.116500854492188, 27.391300201416016, 25.358400344848633, 24.236799240112305, 29.708200454711914, 27.970500946044922, 33.59379959106445, 33.16130065917969, 36.789798736572266, 31.9773006439209, 29.101299285888672, 31.5216007232666, 32.504398345947266, 32.4015007019043, 34.00600051879883, 33.83330154418945, 37.03419876098633, 26.90690040588379, 27.87470054626465, 33.28369903564453, 31.411100387573242, 29.604299545288086, 23.188800811767578, 29.331600189208984, 35.140499114990234, 37.42530059814453, 39.44430160522461, 33.080101013183594, 37.396400451660156, 32.75899887084961, 29.49049949645996, 24.483999252319336, 27.25909996032715, 29.305599212646484, 28.450199127197266]"
