item_id,start,freq,target
T510,2014-12-29,W-SUN,"[6.616499900817871, 6.9496002197265625, 6.743299961090088, 6.520500183105469, 6.478099822998047, 6.280300140380859, 6.600399971008301, 5.864099979400635, 5.267000198364258, 6.0879998207092285, 6.093400001525879, 6.197400093078613, 6.3165998458862305, 6.234099864959717, 6.252699851989746, 6.584199905395508, 6.247099876403809, 6.195300102233887, 6.192500114440918, 6.178899765014648, 6.098400115966797, 6.344200134277344, 6.563700199127197, 6.547599792480469, 6.88730001449585, 6.603300094604492, 6.627099990844727, 6.580699920654297, 6.668099880218506, 6.669000148773193, 6.927499771118164, 6.748899936676025, 6.703100204467773, 6.694399833679199, 6.356500148773193, 6.585899829864502, 6.602799892425537, 6.776500225067139, 6.430500030517578, 6.7399001121521, 6.378399848937988, 6.705399990081787, 6.632199764251709, 6.256199836730957, 6.139900207519531, 6.038400173187256, 7.200500011444092, 6.156300067901611, 6.163099765777588, 6.167699813842773, 6.329800128936768, 6.23330020904541, 5.7657999992370605, 6.022799968719482, 6.183899879455566, 5.996399879455566, 5.571400165557861, 6.369999885559082, 6.153600215911865, 6.765500068664551, 6.393400192260742, 5.375800132751465, 5.5441999435424805, 6.054299831390381, 6.652400016784668, 6.864200115203857, 6.357900142669678, 6.494100093841553, 6.417699813842773, 6.361000061035156, 6.506499767303467, 6.647600173950195, 6.637800216674805, 6.672100067138672, 6.639900207519531, 6.853499889373779, 6.837800025939941, 7.076900005340576, 6.7006001472473145, 6.83620023727417, 7.005099773406982, 6.330900192260742, 7.013800144195557, 7.247499942779541, 7.013800144195557, 7.765900135040283, 6.163400173187256, 6.582399845123291, 6.180600166320801, 6.696700096130371, 6.564499855041504, 6.760200023651123, 6.635300159454346, 6.995699882507324, 6.524099826812744, 6.247200012207031]"
