item_id,start,freq,target
T569,2014-12-29,W-SUN,"[9.455499649047852, 11.068599700927734, 10.140999794006348, 9.617799758911133, 9.880800247192383, 10.109600067138672, 9.831399917602539, 10.499600410461426, 10.027099609375, 10.838899612426758, 10.029199600219727, 9.73900032043457, 10.41759967803955, 9.361599922180176, 10.317899703979492, 11.07509994506836, 10.116100311279297, 11.385299682617188, 11.462499618530273, 10.503700256347656, 9.78219985961914, 9.989100456237793, 11.09060001373291, 10.28600025177002, 10.876099586486816, 10.644800186157227, 9.020500183105469, 10.724699974060059, 10.71780014038086, 10.820500373840332, 9.885899543762207, 9.578100204467773, 9.377799987792969, 10.687700271606445, 10.351799964904785, 10.104499816894531, 10.700699806213379, 11.157999992370605, 10.425000190734863, 11.507800102233887, 10.826499938964844, 11.244000434875488, 10.62399959564209, 11.344300270080566, 10.739299774169922, 11.313300132751465, 10.24429988861084, 9.182100296020508, 9.696700096130371, 9.334500312805176, 9.898699760437012, 7.609499931335449, 8.469099998474121, 10.5649995803833, 10.034799575805664, 9.9375, 9.97700023651123, 9.695199966430664, 10.093899726867676, 11.297100067138672, 10.249799728393555, 9.15470027923584, 7.894599914550781, 8.834199905395508, 8.061400413513184, 9.054300308227539, 8.618900299072266, 9.937000274658203, 10.076899528503418, 9.72439956665039, 9.29740047454834, 10.855500221252441, 10.438199996948242, 10.077400207519531, 9.793800354003906, 10.52869987487793, 10.088500022888184, 9.622300148010254, 7.899899959564209, 9.919099807739258, 10.296799659729004, 10.018600463867188, 9.28909969329834, 8.544899940490723, 9.179300308227539, 9.829400062561035, 9.835599899291992, 9.34280014038086, 10.083499908447266, 10.133600234985352, 11.711000442504883, 10.77079963684082, 10.791000366210938, 10.339300155639648, 10.687700271606445, 9.401800155639648]"
