item_id,start,freq,target
T389,2014-12-29,W-SUN,"[5.082600116729736, 8.015999794006348, 6.053899765014648, 6.8618998527526855, 8.292799949645996, 6.438799858093262, 3.889899969100952, 3.889899969100952, 3.5253000259399414, 3.9138998985290527, 8.72089958190918, 8.859000205993652, 4.0954999923706055, 3.889899969100952, 4.013700008392334, 3.889899969100952, 6.241099834442139, 3.889899969100952, 3.889899969100952, 3.889899969100952, 3.889899969100952, 3.889899969100952, 3.889899969100952, 3.889899969100952, 3.889899969100952, 3.889899969100952, 3.889899969100952, 3.889899969100952, 3.889899969100952, 3.889899969100952, 3.889899969100952, 8.11970043182373, 8.725899696350098, 8.321800231933594, 8.36340045928955, 8.397100448608398, 8.194700241088867, 8.240799903869629, 8.202300071716309, 8.581500053405762, 8.151100158691406, 7.865900039672852, 8.018899917602539, 7.842899799346924, 7.476099967956543, 8.249199867248535, 8.33650016784668, 6.256199836730957, 7.61899995803833, 7.448999881744385, 6.9679999351501465, 6.543000221252441, 6.2642998695373535, 5.9695000648498535, 5.994500160217285, 6.64169979095459, 6.9475998878479, 6.837500095367432, 6.661600112915039, 7.5395002365112305, 7.666399955749512, 7.2104997634887695, 7.503900051116943, 7.357399940490723, 9.305299758911133, 8.208100318908691, 7.682499885559082, 7.986800193786621, 7.96560001373291, 8.099699974060059, 8.122400283813477, 8.326000213623047, 8.577699661254883, 8.87969970703125, 8.36050033569336, 9.304100036621094, 8.51830005645752, 8.67959976196289, 9.112000465393066, 8.868499755859375, 8.55090045928955, 8.474100112915039, 8.934700012207031, 8.426600456237793, 8.475700378417969, 8.941200256347656, 8.288800239562988, 7.611100196838379, 8.21619987487793, 8.339799880981445, 8.022199630737305, 7.877500057220459, 8.061400413513184, 7.58650016784668, 7.698699951171875, 7.437900066375732]"
