item_id,start,freq,target
T36,2014-12-29,W-SUN,"[4.895999908447266, 6.906599998474121, 7.568999767303467, 6.623899936676025, 7.525899887084961, 7.288599967956543, 7.125, 7.783699989318848, 6.6605000495910645, 7.701600074768066, 8.071000099182129, 8.218500137329102, 8.204500198364258, 7.833199977874756, 8.028200149536133, 8.005900382995605, 7.517399787902832, 8.097000122070312, 8.518600463867188, 8.79740047454834, 8.346799850463867, 8.430999755859375, 8.565899848937988, 9.258500099182129, 8.853799819946289, 8.686300277709961, 9.562700271606445, 8.92389965057373, 8.856599807739258, 8.71780014038086, 8.85219955444336, 8.902600288391113, 8.914400100708008, 8.570699691772461, 8.32040023803711, 8.310500144958496, 8.657299995422363, 8.811300277709961, 8.044699668884277, 8.644800186157227, 8.371999740600586, 8.687100410461426, 8.705300331115723, 8.4306001663208, 8.507100105285645, 8.601900100708008, 8.550200462341309, 7.824699878692627, 7.970600128173828, 8.50510025024414, 8.624199867248535, 7.051599979400635, 7.184700012207031, 8.157899856567383, 8.43340015411377, 8.134699821472168, 8.260299682617188, 8.399100303649902, 8.725500106811523, 8.521499633789062, 8.22029972076416, 8.310199737548828, 8.11989974975586, 8.328100204467773, 8.841099739074707, 8.585800170898438, 8.633600234985352, 8.741000175476074, 8.744199752807617, 8.799699783325195, 8.828399658203125, 9.1181001663208, 8.788700103759766, 9.47439956665039, 8.607099533081055, 9.306500434875488, 9.065199851989746, 9.131500244140625, 8.305399894714355, 9.041500091552734, 9.163299560546875, 9.166000366210938, 9.231800079345703, 9.187800407409668, 9.090800285339355, 9.13290023803711, 9.088899612426758, 8.264200210571289, 8.63479995727539, 9.079999923706055, 8.855899810791016, 7.304999828338623, 8.97249984741211, 8.618800163269043, 8.154399871826172, 8.44789981842041]"
