item_id,start,freq,target
T834,2014-12-29,W-SUN,"[3.889899969100952, 3.889899969100952, 3.889899969100952, 3.889899969100952, 3.889899969100952, 3.889899969100952, 3.889899969100952, 3.889899969100952, 3.5253000259399414, 3.891200065612793, 3.889899969100952, 3.889899969100952, 3.889899969100952, 3.889899969100952, 4.422399997711182, 3.889899969100952, 3.889899969100952, 3.889899969100952, 3.889899969100952, 3.889899969100952, 3.889899969100952, 3.889899969100952, 3.889899969100952, 3.889899969100952, 3.889899969100952, 3.889899969100952, 3.889899969100952, 3.889899969100952, 3.889899969100952, 3.889899969100952, 3.889899969100952, 3.889899969100952, 4.63070011138916, 5.933000087738037, 8.017600059509277, 9.319899559020996, 8.02970027923584, 8.231499671936035, 7.607999801635742, 7.595099925994873, 8.187100410461426, 8.396900177001953, 7.213200092315674, 5.793700218200684, 7.450300216674805, 6.628300189971924, 6.649400234222412, 6.165999889373779, 6.505499839782715, 6.0447001457214355, 6.798699855804443, 7.5015997886657715, 7.355500221252441, 5.406300067901611, 5.896599769592285, 5.395400047302246, 5.938300132751465, 5.841100215911865, 5.873499870300293, 7.033400058746338, 6.777200222015381, 5.695199966430664, 6.162899971008301, 7.875899791717529, 8.228300094604492, 8.111700057983398, 7.553699970245361, 8.403200149536133, 7.518899917602539, 8.222700119018555, 8.5556001663208, 8.411700248718262, 8.168499946594238, 10.590800285339355, 8.411999702453613, 9.913200378417969, 8.898500442504883, 9.027000427246094, 8.596599578857422, 8.45110034942627, 8.999300003051758, 9.199600219726562, 10.399399757385254, 10.142900466918945, 9.183799743652344, 9.11769962310791, 8.11520004272461, 8.688799858093262, 7.047900199890137, 9.264100074768066, 8.26140022277832, 6.661300182342529, 8.44260025024414, 7.659999847412109, 8.378399848937988, 6.576000213623047]"
