item_id,start,freq,target
T228,2015-01-11 00:00:00,W-SUN,"[6.1975998878479, 9.047599792480469, 8.97189998626709, 9.427499771118164, 9.682499885559082, 11.368800163269043, 9.744000434875488, 9.973299980163574, 9.601900100708008, 9.876099586486816, 10.41569995880127, 8.954700469970703, 10.256799697875977, 10.359399795532227, 9.459199905395508, 10.852399826049805, 9.191800117492676, 9.786299705505371, 9.684900283813477, 10.441100120544434, 10.754899978637695, 11.323200225830078, 9.822799682617188, 10.568499565124512, 8.794300079345703, 11.370400428771973, 10.380800247192383, 11.728400230407715, 10.385899543762207, 9.819899559020996, 10.671500205993652, 10.664899826049805, 13.652299880981445, 8.891900062561035, 10.350700378417969, 9.66349983215332, 8.66469955444336, 9.438899993896484, 9.575599670410156, 9.61139965057373, 9.466899871826172, 9.587400436401367, 9.880200386047363, 11.073100090026855, 10.921299934387207, 7.961599826812744, 9.734299659729004, 11.262100219726562, 10.717100143432617, 6.7947001457214355, 7.302599906921387, 8.404399871826172, 9.236599922180176, 8.528599739074707, 8.680000305175781, 10.934700012207031, 9.19279956817627, 9.37030029296875, 9.676300048828125, 8.847000122070312, 10.52649974822998, 10.635600090026855, 9.288900375366211, 9.69950008392334, 9.503800392150879, 10.017900466918945, 9.237600326538086, 10.014399528503418, 10.540599822998047, 11.498499870300293, 10.752099990844727, 9.993800163269043, 11.063899993896484, 11.928400039672852, 9.98859977722168, 10.389300346374512, 8.655400276184082, 9.796600341796875, 10.764100074768066, 10.388999938964844, 11.11520004272461, 10.112700462341309, 11.86870002746582, 11.749500274658203, 10.579899787902832, 9.433699607849121, 10.967399597167969, 12.160400390625, 8.8125, 7.9328999519348145]"
