item_id,start,freq,target
T284,2014-12-29,W-SUN,"[6.560999870300293, 8.922100067138672, 6.534200191497803, 8.9621000289917, 9.851499557495117, 9.502699851989746, 11.06350040435791, 10.74590015411377, 8.46679973602295, 10.16819953918457, 10.752699851989746, 10.707200050354004, 10.62339973449707, 10.322999954223633, 10.278300285339355, 10.17870044708252, 10.682900428771973, 10.628399848937988, 10.30090045928955, 10.617400169372559, 11.480600357055664, 10.872099876403809, 11.475700378417969, 12.899399757385254, 11.60420036315918, 10.537699699401855, 9.54419994354248, 10.036600112915039, 9.32040023803711, 9.693099975585938, 10.002900123596191, 9.367400169372559, 7.893700122833252, 9.100799560546875, 9.407299995422363, 9.198399543762207, 9.005499839782715, 9.143400192260742, 8.656599998474121, 8.720999717712402, 9.26509952545166, 9.514300346374512, 9.119199752807617, 8.608799934387207, 9.155900001525879, 8.952500343322754, 9.423600196838379, 8.499199867248535, 8.444000244140625, 8.605199813842773, 9.289400100708008, 7.403299808502197, 7.389800071716309, 8.104399681091309, 8.985600471496582, 8.147199630737305, 9.052599906921387, 8.8056001663208, 9.168399810791016, 9.512399673461914, 9.00510025024414, 8.979700088500977, 8.846699714660645, 9.531100273132324, 9.509300231933594, 9.035699844360352, 8.650699615478516, 8.934300422668457, 9.253600120544434, 9.428799629211426, 9.1225004196167, 9.734700202941895, 9.457300186157227, 10.349100112915039, 10.543899536132812, 11.336899757385254, 11.052499771118164, 10.927599906921387, 9.762299537658691, 10.148799896240234, 10.647100448608398, 10.398200035095215, 10.577199935913086, 10.493900299072266, 10.13070011138916, 10.233099937438965, 9.637299537658691, 9.551300048828125, 9.660499572753906, 10.24429988861084, 9.391799926757812, 9.306500434875488, 9.755599975585938, 9.34529972076416, 9.918700218200684, 9.710100173950195]"
