item_id,start,freq,target
T130,2014-12-29,W-SUN,"[5.992000102996826, 5.6940999031066895, 4.129700183868408, 5.990499973297119, 6.992400169372559, 6.521699905395508, 6.657299995422363, 6.62939977645874, 6.0152997970581055, 6.633299827575684, 6.685999870300293, 6.512199878692627, 6.569399833679199, 6.367700099945068, 6.6940999031066895, 6.757199764251709, 6.584000110626221, 6.726900100708008, 6.85830020904541, 7.069300174713135, 6.285600185394287, 6.803199768066406, 6.7820000648498535, 6.653500080108643, 6.999599933624268, 6.67549991607666, 6.26669979095459, 6.693399906158447, 6.830399990081787, 6.708799839019775, 6.767300128936768, 6.756700038909912, 7.002500057220459, 6.8993000984191895, 6.8927001953125, 6.502200126647949, 7.039100170135498, 6.922100067138672, 6.901000022888184, 6.928899765014648, 6.571400165557861, 6.858799934387207, 6.890500068664551, 6.810100078582764, 6.3094000816345215, 6.207499980926514, 6.535200119018555, 6.017000198364258, 6.620800018310547, 6.971799850463867, 7.1956000328063965, 6.004499912261963, 5.940000057220459, 6.639900207519531, 6.573500156402588, 6.815400123596191, 6.899199962615967, 6.314899921417236, 6.984799861907959, 7.442399978637695, 6.95359992980957, 6.838399887084961, 6.8140997886657715, 6.798999786376953, 7.091100215911865, 7.2870001792907715, 7.052599906921387, 7.159599781036377, 6.994699954986572, 7.192800045013428, 7.371300220489502, 7.231900215148926, 7.276800155639648, 6.788400173187256, 7.202199935913086, 7.476500034332275, 7.275000095367432, 7.356299877166748, 6.723800182342529, 7.321499824523926, 7.316400051116943, 7.2403998374938965, 7.709000110626221, 7.312900066375732, 7.617599964141846, 7.497799873352051, 7.476099967956543, 6.970300197601318, 7.373899936676025, 7.337800025939941, 7.366000175476074, 7.48960018157959, 7.280099868774414, 7.005000114440918, 7.07289981842041, 7.447700023651123]"
