item_id,start,freq,target
T754,2015-01-25 00:00:00,W-SUN,"[2.6175999641418457, 2.5638999938964844, 2.6201999187469482, 2.6940999031066895, 2.4040000438690186, 2.8073999881744385, 2.850399971008301, 2.822200059890747, 2.664900064468384, 2.710700035095215, 2.8889000415802, 2.892199993133545, 2.8268001079559326, 2.92330002784729, 2.8954999446868896, 2.9456000328063965, 2.8778998851776123, 2.9223999977111816, 2.8577001094818115, 2.8685998916625977, 2.878700017929077, 2.835599899291992, 2.754199981689453, 2.858799934387207, 2.942699909210205, 2.89490008354187, 2.899600028991699, 2.902100086212158, 2.910799980163574, 2.9700000286102295, 2.9686999320983887, 2.9251999855041504, 3.0308001041412354, 3.043600082397461, 3.0271999835968018, 3.3973000049591064, 2.8959999084472656, 2.846400022506714, 2.868000030517578, 2.695199966430664, 2.8017001152038574, 2.734999895095825, 2.66759991645813, 2.463599920272827, 2.6301000118255615, 2.538300037384033, 2.480299949645996, 2.1963999271392822, 2.0683000087738037, 2.4042000770568848, 2.452399969100952, 2.48799991607666, 2.572200059890747, 2.653599977493286, 2.631200075149536, 2.6970999240875244, 2.726900100708008, 2.6468000411987305, 2.5927000045776367, 2.736599922180176, 2.7746999263763428, 2.782399892807007, 2.8117001056671143, 2.98799991607666, 3.0246999263763428, 3.0552000999450684, 2.892199993133545, 2.9874000549316406, 2.960700035095215, 2.86929988861084, 2.884399890899658, 2.917099952697754, 2.8740999698638916, 2.8438000679016113, 2.8001999855041504, 2.8675999641418457, 2.9247000217437744, 2.8684000968933105, 2.9026999473571777, 2.916100025177002, 2.925800085067749, 2.989300012588501, 2.255000114440918, 2.773099899291992, 2.929800033569336, 3.0190000534057617, 2.696700096130371, 2.4182000160217285, 3.042099952697754, 2.8217999935150146]"
