item_id,start,freq,target
T167,2015-01-04 00:00:00,W-SUN,"[5.47760009765625, 6.599400043487549, 6.2133002281188965, 7.25600004196167, 7.224800109863281, 6.934999942779541, 7.228400230407715, 6.92110013961792, 7.598899841308594, 7.402699947357178, 7.1859002113342285, 6.9394001960754395, 6.495200157165527, 6.800300121307373, 7.064899921417236, 7.140699863433838, 6.861000061035156, 6.774099826812744, 6.463699817657471, 6.620299816131592, 7.215799808502197, 7.280200004577637, 7.268400192260742, 7.379000186920166, 7.276599884033203, 6.203499794006348, 7.3881001472473145, 6.962900161743164, 8.702899932861328, 9.526700019836426, 9.270299911499023, 9.089099884033203, 9.667099952697754, 7.805600166320801, 8.789400100708008, 9.940999984741211, 10.733200073242188, 8.433899879455566, 10.358099937438965, 9.96619987487793, 10.279899597167969, 10.111200332641602, 10.534700393676758, 10.164799690246582, 9.21619987487793, 7.370200157165527, 6.444799900054932, 7.207699775695801, 7.7484002113342285, 7.247000217437744, 4.990900039672852, 6.222300052642822, 7.2291998863220215, 7.047599792480469, 7.174099922180176, 7.566299915313721, 7.522799968719482, 7.474599838256836, 7.537399768829346, 7.9375, 7.514900207519531, 7.3109002113342285, 7.479800224304199, 7.230299949645996, 7.009200096130371, 7.054100036621094, 7.642199993133545, 7.838200092315674, 7.553299903869629, 7.579100131988525, 7.887899875640869, 7.515699863433838, 7.300300121307373, 7.730500221252441, 7.646599769592285, 7.605400085449219, 7.86359977722168, 6.1890997886657715, 7.202600002288818, 7.684299945831299, 7.522299766540527, 7.518499851226807, 7.252999782562256, 7.185200214385986, 7.254199981689453, 7.501100063323975, 6.584400177001953, 7.554299831390381, 7.670499801635742, 7.992400169372559]"
