item_id,start,freq,target
T35,2015-02-08 00:00:00,W-SUN,"[4.634200096130371, 5.021200180053711, 4.594099998474121, 6.130300045013428, 5.314199924468994, 4.851399898529053, 5.31790018081665, 5.627699851989746, 5.555699825286865, 5.258200168609619, 4.7322001457214355, 5.337299823760986, 6.048900127410889, 5.83620023727417, 5.502799987792969, 5.447500228881836, 5.976200103759766, 5.846499919891357, 5.757500171661377, 5.749100208282471, 5.444499969482422, 5.787399768829346, 5.6971001625061035, 5.420400142669678, 5.655900001525879, 5.689000129699707, 5.500800132751465, 5.726200103759766, 4.815000057220459, 5.2789998054504395, 5.826900005340576, 5.839000225067139, 4.820000171661377, 5.835299968719482, 6.047100067138672, 4.162199974060059, 8.470399856567383, 8.474100112915039, 6.332900047302246, 6.036099910736084, 5.987299919128418, 4.878200054168701, 4.983399868011475, 6.415500164031982, 5.87470006942749, 4.881199836730957, 5.075099945068359, 5.7530999183654785, 5.515600204467773, 5.801000118255615, 5.9527997970581055, 6.015200138092041, 5.275300025939941, 5.756499767303467, 5.667099952697754, 5.888199806213379, 5.770999908447266, 6.086599826812744, 5.832799911499023, 5.587500095367432, 5.9182000160217285, 6.023399829864502, 5.934500217437744, 6.224599838256836, 6.020599842071533, 5.958600044250488, 5.948599815368652, 5.717800140380859, 6.142300128936768, 5.909999847412109, 5.8225998878479, 5.895699977874756, 5.445199966430664, 6.083499908447266, 6.1315999031066895, 5.748300075531006, 5.715000152587891, 5.711999893188477, 5.786499977111816, 6.27239990234375, 5.821300029754639, 5.343699932098389, 5.70389986038208, 5.933199882507324, 6.026199817657471, 4.510900020599365, 5.88640022277832, 5.832300186157227, 6.029600143432617, 5.7368998527526855]"
