item_id,start,freq,target
T680,2014-12-29,W-SUN,"[3.4245998859405518, 3.7077999114990234, 2.5569000244140625, 3.90120005607605, 4.34689998626709, 4.30709981918335, 4.239099979400635, 4.378499984741211, 3.976799964904785, 4.643899917602539, 4.589399814605713, 4.716899871826172, 4.7494001388549805, 4.448400020599365, 4.590799808502197, 4.74399995803833, 4.826000213623047, 4.728000164031982, 4.961400032043457, 4.725500106811523, 4.680699825286865, 4.137700080871582, 4.688199996948242, 4.660699844360352, 4.418300151824951, 4.900100231170654, 5.73330020904541, 5.73330020904541, 5.73330020904541, 5.73330020904541, 5.73330020904541, 5.73330020904541, 5.73330020904541, 5.179100036621094, 4.8206000328063965, 4.651500225067139, 4.813000202178955, 4.181600093841553, 4.723100185394287, 4.890699863433838, 4.785600185394287, 4.8572998046875, 4.723800182342529, 4.5904998779296875, 4.658100128173828, 4.792900085449219, 4.797699928283691, 4.062600135803223, 4.532299995422363, 4.609300136566162, 4.7403998374938965, 3.848400115966797, 3.796099901199341, 4.356200218200684, 4.250800132751465, 4.42579984664917, 4.620299816131592, 4.4653000831604, 4.5177998542785645, 4.443699836730957, 3.5051000118255615, 4.414299964904785, 4.2118000984191895, 4.218500137329102, 3.7678000926971436, 5.73330020904541, 5.73330020904541, 5.73330020904541, 4.771500110626221, 4.817999839782715, 4.922999858856201, 4.969200134277344, 4.958799839019775, 4.835700035095215, 5.012800216674805, 5.164000034332275, 4.939599990844727, 4.890600204467773, 4.524899959564209, 4.760700225830078, 4.81850004196167, 4.854300022125244, 4.84660005569458, 4.814300060272217, 4.903500080108643, 4.942599773406982, 4.795000076293945, 4.4741997718811035, 4.8180999755859375, 5.020699977874756, 4.9253997802734375, 4.845900058746338, 4.736499786376953, 4.689899921417236, 4.536200046539307, 3.791300058364868]"
