item_id,start,freq,target
T545,2014-12-29,W-SUN,"[8.664299964904785, 12.077199935913086, 10.274800300598145, 11.54580020904541, 11.732999801635742, 10.4798002243042, 11.97130012512207, 12.065799713134766, 10.897000312805176, 11.474499702453613, 11.814900398254395, 13.356599807739258, 12.44729995727539, 12.733799934387207, 11.218199729919434, 12.289999961853027, 11.622699737548828, 11.145899772644043, 17.059200286865234, 12.275500297546387, 14.026599884033203, 11.857199668884277, 12.154999732971191, 10.745100021362305, 11.598999977111816, 10.741700172424316, 9.732199668884277, 11.894000053405762, 11.831199645996094, 11.277899742126465, 12.03689956665039, 11.888199806213379, 12.046099662780762, 11.272000312805176, 11.428899765014648, 10.7322998046875, 12.828900337219238, 12.27910041809082, 12.075200080871582, 11.73900032043457, 12.349900245666504, 5.744200229644775, 6.834400177001953, 7.931000232696533, 6.543700218200684, 7.053299903869629, 6.488900184631348, 5.910600185394287, 5.184100151062012, 6.509200096130371, 5.741199970245361, 4.908899784088135, 5.597300052642822, 6.484000205993652, 6.402599811553955, 6.099599838256836, 6.594799995422363, 6.24399995803833, 5.36929988861084, 6.627200126647949, 6.163099765777588, 6.292300224304199, 6.063399791717529, 6.321899890899658, 6.195000171661377, 5.977799892425537, 8.946800231933594, 12.034299850463867, 11.412599563598633, 11.993200302124023, 11.75059986114502, 12.838899612426758, 13.896300315856934, 10.225799560546875, 11.939200401306152, 12.624600410461426, 11.710100173950195, 7.600399971008301, 5.615300178527832, 6.7829999923706055, 8.701600074768066, 8.743399620056152, 8.591099739074707, 8.925399780273438, 6.19320011138916, 7.813300132751465, 12.912500381469727, 11.127699851989746, 13.539899826049805, 14.015399932861328, 13.298199653625488, 13.296500205993652, 13.559900283813477, 12.230500221252441, 14.199299812316895, 11.997200012207031]"
