item_id,start,freq,target
T579,2014-12-29,W-SUN,"[9.135000228881836, 13.187999725341797, 12.427399635314941, 10.515600204467773, 11.102999687194824, 9.085100173950195, 9.959500312805176, 10.05679988861084, 9.21090030670166, 7.982999801635742, 9.297900199890137, 9.222100257873535, 10.254300117492676, 9.296899795532227, 9.31719970703125, 9.504899978637695, 9.154899597167969, 9.333900451660156, 9.300299644470215, 11.620499610900879, 9.409099578857422, 9.816800117492676, 12.220800399780273, 12.916899681091309, 12.436599731445312, 7.569399833679199, 9.942700386047363, 12.481800079345703, 11.214599609375, 8.942000389099121, 8.254199981689453, 8.235099792480469, 8.028499603271484, 9.329999923706055, 10.536499977111816, 10.228799819946289, 11.987299919128418, 11.466699600219727, 10.201199531555176, 11.138500213623047, 9.86709976196289, 12.155699729919434, 10.870200157165527, 11.751399993896484, 10.365400314331055, 12.200499534606934, 12.580400466918945, 8.071200370788574, 12.020700454711914, 11.673199653625488, 11.687800407409668, 6.770500183105469, 7.362599849700928, 9.7568998336792, 12.121700286865234, 9.969099998474121, 10.962400436401367, 11.63290023803711, 9.889800071716309, 10.258600234985352, 10.336199760437012, 11.674799919128418, 10.047699928283691, 11.195500373840332, 10.819100379943848, 9.551199913024902, 9.572600364685059, 12.455900192260742, 9.796899795532227, 11.534199714660645, 11.76609992980957, 12.875499725341797, 11.336899757385254, 12.814200401306152, 12.007100105285645, 14.284099578857422, 11.6451997756958, 10.424099922180176, 10.092399597167969, 10.589200019836426, 10.979599952697754, 9.414299964904785, 10.566200256347656, 10.1141996383667, 11.196800231933594, 10.527600288391113, 10.86050033569336, 8.769599914550781, 11.330300331115723, 11.25570011138916, 10.742799758911133, 11.4891996383667, 9.855799674987793, 11.062199592590332, 11.381600379943848, 11.399700164794922]"
