item_id,start,freq,target
T50,2014-12-29,W-SUN,"[9.25879955291748, 10.65779972076416, 11.045000076293945, 10.753100395202637, 11.084799766540527, 10.801400184631348, 10.748800277709961, 10.892499923706055, 10.106499671936035, 11.134900093078613, 11.739800453186035, 11.42490005493164, 11.648799896240234, 11.023799896240234, 11.432000160217285, 11.358200073242188, 9.479399681091309, 11.319499969482422, 11.620100021362305, 11.495800018310547, 10.07800006866455, 11.861499786376953, 11.903400421142578, 11.93280029296875, 12.066300392150879, 11.774100303649902, 10.728400230407715, 11.7322998046875, 11.586899757385254, 11.464599609375, 11.864700317382812, 11.429300308227539, 11.474800109863281, 11.675200462341309, 11.16919994354248, 11.289199829101562, 11.819700241088867, 11.6850004196167, 11.653300285339355, 11.486200332641602, 11.553999900817871, 11.68120002746582, 11.508199691772461, 11.412599563598633, 11.709600448608398, 11.501999855041504, 11.90429973602295, 10.232999801635742, 11.474599838256836, 11.758199691772461, 13.443900108337402, 9.517800331115723, 9.675200462341309, 11.224800109863281, 11.10099983215332, 11.174300193786621, 10.936200141906738, 11.226699829101562, 11.735300064086914, 11.440699577331543, 11.400799751281738, 10.80109977722168, 11.359199523925781, 11.923100471496582, 12.031900405883789, 11.583000183105469, 11.524200439453125, 11.879500389099121, 12.108599662780762, 11.831199645996094, 11.956500053405762, 12.100899696350098, 12.015000343322754, 11.52750015258789, 12.053299903869629, 12.199700355529785, 12.615099906921387, 12.899499893188477, 11.127400398254395, 12.188899993896484, 12.028599739074707, 11.545999526977539, 11.682600021362305, 12.106599807739258, 12.302800178527832, 12.103799819946289, 12.18649959564209, 11.171199798583984, 11.97760009765625, 12.292799949645996, 12.18970012664795, 11.846799850463867, 12.100899696350098, 11.813699722290039, 12.345000267028809, 11.748700141906738]"
