item_id,start,freq,target
T769,2014-12-29,W-SUN,"[12.43529987335205, 15.612600326538086, 13.915499687194824, 14.675000190734863, 15.795100212097168, 15.081299781799316, 15.27400016784668, 13.27299976348877, 11.885899543762207, 15.64210033416748, 16.010000228881836, 17.253599166870117, 15.963000297546387, 14.799699783325195, 15.906299591064453, 16.48780059814453, 15.937199592590332, 16.131099700927734, 17.40519905090332, 16.26259994506836, 15.26509952545166, 16.78499984741211, 16.49340057373047, 17.04450035095215, 15.411700248718262, 15.686800003051758, 13.158300399780273, 16.497299194335938, 16.524099349975586, 16.84429931640625, 16.109600067138672, 16.330900192260742, 17.099199295043945, 16.738000869750977, 14.436699867248535, 13.464900016784668, 16.194900512695312, 16.939300537109375, 16.366300582885742, 16.523799896240234, 16.23270034790039, 16.09429931640625, 15.667799949645996, 15.660400390625, 16.787500381469727, 16.78619956970215, 16.95949935913086, 11.822199821472168, 15.291999816894531, 18.076499938964844, 15.819600105285645, 8.691900253295898, 10.554900169372559, 15.01039981842041, 13.862000465393066, 16.284500122070312, 15.354700088500977, 15.417900085449219, 14.995200157165527, 14.429100036621094, 15.48740005493164, 14.734999656677246, 15.778400421142578, 16.70669937133789, 16.0762996673584, 14.986200332641602, 14.893600463867188, 15.98270034790039, 15.545299530029297, 16.280500411987305, 15.903499603271484, 16.741300582885742, 17.316499710083008, 14.612700462341309, 16.89929962158203, 17.933900833129883, 16.680700302124023, 16.134199142456055, 13.038100242614746, 13.88640022277832, 12.09939956665039, 16.61709976196289, 17.146900177001953, 16.349899291992188, 16.70599937438965, 17.06170082092285, 16.19420051574707, 13.912400245666504, 16.200300216674805, 16.114200592041016, 16.54680061340332, 16.697799682617188, 15.780900001525879, 15.945199966430664, 17.745399475097656, 15.631099700927734]"
