item_id,start,freq,target
T12,2014-12-29,W-SUN,"[6.332099914550781, 7.990600109100342, 6.327899932861328, 7.110599994659424, 8.298700332641602, 8.248499870300293, 7.845600128173828, 8.288399696350098, 7.446300029754639, 8.701199531555176, 8.746000289916992, 8.987099647521973, 7.753200054168701, 7.349899768829346, 7.929900169372559, 8.49590015411377, 8.429400444030762, 8.750399589538574, 8.359999656677246, 8.871700286865234, 8.103799819946289, 8.49370002746582, 9.18970012664795, 8.944499969482422, 8.903599739074707, 7.923900127410889, 6.946400165557861, 8.211600303649902, 8.711899757385254, 8.066200256347656, 8.760700225830078, 7.862400054931641, 9.316200256347656, 9.38599967956543, 9.236599922180176, 8.74269962310791, 9.712900161743164, 9.572099685668945, 9.589900016784668, 9.236800193786621, 9.737700462341309, 10.411999702453613, 10.109299659729004, 10.097900390625, 8.634200096130371, 9.864800453186035, 8.220600128173828, 7.8516998291015625, 8.780099868774414, 9.819499969482422, 8.567099571228027, 5.972400188446045, 7.520299911499023, 8.180899620056152, 8.581700325012207, 7.746600151062012, 9.02280044555664, 9.09630012512207, 8.647299766540527, 9.790300369262695, 8.832099914550781, 8.723899841308594, 8.206700325012207, 8.212900161743164, 6.912600040435791, 9.660200119018555, 9.866800308227539, 9.985899925231934, 10.335000038146973, 10.08899974822998, 9.870599746704102, 10.028300285339355, 10.097000122070312, 9.597399711608887, 10.23900032043457, 9.935400009155273, 9.896599769592285, 9.866900444030762, 8.789600372314453, 9.829899787902832, 10.058899879455566, 9.311699867248535, 9.353899955749512, 9.612899780273438, 9.623900413513184, 10.045700073242188, 10.432600021362305, 9.652099609375, 10.81719970703125, 11.039899826049805, 10.736200332641602, 10.639300346374512, 10.591300010681152, 10.808199882507324, 10.909500122070312, 10.316699981689453]"
