item_id,start,freq,target
T191,2014-12-29,W-SUN,"[6.575300216674805, 7.6269001960754395, 6.029300212860107, 8.05459976196289, 7.651299953460693, 7.96750020980835, 7.85129976272583, 7.901500225067139, 7.409900188446045, 8.062899589538574, 9.8927001953125, 8.784600257873535, 9.485600471496582, 9.007800102233887, 8.416299819946289, 8.430500030517578, 8.48330020904541, 8.672499656677246, 8.725899696350098, 8.724699974060059, 8.259300231933594, 8.69729995727539, 8.662799835205078, 8.883199691772461, 8.823399543762207, 8.646300315856934, 7.8790998458862305, 8.733499526977539, 9.112500190734863, 8.89050006866455, 8.496600151062012, 8.632200241088867, 8.643199920654297, 8.692099571228027, 8.692899703979492, 8.248700141906738, 8.888400077819824, 9.85420036315918, 8.77299976348877, 8.813599586486816, 8.587499618530273, 8.756999969482422, 8.902799606323242, 8.545499801635742, 8.52649974822998, 8.740500450134277, 8.680800437927246, 7.777500152587891, 8.61340045928955, 8.656599998474121, 8.714300155639648, 7.393400192260742, 7.203800201416016, 8.191200256347656, 8.45300006866455, 8.168600082397461, 8.396100044250488, 8.461799621582031, 8.413100242614746, 8.353799819946289, 8.36400032043457, 7.4928998947143555, 7.9207000732421875, 7.60830020904541, 8.840399742126465, 8.547699928283691, 8.483699798583984, 8.867899894714355, 9.24489974975586, 8.798399925231934, 8.836199760437012, 9.00510025024414, 9.044500350952148, 8.311400413513184, 9.16409969329834, 9.323399543762207, 9.153599739074707, 9.117600440979004, 8.587699890136719, 8.995100021362305, 8.991000175476074, 8.914799690246582, 9.125499725341797, 8.937600135803223, 9.241800308227539, 8.955599784851074, 8.93690013885498, 8.026599884033203, 8.869600296020508, 9.01830005645752, 8.909299850463867, 8.643799781799316, 8.790800094604492, 8.798800468444824, 8.471199989318848, 8.593999862670898]"
