item_id,start,freq,target
T752,2014-12-29,W-SUN,"[1.8841999769210815, 1.9580999612808228, 2.1500000953674316, 1.9801000356674194, 2.1956000328063965, 2.1717000007629395, 2.210599899291992, 2.22379994392395, 1.9815000295639038, 2.3545000553131104, 2.4052999019622803, 2.3787999153137207, 2.3789000511169434, 2.2969000339508057, 2.39490008354187, 2.421299934387207, 2.4014999866485596, 2.500699996948242, 2.4565999507904053, 2.5139999389648438, 2.483099937438965, 2.497499942779541, 2.443000078201294, 2.44950008392334, 2.446500062942505, 2.4068000316619873, 2.365299940109253, 2.4439001083374023, 2.513200044631958, 2.4509999752044678, 2.5016000270843506, 2.4827001094818115, 2.4881999492645264, 2.4686999320983887, 2.7969000339508057, 3.1045000553131104, 3.172100067138672, 3.1863999366760254, 3.4744999408721924, 3.149399995803833, 3.093600034713745, 3.128200054168701, 3.0776000022888184, 2.9179999828338623, 2.0201001167297363, 2.978800058364868, 2.842900037765503, 2.524600028991699, 2.608099937438965, 2.6277999877929688, 1.8331999778747559, 1.5700000524520874, 1.3939000368118286, 1.6894999742507935, 1.7098000049591064, 1.742799997329712, 1.8257999420166016, 1.8783999681472778, 1.8401000499725342, 1.9466999769210815, 1.9009000062942505, 1.8568999767303467, 1.8034000396728516, 1.908400058746338, 2.002500057220459, 1.9702999591827393, 2.025899887084961, 2.1268999576568604, 2.174799919128418, 2.1826999187469482, 2.0562000274658203, 2.1630001068115234, 2.1017000675201416, 2.1034998893737793, 2.0517001152038574, 2.11899995803833, 2.0446999073028564, 2.0959999561309814, 2.033400058746338, 2.04010009765625, 2.0882999897003174, 2.0511999130249023, 2.1303999423980713, 2.144399881362915, 2.1593000888824463, 2.3117001056671143, 2.238600015640259, 2.165299892425537, 2.233299970626831, 2.3334999084472656, 2.357300043106079, 1.8693000078201294, 2.321000099182129, 2.182300090789795, 2.238100051879883, 1.9129999876022339]"
