item_id,start,freq,target
T535,2014-12-29,W-SUN,"[10.027700424194336, 11.871800422668457, 9.598199844360352, 12.364100456237793, 12.509400367736816, 12.889699935913086, 12.577199935913086, 12.600899696350098, 11.949600219726562, 14.584600448608398, 13.23490047454834, 13.116900444030762, 12.264300346374512, 12.611200332641602, 13.8371000289917, 13.684399604797363, 13.596699714660645, 13.312700271606445, 13.7568998336792, 13.170599937438965, 12.651700019836426, 13.123700141906738, 13.820300102233887, 12.846599578857422, 12.503299713134766, 12.662699699401855, 12.192399978637695, 13.07040023803711, 13.193900108337402, 12.599200248718262, 12.975899696350098, 13.286800384521484, 13.038999557495117, 13.654800415039062, 13.741600036621094, 13.368000030517578, 14.495200157165527, 14.044300079345703, 13.968400001525879, 14.10789966583252, 13.73449993133545, 14.555500030517578, 13.885499954223633, 14.247200012207031, 13.093999862670898, 14.227100372314453, 12.833200454711914, 12.675200462341309, 13.719900131225586, 13.388400077819824, 12.442099571228027, 10.965399742126465, 11.699799537658691, 12.388299942016602, 12.651300430297852, 12.578100204467773, 13.8233003616333, 13.100199699401855, 13.301799774169922, 13.611599922180176, 14.039999961853027, 13.422300338745117, 12.965700149536133, 12.763799667358398, 12.684399604797363, 13.499699592590332, 13.74370002746582, 13.61359977722168, 11.227899551391602, 12.595999717712402, 12.716400146484375, 12.04259967803955, 13.196100234985352, 11.952699661254883, 12.911100387573242, 12.604299545288086, 12.201000213623047, 12.93019962310791, 11.91569995880127, 12.311100006103516, 12.379500389099121, 12.765800476074219, 12.983200073242188, 12.56659984588623, 12.907699584960938, 12.868599891662598, 12.803199768066406, 12.4375, 12.519000053405762, 12.635299682617188, 12.714500427246094, 12.038100242614746, 12.060700416564941, 11.914199829101562, 11.820599555969238, 11.862000465393066]"
