item_id,start,freq,target
T832,2014-12-29,W-SUN,"[6.056600093841553, 5.99459981918335, 5.996699810028076, 6.114799976348877, 6.531199932098389, 5.980000019073486, 5.691699981689453, 6.092599868774414, 5.432499885559082, 6.538300037384033, 6.273900032043457, 6.5258002281188965, 6.698200225830078, 6.716400146484375, 5.996600151062012, 5.73330020904541, 5.73330020904541, 5.73330020904541, 5.73330020904541, 6.5117998123168945, 6.725800037384033, 6.900700092315674, 6.868800163269043, 7.027299880981445, 7.06220006942749, 6.9380998611450195, 6.599100112915039, 6.865200042724609, 7.037399768829346, 6.734499931335449, 7.024799823760986, 6.627399921417236, 6.572700023651123, 6.5518999099731445, 6.824900150299072, 6.79610013961792, 6.659800052642822, 6.887899875640869, 5.988399982452393, 6.700300216674805, 6.686999797821045, 6.493299961090088, 6.6855998039245605, 6.41480016708374, 6.423099994659424, 6.152900218963623, 6.4944000244140625, 6.626200199127197, 5.840199947357178, 6.342199802398682, 6.787600040435791, 6.484000205993652, 6.063000202178955, 6.01609992980957, 6.261899948120117, 6.001100063323975, 5.713399887084961, 6.5289998054504395, 6.378399848937988, 6.256899833679199, 6.267600059509277, 5.944699764251709, 6.0625, 6.362400054931641, 6.923399925231934, 6.371099948883057, 6.96150016784668, 7.367400169372559, 7.348999977111816, 7.38129997253418, 7.437600135803223, 7.411300182342529, 7.4893999099731445, 7.407800197601318, 7.411600112915039, 7.5157999992370605, 7.697199821472168, 7.630000114440918, 7.369999885559082, 7.53439998626709, 7.709199905395508, 7.4105000495910645, 7.701399803161621, 7.602799892425537, 7.703100204467773, 7.590099811553955, 7.640999794006348, 7.309000015258789, 7.446499824523926, 7.615099906921387, 7.503699779510498, 7.421999931335449, 7.5355000495910645, 7.522600173950195, 7.413000106811523, 6.9375]"
