item_id,start,freq,target
T409,2014-12-29,W-SUN,"[4.342800140380859, 5.170300006866455, 3.5608999729156494, 5.145599842071533, 5.590400218963623, 5.468299865722656, 5.546000003814697, 5.697999954223633, 5.098800182342529, 5.999100208282471, 5.855599880218506, 5.88040018081665, 6.252999782562256, 5.782199859619141, 5.8267998695373535, 5.917399883270264, 5.690999984741211, 5.821400165557861, 5.98360013961792, 5.896999835968018, 5.724999904632568, 5.816699981689453, 6.04449987411499, 6.150300025939941, 6.238100051879883, 6.112199783325195, 5.551400184631348, 6.13040018081665, 6.205100059509277, 6.240600109100342, 6.061999797821045, 6.112400054931641, 6.158699989318848, 6.200200080871582, 6.1290998458862305, 5.912099838256836, 6.251699924468994, 5.988399982452393, 5.825500011444092, 6.197000026702881, 6.009200096130371, 6.506700038909912, 6.249100208282471, 6.01639986038208, 6.501800060272217, 6.472899913787842, 6.120299816131592, 5.607800006866455, 6.077899932861328, 5.994500160217285, 5.903500080108643, 5.019199848175049, 4.9816999435424805, 5.4633002281188965, 5.669099807739258, 6.043099880218506, 5.900000095367432, 5.928500175476074, 5.966599941253662, 5.926000118255615, 6.143700122833252, 5.811100006103516, 5.740799903869629, 5.984099864959717, 6.4430999755859375, 6.211900234222412, 5.9475998878479, 6.263700008392334, 6.085599899291992, 6.208000183105469, 6.323999881744385, 6.464900016784668, 6.715099811553955, 6.263400077819824, 6.1244001388549805, 5.65339994430542, 6.462100028991699, 6.216700077056885, 4.677199840545654, 4.9756999015808105, 5.560699939727783, 5.2733001708984375, 4.047299861907959, 4.457799911499023, 4.897799968719482, 4.393199920654297, 5.449100017547607, 7.015100002288818, 5.48859977722168, 7.417500019073486, 5.279699802398682, 9.330599784851074, 6.718400001525879, 6.769499778747559, 7.450099945068359, 9.121299743652344]"
