item_id,start,freq,target
T288,2014-12-29,W-SUN,"[7.368899822235107, 9.429699897766113, 7.431399822235107, 9.84469985961914, 10.170499801635742, 10.402199745178223, 10.407699584960938, 10.036199569702148, 9.72700023651123, 12.70359992980957, 13.43120002746582, 12.716699600219727, 11.833600044250488, 11.619799613952637, 11.928299903869629, 12.657400131225586, 11.838700294494629, 12.49779987335205, 12.669300079345703, 13.185500144958496, 11.722299575805664, 12.718400001525879, 13.405799865722656, 13.079400062561035, 12.922699928283691, 12.923999786376953, 10.623100280761719, 12.953399658203125, 12.85789966583252, 11.847700119018555, 12.031700134277344, 12.1358003616333, 11.865099906921387, 13.407400131225586, 13.105899810791016, 11.746800422668457, 13.772000312805176, 13.763999938964844, 13.124300003051758, 12.655699729919434, 12.581600189208984, 13.050100326538086, 12.933300018310547, 12.626399993896484, 12.38290023803711, 13.229299545288086, 12.349699974060059, 10.855299949645996, 11.964200019836426, 13.209799766540527, 13.625300407409668, 9.437100410461426, 9.872699737548828, 11.451800346374512, 11.949700355529785, 12.206199645996094, 12.501500129699707, 12.362299919128418, 12.138999938964844, 11.302800178527832, 12.462900161743164, 12.798999786376953, 12.866600036621094, 12.709199905395508, 12.338899612426758, 12.25730037689209, 12.051199913024902, 12.814000129699707, 13.34689998626709, 13.302000045776367, 12.157400131225586, 13.216500282287598, 13.321200370788574, 12.453900337219238, 13.35420036315918, 13.334799766540527, 14.063699722290039, 13.122900009155273, 11.005000114440918, 12.808099746704102, 13.045900344848633, 12.906999588012695, 13.396900177001953, 12.560400009155273, 13.666500091552734, 14.385199546813965, 13.845399856567383, 12.469200134277344, 13.654999732971191, 14.356499671936035, 14.976099967956543, 13.485799789428711, 13.901200294494629, 14.346599578857422, 13.008299827575684, 12.670100212097168]"
