item_id,start,freq,target
T365,2014-12-29,W-SUN,"[7.516200065612793, 8.39680004119873, 10.720999717712402, 9.201700210571289, 10.991299629211426, 11.911700248718262, 8.999300003051758, 9.370200157165527, 9.72819995880127, 12.176899909973145, 11.743599891662598, 9.859399795532227, 10.974100112915039, 10.323699951171875, 11.403900146484375, 12.084600448608398, 8.343799591064453, 12.835599899291992, 12.635700225830078, 10.901100158691406, 10.733400344848633, 11.438199996948242, 12.19219970703125, 12.370599746704102, 13.614299774169922, 16.43600082397461, 12.578100204467773, 15.484999656677246, 14.133199691772461, 14.851699829101562, 14.987199783325195, 15.583000183105469, 14.090100288391113, 14.496500015258789, 10.315600395202637, 13.777600288391113, 14.203100204467773, 16.01810073852539, 10.155400276184082, 15.797100067138672, 14.371999740600586, 13.715900421142578, 14.558699607849121, 17.005399703979492, 15.93649959564209, 15.942399978637695, 14.339500427246094, 10.5378999710083, 11.26990032196045, 15.400099754333496, 14.289799690246582, 11.654999732971191, 13.316699981689453, 13.227100372314453, 13.255200386047363, 13.730600357055664, 15.94789981842041, 10.850899696350098, 10.54010009765625, 15.816699981689453, 15.10260009765625, 15.913900375366211, 15.284600257873535, 15.952300071716309, 14.98270034790039, 14.022000312805176, 15.140600204467773, 15.983699798583984, 17.04599952697754, 16.219200134277344, 16.4281005859375, 17.30419921875, 16.453100204467773, 16.133899688720703, 17.248899459838867, 16.943300247192383, 17.016000747680664, 16.88360023498535, 14.288100242614746, 16.393999099731445, 16.829700469970703, 16.177400588989258, 15.958700180053711, 15.763099670410156, 15.617899894714355, 16.69099998474121, 16.734500885009766, 14.651300430297852, 16.950199127197266, 17.280099868774414, 18.06450080871582, 13.041399955749512, 16.829099655151367, 16.863500595092773, 17.085800170898438, 16.18079948425293]"
