item_id,start,freq,target
T774,2015-01-04 00:00:00,W-SUN,"[7.182799816131592, 9.346799850463867, 8.07450008392334, 8.452699661254883, 8.554100036621094, 8.3951997756958, 8.869400024414062, 9.14780044555664, 8.087400436401367, 8.556599617004395, 8.955499649047852, 8.12559986114502, 8.821599960327148, 7.306399822235107, 8.019200325012207, 8.366000175476074, 8.072699546813965, 8.79640007019043, 8.11989974975586, 8.895000457763672, 8.79520034790039, 9.01200008392334, 9.208100318908691, 8.83329963684082, 8.145999908447266, 8.399299621582031, 7.781199932098389, 9.258199691772461, 8.415300369262695, 8.442700386047363, 8.252300262451172, 8.574299812316895, 9.130599975585938, 9.62090015411377, 8.804900169372559, 8.577500343322754, 9.490300178527832, 9.655400276184082, 8.580499649047852, 9.865900039672852, 9.057100296020508, 9.65999984741211, 9.233499526977539, 9.652299880981445, 10.240099906921387, 11.315999984741211, 8.800800323486328, 8.659299850463867, 10.405599594116211, 10.314000129699707, 8.839400291442871, 6.295400142669678, 7.7118000984191895, 9.3996000289917, 8.775799751281738, 8.76099967956543, 8.243000030517578, 10.041000366210938, 9.80720043182373, 8.035200119018555, 7.371500015258789, 6.630099773406982, 7.034200191497803, 7.013999938964844, 7.718599796295166, 6.815499782562256, 8.0649995803833, 11.031800270080566, 10.325200080871582, 9.342599868774414, 9.683600425720215, 10.074299812316895, 10.147299766540527, 9.758700370788574, 11.483699798583984, 10.78909969329834, 9.965299606323242, 9.296099662780762, 7.930699825286865, 8.3371000289917, 7.554699897766113, 7.09689998626709, 7.145100116729736, 7.010700225830078, 7.534800052642822, 9.180100440979004, 10.784099578857422, 8.452899932861328, 9.17770004272461, 9.812800407409668]"
