item_id,start,freq,target
T685,2014-12-29,W-SUN,"[8.362799644470215, 9.97700023651123, 3.649899959564209, 3.889899969100952, 3.889899969100952, 9.082099914550781, 9.706700325012207, 10.467700004577637, 9.738200187683105, 11.070799827575684, 10.513199806213379, 10.724900245666504, 11.057999610900879, 9.854599952697754, 10.708700180053711, 10.674400329589844, 9.969400405883789, 10.57800006866455, 10.510499954223633, 10.283900260925293, 9.612700462341309, 10.961899757385254, 11.136500358581543, 11.081700325012207, 11.154500007629395, 10.638099670410156, 9.208700180053711, 10.669599533081055, 11.410499572753906, 11.246999740600586, 10.964400291442871, 10.685600280761719, 10.74120044708252, 10.82450008392334, 10.594300270080566, 10.324700355529785, 11.788100242614746, 12.343999862670898, 11.947699546813965, 11.632399559020996, 11.133299827575684, 11.680399894714355, 11.281200408935547, 13.022899627685547, 11.880599975585938, 11.556699752807617, 9.994999885559082, 9.217300415039062, 10.224599838256836, 10.471599578857422, 9.654199600219727, 7.667600154876709, 9.073399543762207, 10.161800384521484, 10.611499786376953, 10.180100440979004, 10.257699966430664, 10.744999885559082, 10.800700187683105, 11.008099555969238, 10.873000144958496, 10.281299591064453, 9.876999855041504, 11.123299598693848, 10.199000358581543, 10.667499542236328, 10.225299835205078, 11.09179973602295, 11.371100425720215, 11.139399528503418, 10.945899963378906, 11.339900016784668, 11.228300094604492, 11.143500328063965, 10.978500366210938, 11.277799606323242, 11.367199897766113, 11.355400085449219, 9.260299682617188, 11.391300201416016, 11.537400245666504, 10.549300193786621, 10.511699676513672, 10.50220012664795, 10.621100425720215, 11.002599716186523, 11.661700248718262, 10.42300033569336, 11.946200370788574, 10.540800094604492, 10.548399925231934, 10.994000434875488, 10.501299858093262, 12.931599617004395, 13.86400032043457, 13.824799537658691]"
