item_id,start,freq,target
T65,2015-01-11 00:00:00,W-SUN,"[9.066900253295898, 8.387200355529785, 9.745800018310547, 9.969900131225586, 9.193499565124512, 8.530799865722656, 9.449899673461914, 9.96310043334961, 9.77560043334961, 9.345399856567383, 9.19379997253418, 8.737000465393066, 9.626500129699707, 9.891900062561035, 9.672300338745117, 9.995200157165527, 9.745800018310547, 8.749099731445312, 8.936800003051758, 9.730799674987793, 10.132599830627441, 10.512499809265137, 10.313799858093262, 10.363800048828125, 8.436699867248535, 10.108400344848633, 9.722800254821777, 10.15060043334961, 9.58489990234375, 9.729100227355957, 9.67770004272461, 10.094900131225586, 10.038200378417969, 9.053600311279297, 10.422699928283691, 12.024700164794922, 10.891300201416016, 11.211899757385254, 10.776800155639648, 10.883600234985352, 10.602100372314453, 11.503999710083008, 11.054400444030762, 13.2568998336792, 10.70460033416748, 9.464099884033203, 10.024999618530273, 10.291099548339844, 9.370599746704102, 7.005300045013428, 8.665900230407715, 9.887299537658691, 9.537699699401855, 9.58430004119873, 10.308099746704102, 10.146200180053711, 10.07349967956543, 10.46720027923584, 10.94279956817627, 10.423700332641602, 10.218400001525879, 10.253000259399414, 9.663900375366211, 9.546500205993652, 9.5516996383667, 10.596099853515625, 11.052900314331055, 10.495499610900879, 10.505999565124512, 11.28320026397705, 10.459199905395508, 10.197699546813965, 11.156999588012695, 10.818900108337402, 10.845199584960938, 10.988900184631348, 8.67549991607666, 10.259599685668945, 10.749099731445312, 10.491900444030762, 10.47599983215332, 9.949000358581543, 9.768400192260742, 10.480400085449219, 10.535599708557129, 9.257699966430664, 11.116600036621094, 11.034000396728516, 11.637399673461914, 9.963399887084961]"
