item_id,start,freq,target
T440,2014-12-29,W-SUN,"[5.872600078582764, 6.7453999519348145, 5.219600200653076, 6.946300029754639, 7.1016998291015625, 7.040200233459473, 7.249199867248535, 7.3302998542785645, 6.724100112915039, 7.795400142669678, 7.2399001121521, 8.424200057983398, 8.382599830627441, 8.263799667358398, 7.688399791717529, 7.932400226593018, 7.847899913787842, 7.95419979095459, 8.221599578857422, 8.207599639892578, 8.433500289916992, 8.195599555969238, 8.845499992370605, 7.056099891662598, 8.147199630737305, 8.411499977111816, 8.135700225830078, 3.992000102996826, 3.889899969100952, 3.904099941253662, 8.264399528503418, 8.79170036315918, 8.940799713134766, 8.838800430297852, 9.3193998336792, 8.509599685668945, 8.874500274658203, 9.60420036315918, 10.776300430297852, 8.627699851989746, 8.566100120544434, 7.696800231933594, 9.221400260925293, 8.69480037689209, 7.452700138092041, 8.242799758911133, 8.0693998336792, 7.998899936676025, 6.728400230407715, 7.771599769592285, 6.65880012512207, 8.053099632263184, 7.612199783325195, 7.879199981689453, 7.468400001525879, 7.332799911499023, 7.741199970245361, 7.875199794769287, 7.968299865722656, 6.999000072479248, 8.350899696350098, 7.8445000648498535, 8.794899940490723, 6.9527997970581055, 9.053099632263184, 8.477399826049805, 8.584199905395508, 8.67959976196289, 8.938400268554688, 8.587599754333496, 9.09630012512207, 8.76140022277832, 9.356499671936035, 9.156599998474121, 8.844900131225586, 9.322600364685059, 9.123299598693848, 9.192500114440918, 9.480299949645996, 7.445899963378906, 8.655099868774414, 7.145100116729736, 9.941399574279785, 9.613499641418457, 9.267800331115723, 9.231200218200684, 9.040599822998047, 8.846400260925293, 9.028400421142578, 7.923999786376953, 9.076299667358398, 8.789299964904785, 9.023799896240234, 8.559499740600586, 8.895999908447266, 7.519999980926514]"
