item_id,start,freq,target
T48,2015-01-11 00:00:00,W-SUN,"[[6.366199970245361, 7.672599792480469, 8.838800430297852, 8.997300148010254, 8.42959976196289, 8.843999862670898, 8.094400405883789, 9.482500076293945, 9.546899795532227, 9.70300006866455, 8.431400299072266, 8.187199592590332, 8.760600090026855, 9.224599838256836, 9.166600227355957, 9.447199821472168, 9.218799591064453, 9.67609977722168, 8.906100273132324, 9.307100296020508, 9.971199989318848, 9.726499557495117, 9.60200023651123, 8.854599952697754, 7.63730001449585, 8.80210018157959, 9.368300437927246, 8.82450008392334, 9.647500038146973, 8.688899993896484, 9.181300163269043, 10.13029956817627, 10.248100280761719, 9.565500259399414, 10.433899879455566, 10.400199890136719, 7.8018999099731445, 8.798500061035156, 9.123900413513184, 9.470399856567383, 9.258299827575684, 9.267000198364258, 8.291399955749512, 9.246000289916992, 8.015700340270996, 7.535999774932861, 9.124799728393555, 9.014300346374512, 8.222800254821777, 6.250500202178955, 7.2179999351501465, 7.948400020599365, 8.637299537658691, 8.065600395202637, 8.614100456237793, 8.547800064086914, 9.104000091552734, 9.602399826049805, 8.148200035095215, 8.271100044250488, 8.004199981689453, 6.658999919891357, 7.985300064086914, 9.336199760437012, 9.560700416564941, 9.791199684143066, 10.059300422668457, 9.80459976196289, 9.532899856567383, 9.666299819946289, 9.866600036621094, 9.163399696350098, 10.126299858093262, 9.635100364685059, 9.521400451660156, 9.371600151062012, 7.811200141906738, 9.409299850463867, 9.745800018310547, 8.957200050354004, 8.985699653625488, 9.248499870300293, 7.497300148010254, 8.691399574279785, 8.984399795532227, 8.269399642944336, 10.640000343322754, 11.579899787902832, 11.013299942016602, 11.116000175476074]]"
