item_id,start,freq,target
T201,2014-12-29,W-SUN,"[5.8495001792907715, 10.224100112915039, 8.00510025024414, 7.441500186920166, 8.925800323486328, 8.894200325012207, 8.3951997756958, 8.70580005645752, 8.406000137329102, 8.7076997756958, 8.575599670410156, 8.763699531555176, 8.704099655151367, 8.183300018310547, 8.06879997253418, 8.434200286865234, 8.106399536132812, 9.0693998336792, 9.532299995422363, 9.349900245666504, 7.945799827575684, 8.425299644470215, 9.024299621582031, 8.666399955749512, 7.522200107574463, 8.482199668884277, 7.097400188446045, 8.669400215148926, 8.401300430297852, 8.033699989318848, 8.482999801635742, 8.394200325012207, 8.599300384521484, 9.690699577331543, 8.795100212097168, 7.8520002365112305, 9.0447998046875, 9.91569995880127, 9.34000015258789, 9.33080005645752, 9.307000160217285, 10.037699699401855, 10.595999717712402, 10.19629955291748, 10.151399612426758, 10.861499786376953, 9.968299865722656, 7.72160005569458, 9.433099746704102, 9.913999557495117, 8.17770004272461, 4.781099796295166, 6.160099983215332, 8.769800186157227, 8.067099571228027, 9.79010009765625, 9.180800437927246, 9.402600288391113, 9.23740005493164, 9.64109992980957, 9.744999885559082, 8.482600212097168, 8.815299987792969, 8.71720027923584, 7.888899803161621, 8.322400093078613, 8.113100051879883, 8.486200332641602, 8.812299728393555, 8.18850040435791, 8.7878999710083, 8.551300048828125, 9.086400032043457, 7.338399887084961, 8.804300308227539, 8.937399864196777, 8.52750015258789, 8.799200057983398, 6.947000026702881, 8.972399711608887, 9.167400360107422, 8.710599899291992, 8.645099639892578, 8.487600326538086, 8.562899589538574, 9.041299819946289, 9.567099571228027, 7.724800109863281, 9.616399765014648, 9.665800094604492, 10.24370002746582, 8.668899536132812, 9.52299976348877, 9.620499610900879, 9.739999771118164, 8.625200271606445]"
