item_id,start,freq,target
T96,2014-12-29,W-SUN,"[7.820300102233887, 9.33650016784668, 11.002799987792969, 10.885899543762207, 12.643099784851074, 12.239700317382812, 10.938699722290039, 11.4399995803833, 10.110199928283691, 10.519100189208984, 10.48289966583252, 10.598099708557129, 11.113800048828125, 10.10319995880127, 10.019399642944336, 11.072600364685059, 10.591699600219727, 10.778200149536133, 11.000300407409668, 11.605400085449219, 9.566800117492676, 10.488900184631348, 10.066300392150879, 9.52299976348877, 10.083700180053711, 9.660499572753906, 7.648200035095215, 9.265299797058105, 9.5177001953125, 10.045599937438965, 8.925200462341309, 9.093899726867676, 8.791199684143066, 9.229100227355957, 8.155200004577637, 8.222900390625, 9.159899711608887, 9.87969970703125, 9.908599853515625, 10.577099800109863, 10.120400428771973, 10.30109977722168, 9.84060001373291, 9.510000228881836, 7.803599834442139, 13.111900329589844, 13.013699531555176, 9.170700073242188, 11.143199920654297, 13.168299674987793, 11.816499710083008, 7.663599967956543, 9.117799758911133, 12.594599723815918, 11.105899810791016, 12.370499610900879, 12.474100112915039, 12.84220027923584, 10.985099792480469, 12.900199890136719, 13.550299644470215, 13.386699676513672, 13.532699584960938, 13.896499633789062, 13.323599815368652, 12.946900367736816, 13.440600395202637, 13.753100395202637, 13.837200164794922, 13.904000282287598, 14.100899696350098, 13.89169979095459, 14.194100379943848, 12.601699829101562, 14.0516996383667, 14.21660041809082, 12.328300476074219, 10.27299976348877, 7.961699962615967, 10.239899635314941, 10.03279972076416, 10.642999649047852, 9.794099807739258, 9.90470027923584, 9.748000144958496, 9.91349983215332, 10.35949993133545, 9.40779972076416, 10.712599754333496, 10.645000457763672, 10.859299659729004, 9.285200119018555, 11.333800315856934, 10.752400398254395, 10.508600234985352, 9.597200393676758]"
