item_id,start,freq,target
T589,2015-01-18 00:00:00,W-SUN,"[13.889100074768066, 14.281200408935547, 13.921500205993652, 14.012499809265137, 14.709400177001953, 13.57450008392334, 14.632599830627441, 14.612199783325195, 15.203300476074219, 14.2253999710083, 13.29800033569336, 14.46030044555664, 15.110600471496582, 14.275500297546387, 14.197400093078613, 14.857000350952148, 14.996800422668457, 14.173399925231934, 15.41670036315918, 15.705499649047852, 15.707200050354004, 14.978899955749512, 15.124600410461426, 12.748600006103516, 15.436800003051758, 15.344499588012695, 15.456899642944336, 14.920100212097168, 15.166999816894531, 15.318900108337402, 15.966500282287598, 14.482000350952148, 13.301400184631348, 16.03420066833496, 16.215999603271484, 15.593299865722656, 15.848899841308594, 15.66189956665039, 15.28439998626709, 15.10200023651123, 15.197500228881836, 16.02199935913086, 15.356599807739258, 15.640299797058105, 11.773799896240234, 15.031000137329102, 16.672199249267578, 16.4158992767334, 9.258600234985352, 10.70740032196045, 14.436200141906738, 13.777799606323242, 15.591300010681152, 13.925999641418457, 14.474599838256836, 14.14009952545166, 14.85159969329834, 14.896100044250488, 14.578300476074219, 15.14109992980957, 16.55120086669922, 14.847800254821777, 14.273200035095215, 14.465299606323242, 15.286499977111816, 14.645600318908691, 15.579500198364258, 15.020899772644043, 15.682000160217285, 16.37689971923828, 14.183099746704102, 15.949600219726562, 16.932899475097656, 15.775899887084961, 15.402099609375, 12.787199974060059, 15.415499687194824, 15.994500160217285, 14.920900344848633, 15.526100158691406, 15.325900077819824, 15.795499801635742, 16.19540023803711, 15.753199577331543, 13.634499549865723, 15.950599670410156, 16.414100646972656, 15.767999649047852, 16.567100524902344, 15.432499885559082]"
