item_id,start,freq,target
T723,2014-12-29,W-SUN,"[2.0701000690460205, 2.004499912261963, 1.7754000425338745, 1.9266999959945679, 3.2095000743865967, 2.011899948120117, 2.833199977874756, 4.576000213623047, 3.872499942779541, 4.380099773406982, 5.234799861907959, 4.861199855804443, 5.5904998779296875, 5.604800224304199, 6.071199893951416, 5.9334001541137695, 5.904600143432617, 5.843900203704834, 5.558899879455566, 5.117700099945068, 5.244100093841553, 5.452300071716309, 6.037600040435791, 5.959700107574463, 6.037300109863281, 5.483799934387207, 3.519399881362915, 2.802799940109253, 3.7695000171661377, 3.2799999713897705, 5.325399875640869, 3.221400022506714, 2.8310999870300293, 3.3331000804901123, 3.1989998817443848, 2.9647998809814453, 3.671600103378296, 3.094099998474121, 4.361800193786621, 6.093299865722656, 4.351399898529053, 3.8427000045776367, 4.91949987411499, 5.192200183868408, 5.663099765777588, 5.718100070953369, 5.546000003814697, 4.941500186920166, 4.5609002113342285, 5.92609977722168, 5.322800159454346, 5.530200004577637, 5.507699966430664, 5.285399913787842, 4.945799827575684, 5.531899929046631, 5.689499855041504, 5.538599967956543, 4.768599987030029, 4.712200164794922, 5.458899974822998, 2.3942999839782715, 2.196500062942505, 2.341099977493286, 2.7032999992370605, 2.664099931716919, 2.603800058364868, 2.6054000854492188, 2.4911000728607178, 2.663800001144409, 2.933799982070923, 2.595400094985962, 2.5037999153137207, 3.7960000038146973, 3.3879001140594482, 3.4173998832702637, 4.602499961853027, 3.2537999153137207, 5.158299922943115, 3.626199960708618, 4.435999870300293, 5.411300182342529, 5.859099864959717, 3.4563000202178955, 3.814199924468994, 4.6153998374938965, 4.480999946594238, 7.559000015258789, 7.2677998542785645, 8.8371000289917, 5.245200157165527, 5.5808000564575195, 4.892000198364258, 3.9955999851226807, 4.718200206756592, 3.499300003051758]"
