item_id,start,freq,target
T93,2014-12-29,W-SUN,"[4.387400150299072, 5.453400135040283, 3.6623001098632812, 5.288300037384033, 5.597899913787842, 5.58050012588501, 5.528299808502197, 5.654200077056885, 5.175099849700928, 6.179900169372559, 5.916600227355957, 5.937699794769287, 5.964799880981445, 5.731800079345703, 5.941999912261963, 5.957499980926514, 5.891600131988525, 5.912499904632568, 5.972700119018555, 6.068299770355225, 5.9166998863220215, 6.0441999435424805, 6.075300216674805, 5.865900039672852, 5.559999942779541, 5.527599811553955, 5.132599830627441, 5.554100036621094, 5.60099983215332, 5.480500221252441, 5.619900226593018, 5.747200012207031, 6.054500102996826, 5.105199813842773, 5.202000141143799, 5.140600204467773, 5.503200054168701, 5.4567999839782715, 5.4415998458862305, 5.396399974822998, 5.367800235748291, 5.413899898529053, 5.362100124359131, 5.250400066375732, 5.268099784851074, 5.267499923706055, 5.365099906921387, 4.65880012512207, 5.199399948120117, 5.098199844360352, 5.172500133514404, 4.299900054931641, 4.421599864959717, 4.861599922180176, 4.861400127410889, 4.970900058746338, 5.037399768829346, 5.159900188446045, 5.099699974060059, 5.076499938964844, 5.113800048828125, 5.004300117492676, 4.9430999755859375, 4.877799987792969, 5.502799987792969, 5.297500133514404, 5.240799903869629, 5.269400119781494, 5.331399917602539, 5.394000053405762, 5.3379998207092285, 5.504199981689453, 5.42110013961792, 5.377299785614014, 5.507999897003174, 5.4969000816345215, 5.635799884796143, 5.547599792480469, 5.1915998458862305, 5.523600101470947, 5.490699768066406, 5.585000038146973, 5.620800018310547, 5.587699890136719, 5.55019998550415, 5.575900077819824, 5.468699932098389, 5.1041998863220215, 5.374599933624268, 5.64870023727417, 5.225500106811523, 5.24429988861084, 5.456099987030029, 5.327199935913086, 5.2342000007629395, 5.114699840545654]"
