item_id,start,freq,target
T501,2015-01-11 00:00:00,W-SUN,"[12.086799621582031, 10.079999923706055, 12.250800132751465, 12.523900032043457, 8.504199981689453, 11.042200088500977, 9.575799942016602, 13.453700065612793, 11.024399757385254, 10.586299896240234, 10.168800354003906, 9.66510009765625, 9.900699615478516, 9.758899688720703, 7.332600116729736, 10.274299621582031, 10.500499725341797, 10.074299812316895, 7.098299980163574, 7.091300010681152, 7.078000068664551, 7.539999961853027, 7.120200157165527, 7.231299877166748, 6.832699775695801, 7.138400077819824, 7.123799800872803, 6.712100028991699, 7.02869987487793, 7.049900054931641, 6.585000038146973, 7.640500068664551, 5.521100044250488, 7.4456000328063965, 7.651299953460693, 8.089300155639648, 6.052199840545654, 7.448999881744385, 7.625, 7.791399955749512, 7.689000129699707, 8.701899528503418, 10.15250015258789, 9.940299987792969, 9.075799942016602, 10.138099670410156, 6.716400146484375, 10.686200141906738, 9.586700439453125, 8.425200462341309, 9.319499969482422, 10.023200035095215, 9.347700119018555, 9.132399559020996, 9.920299530029297, 9.899499893188477, 6.931700229644775, 10.21660041809082, 9.195500373840332, 10.607799530029297, 10.455599784851074, 11.227499961853027, 10.181500434875488, 9.415300369262695, 9.970399856567383, 10.407099723815918, 12.397100448608398, 9.86970043182373, 9.655599594116211, 7.576900005340576, 6.787399768829346, 7.566100120544434, 7.429200172424316, 6.354700088500977, 7.010799884796143, 7.0619001388549805, 6.425000190734863, 6.401800155639648, 6.528800010681152, 6.770699977874756, 6.902900218963623, 5.968900203704834, 6.904600143432617, 6.197800159454346, 3.889899969100952, 3.8989999294281006, 4.135300159454346, 5.53980016708374, 8.194700241088867, 6.145100116729736]"
