item_id,start,freq,target
T818,2015-02-01 00:00:00,W-SUN,"[5.834099769592285, 5.596499919891357, 5.649400234222412, 5.213399887084961, 5.8242998123168945, 5.901199817657471, 5.744100093841553, 5.9471001625061035, 5.751500129699707, 5.922599792480469, 5.8927998542785645, 5.723599910736084, 5.934999942779541, 5.9145002365112305, 6.026500225067139, 5.733799934387207, 5.9882001876831055, 6.014800071716309, 6.002500057220459, 5.912600040435791, 6.177299976348877, 5.459000110626221, 5.924300193786621, 5.974100112915039, 5.876500129699707, 5.828499794006348, 5.853600025177002, 6.0100998878479, 5.890200138092041, 5.952700138092041, 5.5493998527526855, 6.0005998611450195, 6.017399787902832, 5.725900173187256, 6.047800064086914, 5.656199932098389, 5.929999828338623, 5.96560001373291, 5.863800048828125, 5.914400100708008, 6.151500225067139, 5.902500152587891, 5.426400184631348, 6.057400226593018, 5.9496002197265625, 5.98769998550415, 4.861299991607666, 5.2052001953125, 6.099899768829346, 5.8059000968933105, 6.008299827575684, 5.976500034332275, 5.924499988555908, 5.7820000648498535, 5.9166998863220215, 5.757800102233887, 5.760000228881836, 5.8592000007629395, 5.859099864959717, 5.876100063323975, 5.807600021362305, 5.813499927520752, 5.816400051116943, 5.9197001457214355, 5.975900173187256, 6.119699954986572, 9.540200233459473, 9.392900466918945, 8.760899543762207, 9.03320026397705, 8.415300369262695, 10.28600025177002, 8.192099571228027, 7.150199890136719, 8.09589958190918, 10.439000129699707, 8.93910026550293, 9.720600128173828, 9.47189998626709, 7.625100135803223, 6.529799938201904, 7.976099967956543, 6.874899864196777, 7.90369987487793, 8.168100357055664, 9.223099708557129, 7.6855998039245605, 7.906400203704834, 8.012800216674805, 7.4832000732421875]"
