item_id,start,freq,target
T822,2014-12-29,W-SUN,"[6.11870002746582, 7.045100212097168, 6.673900127410889, 6.966300010681152, 7.1031999588012695, 7.0081000328063965, 6.969099998474121, 7.2221999168396, 6.388500213623047, 7.182300090789795, 7.169300079345703, 7.107999801635742, 7.15910005569458, 7.04610013961792, 7.164100170135498, 7.179500102996826, 7.195000171661377, 7.345399856567383, 7.496099948883057, 7.360000133514404, 6.790900230407715, 7.446499824523926, 7.364200115203857, 7.332200050354004, 7.3231000900268555, 7.243899822235107, 6.795899868011475, 7.346399784088135, 7.602700233459473, 7.285299777984619, 7.291200160980225, 7.312399864196777, 7.307499885559082, 7.422699928283691, 7.837200164794922, 6.974999904632568, 7.518099784851074, 7.485400199890137, 7.410900115966797, 7.522799968719482, 7.407899856567383, 7.518700122833252, 7.57859992980957, 7.456699848175049, 7.2357001304626465, 7.322400093078613, 7.295899868011475, 6.504799842834473, 7.24370002746582, 7.654600143432617, 8.87279987335205, 6.134200096130371, 6.190700054168701, 7.118100166320801, 6.892000198364258, 7.106400012969971, 7.196000099182129, 7.191400051116943, 7.807300090789795, 9.066300392150879, 7.347899913787842, 7.133800029754639, 7.081099987030029, 8.404600143432617, 7.395100116729736, 7.349800109863281, 7.2652997970581055, 7.5467000007629395, 7.48199987411499, 7.572800159454346, 7.559199810028076, 7.576700210571289, 7.6132001876831055, 7.129300117492676, 7.541900157928467, 7.523399829864502, 7.553699970245361, 7.5746002197265625, 6.837299823760986, 7.532800197601318, 7.4857001304626465, 7.338600158691406, 7.514500141143799, 7.385700225830078, 7.592400074005127, 7.590400218963623, 7.599899768829346, 6.988399982452393, 6.651100158691406, 6.960100173950195, 7.7600998878479, 7.660999774932861, 10.062899589538574, 9.886099815368652, 9.938599586486816, 9.703399658203125]"
