item_id,start,freq,target
T750,2014-12-29,W-SUN,"[7.544099807739258, 9.663200378417969, 9.951899528503418, 9.50730037689209, 9.43179988861084, 9.172100067138672, 9.27810001373291, 9.697199821472168, 9.009099960327148, 9.38640022277832, 9.89430046081543, 9.739700317382812, 10.718400001525879, 9.815799713134766, 9.864800453186035, 10.039199829101562, 8.986900329589844, 10.119199752807617, 9.462699890136719, 10.768199920654297, 9.03969955444336, 9.606300354003906, 9.785900115966797, 10.463199615478516, 10.480299949645996, 10.208700180053711, 8.694899559020996, 9.54539966583252, 9.747300148010254, 9.422499656677246, 10.027999877929688, 10.328900337219238, 10.081399917602539, 10.428500175476074, 9.039999961853027, 9.09570026397705, 9.67039966583252, 10.491800308227539, 7.283899784088135, 6.935699939727783, 7.257199764251709, 7.040500164031982, 6.760000228881836, 7.788700103759766, 9.873299598693848, 10.330699920654297, 11.348600387573242, 8.538599967956543, 10.271400451660156, 10.357199668884277, 11.140800476074219, 8.227899551391602, 7.388000011444092, 9.423299789428711, 9.040499687194824, 9.537500381469727, 8.973400115966797, 9.892999649047852, 9.745400428771973, 10.339400291442871, 8.496800422668457, 9.889100074768066, 9.660799980163574, 9.57349967956543, 7.823800086975098, 7.700500011444092, 7.700500011444092, 7.898799896240234, 10.533599853515625, 10.124099731445312, 9.99209976196289, 10.495699882507324, 10.737700462341309, 10.241800308227539, 8.35789966583252, 8.078399658203125, 7.353000164031982, 7.017600059509277, 6.1691999435424805, 7.544899940490723, 7.392099857330322, 6.529900074005127, 6.893199920654297, 6.637400150299072, 7.445499897003174, 7.436399936676025, 7.8531999588012695, 6.484399795532227, 6.958000183105469, 7.336100101470947, 7.323599815368652, 6.7017998695373535, 6.729800224304199, 6.94980001449585, 8.58810043334961, 9.86929988861084]"
