item_id,start,freq,target
T537,2014-12-29,W-SUN,"[5.247700214385986, 5.482500076293945, 5.632500171661377, 5.515399932861328, 5.581699848175049, 5.4679999351501465, 5.622000217437744, 5.731900215148926, 5.211100101470947, 5.707499980926514, 5.788000106811523, 6.190700054168701, 5.907700061798096, 5.843999862670898, 5.840199947357178, 5.846799850463867, 5.098199844360352, 6.346700191497803, 5.838799953460693, 5.803599834442139, 6.043000221252441, 6.4369001388549805, 5.957799911499023, 5.997499942779541, 6.136199951171875, 6.211299896240234, 5.854599952697754, 6.000199794769287, 6.1504998207092285, 6.101799964904785, 6.1722002029418945, 6.110899925231934, 6.094799995422363, 6.546299934387207, 5.787300109863281, 6.396599769592285, 6.958600044250488, 6.38730001449585, 6.128300189971924, 6.47189998626709, 6.28980016708374, 6.51639986038208, 6.038099765777588, 6.565000057220459, 6.1656999588012695, 6.182000160217285, 6.332600116729736, 6.0243000984191895, 6.043900012969971, 5.9328999519348145, 6.063700199127197, 5.618000030517578, 5.429500102996826, 5.793700218200684, 6.012700080871582, 6.383999824523926, 5.642499923706055, 7.126500129699707, 5.959499835968018, 5.950699806213379, 6.053299903869629, 6.120299816131592, 5.716800212860107, 5.9552998542785645, 6.357900142669678, 6.060100078582764, 5.908400058746338, 6.369699954986572, 4.531599998474121, 5.600399971008301, 5.77839994430542, 6.049099922180176, 5.989099979400635, 6.013400077819824, 6.247399806976318, 6.070099830627441, 6.356400012969971, 6.063499927520752, 5.864299774169922, 5.982500076293945, 6.071499824523926, 5.694399833679199, 5.726500034332275, 5.261000156402588, 6.121399879455566, 6.018400192260742, 8.319999694824219, 8.277199745178223, 8.774800300598145, 9.754300117492676, 9.011899948120117, 9.057600021362305, 8.157299995422363, 8.218600273132324, 9.066100120544434, 7.876299858093262]"
