item_id,start,freq,target
T142,2014-12-29,W-SUN,"[4.423500061035156, 5.636000156402588, 7.0625, 6.720900058746338, 7.628399848937988, 7.7266998291015625, 7.536799907684326, 7.644199848175049, 7.762499809265137, 14.211099624633789, 14.203200340270996, 10.941499710083008, 7.808199882507324, 7.245999813079834, 7.713799953460693, 7.719099998474121, 7.640900135040283, 7.888400077819824, 7.80709981918335, 7.895500183105469, 7.09499979019165, 7.731800079345703, 7.976200103759766, 7.873600006103516, 7.739200115203857, 8.1983003616333, 6.702400207519531, 9.10949993133545, 14.547100067138672, 13.629899978637695, 14.313699722290039, 12.01140022277832, 7.845600128173828, 7.880899906158447, 8.203499794006348, 7.108699798583984, 7.894499778747559, 7.826300144195557, 7.63670015335083, 7.872499942779541, 7.749899864196777, 8.03439998626709, 8.399700164794922, 7.949900150299072, 7.874899864196777, 7.785699844360352, 7.659299850463867, 6.475599765777588, 7.7027997970581055, 8.431699752807617, 7.663300037384033, 4.791800022125244, 5.9253997802734375, 7.570099830627441, 7.243199825286865, 7.762800216674805, 8.028900146484375, 7.857600212097168, 7.731800079345703, 7.811800003051758, 7.931099891662598, 7.714700222015381, 7.646200180053711, 7.959499835968018, 7.986599922180176, 7.831299781799316, 7.8343000411987305, 7.852499961853027, 7.992599964141846, 7.831600189208984, 7.380099773406982, 14.599699974060059, 8.827899932861328, 7.185500144958496, 8.25629997253418, 8.155200004577637, 8.132800102233887, 8.252699851989746, 6.765999794006348, 7.926199913024902, 8.247200012207031, 8.14210033416748, 8.298700332641602, 8.165599822998047, 8.137999534606934, 8.167900085449219, 8.880999565124512, 7.356599807739258, 8.541399955749512, 9.226499557495117, 9.235099792480469, 6.7052998542785645, 8.222900390625, 7.328999996185303, 10.012200355529785, 9.691300392150879]"
