item_id,start,freq,target
T858,2015-01-04 00:00:00,W-SUN,"[3.889899969100952, 3.889899969100952, 3.889899969100952, 3.889899969100952, 3.889899969100952, 3.889899969100952, 3.889899969100952, 3.889899969100952, 3.5253000259399414, 3.891200065612793, 3.889899969100952, 3.889899969100952, 3.889899969100952, 3.889899969100952, 4.013700008392334, 3.889899969100952, 3.889899969100952, 3.889899969100952, 3.889899969100952, 3.889899969100952, 3.889899969100952, 3.889899969100952, 3.889899969100952, 3.889899969100952, 3.889899969100952, 3.889899969100952, 3.889899969100952, 3.889899969100952, 3.889899969100952, 3.889899969100952, 3.889899969100952, 3.889899969100952, 3.889899969100952, 3.889899969100952, 3.889899969100952, 3.889899969100952, 3.889899969100952, 3.889899969100952, 3.889899969100952, 3.889899969100952, 3.889899969100952, 3.889899969100952, 3.889899969100952, 3.8847999572753906, 3.889899969100952, 3.889899969100952, 3.889899969100952, 3.889899969100952, 3.889899969100952, 3.889899969100952, 3.889899969100952, 3.889899969100952, 3.889899969100952, 3.889899969100952, 3.889899969100952, 3.889899969100952, 3.889899969100952, 3.889899969100952, 3.890399932861328, 3.889899969100952, 3.889899969100952, 3.889899969100952, 4.238100051879883, 4.5817999839782715, 4.782899856567383, 4.804599761962891, 4.753300189971924, 4.926799774169922, 4.86359977722168, 4.879799842834473, 4.874499797821045, 4.900700092315674, 4.878900051116943, 4.694900035858154, 4.803400039672852, 5.572800159454346, 5.003799915313721, 4.986299991607666, 4.65500020980835, 4.964099884033203, 5.031899929046631, 4.927599906921387, 5.093900203704834, 5.123899936676025, 5.264200210571289, 5.301400184631348, 5.242599964141846, 4.886600017547607, 5.1981000900268555, 5.2606000900268555]"
