item_id,start,freq,target
T255,2014-12-29,W-SUN,"[6.014599800109863, 6.747799873352051, 8.812899589538574, 8.079000473022461, 9.239100456237793, 9.21619987487793, 9.05780029296875, 9.04520034790039, 8.292099952697754, 9.09589958190918, 8.61340045928955, 8.656499862670898, 8.43910026550293, 8.67080020904541, 8.66759967803955, 8.815600395202637, 8.249500274658203, 8.093600273132324, 9.664199829101562, 9.86340045928955, 8.922599792480469, 9.711000442504883, 9.877599716186523, 10.118300437927246, 9.7568998336792, 9.974300384521484, 8.824700355529785, 10.116499900817871, 10.054100036621094, 9.309499740600586, 9.931699752807617, 9.967700004577637, 8.471400260925293, 8.693499565124512, 8.999199867248535, 7.842100143432617, 8.635700225830078, 8.895500183105469, 8.535900115966797, 8.990900039672852, 8.388199806213379, 7.196300029754639, 8.368000030517578, 8.18239974975586, 7.223400115966797, 4.926499843597412, 5.73330020904541, 5.73330020904541, 5.73330020904541, 5.73330020904541, 5.73330020904541, 5.73330020904541, 5.73330020904541, 5.73330020904541, 5.73330020904541, 5.73330020904541, 5.73330020904541, 5.73330020904541, 5.73330020904541, 5.73330020904541, 5.73330020904541, 5.73330020904541, 5.735499858856201, 5.73330020904541, 5.73330020904541, 5.73330020904541, 5.73330020904541, 5.73330020904541, 5.73330020904541, 5.73330020904541, 5.73330020904541, 5.73330020904541, 8.290200233459473, 7.908299922943115, 8.582099914550781, 8.623299598693848, 8.566900253295898, 8.749199867248535, 7.4492998123168945, 8.502300262451172, 8.765899658203125, 8.824000358581543, 8.773300170898438, 8.611900329589844, 8.6806001663208, 8.750699996948242, 8.683500289916992, 7.7322001457214355, 8.54170036315918, 8.945300102233887, 9.28969955444336, 7.667200088500977, 8.496000289916992, 10.856200218200684, 10.663299560546875, 10.67300033569336]"
