item_id,start,freq,target
T293,2014-12-29,W-SUN,"[6.8196001052856445, 8.988499641418457, 7.990499973297119, 8.223099708557129, 8.704099655151367, 8.732999801635742, 8.35669994354248, 8.837599754333496, 7.679200172424316, 8.832500457763672, 8.820899963378906, 8.936599731445312, 8.054499626159668, 8.033499717712402, 8.399399757385254, 9.013500213623047, 9.209600448608398, 9.700599670410156, 9.162400245666504, 9.103699684143066, 8.127900123596191, 9.271400451660156, 8.770899772644043, 8.293899536132812, 9.05720043182373, 8.657500267028809, 7.589799880981445, 9.242400169372559, 9.136099815368652, 8.31029987335205, 8.557000160217285, 8.993800163269043, 8.680800437927246, 8.491499900817871, 8.650500297546387, 8.055100440979004, 9.295299530029297, 9.459500312805176, 9.461099624633789, 9.203800201416016, 8.638400077819824, 8.776399612426758, 9.180000305175781, 9.098099708557129, 8.599599838256836, 8.970800399780273, 8.642800331115723, 7.936999797821045, 9.2253999710083, 9.35789966583252, 8.794500350952148, 6.496600151062012, 8.257800102233887, 8.693400382995605, 8.748600006103516, 9.151700019836426, 8.552300453186035, 8.852800369262695, 8.903499603271484, 8.903200149536133, 9.379199981689453, 9.52649974822998, 8.69890022277832, 9.017200469970703, 8.873700141906738, 8.399999618530273, 8.848199844360352, 9.267800331115723, 9.906000137329102, 9.230999946594238, 9.591300010681152, 9.38129997253418, 9.954000473022461, 8.529000282287598, 9.552599906921387, 9.294099807739258, 9.033100128173828, 9.399900436401367, 7.44189977645874, 9.089300155639648, 9.163299560546875, 8.538299560546875, 8.516900062561035, 8.912300109863281, 9.249500274658203, 9.316200256347656, 9.899900436401367, 8.827099800109863, 9.515899658203125, 9.68239974975586, 9.093899726867676, 9.627300262451172, 9.358499526977539, 9.856599807739258, 10.0802001953125, 9.798399925231934]"
