item_id,start,freq,target
T666,2014-12-29,W-SUN,"[7.3983001708984375, 9.377400398254395, 9.343799591064453, 9.445500373840332, 9.384200096130371, 8.088500022888184, 7.700500011444092, 7.700500011444092, 6.985899925231934, 7.702400207519531, 7.700500011444092, 7.700500011444092, 7.700500011444092, 7.700500011444092, 7.598499774932861, 7.700500011444092, 7.700500011444092, 7.700500011444092, 7.700500011444092, 7.700500011444092, 7.700500011444092, 7.700500011444092, 7.700500011444092, 7.700500011444092, 7.700500011444092, 7.700500011444092, 13.182299613952637, 15.141200065612793, 15.043800354003906, 13.938699722290039, 12.814900398254395, 14.150099754333496, 10.71049976348877, 10.129300117492676, 15.211000442504883, 14.040599822998047, 8.898599624633789, 14.585700035095215, 10.49209976196289, 13.16409969329834, 12.689000129699707, 13.04990005493164, 13.668000221252441, 12.834799766540527, 12.637100219726562, 13.220499992370605, 13.493200302124023, 11.652299880981445, 13.092700004577637, 13.857199668884277, 13.339099884033203, 9.472200393676758, 9.781999588012695, 11.198100090026855, 11.790599822998047, 12.331299781799316, 12.680000305175781, 12.325499534606934, 12.717300415039062, 12.660900115966797, 11.639200210571289, 11.610600471496582, 12.55049991607666, 11.42650032043457, 12.37559986114502, 13.30720043182373, 13.31410026550293, 13.903499603271484, 13.581700325012207, 13.336099624633789, 13.082799911499023, 13.932700157165527, 13.973699569702148, 12.423800468444824, 13.529600143432617, 13.033300399780273, 13.734199523925781, 13.405500411987305, 12.108099937438965, 13.639100074768066, 13.402899742126465, 13.173800468444824, 13.546299934387207, 14.210800170898438, 13.906599998474121, 14.586999893188477, 14.58489990234375, 13.208999633789062, 14.861800193786621, 13.996899604797363, 13.932600021362305, 14.085100173950195, 14.294899940490723, 13.559000015258789, 13.219400405883789, 11.156000137329102]"
