item_id,start,freq,target
T773,2014-12-29,W-SUN,"[7.090099811553955, 8.228500366210938, 7.912899971008301, 8.33240032196045, 8.287400245666504, 10.266900062561035, 7.9899001121521, 12.109199523925781, 9.99489974975586, 11.730799674987793, 12.097200393676758, 12.002900123596191, 12.573800086975098, 11.142000198364258, 11.673100471496582, 10.871700286865234, 8.700699806213379, 8.560999870300293, 11.605299949645996, 8.17549991607666, 9.050200462341309, 8.25570011138916, 12.136899948120117, 13.864399909973145, 12.678099632263184, 11.487799644470215, 9.923199653625488, 12.971400260925293, 12.283100128173828, 11.866299629211426, 11.729900360107422, 11.211099624633789, 11.88759994506836, 12.584099769592285, 11.0108003616333, 12.052300453186035, 15.18019962310791, 13.974699974060059, 14.506099700927734, 12.469300270080566, 12.994999885559082, 7.60830020904541, 8.42140007019043, 8.531700134277344, 8.465100288391113, 8.699899673461914, 7.837500095367432, 6.792799949645996, 8.044699668884277, 8.717499732971191, 7.730599880218506, 5.542799949645996, 6.297900199890137, 8.577400207519531, 7.60099983215332, 10.964300155639648, 11.1225004196167, 11.673399925231934, 10.631500244140625, 9.8725004196167, 9.231800079345703, 8.007499694824219, 8.077400207519531, 8.181599617004395, 7.412199974060059, 7.61299991607666, 8.047499656677246, 8.966099739074707, 8.376999855041504, 7.7342000007629395, 8.25059986114502, 8.523200035095215, 7.765399932861328, 7.325500011444092, 8.343500137329102, 8.031499862670898, 7.894000053405762, 7.786200046539307, 9.282899856567383, 13.421199798583984, 12.229999542236328, 12.170900344848633, 12.134900093078613, 11.090100288391113, 12.145000457763672, 13.121700286865234, 13.251899719238281, 10.945799827575684, 12.953499794006348, 13.991299629211426, 13.710200309753418, 12.680800437927246, 12.402700424194336, 11.659099578857422, 11.855299949645996, 11.379300117492676]"
