item_id,start,freq,target
T336,2015-01-11 00:00:00,W-SUN,"[[4.373199939727783, 7.48799991607666, 8.185400009155273, 8.464799880981445, 7.851399898529053, 8.319700241088867, 7.365799903869629, 8.0556001663208, 8.566200256347656, 8.311200141906738, 8.269399642944336, 7.360000133514404, 8.097999572753906, 9.020500183105469, 8.083100318908691, 8.856499671936035, 8.496000289916992, 8.397299766540527, 7.981400012969971, 8.863300323486328, 8.723400115966797, 8.964300155639648, 8.168499946594238, 7.826000213623047, 7.072700023651123, 8.32409954071045, 7.996500015258789, 8.081000328063965, 7.830100059509277, 7.73330020904541, 9.177900314331055, 7.911300182342529, 7.983500003814697, 7.803199768066406, 8.168800354003906, 8.30519962310791, 8.193699836730957, 9.029399871826172, 7.652699947357178, 8.09220027923584, 7.9730000495910645, 7.9959001541137695, 7.454400062561035, 7.9471001625061035, 8.498900413513184, 6.596399784088135, 8.006799697875977, 7.701399803161621, 8.24269962310791, 6.074100017547607, 6.151500225067139, 7.137499809265137, 7.314799785614014, 7.349800109863281, 7.6244001388549805, 7.448400020599365, 7.401599884033203, 8.061100006103516, 8.034899711608887, 8.203800201416016, 8.089099884033203, 7.77400016784668, 7.351399898529053, 7.546999931335449, 7.525000095367432, 8.128999710083008, 7.668600082397461, 7.833700180053711, 8.0733003616333, 8.507399559020996, 7.793399810791016, 7.655600070953369, 8.446399688720703, 8.129799842834473, 7.819799900054932, 7.87939977645874, 7.153299808502197, 7.931700229644775, 7.916100025177002, 7.8684000968933105, 8.308799743652344, 8.08080005645752, 8.14900016784668, 8.048500061035156, 8.289899826049805, 7.593900203704834, 8.147000312805176, 9.114100456237793, 8.315600395202637, 8.150300025939941]]"
