item_id,start,freq,target
T10,2014-12-29,W-SUN,"[15.371399879455566, 20.280899047851562, 7.777699947357178, 9.363100051879883, 21.337499618530273, 20.840999603271484, 12.368599891662598, 10.45829963684082, 10.747400283813477, 11.314900398254395, 12.430100440979004, 12.762399673461914, 11.473299980163574, 9.745599746704102, 11.038000106811523, 11.31820011138916, 10.55519962310791, 12.437899589538574, 12.743399620056152, 11.217499732971191, 8.317299842834473, 12.200799942016602, 12.174400329589844, 12.210800170898438, 12.934200286865234, 13.938599586486816, 9.410400390625, 13.235600471496582, 15.952199935913086, 13.457599639892578, 11.167900085449219, 10.348299980163574, 11.430399894714355, 13.083000183105469, 14.350000381469727, 11.499799728393555, 11.675600051879883, 12.708399772644043, 12.937199592590332, 13.030200004577637, 11.812000274658203, 13.693599700927734, 11.97719955444336, 13.67300033569336, 14.5108003616333, 16.64550018310547, 13.159799575805664, 10.757499694824219, 13.12600040435791, 14.381699562072754, 14.149800300598145, 5.924099922180176, 8.335599899291992, 12.76259994506836, 10.508299827575684, 12.657099723815918, 12.477399826049805, 11.618300437927246, 11.131799697875977, 10.543499946594238, 12.778800010681152, 13.422100067138672, 10.826800346374512, 12.122099876403809, 11.297100067138672, 10.983099937438965, 9.459699630737305, 11.944899559020996, 12.605299949645996, 11.897100448608398, 11.807900428771973, 12.319100379943848, 13.190699577331543, 11.482000350952148, 13.742300033569336, 11.685199737548828, 16.259599685668945, 12.331399917602539, 8.546199798583984, 12.02929973602295, 13.469200134277344, 13.765999794006348, 13.516799926757812, 10.705300331115723, 9.172900199890137, 13.831899642944336, 15.120400428771973, 13.6766996383667, 16.153400421142578, 15.362700462341309, 17.026199340820312, 16.687700271606445, 15.784199714660645, 14.613800048828125, 15.360099792480469, 16.13559913635254]"
