item_id,start,freq,target
T642,2014-12-29,W-SUN,"[9.32759952545166, 13.462499618530273, 13.574999809265137, 10.454299926757812, 13.991700172424316, 13.36299991607666, 14.166399955749512, 15.0733003616333, 14.084600448608398, 15.777199745178223, 14.746100425720215, 14.919699668884277, 14.208000183105469, 15.006799697875977, 14.059800148010254, 14.457500457763672, 14.576700210571289, 14.4375, 15.43220043182373, 14.686300277709961, 13.6983003616333, 14.376899719238281, 15.851499557495117, 16.52050018310547, 15.249699592590332, 15.577699661254883, 12.11400032043457, 15.941200256347656, 14.977800369262695, 14.836700439453125, 16.089599609375, 14.86769962310791, 14.863300323486328, 16.17449951171875, 15.475099563598633, 14.693599700927734, 15.690999984741211, 15.978300094604492, 15.971799850463867, 15.501500129699707, 15.855899810791016, 16.29330062866211, 15.19909954071045, 14.905200004577637, 14.854599952697754, 15.879899978637695, 15.41819953918457, 9.86929988861084, 14.73009967803955, 15.927200317382812, 15.790399551391602, 10.457599639892578, 9.577199935913086, 12.922300338745117, 13.901700019836426, 14.268600463867188, 13.479900360107422, 16.109500885009766, 15.211099624633789, 15.897000312805176, 15.446000099182129, 14.095499992370605, 13.559800148010254, 14.974599838256836, 13.815799713134766, 15.050999641418457, 14.216699600219727, 16.583999633789062, 15.839200019836426, 14.539199829101562, 15.830499649047852, 16.168800354003906, 17.351200103759766, 14.621600151062012, 16.36639976501465, 16.631099700927734, 16.412200927734375, 14.669699668884277, 13.972299575805664, 16.028099060058594, 16.212299346923828, 16.285900115966797, 17.007299423217773, 16.53380012512207, 20.88640022277832, 23.489500045776367, 22.510499954223633, 20.318300247192383, 22.409900665283203, 23.276199340820312, 22.74970054626465, 22.582000732421875, 22.522199630737305, 21.193700790405273, 22.627500534057617, 20.36949920654297]"
