item_id,start,freq,target
T665,2015-01-11 00:00:00,W-SUN,"[7.700500011444092, 7.700500011444092, 7.700500011444092, 7.700500011444092, 7.700500011444092, 7.700500011444092, 6.985899925231934, 7.702400207519531, 7.700500011444092, 7.700500011444092, 7.700500011444092, 7.700500011444092, 7.598499774932861, 7.700500011444092, 7.700500011444092, 7.700500011444092, 7.700500011444092, 7.700500011444092, 7.700500011444092, 7.700500011444092, 7.700500011444092, 7.700500011444092, 7.700500011444092, 7.700500011444092, 12.232000350952148, 14.249600410461426, 14.55620002746582, 14.06779956817627, 11.718700408935547, 14.604000091552734, 14.434200286865234, 10.781800270080566, 14.644800186157227, 13.844799995422363, 12.61870002746582, 13.666399955749512, 14.009300231933594, 14.556099891662598, 14.117500305175781, 14.424099922180176, 14.842599868774414, 14.425600051879883, 14.043100357055664, 14.355899810791016, 15.111700057983398, 12.664899826049805, 14.415300369262695, 14.999699592590332, 14.596199989318848, 11.387100219726562, 11.632200241088867, 13.032999992370605, 13.561200141906738, 13.716699600219727, 14.011899948120117, 13.836899757385254, 14.253800392150879, 14.137700080871582, 14.003800392150879, 12.661700248718262, 13.992799758911133, 13.059100151062012, 14.04580020904541, 14.64210033416748, 14.418899536132812, 15.204099655151367, 14.743000030517578, 14.882100105285645, 14.861200332641602, 14.923800468444824, 15.487899780273438, 14.090399742126465, 14.802900314331055, 14.623100280761719, 15.137499809265137, 14.976200103759766, 13.713000297546387, 14.948699951171875, 14.979299545288086, 14.940600395202637, 15.270299911499023, 15.101300239562988, 15.282999992370605, 15.75059986114502, 15.526700019836426, 14.506500244140625, 15.510600090026855, 15.325300216674805, 15.423199653625488, 15.084600448608398]"
