item_id,start,freq,target
T206,2014-12-29,W-SUN,"[4.585599899291992, 6.054999828338623, 4.174799919128418, 6.050600051879883, 6.4268999099731445, 6.398499965667725, 6.459499835968018, 6.545199871063232, 5.9380998611450195, 6.776299953460693, 6.756400108337402, 6.864299774169922, 6.895400047302246, 6.558499813079834, 6.939000129699707, 6.8628997802734375, 6.763500213623047, 6.980999946594238, 6.77209997177124, 6.772200107574463, 6.5177998542785645, 6.820000171661377, 5.568999767303467, 5.9899001121521, 6.040200233459473, 5.958600044250488, 5.559999942779541, 5.970399856567383, 6.0731000900268555, 5.748199939727783, 5.652500152587891, 5.922500133514404, 5.937300205230713, 5.614099979400635, 5.640100002288818, 5.3480000495910645, 5.3582000732421875, 6.379300117492676, 6.492800235748291, 5.303800106048584, 5.484899997711182, 5.460299968719482, 5.491000175476074, 5.339200019836426, 5.3993000984191895, 5.381700038909912, 5.407199859619141, 4.867700099945068, 6.454899787902832, 5.4980998039245605, 5.5370001792907715, 4.802700042724609, 4.726799964904785, 5.297900199890137, 5.657599925994873, 5.8668999671936035, 6.342199802398682, 6.354599952697754, 6.307600021362305, 6.078000068664551, 6.4721999168396, 6.185200214385986, 6.753399848937988, 5.963699817657471, 6.7221999168396, 6.5625, 6.4430999755859375, 6.7241997718811035, 7.173999786376953, 6.680799961090088, 6.729700088500977, 6.819499969482422, 6.866399765014648, 5.4166998863220215, 5.730199813842773, 5.876699924468994, 5.679900169372559, 5.758299827575684, 5.406499862670898, 5.472400188446045, 5.46150016784668, 5.933599948883057, 5.500699996948242, 5.547399997711182, 5.691299915313721, 5.530600070953369, 6.606299877166748, 4.164599895477295, 5.473599910736084, 6.873499870300293, 6.764500141143799, 6.608500003814697, 6.673799991607666, 6.865200042724609, 6.407599925994873, 6.464200019836426]"
