item_id,start,freq,target
T552,2014-12-29,W-SUN,"[3.217099905014038, 3.2260000705718994, 3.1628000736236572, 3.5703999996185303, 2.973299980163574, 3.0213000774383545, 3.1454999446868896, 3.3566999435424805, 2.8145999908447266, 3.2130000591278076, 3.383699893951416, 3.4382998943328857, 3.3538999557495117, 3.0829999446868896, 3.598299980163574, 3.608099937438965, 3.6210999488830566, 3.5215001106262207, 3.6312999725341797, 3.3029000759124756, 3.514400005340576, 3.2437000274658203, 3.2578999996185303, 3.658099889755249, 3.3724000453948975, 3.402899980545044, 3.16129994392395, 3.2630999088287354, 3.526700019836426, 3.228800058364868, 3.125999927520752, 3.145400047302246, 3.5666000843048096, 2.960700035095215, 3.4340999126434326, 3.546600103378296, 3.6314001083374023, 3.4748001098632812, 3.40910005569458, 3.602400064468384, 3.18530011177063, 3.300600051879883, 3.485300064086914, 3.3141000270843506, 3.3768999576568604, 3.716399908065796, 3.859999895095825, 3.510699987411499, 3.629300117492676, 3.8673999309539795, 4.481599807739258, 3.2211999893188477, 3.235300064086914, 3.452699899673462, 3.6410000324249268, 4.08459997177124, 3.026599884033203, 3.322000026702881, 3.546099901199341, 3.721299886703491, 3.710400104522705, 4.287700176239014, 4.230400085449219, 3.3087000846862793, 3.2525999546051025, 3.521699905395508, 3.5785000324249268, 3.1839001178741455, 2.901599884033203, 3.315500020980835, 3.33270001411438, 3.9690001010894775, 3.021399974822998, 3.5053000450134277, 3.1863999366760254, 3.2941999435424805, 3.2720999717712402, 3.0975000858306885, 3.190500020980835, 3.163599967956543, 3.501800060272217, 3.350399971008301, 2.8459999561309814, 3.1903998851776123, 2.963599920272827, 3.3947999477386475, 3.3039000034332275, 3.2873001098632812, 3.6208999156951904, 3.6774001121520996, 3.595900058746338, 3.3587000370025635, 3.45169997215271, 3.6868999004364014, 3.8183999061584473, 3.3297998905181885]"
