item_id,start,freq,target
T701,2014-12-29,W-SUN,"[6.343599796295166, 6.682600021362305, 6.9243998527526855, 6.856100082397461, 6.747700214385986, 6.694300174713135, 6.93310022354126, 6.970200061798096, 5.796199798583984, 6.786799907684326, 6.49370002746582, 6.480599880218506, 5.68179988861084, 5.73330020904541, 5.950699806213379, 5.73330020904541, 5.73330020904541, 5.73330020904541, 5.73330020904541, 5.73330020904541, 5.73330020904541, 5.73330020904541, 5.73330020904541, 5.73330020904541, 5.73330020904541, 5.73330020904541, 5.73330020904541, 5.73330020904541, 5.73330020904541, 5.73330020904541, 5.73330020904541, 5.73330020904541, 5.73330020904541, 5.73330020904541, 5.73330020904541, 5.73330020904541, 5.73330020904541, 5.73330020904541, 5.73330020904541, 5.73330020904541, 5.73330020904541, 5.73330020904541, 5.73330020904541, 5.725399971008301, 5.73330020904541, 5.73330020904541, 5.73330020904541, 5.73330020904541, 5.73330020904541, 5.73330020904541, 5.73330020904541, 5.73330020904541, 5.73330020904541, 5.73330020904541, 5.73330020904541, 5.73330020904541, 5.73330020904541, 5.73330020904541, 5.73330020904541, 5.73330020904541, 5.138299942016602, 5.73330020904541, 5.735499858856201, 5.73330020904541, 5.73330020904541, 5.956399917602539, 7.0605998039245605, 7.286099910736084, 7.17080020904541, 7.1529998779296875, 7.167500019073486, 7.531599998474121, 7.273799896240234, 7.816800117492676, 7.5366997718811035, 7.338399887084961, 7.553999900817871, 7.616399765014648, 7.137800216674805, 5.492400169372559, 7.8684000968933105, 9.216400146484375, 11.672200202941895, 8.141799926757812, 10.934300422668457, 5.73330020904541, 5.73330020904541, 5.73330020904541, 5.73330020904541, 5.73330020904541, 5.73330020904541, 5.73330020904541, 5.73330020904541, 5.781199932098389, 7.0609002113342285, 6.776400089263916]"
