item_id,start,freq,target
T826,2014-12-29,W-SUN,"[9.263899803161621, 11.23550033569336, 10.860099792480469, 11.399299621582031, 11.12559986114502, 11.368499755859375, 11.003199577331543, 11.642200469970703, 10.992799758911133, 12.80679988861084, 11.470199584960938, 10.963199615478516, 11.104100227355957, 10.390199661254883, 10.464400291442871, 10.76200008392334, 11.200599670410156, 11.538599967956543, 11.581899642944336, 10.947500228881836, 9.931099891662598, 11.096099853515625, 11.090800285339355, 10.277799606323242, 4.76039981842041, 3.889899969100952, 3.889899969100952, 3.889899969100952, 3.889899969100952, 3.889899969100952, 3.889899969100952, 3.889899969100952, 3.889899969100952, 3.889899969100952, 3.889899969100952, 3.889899969100952, 3.889899969100952, 3.889899969100952, 3.889899969100952, 3.889899969100952, 3.8929998874664307, 3.889899969100952, 3.889899969100952, 3.8847999572753906, 9.868399620056152, 10.729900360107422, 9.512299537658691, 9.85890007019043, 10.279600143432617, 12.211099624633789, 10.994099617004395, 8.566900253295898, 10.020099639892578, 11.05780029296875, 10.857600212097168, 10.812100410461426, 10.91409969329834, 10.753999710083008, 10.691699981689453, 11.344400405883789, 11.993900299072266, 11.95989990234375, 11.634499549865723, 12.783499717712402, 11.141599655151367, 11.20259952545166, 10.884300231933594, 12.004199981689453, 14.581000328063965, 11.280799865722656, 10.736700057983398, 8.212300300598145, 8.64330005645752, 8.143099784851074, 7.207799911499023, 5.065800189971924, 6.2895002365112305, 6.6407999992370605, 5.580999851226807, 5.107399940490723, 5.742199897766113, 6.202300071716309, 6.446700096130371, 5.1427001953125, 6.605999946594238, 5.353099822998047, 5.542099952697754, 5.094600200653076, 5.497399806976318, 4.977799892425537, 7.817500114440918, 5.2866997718811035, 5.296800136566162, 5.957300186157227, 6.179599761962891, 4.2967000007629395]"
