item_id,start,freq,target
T596,2015-01-11 00:00:00,W-SUN,"[[11.140399932861328, 11.081000328063965, 11.244999885559082, 12.381500244140625, 12.176400184631348, 11.836199760437012, 11.322099685668945, 12.166299819946289, 12.072799682617188, 13.170499801635742, 12.661100387573242, 11.244799613952637, 12.222000122070312, 12.75529956817627, 11.707900047302246, 12.47350025177002, 12.371600151062012, 12.862000465393066, 11.714599609375, 12.535900115966797, 12.82129955291748, 11.845600128173828, 12.822600364685059, 13.099499702453613, 10.490699768066406, 12.778200149536133, 12.529899597167969, 12.90779972076416, 12.437199592590332, 12.302900314331055, 12.782600402832031, 12.055000305175781, 11.116700172424316, 12.043600082397461, 14.805899620056152, 13.427499771118164, 13.291600227355957, 13.547699928283691, 13.35990047454834, 13.883700370788574, 13.180299758911133, 14.07390022277832, 13.850099563598633, 14.171299934387207, 12.122200012207031, 10.286399841308594, 12.581000328063965, 14.114800453186035, 12.490900039672852, 8.263400077819824, 10.566300392150879, 12.553500175476074, 13.812399864196777, 12.5108003616333, 12.72070026397705, 13.812299728393555, 12.83180046081543, 12.466300010681152, 12.142399787902832, 12.761799812316895, 13.813199996948242, 13.288800239562988, 12.210000038146973, 12.063300132751465, 11.792200088500977, 13.394599914550781, 13.638699531555176, 12.24370002746582, 12.949000358581543, 13.140899658203125, 13.567700386047363, 12.441200256347656, 13.144499778747559, 15.068099975585938, 13.861300468444824, 13.859999656677246, 10.870599746704102, 13.581500053405762, 13.76710033416748, 12.622699737548828, 13.435700416564941, 13.86050033569336, 13.595199584960938, 14.077199935913086, 13.68239974975586, 11.862299919128418, 13.609999656677246, 15.255999565124512, 16.08930015563965, 13.863499641418457]]"
