item_id,start,freq,target
T429,2014-12-29,W-SUN,"[6.565700054168701, 7.482500076293945, 6.3105998039245605, 7.853300094604492, 8.365500450134277, 8.663200378417969, 7.863999843597412, 8.316699981689453, 7.705100059509277, 9.394399642944336, 9.126399993896484, 9.155699729919434, 8.668499946594238, 8.840299606323242, 8.937800407409668, 9.70930004119873, 9.428299903869629, 10.224800109863281, 9.731300354003906, 9.253199577331543, 8.96049976348877, 9.759099960327148, 9.769599914550781, 9.06820011138916, 9.383099555969238, 9.23069953918457, 8.733499526977539, 9.007499694824219, 9.200200080871582, 8.783499717712402, 8.929100036621094, 9.300800323486328, 8.716899871826172, 9.703800201416016, 9.782699584960938, 9.976799964904785, 10.349100112915039, 10.160400390625, 9.328800201416016, 10.05090045928955, 10.074399948120117, 10.554499626159668, 10.593600273132324, 10.675000190734863, 9.294300079345703, 9.634499549865723, 9.732500076293945, 8.55720043182373, 8.680399894714355, 9.324600219726562, 8.821200370788574, 7.843800067901611, 7.815499782562256, 8.634200096130371, 8.927200317382812, 8.817299842834473, 8.836600303649902, 9.019200325012207, 8.101699829101562, 8.371899604797363, 8.894800186157227, 9.109299659729004, 8.917699813842773, 8.07759952545166, 8.937199592590332, 8.892900466918945, 8.45009994506836, 8.169099807739258, 8.302000045776367, 8.211899757385254, 8.135499954223633, 8.671299934387207, 8.410099983215332, 7.892399787902832, 8.52910041809082, 8.327799797058105, 8.048500061035156, 8.203499794006348, 7.758999824523926, 8.052200317382812, 7.935299873352051, 8.137200355529785, 8.024100303649902, 7.996699810028076, 8.197099685668945, 9.989299774169922, 11.865500450134277, 9.867199897766113, 11.38230037689209, 11.518600463867188, 11.468500137329102, 11.22719955444336, 11.224599838256836, 11.418000221252441, 11.420499801635742, 11.431699752807617]"
