item_id,start,freq,target
T414,2014-12-29,W-SUN,"[12.17590045928955, 17.347299575805664, 11.69729995727539, 14.993900299072266, 18.07670021057129, 18.052000045776367, 17.312999725341797, 17.827999114990234, 16.000600814819336, 6.519800186157227, 7.656899929046631, 16.471399307250977, 16.33930015563965, 14.776900291442871, 16.6018009185791, 17.012100219726562, 16.069700241088867, 16.95870018005371, 17.879499435424805, 17.86009979248047, 15.109100341796875, 17.201900482177734, 17.78499984741211, 15.917900085449219, 15.555500030517578, 16.641599655151367, 13.49489974975586, 16.303300857543945, 16.57270050048828, 16.874900817871094, 16.451099395751953, 16.7908992767334, 15.963199615478516, 17.287799835205078, 15.001799583435059, 13.779600143432617, 16.525400161743164, 16.118099212646484, 15.692500114440918, 16.73259925842285, 15.852999687194824, 16.855199813842773, 17.186800003051758, 16.8080997467041, 15.951299667358398, 17.0231990814209, 16.125499725341797, 13.70199966430664, 17.488000869750977, 18.061800003051758, 15.836199760437012, 8.15470027923584, 13.452699661254883, 16.24139976501465, 15.315799713134766, 16.88409996032715, 16.94179916381836, 16.857099533081055, 16.385299682617188, 17.60540008544922, 17.047700881958008, 16.769800186157227, 16.566299438476562, 15.131999969482422, 16.60919952392578, 15.743000030517578, 17.41189956665039, 16.158599853515625, 17.03689956665039, 17.21030044555664, 17.228599548339844, 16.214099884033203, 17.507400512695312, 14.52750015258789, 17.166799545288086, 16.466299057006836, 17.550800323486328, 16.95870018005371, 13.265000343322754, 17.277999877929688, 16.899099349975586, 16.379100799560547, 16.427799224853516, 17.225900650024414, 17.111000061035156, 17.70359992980957, 17.204999923706055, 14.556599617004395, 17.333099365234375, 17.397899627685547, 16.8799991607666, 18.513599395751953, 17.056400299072266, 16.7632999420166, 15.52750015258789, 16.40570068359375]"
