item_id,start,freq,target
T631,2014-12-29,W-SUN,"[6.5696001052856445, 9.837499618530273, 10.14780044555664, 9.788100242614746, 10.178899765014648, 9.9266996383667, 9.571499824523926, 9.911100387573242, 9.074399948120117, 10.08329963684082, 10.133399963378906, 10.024200439453125, 10.205599784851074, 9.619199752807617, 11.097900390625, 10.634200096130371, 10.154600143432617, 10.622099876403809, 10.914799690246582, 11.550100326538086, 10.155099868774414, 10.884599685668945, 12.570099830627441, 11.523799896240234, 11.721400260925293, 12.873000144958496, 9.07960033416748, 11.045000076293945, 11.061699867248535, 10.705599784851074, 10.468799591064453, 10.442399978637695, 10.605799674987793, 11.179800033569336, 10.333000183105469, 10.646300315856934, 11.145000457763672, 11.099100112915039, 10.438199996948242, 10.310799598693848, 10.0378999710083, 10.84119987487793, 11.205599784851074, 10.566300392150879, 10.85420036315918, 10.78030014038086, 10.494400024414062, 8.635000228881836, 11.120800018310547, 11.25, 10.121299743652344, 6.674900054931641, 7.995999813079834, 10.60990047454834, 10.134499549865723, 10.603099822998047, 10.77180004119873, 10.439200401306152, 10.020600318908691, 10.672300338745117, 11.01669979095459, 10.822400093078613, 10.440199851989746, 11.294699668884277, 10.377699851989746, 10.21150016784668, 9.997400283813477, 10.995499610900879, 12.45740032196045, 10.965900421142578, 10.846400260925293, 11.06760025024414, 11.31470012664795, 10.972100257873535, 10.868499755859375, 10.475199699401855, 10.730199813842773, 11.00409984588623, 9.037799835205078, 12.15369987487793, 11.40939998626709, 11.666000366210938, 11.936800003051758, 11.150799751281738, 10.54170036315918, 11.948399543762207, 10.651200294494629, 9.877300262451172, 10.853400230407715, 12.549200057983398, 12.076000213623047, 8.984199523925781, 10.770500183105469, 10.757699966430664, 10.504199981689453, 10.98799991607666]"
