item_id,start,freq,target
T5,2015-01-25 00:00:00,W-SUN,"[[4.437699794769287, 4.439799785614014, 4.254000186920166, 4.634699821472168, 4.3958001136779785, 4.6579999923706055, 4.397299766540527, 4.29040002822876, 4.244800090789795, 3.865799903869629, 4.571899890899658, 4.396399974822998, 4.406700134277344, 4.549900054931641, 5.363900184631348, 4.407299995422363, 4.549600124359131, 4.480299949645996, 4.82859992980957, 4.462299823760986, 4.584499835968018, 4.5742998123168945, 3.648400068283081, 4.844299793243408, 4.635900020599365, 4.810200214385986, 4.814700126647949, 4.594600200653076, 5.226099967956543, 4.506899833679199, 4.768899917602539, 4.302800178527832, 5.17080020904541, 4.85099983215332, 4.940800189971924, 5.020599842071533, 4.746600151062012, 4.899600028991699, 5.043799877166748, 5.337399959564209, 4.509699821472168, 4.968400001525879, 4.211100101470947, 3.7167000770568848, 4.542500019073486, 4.491099834442139, 4.618299961090088, 2.5931999683380127, 3.56820011138916, 4.337500095367432, 4.18179988861084, 4.438499927520752, 4.627500057220459, 4.388800144195557, 4.876699924468994, 5.6458001136779785, 4.84499979019165, 4.517300128936768, 4.2058000564575195, 4.714200019836426, 4.333000183105469, 4.172399997711182, 4.23859977722168, 4.756899833679199, 4.796999931335449, 4.456099987030029, 4.620699882507324, 4.956999778747559, 4.7596001625061035, 4.206600189208984, 4.323400020599365, 4.538099765777588, 4.83050012588501, 5.288899898529053, 3.421099901199341, 4.863999843597412, 4.809299945831299, 4.604800224304199, 4.287399768829346, 4.166600227355957, 4.256100177764893, 4.755099773406982, 4.71019983291626, 4.3734002113342285, 5.168700218200684, 4.947800159454346, 5.4197001457214355, 4.716700077056885, 5.864299774169922, 4.532100200653076]]"
