item_id,start,freq,target
T536,2015-01-18 00:00:00,W-SUN,"[10.274800300598145, 11.411199569702148, 11.525699615478516, 10.780699729919434, 11.471699714660645, 10.425800323486328, 11.881199836730957, 12.072500228881836, 11.926400184631348, 12.212699890136719, 10.728599548339844, 12.098899841308594, 11.9350004196167, 11.817099571228027, 11.43910026550293, 11.626199722290039, 11.691800117492676, 10.853099822998047, 11.882399559020996, 11.822600364685059, 11.811200141906738, 11.941699981689453, 12.122900009155273, 11.15250015258789, 11.776900291442871, 12.373700141906738, 11.860300064086914, 11.959400177001953, 12.200499534606934, 16.451099395751953, 13.063300132751465, 12.80109977722168, 12.416799545288086, 12.782400131225586, 12.750800132751465, 9.832500457763672, 12.521699905395508, 12.295000076293945, 12.526300430297852, 12.601900100708008, 12.495800018310547, 11.432100296020508, 12.704700469970703, 12.978599548339844, 10.559200286865234, 13.199000358581543, 12.319899559020996, 15.005599975585938, 10.822999954223633, 10.579999923706055, 12.132399559020996, 11.359700202941895, 12.036399841308594, 12.370400428771973, 12.40939998626709, 13.66569995880127, 16.078100204467773, 10.86929988861084, 11.374899864196777, 12.81820011138916, 14.736200332641602, 14.591400146484375, 12.681599617004395, 12.43910026550293, 12.512900352478027, 11.698699951171875, 11.967700004577637, 12.78339958190918, 12.568499565124512, 12.103500366210938, 11.75529956817627, 12.08899974822998, 12.08549976348877, 12.140899658203125, 12.618300437927246, 11.4975004196167, 12.192099571228027, 12.332300186157227, 11.99370002746582, 12.496899604797363, 12.324799537658691, 12.380200386047363, 12.42959976196289, 13.057000160217285, 12.141599655151367, 12.920299530029297, 12.87909984588623, 12.652000427246094, 12.426799774169922, 12.425999641418457]"
