item_id,start,freq,target
T339,2014-12-29,W-SUN,"[8.360899925231934, 11.752400398254395, 8.735799789428711, 8.814599990844727, 9.822500228881836, 10.019499778747559, 8.217399597167969, 11.909899711608887, 11.960200309753418, 13.202500343322754, 12.445599555969238, 13.419699668884277, 12.465499877929688, 11.85990047454834, 12.914999961853027, 13.24940013885498, 13.14229965209961, 12.81879997253418, 12.90470027923584, 12.575799942016602, 11.756999969482422, 12.973199844360352, 13.471099853515625, 12.897500038146973, 12.334799766540527, 12.323399543762207, 10.698100090026855, 13.17199993133545, 13.112799644470215, 12.67020034790039, 12.056500434875488, 12.077400207519531, 12.151399612426758, 12.24120044708252, 12.752699851989746, 11.738800048828125, 14.126899719238281, 14.089699745178223, 13.856200218200684, 13.641200065612793, 12.41510009765625, 12.993499755859375, 12.73490047454834, 13.845000267028809, 12.116999626159668, 12.937600135803223, 11.946800231933594, 10.457900047302246, 11.60949993133545, 11.678199768066406, 11.646300315856934, 9.036700248718262, 10.043100357055664, 11.447799682617188, 12.09000015258789, 11.439499855041504, 11.929499626159668, 11.668899536132812, 11.869500160217285, 11.584099769592285, 12.528200149536133, 11.875499725341797, 11.552399635314941, 11.126299858093262, 11.630399703979492, 12.084400177001953, 12.052900314331055, 10.315199851989746, 12.410400390625, 11.825499534606934, 12.111900329589844, 13.008999824523926, 13.308699607849121, 12.270099639892578, 13.206999778747559, 12.756699562072754, 13.443300247192383, 13.54640007019043, 11.220499992370605, 13.51930046081543, 13.4576997756958, 12.887399673461914, 12.996100425720215, 13.02400016784668, 12.805000305175781, 13.303400039672852, 13.243499755859375, 11.581399917602539, 13.649999618530273, 13.718799591064453, 14.465900421142578, 13.045299530029297, 12.333800315856934, 12.703200340270996, 12.673700332641602, 12.616000175476074]"
