item_id,start,freq,target
T747,2015-01-04 00:00:00,W-SUN,"[7.685999870300293, 8.34469985961914, 8.604299545288086, 8.359800338745117, 8.420599937438965, 8.166600227355957, 8.49489974975586, 8.785300254821777, 7.974999904632568, 8.729100227355957, 8.937999725341797, 9.101300239562988, 9.034000396728516, 9.545700073242188, 9.248800277709961, 10.115500450134277, 9.096699714660645, 9.081700325012207, 9.431900024414062, 9.168999671936035, 8.87399959564209, 9.7298002243042, 9.76360034942627, 9.61050033569336, 9.724499702453613, 9.686699867248535, 9.34220027923584, 9.463299751281738, 9.6358003616333, 10.18589973449707, 10.89840030670166, 10.343099594116211, 10.649800300598145, 10.644499778747559, 9.844900131225586, 9.907899856567383, 10.235300064086914, 10.770000457763672, 10.487099647521973, 10.071900367736816, 10.145299911499023, 11.056300163269043, 10.428600311279297, 9.72249984741211, 9.199199676513672, 9.18690013885498, 10.196200370788574, 8.877400398254395, 9.09179973602295, 9.255200386047363, 9.417400360107422, 8.568099975585938, 8.284299850463867, 8.668999671936035, 9.505000114440918, 9.010000228881836, 8.422300338745117, 9.72439956665039, 9.416399955749512, 10.097599983215332, 9.584699630737305, 8.674200057983398, 9.096400260925293, 9.34850025177002, 9.944899559020996, 10.36299991607666, 9.858400344848633, 9.912400245666504, 9.961299896240234, 9.74839973449707, 10.112099647521973, 10.305399894714355, 10.136099815368652, 11.759099960327148, 10.086799621582031, 10.816300392150879, 10.468099594116211, 13.85789966583252, 10.103699684143066, 10.407099723815918, 11.816699981689453, 8.554100036621094, 14.478699684143066, 12.331000328063965, 12.20199966430664, 12.677800178527832, 10.600199699401855, 10.059200286865234, 9.76140022277832, 10.00570011138916]"
