item_id,start,freq,target
T600,2014-12-29,W-SUN,"[6.860099792480469, 8.579999923706055, 8.952699661254883, 7.146299839019775, 8.268699645996094, 7.912199974060059, 9.447600364685059, 9.706600189208984, 7.6290998458862305, 8.20829963684082, 9.18179988861084, 8.982199668884277, 9.2076997756958, 8.826700210571289, 8.739399909973145, 8.868900299072266, 8.948599815368652, 9.042200088500977, 9.903400421142578, 9.57390022277832, 9.044699668884277, 9.42140007019043, 9.874199867248535, 10.95829963684082, 9.081199645996094, 9.218500137329102, 9.112899780273438, 9.240699768066406, 9.070300102233887, 9.210399627685547, 8.91189956665039, 8.694600105285645, 8.689599990844727, 8.690400123596191, 8.434800148010254, 8.149200439453125, 8.5625, 8.742500305175781, 8.522600173950195, 8.494999885559082, 8.354100227355957, 8.64229965209961, 8.361599922180176, 8.120499610900879, 8.434399604797363, 8.374500274658203, 8.366999626159668, 7.605299949645996, 8.217499732971191, 8.626999855041504, 8.820599555969238, 6.954699993133545, 7.028900146484375, 8.101900100708008, 8.920100212097168, 8.115500450134277, 7.55620002746582, 8.186400413513184, 8.641799926757812, 8.387100219726562, 8.39009952545166, 8.539600372314453, 8.223400115966797, 8.916999816894531, 8.589900016784668, 8.707900047302246, 8.47819995880127, 8.691300392150879, 8.669500350952148, 8.633899688720703, 8.678999900817871, 8.92870044708252, 8.812199592590332, 9.207900047302246, 9.1875, 10.425600051879883, 9.720000267028809, 9.57960033416748, 8.11400032043457, 9.111000061035156, 9.633999824523926, 8.666500091552734, 9.17300033569336, 9.250399589538574, 8.098199844360352, 8.507399559020996, 8.599200248718262, 8.688899993896484, 8.20359992980957, 8.931900024414062, 10.559900283813477, 10.003700256347656, 9.352499961853027, 8.467399597167969, 9.444100379943848, 9.692099571228027]"
