item_id,start,freq,target
T353,2014-12-29,W-SUN,"[8.47249984741211, 11.01140022277832, 7.060400009155273, 10.366700172424316, 11.665499687194824, 11.488499641418457, 11.483400344848633, 11.04069995880127, 10.529399871826172, 10.889900207519531, 11.09160041809082, 11.689900398254395, 11.671600341796875, 10.691499710083008, 11.334400177001953, 12.425100326538086, 11.493399620056152, 8.559300422668457, 9.617799758911133, 10.998499870300293, 10.831600189208984, 11.638799667358398, 11.04010009765625, 16.794300079345703, 15.96660041809082, 14.478799819946289, 10.883000373840332, 14.478500366210938, 15.873900413513184, 15.00790023803711, 15.747699737548828, 15.479900360107422, 15.343700408935547, 15.91759967803955, 12.821200370788574, 11.546600341796875, 13.994000434875488, 14.692500114440918, 14.170100212097168, 15.649499893188477, 15.39229965209961, 16.412700653076172, 16.344499588012695, 15.847200393676758, 15.160099983215332, 15.663200378417969, 13.52869987487793, 10.815699577331543, 14.268699645996094, 14.346599578857422, 12.192500114440918, 7.514400005340576, 10.101200103759766, 12.992300033569336, 12.460399627685547, 12.038800239562988, 13.928600311279297, 13.483200073242188, 12.785699844360352, 13.871999740600586, 14.218199729919434, 13.802599906921387, 12.25510025024414, 10.601699829101562, 11.20359992980957, 12.656599998474121, 12.052499771118164, 14.821000099182129, 14.640600204467773, 14.554900169372559, 16.921300888061523, 17.9468994140625, 17.188899993896484, 15.11139965057373, 18.385799407958984, 16.413799285888672, 16.521699905395508, 17.553300857543945, 14.638699531555176, 17.719200134277344, 17.69029998779297, 15.54259967803955, 19.43079948425293, 18.38360023498535, 18.600200653076172, 16.31559944152832, 11.71150016784668, 14.316499710083008, 18.66119956970215, 18.397600173950195, 17.252599716186523, 16.210899353027344, 15.978599548339844, 17.06439971923828, 17.094900131225586, 15.692000389099121]"
