item_id,start,freq,target
T373,2014-12-29,W-SUN,"[5.928599834442139, 7.78849983215332, 7.586699962615967, 7.203000068664551, 7.293700218200684, 7.070499897003174, 7.47189998626709, 7.5970001220703125, 6.928999900817871, 7.539599895477295, 7.439199924468994, 7.550300121307373, 7.912700176239014, 7.287300109863281, 7.497600078582764, 7.706399917602539, 8.589200019836426, 7.514400005340576, 7.515600204467773, 7.9045000076293945, 7.097599983215332, 7.768700122833252, 8.036499977111816, 7.993100166320801, 7.956299781799316, 7.573699951171875, 6.929900169372559, 7.952899932861328, 7.965199947357178, 7.762899875640869, 7.921899795532227, 7.667399883270264, 7.5258002281188965, 8.245599746704102, 7.404300212860107, 7.201300144195557, 7.762499809265137, 8.725000381469727, 7.56689977645874, 7.864500045776367, 7.631400108337402, 7.873000144958496, 7.593999862670898, 7.6946001052856445, 7.668499946594238, 7.923299789428711, 8.04800033569336, 6.63129997253418, 7.8094000816345215, 8.064800262451172, 8.110699653625488, 6.0609002113342285, 5.771500110626221, 7.125100135803223, 7.341899871826172, 7.115200042724609, 7.203999996185303, 7.733799934387207, 7.373000144958496, 7.816299915313721, 7.6545000076293945, 7.47130012512207, 7.85290002822876, 7.829599857330322, 8.155599594116211, 7.448299884796143, 7.312399864196777, 8.081100463867188, 8.171199798583984, 7.983500003814697, 7.94789981842041, 8.253299713134766, 8.374699592590332, 8.046299934387207, 8.385000228881836, 8.676199913024902, 8.201000213623047, 8.11340045928955, 7.179900169372559, 7.592400074005127, 8.227999687194824, 7.374899864196777, 7.793900012969971, 7.848599910736084, 8.010299682617188, 7.909900188446045, 7.9944000244140625, 6.956900119781494, 7.9019999504089355, 8.191200256347656, 7.789899826049805, 8.031399726867676, 7.556099891662598, 7.759900093078613, 7.747900009155273, 7.32289981842041]"
