item_id,start,freq,target
T264,2014-12-29,W-SUN,"[4.539100170135498, 5.154699802398682, 6.258200168609619, 6.009900093078613, 5.934299945831299, 6.417399883270264, 5.763500213623047, 6.4359002113342285, 6.104499816894531, 6.858399868011475, 6.159299850463867, 6.259300231933594, 6.773200035095215, 6.242099761962891, 6.170499801635742, 6.496699810028076, 6.139999866485596, 6.470799922943115, 6.816999912261963, 6.467700004577637, 5.858399868011475, 6.593900203704834, 7.325900077819824, 7.635300159454346, 7.285799980163574, 6.987100124359131, 6.355999946594238, 7.952300071716309, 7.848999977111816, 7.790999889373779, 7.5167999267578125, 7.3734002113342285, 7.320000171661377, 6.837800025939941, 6.4191999435424805, 6.952499866485596, 8.264699935913086, 8.543999671936035, 7.672999858856201, 8.23289966583252, 6.2281999588012695, 7.103899955749512, 7.566100120544434, 7.256400108337402, 7.673799991607666, 8.684499740600586, 6.071800231933594, 5.89139986038208, 5.146200180053711, 5.986499786376953, 5.314199924468994, 3.9509999752044678, 4.913899898529053, 6.30649995803833, 5.751999855041504, 5.926599979400635, 6.06279993057251, 5.565899848937988, 4.9105000495910645, 6.059199810028076, 5.847799777984619, 5.613699913024902, 5.310400009155273, 5.355000019073486, 5.261600017547607, 5.294099807739258, 5.409900188446045, 5.53849983215332, 5.825799942016602, 6.073999881744385, 6.330399990081787, 6.61460018157959, 5.492499828338623, 5.41949987411499, 5.79040002822876, 5.9653000831604, 5.756700038909912, 5.58519983291626, 4.9274001121521, 5.832799911499023, 5.7982001304626465, 5.5640997886657715, 6.02400016784668, 5.653299808502197, 5.903299808502197, 6.363399982452393, 5.888400077819824, 5.385499954223633, 6.215000152587891, 6.182300090789795, 6.361700057983398, 6.525700092315674, 6.4903998374938965, 7.599899768829346, 5.796199798583984, 6.942399978637695]"
