item_id,start,freq,target
T611,2015-02-08 00:00:00,W-SUN,"[8.151599884033203, 8.33530044555664, 7.514400005340576, 8.343700408935547, 8.4552001953125, 8.48639965057373, 8.443300247192383, 8.211999893188477, 7.4618000984191895, 8.747200012207031, 8.979599952697754, 8.449799537658691, 8.757100105285645, 8.438699722290039, 8.13010025024414, 8.40310001373291, 8.502400398254395, 8.496700286865234, 8.445899963378906, 8.356599807739258, 7.842599868774414, 8.289299964904785, 8.364399909973145, 8.550600051879883, 8.59280014038086, 8.571599960327148, 8.27649974822998, 8.472200393676758, 8.68589973449707, 8.284899711608887, 8.590499877929688, 8.754300117492676, 8.475799560546875, 8.646200180053711, 8.65429973602295, 8.416399955749512, 8.53219985961914, 8.632499694824219, 11.51550006866455, 12.204299926757812, 9.364500045776367, 7.919000148773193, 8.370800018310547, 10.00220012664795, 10.869799613952637, 8.451299667358398, 7.587600231170654, 8.234399795532227, 8.13070011138916, 8.356399536132812, 8.47350025177002, 8.50409984588623, 8.762700080871582, 8.631999969482422, 8.458200454711914, 7.6219000816345215, 7.175300121307373, 7.779799938201904, 8.472599983215332, 8.349699974060059, 8.386199951171875, 8.739999771118164, 8.561200141906738, 8.666600227355957, 8.669599533081055, 8.782400131225586, 8.63230037689209, 8.336899757385254, 8.742600440979004, 8.76449966430664, 8.684000015258789, 8.637100219726562, 8.197500228881836, 8.604499816894531, 8.608099937438965, 8.7677001953125, 9.19480037689209, 8.702899932861328, 8.749600410461426, 8.964300155639648, 8.650699615478516, 8.321900367736816, 8.623900413513184, 8.81980037689209, 8.919599533081055, 7.3242998123168945, 8.737899780273438, 8.57450008392334, 8.667099952697754, 8.33899974822998]"
