item_id,start,freq,target
T295,2014-12-29,W-SUN,"[8.42300033569336, 10.555500030517578, 9.119400024414062, 9.478699684143066, 11.948599815368652, 10.259699821472168, 9.29319953918457, 10.239500045776367, 9.394800186157227, 11.209500312805176, 10.91759967803955, 12.058899879455566, 10.436800003051758, 10.459099769592285, 9.609199523925781, 10.693099975585938, 11.678000450134277, 11.051400184631348, 11.228699684143066, 10.879400253295898, 10.75409984588623, 10.799300193786621, 11.865400314331055, 10.097999572753906, 10.666600227355957, 10.998700141906738, 9.758199691772461, 10.239399909973145, 10.220199584960938, 9.592599868774414, 10.147899627685547, 10.230999946594238, 9.165399551391602, 12.001099586486816, 12.057999610900879, 11.328499794006348, 12.986100196838379, 12.633999824523926, 10.198399543762207, 12.73960018157959, 11.934599876403809, 12.1983003616333, 12.596500396728516, 13.688899993896484, 11.273300170898438, 12.057700157165527, 12.447500228881836, 11.276000022888184, 10.567299842834473, 12.951399803161621, 9.753299713134766, 7.841400146484375, 10.449700355529785, 11.256799697875977, 11.13860034942627, 12.024900436401367, 12.211400032043457, 10.91819953918457, 8.955599784851074, 8.754199981689453, 9.75629997253418, 10.208399772644043, 8.406599998474121, 8.444499969482422, 8.675399780273438, 8.803199768066406, 8.296600341796875, 8.907899856567383, 9.126700401306152, 9.844900131225586, 10.200699806213379, 10.072500228881836, 9.80090045928955, 8.902000427246094, 9.788999557495117, 9.122300148010254, 8.336899757385254, 9.277099609375, 8.242199897766113, 9.72439956665039, 8.739899635314941, 8.172100067138672, 8.111499786376953, 8.211999893188477, 11.27079963684082, 12.07129955291748, 12.814299583435059, 11.151300430297852, 12.834600448608398, 13.004500389099121, 13.204899787902832, 11.64169979095459, 11.339500427246094, 13.427000045776367, 11.669099807739258, 11.092700004577637]"
