item_id,start,freq,target
T710,2014-12-29,W-SUN,"[4.653600215911865, 5.864999771118164, 5.57480001449585, 5.440800189971924, 5.694300174713135, 5.545599937438965, 5.58459997177124, 5.586999893188477, 4.857399940490723, 5.576000213623047, 5.624300003051758, 5.504199981689453, 4.390100002288818, 5.490499973297119, 6.090799808502197, 6.163899898529053, 6.082499980926514, 6.092700004577637, 6.20359992980957, 6.135900020599365, 5.779399871826172, 6.247499942779541, 6.1666998863220215, 6.042699813842773, 6.571400165557861, 6.561600208282471, 6.243800163269043, 6.518099784851074, 6.766499996185303, 6.335400104522705, 6.085899829864502, 6.443399906158447, 6.743899822235107, 6.686500072479248, 6.725299835205078, 6.60860013961792, 7.911399841308594, 7.356900215148926, 7.401400089263916, 7.18310022354126, 7.369699954986572, 6.903299808502197, 7.717100143432617, 6.468500137329102, 6.550000190734863, 6.613100051879883, 6.93720006942749, 5.8618998527526855, 6.776500225067139, 6.46999979019165, 7.04580020904541, 5.147799968719482, 5.598999977111816, 6.3668999671936035, 6.083000183105469, 5.856299877166748, 5.860599994659424, 6.662300109863281, 6.322700023651123, 6.281199932098389, 6.632299900054932, 6.620699882507324, 6.485400199890137, 7.061399936676025, 7.078000068664551, 6.732100009918213, 7.04010009765625, 7.0131001472473145, 6.98330020904541, 7.630300045013428, 8.3548002243042, 7.277299880981445, 7.460400104522705, 6.9328999519348145, 7.361199855804443, 7.502799987792969, 7.28380012512207, 7.272299766540527, 8.026800155639648, 8.162400245666504, 7.824399948120117, 7.67519998550415, 7.587600231170654, 8.368900299072266, 8.662599563598633, 8.48960018157959, 8.561100006103516, 8.654500007629395, 8.838199615478516, 9.722200393676758, 9.128299713134766, 9.29419994354248, 8.876799583435059, 8.243000030517578, 9.527199745178223, 8.110699653625488]"
