item_id,start,freq,target
T748,2015-01-18 00:00:00,W-SUN,"[7.591300010681152, 8.178099632263184, 6.813399791717529, 8.384699821472168, 8.091400146484375, 6.520699977874756, 7.827700138092041, 7.909200191497803, 7.513800144195557, 8.438400268554688, 7.819900035858154, 7.774499893188477, 8.487700462341309, 7.436200141906738, 7.644499778747559, 8.286100387573242, 7.759500026702881, 9.293299674987793, 7.542699813842773, 8.022299766540527, 9.660799980163574, 9.726200103759766, 9.316499710083008, 11.15060043334961, 9.079500198364258, 10.055299758911133, 9.647700309753418, 10.093600273132324, 10.111700057983398, 9.227800369262695, 9.512900352478027, 9.103699684143066, 10.248299598693848, 8.334500312805176, 9.15060043334961, 8.637999534606934, 8.326700210571289, 8.603699684143066, 8.015199661254883, 8.078399658203125, 8.006699562072754, 8.497099876403809, 8.173700332641602, 10.550200462341309, 9.219200134277344, 9.012900352478027, 7.472099781036377, 10.906900405883789, 10.267999649047852, 6.944200038909912, 7.161499977111816, 9.541899681091309, 8.628199577331543, 8.071399688720703, 7.751299858093262, 10.550999641418457, 8.72439956665039, 8.769100189208984, 7.757999897003174, 8.443900108337402, 8.8193998336792, 9.949299812316895, 8.133199691772461, 8.117799758911133, 8.403900146484375, 7.97790002822876, 7.920599937438965, 8.374899864196777, 7.5543999671936035, 8.678099632263184, 9.872200012207031, 8.97599983215332, 9.870499610900879, 9.162699699401855, 9.368000030517578, 11.8149995803833, 9.380000114440918, 10.259699821472168, 8.42140007019043, 10.546500205993652, 9.501399993896484, 9.248100280761719, 8.282400131225586, 8.133999824523926, 8.805100440979004, 7.714900016784668, 8.017200469970703, 7.496799945831299, 7.627299785614014, 7.946199893951416]"
