item_id,start,freq,target
T742,2014-12-29,W-SUN,"[7.0441999435424805, 7.307300090789795, 7.859899997711182, 7.877200126647949, 7.544400215148926, 7.262499809265137, 8.215900421142578, 7.7581000328063965, 7.011600017547607, 7.515200138092041, 7.934199810028076, 7.967199802398682, 8.159799575805664, 8.12720012664795, 8.163900375366211, 8.622599601745605, 8.604900360107422, 8.40719985961914, 8.536100387573242, 8.17020034790039, 8.345100402832031, 8.274399757385254, 8.342499732971191, 8.76099967956543, 8.729599952697754, 8.712800025939941, 8.909600257873535, 8.547300338745117, 8.847599983215332, 8.923700332641602, 9.025799751281738, 8.896400451660156, 8.466099739074707, 8.232799530029297, 8.650099754333496, 8.732600212097168, 8.131699562072754, 8.516500473022461, 8.344200134277344, 8.171600341796875, 8.237899780273438, 8.125100135803223, 8.015999794006348, 7.8302998542785645, 7.990200042724609, 7.79610013961792, 8.645700454711914, 8.293000221252441, 8.407099723815918, 8.01550006866455, 8.687600135803223, 8.401200294494629, 7.464799880981445, 7.735599994659424, 8.681500434875488, 8.338000297546387, 7.815100193023682, 7.978400230407715, 9.03279972076416, 8.288700103759766, 8.22189998626709, 7.546999931335449, 7.997099876403809, 8.077899932861328, 9.024100303649902, 8.541600227355957, 7.947999954223633, 8.637399673461914, 8.559100151062012, 6.61870002746582, 6.687600135803223, 6.691800117492676, 7.242099761962891, 7.011499881744385, 6.758299827575684, 6.985099792480469, 7.156700134277344, 7.3744001388549805, 7.5868000984191895, 7.059100151062012, 7.3394999504089355, 6.689000129699707, 7.406700134277344, 7.340799808502197, 8.81779956817627, 8.715700149536133, 7.393099784851074, 6.703000068664551, 6.760799884796143, 6.853099822998047, 6.699699878692627, 6.689799785614014, 7.021100044250488, 6.319499969482422, 6.651299953460693, 6.306399822235107]"
