item_id,start,freq,target
T108,2014-12-29,W-SUN,"[7.085400104522705, 9.131600379943848, 9.452500343322754, 8.620800018310547, 8.911299705505371, 9.456100463867188, 9.444999694824219, 9.527799606323242, 8.487899780273438, 8.980899810791016, 8.619099617004395, 9.263099670410156, 9.350899696350098, 8.813300132751465, 9.173299789428711, 10.047699928283691, 7.81220006942749, 9.279899597167969, 10.078300476074219, 9.296899795532227, 8.760100364685059, 9.019700050354004, 9.405699729919434, 9.187100410461426, 8.21969985961914, 9.327899932861328, 7.708399772644043, 9.533300399780273, 9.43910026550293, 9.570899963378906, 8.591699600219727, 9.259900093078613, 8.979000091552734, 9.2608003616333, 8.861599922180176, 9.381699562072754, 9.609800338745117, 9.934300422668457, 9.38230037689209, 8.918600082397461, 9.329299926757812, 8.825599670410156, 8.531200408935547, 9.559599876403809, 9.846500396728516, 9.48960018157959, 9.18850040435791, 8.017800331115723, 9.085399627685547, 9.477100372314453, 9.906999588012695, 7.17549991607666, 7.37060022354126, 8.792499542236328, 9.236900329589844, 8.654500007629395, 8.06149959564209, 8.446800231933594, 9.105199813842773, 9.4197998046875, 9.773200035095215, 9.011099815368652, 8.971400260925293, 9.744999885559082, 9.530200004577637, 9.475299835205078, 9.206399917602539, 10.466300010681152, 9.820799827575684, 9.875499725341797, 10.20989990234375, 10.038399696350098, 10.234299659729004, 8.982799530029297, 9.76729965209961, 9.694600105285645, 9.478300094604492, 9.144599914550781, 7.777299880981445, 9.294599533081055, 9.637399673461914, 9.684800148010254, 10.815600395202637, 8.725600242614746, 10.223899841308594, 9.802399635314941, 10.02750015258789, 9.494099617004395, 9.059499740600586, 9.7923002243042, 9.452799797058105, 9.345100402832031, 9.456700325012207, 9.09749984741211, 10.32409954071045, 8.948100090026855]"
