item_id,start,freq,target
T757,2015-01-11 00:00:00,W-SUN,"[11.062199592590332, 11.060099601745605, 11.862600326538086, 11.777899742126465, 10.335700035095215, 10.21969985961914, 9.82129955291748, 11.944299697875977, 11.888899803161621, 11.68589973449707, 11.633099555969238, 11.47249984741211, 13.54319953918457, 11.628600120544434, 10.195899963378906, 11.880999565124512, 11.7121000289917, 11.74839973449707, 11.333399772644043, 11.614299774169922, 11.637900352478027, 11.71969985961914, 11.355899810791016, 11.60219955444336, 10.864500045776367, 11.638799667358398, 11.63599967956543, 11.240400314331055, 11.59850025177002, 11.732799530029297, 11.597399711608887, 12.484999656677246, 10.196999549865723, 11.122300148010254, 12.272000312805176, 12.436300277709961, 10.468899726867676, 11.394100189208984, 11.451600074768066, 12.278400421142578, 12.240900039672852, 12.0649995803833, 11.96619987487793, 12.200900077819824, 12.33489990234375, 4.978099822998047, 5.338799953460693, 5.412600040435791, 5.273499965667725, 4.61870002746582, 4.645699977874756, 5.252900123596191, 5.3003997802734375, 5.316699981689453, 5.05679988861084, 5.510900020599365, 5.604800224304199, 6.93310022354126, 11.162799835205078, 11.739399909973145, 11.477399826049805, 10.613200187683105, 11.679400444030762, 11.455599784851074, 11.944899559020996, 12.145899772644043, 12.243900299072266, 12.25469970703125, 12.278400421142578, 12.359800338745117, 12.37660026550293, 11.685199737548828, 12.357199668884277, 11.362700462341309, 11.92549991607666, 12.158699989318848, 11.110099792480469, 11.995699882507324, 12.22760009765625, 11.720499992370605, 11.929400444030762, 11.593600273132324, 12.024800300598145, 12.208000183105469, 12.632399559020996, 9.266300201416016, 10.614399909973145, 12.487899780273438, 12.517800331115723, 12.513699531555176]"
