item_id,start,freq,target
T328,2014-12-29,W-SUN,"[7.700500011444092, 7.700500011444092, 7.700500011444092, 7.700500011444092, 7.700500011444092, 7.700500011444092, 7.700500011444092, 7.700500011444092, 6.985899925231934, 7.702400207519531, 7.700500011444092, 6.787099838256836, 7.404200077056885, 7.700500011444092, 7.977799892425537, 7.700500011444092, 7.700500011444092, 7.700500011444092, 7.703000068664551, 6.905600070953369, 7.700500011444092, 7.700500011444092, 7.700500011444092, 7.700500011444092, 7.700500011444092, 7.700500011444092, 7.700500011444092, 7.700500011444092, 7.700500011444092, 7.700500011444092, 7.700500011444092, 7.700500011444092, 7.700500011444092, 11.589900016784668, 9.927399635314941, 11.536399841308594, 12.510700225830078, 12.491299629211426, 7.154300212860107, 7.700500011444092, 7.700500011444092, 7.700500011444092, 7.700500011444092, 7.690800189971924, 7.700500011444092, 7.700500011444092, 7.700500011444092, 7.700500011444092, 7.700500011444092, 7.700500011444092, 7.700500011444092, 7.700500011444092, 7.700500011444092, 7.700500011444092, 7.700500011444092, 7.700500011444092, 7.700500011444092, 7.700500011444092, 7.701900005340576, 7.700500011444092, 7.700500011444092, 7.700500011444092, 7.702400207519531, 7.700500011444092, 7.700500011444092, 7.700500011444092, 7.700500011444092, 7.700500011444092, 7.700500011444092, 7.700500011444092, 7.700500011444092, 7.700500011444092, 7.700500011444092, 7.700500011444092, 7.700500011444092, 11.750100135803223, 12.743200302124023, 12.729299545288086, 11.794300079345703, 12.463199615478516, 12.701600074768066, 12.26710033416748, 12.362700462341309, 12.836700439453125, 12.637299537658691, 12.702899932861328, 12.474800109863281, 11.121500015258789, 12.463000297546387, 12.877400398254395, 12.364800453186035, 9.496399879455566, 12.7568998336792, 13.035099983215332, 12.618399620056152, 12.144599914550781]"
