item_id,start,freq,target
T103,2015-01-11 00:00:00,W-SUN,"[4.40310001373291, 5.888800144195557, 6.370500087738037, 6.40939998626709, 5.914999961853027, 6.304800033569336, 5.815000057220459, 6.6346001625061035, 6.7093000411987305, 6.671599864959717, 6.692500114440918, 6.605500221252441, 6.663300037384033, 6.964900016784668, 6.828800201416016, 6.769000053405762, 6.903200149536133, 7.026599884033203, 6.7866997718811035, 6.942999839782715, 6.91379976272583, 7.003799915313721, 7.154200077056885, 7.113399982452393, 6.808199882507324, 7.340400218963623, 7.1768999099731445, 7.437699794769287, 7.493000030517578, 7.302000045776367, 7.263299942016602, 7.405300140380859, 7.350599765777588, 7.029799938201904, 7.301700115203857, 6.994500160217285, 6.921199798583984, 7.302499771118164, 7.310699939727783, 7.2993998527526855, 7.619800090789795, 7.080900192260742, 6.726200103759766, 7.021399974822998, 7.178500175476074, 6.070300102233887, 7.091400146484375, 6.9085001945495605, 6.736299991607666, 5.649400234222412, 6.0269999504089355, 6.6458001136779785, 6.465000152587891, 6.644400119781494, 7.010000228881836, 7.03849983215332, 7.049699783325195, 6.949399948120117, 7.065899848937988, 5.8907999992370605, 7.007900238037109, 6.804699897766113, 7.392300128936768, 7.302000045776367, 7.123000144958496, 7.304599761962891, 7.276700019836426, 7.396299839019775, 7.333700180053711, 7.546000003814697, 7.516200065612793, 7.2677001953125, 7.88730001449585, 7.534200191497803, 7.577899932861328, 7.515399932861328, 7.028900146484375, 7.498899936676025, 7.4984002113342285, 7.76669979095459, 7.705599784851074, 7.60890007019043, 7.57859992980957, 7.530099868774414, 7.518599987030029, 7.046599864959717, 7.468699932098389, 6.9629998207092285, 7.572199821472168, 7.312099933624268]"
