item_id,start,freq,target
T486,2014-12-29,W-SUN,"[7.700500011444092, 7.700500011444092, 7.700500011444092, 7.700500011444092, 7.700500011444092, 5.194200038909912, 6.9593000411987305, 6.171500205993652, 5.783899784088135, 5.735000133514404, 5.30049991607666, 5.169300079345703, 5.566500186920166, 5.156700134277344, 5.86929988861084, 5.492000102996826, 6.735499858856201, 5.071300029754639, 4.923799991607666, 5.869800090789795, 4.910999774932861, 5.2052001953125, 5.604400157928467, 5.45389986038208, 5.40310001373291, 5.9303998947143555, 5.446800231933594, 6.227200031280518, 5.894199848175049, 6.029099941253662, 5.9008002281188965, 5.763299942016602, 5.539999961853027, 6.30709981918335, 5.618299961090088, 5.385700225830078, 5.89769983291626, 5.9832000732421875, 5.532199859619141, 5.793600082397461, 5.404200077056885, 5.740600109100342, 5.551499843597412, 5.682799816131592, 5.778800010681152, 6.070199966430664, 6.1315999031066895, 5.1732001304626465, 5.797800064086914, 6.382299900054932, 6.139800071716309, 4.748199939727783, 4.385900020599365, 5.150300025939941, 5.53439998626709, 5.192200183868408, 5.444300174713135, 5.649099826812744, 5.328700065612793, 5.870500087738037, 5.651199817657471, 5.5725998878479, 5.887700080871582, 5.949999809265137, 6.2835001945495605, 5.445300102233887, 5.298299789428711, 6.133900165557861, 5.776299953460693, 6.062900066375732, 6.0868000984191895, 6.148099899291992, 6.573400020599365, 6.455599784851074, 6.4415998458862305, 6.710899829864502, 6.02400016784668, 6.025899887084961, 5.556700229644775, 5.934500217437744, 5.88730001449585, 5.461999893188477, 6.044400215148926, 5.725299835205078, 6.262599945068359, 5.895899772644043, 5.973599910736084, 5.1803998947143555, 5.909900188446045, 6.149499893188477, 5.82289981842041, 5.91540002822876, 5.380199909210205, 5.321899890899658, 5.65500020980835, 5.4542999267578125]"
