item_id,start,freq,target
T637,2014-12-29,W-SUN,"[11.453200340270996, 13.42240047454834, 14.09220027923584, 13.144200325012207, 13.956999778747559, 13.587200164794922, 13.774499893188477, 13.478899955749512, 12.500499725341797, 13.965499877929688, 14.009599685668945, 13.846599578857422, 14.454500198364258, 14.352499961853027, 10.695599555969238, 10.765299797058105, 13.332799911499023, 13.696200370788574, 13.780599594116211, 14.337200164794922, 14.663800239562988, 13.819499969482422, 9.804400444030762, 11.450900077819824, 11.57759952545166, 14.465200424194336, 12.893199920654297, 14.777099609375, 14.224499702453613, 15.313400268554688, 14.546199798583984, 14.517200469970703, 14.318099975585938, 14.100000381469727, 13.819100379943848, 13.974900245666504, 14.728899955749512, 9.340999603271484, 14.39680004119873, 14.077799797058105, 14.125499725341797, 14.154600143432617, 13.53439998626709, 9.197799682617188, 10.412199974060059, 10.711799621582031, 10.90470027923584, 9.674599647521973, 9.489399909973145, 10.769599914550781, 11.238200187683105, 9.663100242614746, 9.727800369262695, 10.391400337219238, 10.43019962310791, 10.427000045776367, 10.372900009155273, 10.310999870300293, 9.84749984741211, 10.633600234985352, 9.94159984588623, 10.02239990234375, 9.722700119018555, 14.831600189208984, 12.37720012664795, 10.644000053405762, 10.543700218200684, 10.71720027923584, 10.827500343322754, 10.513899803161621, 10.587800025939941, 10.766599655151367, 10.17020034790039, 10.371199607849121, 10.71560001373291, 10.73960018157959, 10.656700134277344, 10.583600044250488, 10.211199760437012, 10.435700416564941, 10.907500267028809, 10.66100025177002, 11.071200370788574, 10.571100234985352, 10.759400367736816, 10.676300048828125, 10.621899604797363, 10.207300186157227, 10.597100257873535, 10.781900405883789, 13.167099952697754, 13.42039966583252, 10.83489990234375, 9.926300048828125, 14.610699653625488, 13.896900177001953]"
