item_id,start,freq,target
T350,2015-02-08 00:00:00,W-SUN,"[[5.631400108337402, 5.755899906158447, 5.411900043487549, 5.983099937438965, 6.564599990844727, 5.92519998550415, 5.804299831390381, 5.604899883270264, 6.125699996948242, 6.071199893951416, 5.926199913024902, 6.035299777984619, 6.252600193023682, 6.661200046539307, 5.523399829864502, 6.094699859619141, 6.288400173187256, 6.277599811553955, 6.552599906921387, 6.514500141143799, 5.607100009918213, 6.791200160980225, 6.2220001220703125, 6.3414998054504395, 6.128200054168701, 6.107999801635742, 6.103400230407715, 6.241799831390381, 6.491199970245361, 6.029600143432617, 6.566800117492676, 6.473299980163574, 6.423299789428711, 6.652699947357178, 6.213399887084961, 6.552999973297119, 7.066100120544434, 6.236299991607666, 6.153200149536133, 6.337600231170654, 5.869200229644775, 4.989699840545654, 6.192800045013428, 6.4166998863220215, 5.694300174713135, 3.7718000411987305, 4.630499839782715, 5.93179988861084, 5.650300025939941, 5.682799816131592, 5.994900226593018, 6.93310022354126, 5.735099792480469, 5.566699981689453, 6.478000164031982, 5.716300010681152, 6.000699996948242, 5.445099830627441, 6.1072998046875, 6.140200138092041, 6.058499813079834, 6.332900047302246, 7.172599792480469, 6.343500137329102, 6.40910005569458, 6.3755998611450195, 6.692299842834473, 6.010200023651123, 6.599400043487549, 6.486700057983398, 6.482900142669678, 6.548299789428711, 5.441800117492676, 6.52810001373291, 6.39739990234375, 6.528500080108643, 6.3343000411987305, 6.521900177001953, 6.319300174713135, 6.459099769592285, 6.376999855041504, 5.700399875640869, 6.885799884796143, 6.75, 6.94950008392334, 6.380000114440918, 6.558000087738037, 6.50540018081665, 6.3277997970581055, 6.295499801635742]]"
