item_id,start,freq,target
T755,2014-12-29,W-SUN,"[3.7404000759124756, 5.403800010681152, 3.609299898147583, 5.27810001373291, 5.807600021362305, 5.836400032043457, 4.92140007019043, 5.430200099945068, 5.290900230407715, 5.349100112915039, 5.641499996185303, 5.392199993133545, 5.1427998542785645, 5.176499843597412, 5.617700099945068, 5.545499801635742, 4.374100208282471, 5.500999927520752, 6.4766998291015625, 5.7519001960754395, 4.97130012512207, 6.13700008392334, 5.720200061798096, 5.468100070953369, 5.460000038146973, 5.382800102233887, 4.009799957275391, 5.520199775695801, 6.008500099182129, 5.634699821472168, 5.365300178527832, 4.4380998611450195, 5.451300144195557, 6.250800132751465, 5.7220001220703125, 4.817299842834473, 5.934500217437744, 6.314199924468994, 5.001299858093262, 5.668499946594238, 5.295300006866455, 5.597700119018555, 5.14900016784668, 6.067699909210205, 5.997499942779541, 6.348400115966797, 6.57390022277832, 5.038700103759766, 6.541200160980225, 6.805099964141846, 6.1427998542785645, 4.157199859619141, 4.5381999015808105, 5.587600231170654, 4.884699821472168, 5.8643999099731445, 6.24560022354126, 6.241499900817871, 4.883900165557861, 5.838399887084961, 5.866399765014648, 5.5096001625061035, 5.732900142669678, 5.93310022354126, 5.866000175476074, 5.926000118255615, 5.82420015335083, 6.3403000831604, 5.770999908447266, 6.413599967956543, 6.403900146484375, 6.473800182342529, 6.112299919128418, 5.354499816894531, 6.189199924468994, 6.360199928283691, 5.997099876403809, 5.94379997253418, 5.157100200653076, 6.106800079345703, 6.215400218963623, 5.89169979095459, 6.159599781036377, 6.061699867248535, 6.1697001457214355, 6.058000087738037, 6.005300045013428, 5.260000228881836, 6.05210018157959, 6.058300018310547, 5.970699787139893, 6.2027997970581055, 6.246699810028076, 6.048399925231934, 6.306300163269043, 6.008999824523926]"
