item_id,start,freq,target
T418,2014-12-29,W-SUN,"[3.0225000381469727, 3.4156999588012695, 4.221099853515625, 3.9238998889923096, 4.276199817657471, 4.296000003814697, 4.374000072479248, 4.295199871063232, 3.9182000160217285, 4.466300010681152, 4.459400177001953, 4.4105000495910645, 4.474899768829346, 4.556099891662598, 4.692699909210205, 4.53980016708374, 4.588900089263916, 4.905300140380859, 4.950200080871582, 4.938399791717529, 4.743199825286865, 4.9430999755859375, 4.987100124359131, 5.01170015335083, 4.992400169372559, 4.951000213623047, 4.7027997970581055, 4.993800163269043, 4.982600212097168, 4.088099956512451, 5.030300140380859, 4.454899787902832, 5.416999816894531, 5.515600204467773, 5.134099960327148, 3.836699962615967, 4.709000110626221, 5.549799919128418, 4.929900169372559, 5.463699817657471, 4.4517998695373535, 5.0081000328063965, 5.094099998474121, 4.220200061798096, 5.369699954986572, 5.397500038146973, 5.366000175476074, 4.25540018081665, 4.446400165557861, 4.9390997886657715, 5.342100143432617, 4.254199981689453, 4.133200168609619, 4.725599765777588, 4.723999977111816, 4.813300132751465, 4.874100208282471, 4.434299945831299, 4.932400226593018, 4.647299766540527, 4.479400157928467, 4.764500141143799, 4.530799865722656, 4.543099880218506, 4.724699974060059, 3.612799882888794, 4.6321001052856445, 3.8099000453948975, 4.101200103759766, 2.7146999835968018, 3.3808000087738037, 2.9479000568389893, 5.1579999923706055, 4.958899974822998, 5.261099815368652, 5.232500076293945, 5.124499797821045, 5.19290018081665, 4.707399845123291, 5.143899917602539, 5.175300121307373, 4.126800060272217, 5.671199798583984, 5.087500095367432, 5.115499973297119, 5.128699779510498, 5.055799961090088, 4.2316999435424805, 4.992800235748291, 5.181099891662598, 5.162499904632568, 4.173699855804443, 5.1234002113342285, 5.075799942016602, 5.10699987411499, 4.671299934387207]"
