item_id,start,freq,target
T120,2014-12-29,W-SUN,"[6.332699775695801, 9.56470012664795, 10.282600402832031, 10.208999633789062, 13.09160041809082, 12.022199630737305, 11.721199989318848, 12.01140022277832, 10.873299598693848, 12.481300354003906, 11.727299690246582, 12.066499710083008, 12.09749984741211, 11.339900016784668, 11.51360034942627, 12.43649959564209, 11.272500038146973, 11.644599914550781, 11.667799949645996, 11.56760025024414, 10.801400184631348, 11.704899787902832, 12.94629955291748, 11.912199974060059, 12.464099884033203, 12.643699645996094, 10.465700149536133, 12.6274995803833, 13.208600044250488, 12.266799926757812, 12.6697998046875, 11.765700340270996, 12.629300117492676, 12.946000099182129, 12.01200008392334, 11.774299621582031, 13.580599784851074, 13.704999923706055, 12.485199928283691, 12.364299774169922, 12.565400123596191, 13.104999542236328, 13.145099639892578, 13.152400016784668, 12.27810001373291, 12.757599830627441, 12.55720043182373, 10.604700088500977, 12.109100341796875, 13.095100402832031, 13.551799774169922, 8.782299995422363, 9.266200065612793, 10.922200202941895, 11.028400421142578, 11.589900016784668, 11.90410041809082, 12.027400016784668, 12.183899879455566, 12.643899917602539, 13.057100296020508, 11.963899612426758, 11.627599716186523, 11.944499969482422, 11.973099708557129, 11.673999786376953, 12.863800048828125, 13.211899757385254, 13.052399635314941, 13.146499633789062, 13.239800453186035, 12.812000274658203, 11.885000228881836, 12.442899703979492, 13.355199813842773, 12.73009967803955, 13.38230037689209, 13.453300476074219, 10.746500015258789, 13.973799705505371, 12.398099899291992, 12.458700180053711, 13.048299789428711, 13.11240005493164, 14.10200023651123, 12.902700424194336, 13.050600051879883, 11.635100364685059, 14.081500053405762, 14.869000434875488, 14.696800231933594, 11.246100425720215, 13.610300064086914, 12.287799835205078, 14.425000190734863, 12.815299987792969]"
