item_id,start,freq,target
T405,2014-12-29,W-SUN,"[8.490900039672852, 10.59000015258789, 5.944200038909912, 9.883199691772461, 11.143799781799316, 11.22089958190918, 10.756600379943848, 10.901300430297852, 10.19219970703125, 11.526900291442871, 11.487299919128418, 11.844099998474121, 12.031399726867676, 10.725199699401855, 11.77929973602295, 11.977499961853027, 11.851699829101562, 11.412300109863281, 11.418800354003906, 11.528800010681152, 11.021200180053711, 11.820099830627441, 11.627699851989746, 11.833999633789062, 12.02400016784668, 11.999699592590332, 10.892499923706055, 11.785499572753906, 12.06350040435791, 11.527700424194336, 11.772500038146973, 12.057499885559082, 11.995400428771973, 12.72249984741211, 12.53219985961914, 11.90530014038086, 12.230899810791016, 12.40060043334961, 12.327500343322754, 12.544599533081055, 11.895099639892578, 10.833600044250488, 12.440299987792969, 11.923700332641602, 11.964799880981445, 12.211299896240234, 12.775699615478516, 10.1673002243042, 12.822999954223633, 11.839500427246094, 11.952400207519531, 9.410599708557129, 10.153900146484375, 11.553299903869629, 10.844599723815918, 11.48449993133545, 12.083100318908691, 11.92710018157959, 12.251999855041504, 12.393600463867188, 12.353300094604492, 11.864399909973145, 12.732399940490723, 11.978400230407715, 14.4931001663208, 12.723400115966797, 12.273599624633789, 10.972200393676758, 11.339200019836426, 11.184900283813477, 13.023699760437012, 13.083499908447266, 12.32759952545166, 11.690699577331543, 12.043999671936035, 11.944499969482422, 12.221500396728516, 12.70740032196045, 11.696900367736816, 12.253700256347656, 12.479100227355957, 12.298700332641602, 13.176799774169922, 12.149399757385254, 12.008600234985352, 12.544599533081055, 13.339799880981445, 11.367799758911133, 12.418800354003906, 12.1806001663208, 11.91759967803955, 11.458499908447266, 11.746000289916992, 11.627699851989746, 11.703900337219238, 11.664999961853027]"
