item_id,start,freq,target
T722,2015-01-25 00:00:00,W-SUN,"[8.28909969329834, 8.0693998336792, 8.145999908447266, 8.243599891662598, 7.424300193786621, 8.56820011138916, 8.736000061035156, 8.821399688720703, 8.836600303649902, 8.439599990844727, 8.88290023803711, 8.88700008392334, 8.875800132751465, 8.405400276184082, 8.533699989318848, 8.914899826049805, 8.73270034790039, 9.094900131225586, 9.114500045776367, 9.133999824523926, 9.282500267028809, 9.251299858093262, 8.912599563598633, 9.29520034790039, 9.026599884033203, 9.447699546813965, 10.18970012664795, 9.48900032043457, 10.8951997756958, 9.376500129699707, 9.431300163269043, 9.207599639892578, 9.372300148010254, 9.269499778747559, 9.306500434875488, 8.124500274658203, 9.050800323486328, 9.289400100708008, 9.315299987792969, 8.996899604797363, 8.95009994506836, 8.902799606323242, 9.127300262451172, 8.05519962310791, 8.866499900817871, 8.80370044708252, 8.999500274658203, 7.887800216674805, 7.580599784851074, 8.28909969329834, 8.489100456237793, 8.416500091552734, 8.483699798583984, 8.734700202941895, 8.639599800109863, 8.60890007019043, 8.663299560546875, 8.314499855041504, 8.25220012664795, 8.043700218200684, 8.940299987792969, 8.934200286865234, 8.788200378417969, 9.097599983215332, 8.860199928283691, 9.153800010681152, 9.08549976348877, 9.32979965209961, 9.177800178527832, 9.23169994354248, 9.429499626159668, 9.437199592590332, 9.46969985961914, 9.535599708557129, 9.271599769592285, 9.684700012207031, 9.427599906921387, 9.559300422668457, 9.721099853515625, 9.494500160217285, 9.472900390625, 9.37279987335205, 9.209199905395508, 8.833700180053711, 9.103300094604492, 9.295499801635742, 9.31760025024414, 8.845199584960938, 9.13290023803711, 8.853099822998047]"
