item_id,start,freq,target
T149,2015-01-25 00:00:00,W-SUN,"[9.258600234985352, 9.584600448608398, 8.988900184631348, 9.102100372314453, 8.537699699401855, 9.476699829101562, 9.566900253295898, 9.437100410461426, 9.242300033569336, 9.022299766540527, 9.461899757385254, 9.81980037689209, 9.479399681091309, 9.739700317382812, 9.669899940490723, 9.6451997756958, 9.11970043182373, 9.538599967956543, 10.213500022888184, 9.630900382995605, 9.265800476074219, 9.178400039672852, 8.530599594116211, 8.094799995422363, 7.512800216674805, 8.266400337219238, 8.087800025939941, 7.014100074768066, 7.235300064086914, 8.705699920654297, 9.241100311279297, 8.78439998626709, 7.419400215148926, 9.011899948120117, 8.839099884033203, 6.501399993896484, 7.407199859619141, 7.700500011444092, 8.914899826049805, 9.098999977111816, 8.738300323486328, 9.088600158691406, 8.516799926757812, 7.847700119018555, 8.3233003616333, 9.043700218200684, 8.111900329589844, 6.378600120544434, 7.521100044250488, 7.951600074768066, 8.572199821472168, 8.506999969482422, 8.275400161743164, 8.247200012207031, 8.540599822998047, 8.224599838256836, 8.557299613952637, 9.59220027923584, 8.962499618530273, 7.912899971008301, 8.741900444030762, 8.379400253295898, 8.836299896240234, 8.700699806213379, 8.86709976196289, 8.752300262451172, 8.774999618530273, 8.786700248718262, 8.75100040435791, 8.482600212097168, 9.09119987487793, 8.918000221252441, 8.776200294494629, 8.72920036315918, 8.032600402832031, 8.751500129699707, 8.635199546813965, 8.904500007629395, 9.1141996383667, 8.77340030670166, 9.086899757385254, 8.884900093078613, 8.859800338745117, 8.160699844360352, 8.790900230407715, 9.095600128173828, 7.599899768829346, 8.706999778747559, 8.836000442504883, 8.944700241088867]"
