item_id,start,freq,target
T445,2015-01-18 00:00:00,W-SUN,"[4.45359992980957, 4.658400058746338, 5.036499977111816, 4.412899971008301, 4.984799861907959, 4.478899955749512, 4.643599987030029, 4.833000183105469, 4.717700004577637, 4.591300010681152, 4.359499931335449, 4.5995001792907715, 4.962299823760986, 4.555600166320801, 4.646900177001953, 5.5543999671936035, 4.972899913787842, 5.218100070953369, 5.015900135040283, 5.160900115966797, 4.856800079345703, 4.776100158691406, 4.599800109863281, 4.00570011138916, 4.932700157165527, 5.298900127410889, 4.845799922943115, 4.682000160217285, 4.4542999267578125, 4.6774001121521, 4.879700183868408, 4.781300067901611, 4.064300060272217, 5.163899898529053, 5.033199787139893, 4.80019998550415, 4.874100208282471, 4.720099925994873, 4.795000076293945, 4.551000118255615, 4.87470006942749, 5.033699989318848, 5.436500072479248, 5.059800148010254, 4.009500026702881, 5.4670000076293945, 5.493899822235107, 4.893099784851074, 2.710700035095215, 3.307800054550171, 4.650700092315674, 4.4029998779296875, 5.151800155639648, 5.284800052642822, 5.2221999168396, 5.37060022354126, 5.367199897766113, 5.050099849700928, 5.092899799346924, 5.221700191497803, 4.97189998626709, 4.764599800109863, 4.758800029754639, 4.809800148010254, 5.220099925994873, 4.796599864959717, 5.16510009765625, 5.032800197601318, 5.465700149536133, 5.185200214385986, 4.543900012969971, 5.083799839019775, 5.390200138092041, 5.143700122833252, 5.08459997177124, 4.043900012969971, 5.162600040435791, 5.078400135040283, 4.935800075531006, 5.3572001457214355, 5.2058000564575195, 4.616199970245361, 5.178299903869629, 5.817599773406982, 5.000100135803223, 5.80709981918335, 5.398399829864502, 5.262899875640869, 5.5233001708984375, 5.5868000984191895]"
