item_id,start,freq,target
T444,2014-12-29,W-SUN,"[6.976799964904785, 10.900500297546387, 10.21679973602295, 9.47189998626709, 11.134200096130371, 10.403900146484375, 10.292099952697754, 10.825200080871582, 10.484800338745117, 11.431900024414062, 11.452199935913086, 10.680999755859375, 10.993900299072266, 9.892900466918945, 11.886199951171875, 11.114399909973145, 10.97719955444336, 11.240300178527832, 11.246399879455566, 11.402600288391113, 10.902600288391113, 11.421299934387207, 12.045599937438965, 12.802399635314941, 12.50220012664795, 12.238499641418457, 9.727299690246582, 12.940600395202637, 12.175600051879883, 13.387700080871582, 11.383600234985352, 11.516799926757812, 12.238200187683105, 13.48960018157959, 12.536100387573242, 11.148599624633789, 12.289299964904785, 13.530799865722656, 12.097100257873535, 12.13949966430664, 11.791600227355957, 13.264800071716309, 12.771200180053711, 12.037199974060059, 12.670999526977539, 11.782699584960938, 11.861300468444824, 9.650500297546387, 11.445500373840332, 11.495400428771973, 10.767800331115723, 7.567599773406982, 8.74020004272461, 10.405500411987305, 10.37399959564209, 10.254400253295898, 11.229299545288086, 11.1983003616333, 11.022500038146973, 11.477999687194824, 11.36340045928955, 9.92080020904541, 9.336199760437012, 10.529199600219727, 12.160300254821777, 11.975299835205078, 11.530599594116211, 11.83530044555664, 12.193300247192383, 11.530599594116211, 12.21090030670166, 12.411499977111816, 12.559100151062012, 12.253399848937988, 12.176799774169922, 13.454899787902832, 13.555299758911133, 13.354999542236328, 10.46720027923584, 12.859000205993652, 13.303299903869629, 13.236200332641602, 13.959600448608398, 12.697500228881836, 13.934499740600586, 12.815299987792969, 12.723699569702148, 10.146100044250488, 10.906700134277344, 10.66469955444336, 11.190699577331543, 9.329000473022461, 10.434200286865234, 9.711600303649902, 10.348799705505371, 9.24209976196289]"
