item_id,start,freq,target
T767,2014-12-29,W-SUN,"[5.438300132751465, 6.950500011444092, 8.350799560546875, 6.457600116729736, 6.6016998291015625, 6.245999813079834, 6.766499996185303, 6.475599765777588, 5.842400074005127, 7.588099956512451, 7.408400058746338, 6.81279993057251, 7.051499843597412, 7.0243000984191895, 6.524499893188477, 6.92519998550415, 7.277200222015381, 6.786499977111816, 7.126200199127197, 6.338099956512451, 6.082900047302246, 7.105800151824951, 8.652000427246094, 7.263000011444092, 6.956299781799316, 7.055699825286865, 6.405799865722656, 6.884099960327148, 6.823699951171875, 7.418000221252441, 6.892399787902832, 7.0081000328063965, 7.043000221252441, 7.4359002113342285, 7.846099853515625, 8.206700325012207, 9.040800094604492, 9.911399841308594, 8.81779956817627, 8.711400032043457, 8.138999938964844, 9.161299705505371, 8.588899612426758, 8.760299682617188, 8.601300239562988, 9.050200462341309, 7.952700138092041, 6.520899772644043, 7.334799766540527, 8.310799598693848, 11.008000373840332, 9.949999809265137, 10.67020034790039, 8.47819995880127, 5.691400051116943, 5.887700080871582, 5.376699924468994, 6.412799835205078, 6.082499980926514, 6.065000057220459, 6.7322001457214355, 6.377099990844727, 5.4745001792907715, 5.906000137329102, 6.189000129699707, 6.618599891662598, 6.218500137329102, 6.453000068664551, 7.124000072479248, 6.559100151062012, 8.10789966583252, 7.15310001373291, 7.2179999351501465, 7.207099914550781, 7.233399868011475, 7.072400093078613, 7.03849983215332, 6.913000106811523, 5.928599834442139, 6.40749979019165, 6.759200096130371, 6.349800109863281, 6.528500080108643, 6.786600112915039, 7.1184000968933105, 8.851400375366211, 8.862299919128418, 7.652400016784668, 8.21090030670166, 8.27079963684082, 8.058799743652344, 7.659800052642822, 7.10230016708374, 6.9857001304626465, 6.9918999671936035, 6.7846999168396]"
