item_id,start,freq,target
T146,2015-01-04 00:00:00,W-SUN,"[11.919099807739258, 13.053600311279297, 7.956900119781494, 13.436699867248535, 14.411600112915039, 14.4576997756958, 14.055800437927246, 15.259099960327148, 13.187299728393555, 14.868000030517578, 14.741299629211426, 14.680299758911133, 14.884099960327148, 13.337400436401367, 14.237600326538086, 15.158900260925293, 14.650400161743164, 15.211799621582031, 14.98009967803955, 14.721599578857422, 13.917099952697754, 15.036100387573242, 14.989399909973145, 15.33530044555664, 14.8641996383667, 14.097800254821777, 12.933300018310547, 13.168999671936035, 10.894599914550781, 9.516500473022461, 9.835399627685547, 9.545000076293945, 10.074700355529785, 13.194000244140625, 13.523300170898438, 13.664400100708008, 10.536600112915039, 13.391500473022461, 13.645999908447266, 13.558600425720215, 13.606900215148926, 13.346199989318848, 13.189000129699707, 13.316800117492676, 13.130200386047363, 13.29539966583252, 11.66819953918457, 9.150699615478516, 9.150699615478516, 9.150699615478516, 9.150699615478516, 9.150699615478516, 9.150699615478516, 9.150699615478516, 9.150699615478516, 9.150699615478516, 9.150699615478516, 9.150699615478516, 9.151900291442871, 9.150699615478516, 9.150699615478516, 9.150699615478516, 9.153599739074707, 9.150699615478516, 9.150699615478516, 9.150699615478516, 9.150699615478516, 15.52079963684082, 10.39009952545166, 10.812600135803223, 10.813799858093262, 12.344400405883789, 10.590800285339355, 10.627699851989746, 11.812299728393555, 11.208000183105469, 11.133299827575684, 10.880499839782715, 10.035599708557129, 10.866999626159668, 11.063799858093262, 10.911700248718262, 11.137499809265137, 11.104299545288086, 11.053199768066406, 11.519599914550781, 11.718400001525879, 10.767000198364258, 11.696100234985352, 12.376700401306152]"
