item_id,start,freq,target
T494,2014-12-29,W-SUN,"[7.142099857330322, 8.745400428771973, 8.179499626159668, 7.977399826049805, 8.307100296020508, 8.3233003616333, 8.632800102233887, 8.432600021362305, 7.723899841308594, 8.420499801635742, 9.106599807739258, 8.585399627685547, 9.190199851989746, 8.290599822998047, 8.637800216674805, 8.65369987487793, 8.606300354003906, 8.964099884033203, 8.791000366210938, 9.832300186157227, 8.465900421142578, 9.086199760437012, 9.193900108337402, 9.511799812316895, 9.497099876403809, 9.230199813842773, 8.340800285339355, 9.767600059509277, 9.152999877929688, 9.131799697875977, 9.23960018157959, 9.325499534606934, 9.884599685668945, 9.56350040435791, 9.04520034790039, 8.867400169372559, 9.139699935913086, 9.174400329589844, 8.877400398254395, 9.16510009765625, 8.825499534606934, 10.04800033569336, 9.04319953918457, 9.224499702453613, 9.309300422668457, 10.239700317382812, 9.479100227355957, 8.465800285339355, 9.043600082397461, 9.415200233459473, 9.726099967956543, 7.608099937438965, 7.626699924468994, 8.72130012512207, 8.664799690246582, 8.292400360107422, 7.810400009155273, 9.613300323486328, 8.740300178527832, 9.401599884033203, 8.849800109863281, 8.618000030517578, 9.018899917602539, 9.3149995803833, 9.623200416564941, 8.936200141906738, 8.711799621582031, 9.617899894714355, 9.939599990844727, 9.357500076293945, 9.15060043334961, 9.666099548339844, 9.84220027923584, 9.515299797058105, 10.248499870300293, 10.474599838256836, 9.767999649047852, 10.493200302124023, 8.557100296020508, 10.4197998046875, 10.053199768066406, 8.84179973602295, 9.401000022888184, 9.610099792480469, 9.296099662780762, 9.655500411987305, 9.672100067138672, 8.555000305175781, 9.154500007629395, 9.686300277709961, 9.868499755859375, 9.372699737548828, 9.355299949645996, 9.216300010681152, 9.821800231933594, 9.171699523925781]"
