item_id,start,freq,target
T794,2014-12-29,W-SUN,"[10.447500228881836, 9.81820011138916, 10.355999946594238, 9.237899780273438, 10.404999732971191, 9.149900436401367, 9.132499694824219, 12.900500297546387, 10.272700309753418, 11.56350040435791, 11.993599891662598, 11.098699569702148, 12.018199920654297, 11.388500213623047, 11.347900390625, 11.50220012664795, 9.219099998474121, 11.924300193786621, 12.90719985961914, 12.088299751281738, 11.482000350952148, 12.180500030517578, 12.619999885559082, 12.669400215148926, 11.680500030517578, 11.993599891662598, 10.413900375366211, 11.43340015411377, 11.607399940490723, 11.185500144958496, 12.007499694824219, 10.678899765014648, 12.406700134277344, 12.246999740600586, 10.349599838256836, 9.947500228881836, 11.600500106811523, 12.256999969482422, 10.962499618530273, 12.022899627685547, 13.209099769592285, 12.917400360107422, 11.592000007629395, 12.677800178527832, 12.349200248718262, 12.077699661254883, 12.64430046081543, 10.753399848937988, 12.172499656677246, 13.048800468444824, 12.94629955291748, 8.128999710083008, 8.231499671936035, 9.951499938964844, 11.33549976348877, 12.50790023803711, 10.225099563598633, 12.329400062561035, 11.390399932861328, 12.607399940490723, 12.565400123596191, 12.025899887084961, 13.1850004196167, 12.761500358581543, 11.13230037689209, 12.17650032043457, 12.385600090026855, 13.101200103759766, 12.617199897766113, 12.726400375366211, 12.961799621582031, 12.776200294494629, 12.037500381469727, 10.442700386047363, 11.470499992370605, 12.136300086975098, 11.216099739074707, 10.81410026550293, 9.70930004119873, 10.70259952545166, 11.376899719238281, 11.305299758911133, 11.723400115966797, 11.76449966430664, 11.28950023651123, 11.555100440979004, 11.324399948120117, 10.913299560546875, 11.702300071716309, 12.7322998046875, 11.607999801635742, 10.618599891662598, 11.731200218200684, 10.752099990844727, 11.890199661254883, 9.973299980163574]"
