item_id,start,freq,target
T238,2014-12-29,W-SUN,"[4.977099895477295, 5.331099987030029, 4.507299900054932, 5.683800220489502, 5.962299823760986, 5.844600200653076, 5.871699810028076, 5.922599792480469, 5.482500076293945, 6.0569000244140625, 6.1774001121521, 6.184000015258789, 6.280300140380859, 6.1479997634887695, 6.212900161743164, 6.314000129699707, 6.265699863433838, 6.253600120544434, 6.4344000816345215, 6.30679988861084, 6.2027997970581055, 6.494900226593018, 6.352200031280518, 6.476200103759766, 6.524600028991699, 6.556000232696533, 6.15880012512207, 6.965700149536133, 6.532199859619141, 6.492199897766113, 6.560100078582764, 6.553100109100342, 6.681000232696533, 6.440199851989746, 6.458399772644043, 6.332699775695801, 6.632999897003174, 6.409800052642822, 6.438199996948242, 6.240600109100342, 6.378600120544434, 6.2256999015808105, 6.574900150299072, 6.64870023727417, 6.1691999435424805, 6.395400047302246, 6.519199848175049, 6.165999889373779, 6.309199810028076, 6.223700046539307, 6.366600036621094, 5.968800067901611, 5.799900054931641, 6.025000095367432, 6.100299835205078, 6.327499866485596, 6.433899879455566, 7.011300086975098, 6.288300037384033, 6.2480998039245605, 6.162199974060059, 6.041600227355957, 6.0518999099731445, 5.80620002746582, 6.588200092315674, 6.453800201416016, 6.3302001953125, 6.536799907684326, 6.396500110626221, 6.4197998046875, 6.427800178527832, 6.424799919128418, 6.485300064086914, 6.671999931335449, 6.569799900054932, 6.635200023651123, 6.598499774932861, 6.626500129699707, 6.686999797821045, 6.492499828338623, 6.677299976348877, 6.691699981689453, 6.781499862670898, 6.703700065612793, 6.706999778747559, 6.6620001792907715, 6.992700099945068, 5.793900012969971, 6.6616997718811035, 7.316299915313721, 6.2596001625061035, 6.564199924468994, 5.6645002365112305, 6.600200176239014, 7.028299808502197, 6.465400218963623]"
