item_id,start,freq,target
T610,2014-12-29,W-SUN,"[6.479599952697754, 8.098600387573242, 5.929699897766113, 7.857900142669678, 8.66819953918457, 8.557999610900879, 8.411199569702148, 8.688199996948242, 7.979700088500977, 8.911199569702148, 8.88759994506836, 9.547300338745117, 8.528599739074707, 8.317899703979492, 8.947600364685059, 9.168600082397461, 8.996199607849121, 9.260700225830078, 9.056400299072266, 8.91759967803955, 8.433899879455566, 9.168700218200684, 9.224900245666504, 6.71589994430542, 7.32390022277832, 7.52839994430542, 6.287700176239014, 7.347799777984619, 7.573800086975098, 7.388299942016602, 7.537700176239014, 7.064599990844727, 7.384200096130371, 7.540800094604492, 7.642000198364258, 7.34060001373291, 7.6219000816345215, 7.746200084686279, 7.704899787902832, 7.609000205993652, 7.499300003051758, 7.470300197601318, 7.568699836730957, 7.80049991607666, 7.410900115966797, 7.511199951171875, 7.139599800109863, 6.429900169372559, 7.291999816894531, 7.97629976272583, 7.214200019836426, 5.782599925994873, 6.9131999015808105, 7.519400119781494, 7.492000102996826, 7.276100158691406, 7.895100116729736, 7.28849983215332, 7.36929988861084, 7.572000026702881, 7.688000202178955, 7.648099899291992, 7.632299900054932, 6.986299991607666, 7.309500217437744, 7.333399772644043, 7.5782999992370605, 7.757500171661377, 7.670400142669678, 7.917799949645996, 7.618000030517578, 7.796999931335449, 7.4721999168396, 7.157299995422363, 7.601200103759766, 7.566100120544434, 7.585999965667725, 7.4054999351501465, 6.404799938201904, 7.411200046539307, 7.41480016708374, 7.334799766540527, 7.353899955749512, 7.163899898529053, 7.60129976272583, 7.8196001052856445, 7.82390022277832, 7.142399787902832, 8.159600257873535, 8.194999694824219, 7.935800075531006, 7.897600173950195, 7.6743998527526855, 8.318699836730957, 7.897299766540527, 7.840700149536133]"
