item_id,start,freq,target
T646,2015-01-11 00:00:00,W-SUN,"[11.695199966430664, 9.934399604797363, 12.59529972076416, 12.744500160217285, 8.872400283813477, 11.15939998626709, 10.120599746704102, 13.52970027923584, 13.039999961853027, 9.98169994354248, 11.930399894714355, 11.797699928283691, 12.009900093078613, 12.107999801635742, 7.063600063323975, 12.920299530029297, 12.984299659729004, 12.072500228881836, 11.228300094604492, 12.226799964904785, 12.994999885559082, 12.433300018310547, 13.176300048828125, 12.470800399780273, 11.192500114440918, 12.79520034790039, 12.686200141906738, 11.440299987792969, 11.75409984588623, 11.434399604797363, 10.889300346374512, 14.067899703979492, 8.219900131225586, 12.413299560546875, 14.46150016784668, 14.992600440979004, 9.588500022888184, 13.521699905395508, 12.469499588012695, 14.10159969329834, 13.822400093078613, 14.764399528503418, 12.577500343322754, 14.128000259399414, 11.610099792480469, 8.448699951171875, 6.9664998054504395, 13.629199981689453, 11.367300033569336, 9.712400436401367, 10.9798002243042, 12.195899963378906, 11.135700225830078, 10.273099899291992, 11.21679973602295, 11.947999954223633, 8.312999725341797, 12.085800170898438, 10.701499938964844, 11.881799697875977, 12.294899940490723, 12.73490047454834, 12.070799827575684, 10.751999855041504, 12.229900360107422, 12.187600135803223, 13.925600051879883, 12.049099922180176, 12.619099617004395, 12.798600196838379, 12.190199851989746, 12.172699928283691, 12.547699928283691, 12.522500038146973, 13.225299835205078, 12.8927001953125, 10.975700378417969, 12.81309986114502, 12.515999794006348, 11.983599662780762, 12.111800193786621, 11.454299926757812, 12.094499588012695, 13.146900177001953, 13.3725004196167, 11.305299758911133, 12.698699951171875, 13.16919994354248, 13.31980037689209, 8.95300006866455]"
