item_id,start,freq,target
T492,2015-02-01 00:00:00,W-SUN,"[[7.700500011444092, 7.700500011444092, 7.700500011444092, 6.985899925231934, 7.702400207519531, 7.700500011444092, 7.700500011444092, 7.700500011444092, 7.700500011444092, 7.598499774932861, 7.700500011444092, 6.956600189208984, 7.101799964904785, 7.0005998611450195, 8.017900466918945, 6.965099811553955, 7.365900039672852, 7.932799816131592, 8.0826997756958, 7.790500164031982, 7.328700065612793, 6.725299835205078, 7.787600040435791, 7.204800128936768, 7.670100212097168, 7.170400142669678, 7.081999778747559, 6.978400230407715, 7.878900051116943, 6.8460001945495605, 6.579100131988525, 7.426400184631348, 7.565000057220459, 6.920300006866455, 7.103600025177002, 6.802199840545654, 6.9475998878479, 6.903200149536133, 6.73799991607666, 6.987500190734863, 7.210700035095215, 7.128600120544434, 6.154099941253662, 7.062600135803223, 7.735000133514404, 7.168600082397461, 5.776800155639648, 5.6528000831604, 6.698699951171875, 7.025700092315674, 6.5584001541137695, 6.766200065612793, 7.021200180053711, 6.627500057220459, 7.336100101470947, 7.132299900054932, 6.6153998374938965, 6.750999927520752, 6.48330020904541, 7.51800012588501, 6.849699974060059, 6.88640022277832, 7.610199928283691, 7.18120002746582, 7.183899879455566, 7.715799808502197, 7.741000175476074, 8.195699691772461, 7.80810022354126, 7.966899871826172, 7.798500061035156, 7.314799785614014, 7.252200126647949, 7.049200057983398, 7.09630012512207, 7.082399845123291, 6.744900226593018, 7.3024001121521, 6.980299949645996, 7.464399814605713, 7.080100059509277, 7.068399906158447, 6.268099784851074, 6.5355000495910645, 7.605100154876709, 6.87939977645874, 7.086999893188477, 6.78249979019165, 6.366499900817871, 6.865699768066406]]"
