item_id,start,freq,target
T504,2015-02-01 00:00:00,W-SUN,"[[5.359099864959717, 5.178899765014648, 6.936800003051758, 5.455900192260742, 6.218800067901611, 7.067599773406982, 7.139500141143799, 8.492300033569336, 5.952000141143799, 6.5680999755859375, 6.952700138092041, 6.351099967956543, 6.8942999839782715, 7.979899883270264, 6.950200080871582, 6.939199924468994, 7.777500152587891, 6.993199825286865, 7.616099834442139, 7.114299774169922, 7.882400035858154, 6.442299842834473, 7.32289981842041, 8.232600212097168, 7.09660005569458, 7.53410005569458, 6.364500045776367, 7.6346001625061035, 6.180600166320801, 6.851600170135498, 7.185400009155273, 8.08899974822998, 7.456399917602539, 6.337100028991699, 7.6458001136779785, 6.2241997718811035, 6.274899959564209, 6.986400127410889, 6.597899913787842, 6.7778000831604, 7.218800067901611, 8.300100326538086, 5.827600002288818, 6.83519983291626, 8.10260009765625, 9.166399955749512, 5.116600036621094, 5.356100082397461, 7.311299800872803, 8.188599586486816, 8.227999687194824, 5.705599784851074, 6.2957000732421875, 6.343500137329102, 7.549499988555908, 7.4116997718811035, 8.234700202941895, 7.894000053405762, 6.355000019073486, 6.204999923706055, 6.461699962615967, 7.245299816131592, 5.920599937438965, 5.7530999183654785, 6.137599945068359, 6.1666998863220215, 7.933000087738037, 6.247499942779541, 6.659200191497803, 6.543900012969971, 6.815499782562256, 6.743000030517578, 6.580999851226807, 5.777400016784668, 7.389999866485596, 6.761000156402588, 6.295300006866455, 5.604000091552734, 7.695300102233887, 5.929599761962891, 6.865900039672852, 6.880300045013428, 6.234799861907959, 6.208799839019775, 6.866600036621094, 6.6793999671936035, 6.509099960327148, 6.53000020980835, 6.107600212097168, 7.219900131225586]]"
