item_id,start,freq,target
T426,2015-01-11 00:00:00,W-SUN,"[12.151700019836426, 9.171099662780762, 12.733400344848633, 12.87969970703125, 8.203300476074219, 9.364899635314941, 3.9128000736236572, 4.52370023727417, 4.437699794769287, 4.41510009765625, 4.510900020599365, 4.387199878692627, 4.481100082397461, 4.490900039672852, 4.50629997253418, 4.527400016784668, 4.749000072479248, 4.57919979095459, 4.111100196838379, 4.607100009918213, 4.644100189208984, 5.020899772644043, 4.780900001525879, 4.839000225067139, 4.171199798583984, 5.080399990081787, 4.953700065612793, 4.927599906921387, 4.852200031280518, 4.647799968719482, 4.802499771118164, 4.989200115203857, 5.020299911499023, 4.626999855041504, 5.441999912261963, 5.39769983291626, 5.14709997177124, 5.2027997970581055, 4.573599815368652, 9.854599952697754, 11.967700004577637, 11.612000465393066, 14.3056001663208, 14.657899856567383, 11.796299934387207, 7.350299835205078, 7.390100002288818, 11.438799858093262, 11.147299766540527, 9.076600074768066, 9.730299949645996, 10.968199729919434, 10.11870002746582, 10.09939956665039, 10.988499641418457, 10.766599655151367, 7.65880012512207, 11.725000381469727, 9.52970027923584, 10.582099914550781, 10.365900039672852, 11.13290023803711, 10.758199691772461, 9.801300048828125, 10.6899995803833, 10.458999633789062, 11.083100318908691, 11.071100234985352, 11.307100296020508, 11.278900146484375, 11.104299545288086, 10.612899780273438, 11.037799835205078, 9.36139965057373, 4.717100143432617, 4.732600212097168, 4.158199787139893, 4.772799968719482, 4.753300189971924, 4.737299919128418, 4.82919979095459, 4.709000110626221, 4.690700054168701, 4.770299911499023, 4.4766998291015625, 4.127600193023682, 9.330499649047852, 11.497699737548828, 11.2298002243042, 7.931700229644775]"
