item_id,start,freq,target
T76,2014-12-29,W-SUN,"[6.708700180053711, 8.608699798583984, 7.575900077819824, 8.093299865722656, 8.336400032043457, 8.041199684143066, 8.218400001525879, 8.758000373840332, 7.813799858093262, 8.759400367736816, 8.664600372314453, 8.503000259399414, 8.603400230407715, 7.550899982452393, 8.079299926757812, 8.641799926757812, 9.135600090026855, 8.843600273132324, 8.571999549865723, 8.357000350952148, 8.098799705505371, 8.957599639892578, 9.13010025024414, 8.652799606323242, 8.73859977722168, 8.556599617004395, 7.51039981842041, 8.821100234985352, 8.65839958190918, 8.61989974975586, 7.830399990081787, 8.374600410461426, 8.906599998474121, 8.81719970703125, 8.79259967803955, 8.218400001525879, 8.969799995422363, 9.260899543762207, 8.61929988861084, 9.005000114440918, 8.731599807739258, 8.966899871826172, 8.788100242614746, 7.582499980926514, 9.081999778747559, 8.896200180053711, 8.083600044250488, 7.651500225067139, 7.420499801635742, 8.893699645996094, 8.102700233459473, 6.7941999435424805, 7.532800197601318, 8.393899917602539, 8.04539966583252, 8.026399612426758, 8.014200210571289, 8.70110034942627, 7.372200012207031, 8.803199768066406, 8.305899620056152, 8.430800437927246, 8.322600364685059, 8.561800003051758, 8.73289966583252, 7.864999771118164, 8.31470012664795, 8.818099975585938, 8.96780014038086, 8.483599662780762, 8.6048002243042, 8.809300422668457, 8.808199882507324, 8.428199768066406, 9.196000099182129, 8.915399551391602, 8.865599632263184, 8.700900077819824, 7.693699836730957, 8.935799598693848, 8.958999633789062, 8.020700454711914, 8.405400276184082, 8.565299987792969, 8.8149995803833, 8.56719970703125, 8.999099731445312, 7.895899772644043, 8.560099601745605, 9.071599960327148, 8.845199584960938, 8.67490005493164, 8.653599739074707, 8.463500022888184, 9.090999603271484, 8.49429988861084]"
