item_id,start,freq,target
T481,2015-02-01 00:00:00,W-SUN,"[7.187699794769287, 7.012899875640869, 7.351600170135498, 6.914899826049805, 7.38100004196167, 7.5183000564575195, 7.79010009765625, 7.243299961090088, 7.060100078582764, 7.368500232696533, 8.088800430297852, 7.90880012512207, 8.250200271606445, 7.798299789428711, 7.524199962615967, 7.651800155639648, 8.378399848937988, 7.892899990081787, 7.546899795532227, 7.771500110626221, 7.707200050354004, 6.609399795532227, 7.051799774169922, 7.545499801635742, 7.0370001792907715, 7.174499988555908, 7.148600101470947, 7.221099853515625, 8.036499977111816, 7.96619987487793, 7.990200042724609, 8.528400421142578, 8.330300331115723, 8.171899795532227, 7.686200141906738, 7.972700119018555, 8.144700050354004, 7.561699867248535, 8.19849967956543, 7.397200107574463, 7.538400173187256, 7.308499813079834, 7.236999988555908, 7.996500015258789, 7.656700134277344, 7.103600025177002, 6.656599998474121, 6.572199821472168, 7.157800197601318, 7.31689977645874, 7.05810022354126, 7.109000205993652, 7.875699996948242, 7.234899997711182, 7.140900135040283, 8.885700225830078, 7.4583001136779785, 6.939300060272217, 6.605400085449219, 7.385200023651123, 7.189799785614014, 7.082799911499023, 7.249899864196777, 7.189199924468994, 7.394499778747559, 7.344399929046631, 8.206299781799316, 7.7153000831604, 7.490799903869629, 8.002699851989746, 7.644999980926514, 8.19540023803711, 7.514200210571289, 6.997900009155273, 7.267300128936768, 7.259900093078613, 7.2789998054504395, 7.362100124359131, 7.415299892425537, 7.619800090789795, 7.4481000900268555, 8.183099746704102, 8.508899688720703, 8.814200401306152, 8.826600074768066, 8.803400039672852, 8.22819995880127, 8.467100143432617, 8.465200424194336, 8.64680004119873]"
