item_id,start,freq,target
T466,2014-12-29,W-SUN,"[8.1899995803833, 11.276900291442871, 7.07450008392334, 10.056099891662598, 12.2608003616333, 12.640800476074219, 9.052900314331055, 9.850099563598633, 8.49269962310791, 11.496999740600586, 11.526900291442871, 11.48740005493164, 10.600500106811523, 6.5970001220703125, 11.326499938964844, 12.100600242614746, 12.185999870300293, 12.272899627685547, 11.99779987335205, 11.961899757385254, 11.397600173950195, 10.768099784851074, 11.366299629211426, 11.53689956665039, 11.758899688720703, 10.791399955749512, 6.829400062561035, 7.564199924468994, 7.308300018310547, 7.623199939727783, 7.326099872589111, 7.611400127410889, 7.493899822235107, 8.0423002243042, 8.309000015258789, 7.373899936676025, 8.144200325012207, 8.168499946594238, 7.929299831390381, 8.512499809265137, 7.706200122833252, 8.107000350952148, 7.955399990081787, 8.1181001663208, 8.02649974822998, 8.343600273132324, 7.894700050354004, 6.934700012207031, 7.827499866485596, 8.257499694824219, 7.975900173187256, 6.03380012512207, 6.747399806976318, 7.858500003814697, 7.698200225830078, 7.661600112915039, 8.086299896240234, 7.761300086975098, 7.919400215148926, 7.914400100708008, 7.919899940490723, 7.7133002281188965, 7.9532999992370605, 7.980000019073486, 7.778500080108643, 7.819900035858154, 8.23330020904541, 8.156399726867676, 8.22700023651123, 8.600199699401855, 8.051600456237793, 8.500699996948242, 8.186699867248535, 7.457799911499023, 7.527100086212158, 8.101300239562988, 7.903500080108643, 7.620800018310547, 7.004300117492676, 7.713099956512451, 7.915900230407715, 7.803899765014648, 7.648499965667725, 7.75570011138916, 8.099599838256836, 8.187199592590332, 8.538299560546875, 7.605299949645996, 8.291899681091309, 8.534799575805664, 8.675399780273438, 8.10420036315918, 8.288000106811523, 8.172200202941895, 7.8846001625061035, 8.054100036621094]"
