item_id,start,freq,target
T334,2015-02-01 00:00:00,W-SUN,"[6.789000034332275, 5.860599994659424, 5.755199909210205, 5.605999946594238, 6.53249979019165, 4.795599937438965, 4.805600166320801, 5.0295000076293945, 6.217299938201904, 4.800099849700928, 4.944399833679199, 5.208000183105469, 4.6265997886657715, 5.3155999183654785, 7.719699859619141, 7.326900005340576, 7.771500110626221, 7.861299991607666, 7.782400131225586, 7.740699768066406, 7.758500099182129, 6.904399871826172, 7.807600021362305, 7.48390007019043, 7.698699951171875, 7.647500038146973, 7.646399974822998, 7.6209001541137695, 7.804100036621094, 7.749199867248535, 7.178199768066406, 7.798600196838379, 7.802499771118164, 7.7677998542785645, 7.833000183105469, 7.936299800872803, 8.630000114440918, 10.015399932861328, 10.288000106811523, 8.188899993896484, 7.696700096130371, 7.804599761962891, 6.759799957275391, 7.357500076293945, 7.801400184631348, 7.85290002822876, 6.203999996185303, 6.425099849700928, 7.505199909210205, 7.2378997802734375, 7.4899001121521, 7.718599796295166, 7.674099922180176, 7.235199928283691, 7.571899890899658, 7.502900123596191, 7.5258002281188965, 7.507400035858154, 7.736800193786621, 7.588699817657471, 7.341100215911865, 7.559299945831299, 7.822999954223633, 7.668799877166748, 7.831500053405762, 7.921999931335449, 7.870800018310547, 7.969399929046631, 7.469200134277344, 7.991199970245361, 7.9893999099731445, 7.745699882507324, 7.9028000831604, 7.007400035858154, 7.813300132751465, 8.021400451660156, 7.75540018081665, 7.751299858093262, 7.63640022277832, 7.675300121307373, 8.032699584960938, 7.770500183105469, 7.069200038909912, 7.7118000984191895, 7.8902997970581055, 7.908400058746338, 6.340099811553955, 7.886199951171875, 8.009300231933594, 7.8470001220703125]"
