item_id,start,freq,target
T660,2014-12-29,W-SUN,"[7.363100051879883, 7.9506001472473145, 7.916999816894531, 7.854100227355957, 7.8765997886657715, 8.610600471496582, 8.936699867248535, 9.497200012207031, 8.44890022277832, 9.496500015258789, 9.371500015258789, 9.531800270080566, 9.50469970703125, 9.17140007019043, 9.621999740600586, 9.746999740600586, 9.64009952545166, 9.712499618530273, 9.21720027923584, 9.297800064086914, 8.997599601745605, 9.627300262451172, 9.958700180053711, 9.592700004577637, 10.080900192260742, 9.849599838256836, 8.604900360107422, 9.562700271606445, 9.591500282287598, 9.416099548339844, 10.022700309753418, 9.237199783325195, 9.105500221252441, 9.366900444030762, 8.932700157165527, 9.298700332641602, 9.520700454711914, 9.461299896240234, 9.278300285339355, 9.46969985961914, 9.640899658203125, 9.69379997253418, 9.607399940490723, 9.467900276184082, 9.744799613952637, 10.012100219726562, 9.203700065612793, 8.425800323486328, 9.440899848937988, 10.070799827575684, 9.608200073242188, 7.777400016784668, 8.263099670410156, 9.350799560546875, 9.211099624633789, 9.038399696350098, 8.543999671936035, 9.333200454711914, 9.280699729919434, 9.736499786376953, 9.18220043182373, 6.690700054168701, 8.619400024414062, 9.11870002746582, 9.952500343322754, 9.56309986114502, 9.816100120544434, 9.973199844360352, 10.150699615478516, 10.124699592590332, 10.233499526977539, 11.06980037689209, 10.65839958190918, 9.695300102233887, 10.968000411987305, 10.840299606323242, 10.69909954071045, 11.014100074768066, 9.282099723815918, 10.581500053405762, 10.29889965057373, 10.616499900817871, 11.465299606323242, 11.516500473022461, 11.28339958190918, 11.455100059509277, 11.177399635314941, 10.199799537658691, 12.170599937438965, 11.540800094604492, 11.577500343322754, 11.604399681091309, 11.637399673461914, 11.015800476074219, 11.340499877929688, 10.919099807739258]"
