item_id,start,freq,target
T606,2014-12-29,W-SUN,"[5.471199989318848, 6.8394999504089355, 4.989699840545654, 6.845900058746338, 7.4028000831604, 8.747200012207031, 7.498199939727783, 7.730000019073486, 7.185999870300293, 7.964799880981445, 7.799699783325195, 7.727700233459473, 7.863900184631348, 7.09660005569458, 7.81279993057251, 8.633000373840332, 8.256199836730957, 8.234399795532227, 8.364100456237793, 8.450200080871582, 7.953800201416016, 8.34689998626709, 7.5584001541137695, 7.569799900054932, 7.622399806976318, 7.696100234985352, 6.90910005569458, 7.675000190734863, 8.02180004119873, 7.618899822235107, 7.675000190734863, 7.660799980163574, 7.68120002746582, 8.213199615478516, 7.778900146484375, 8.17240047454834, 8.401100158691406, 7.589900016784668, 7.313499927520752, 7.798999786376953, 7.610899925231934, 7.821800231933594, 7.8078999519348145, 7.832200050354004, 7.519999980926514, 7.448699951171875, 7.820300102233887, 6.439899921417236, 7.6645002365112305, 7.661499977111816, 7.375800132751465, 5.72189998626709, 6.909599781036377, 7.27239990234375, 7.070799827575684, 7.4004998207092285, 7.6041998863220215, 7.726399898529053, 7.265100002288818, 7.469600200653076, 7.384900093078613, 7.2133002281188965, 7.392499923706055, 7.195099830627441, 7.4770002365112305, 7.95959997177124, 7.388199806213379, 7.443299770355225, 7.363999843597412, 7.623899936676025, 7.689899921417236, 7.798699855804443, 8.022199630737305, 7.278200149536133, 8.042900085449219, 8.227899551391602, 7.861299991607666, 8.07349967956543, 6.945099830627441, 7.905200004577637, 8.160400390625, 7.8246002197265625, 7.882999897003174, 7.798999786376953, 7.832900047302246, 8.718799591064453, 8.323800086975098, 7.066400051116943, 7.7555999755859375, 7.828100204467773, 7.501800060272217, 7.485599994659424, 7.410900115966797, 7.2820000648498535, 8.103899955749512, 7.362199783325195]"
