item_id,start,freq,target
T455,2014-12-29,W-SUN,"[5.853499889373779, 6.292500019073486, 5.488100051879883, 6.1417999267578125, 6.765200138092041, 6.455100059509277, 6.45550012588501, 6.733399868011475, 5.9633002281188965, 6.90910005569458, 6.896699905395508, 6.7322001457214355, 6.574100017547607, 5.999599933624268, 6.813300132751465, 7.980299949645996, 7.108699798583984, 6.5843000411987305, 6.909900188446045, 6.785799980163574, 6.327700138092041, 7.003200054168701, 7.044099807739258, 6.181600093841553, 6.475900173187256, 7.513599872589111, 6.729899883270264, 6.806300163269043, 6.79610013961792, 6.472499847412109, 6.60099983215332, 6.826900005340576, 9.131500244140625, 6.928400039672852, 6.964700222015381, 6.301499843597412, 7.252099990844727, 7.765200138092041, 6.948800086975098, 7.322700023651123, 6.970600128173828, 7.280399799346924, 7.240300178527832, 7.442800045013428, 7.098499774932861, 7.263800144195557, 7.313700199127197, 6.2941999435424805, 7.073999881744385, 7.193699836730957, 7.973100185394287, 5.589399814605713, 6.440999984741211, 7.138800144195557, 7.675000190734863, 6.962200164794922, 6.908100128173828, 7.217700004577637, 7.557300090789795, 9.310099601745605, 7.3755998611450195, 7.4319000244140625, 7.517199993133545, 8.79699993133545, 8.440400123596191, 8.293700218200684, 7.880199909210205, 7.575300216674805, 7.7399001121521, 8.086199760437012, 6.6230998039245605, 10.925999641418457, 7.579599857330322, 7.0304999351501465, 7.61899995803833, 7.450399875640869, 8.477100372314453, 7.417099952697754, 6.793300151824951, 7.535399913787842, 7.332300186157227, 7.2307000160217285, 7.715099811553955, 7.686299800872803, 7.718999862670898, 8.304900169372559, 8.45199966430664, 7.249000072479248, 8.328399658203125, 8.133000373840332, 8.53339958190918, 7.593999862670898, 7.678699970245361, 7.796000003814697, 7.4191999435424805, 7.773399829864502]"
