item_id,start,freq,target
T333,2014-12-29,W-SUN,"[5.553100109100342, 9.248100280761719, 8.020500183105469, 7.570000171661377, 9.055100440979004, 9.129500389099121, 8.15149974822998, 9.485300064086914, 9.49899959564209, 10.258500099182129, 9.826199531555176, 9.215800285339355, 8.716699600219727, 7.97629976272583, 9.864999771118164, 10.21560001373291, 9.438899993896484, 10.856900215148926, 9.998200416564941, 8.967300415039062, 6.938499927520752, 7.114099979400635, 8.901900291442871, 9.347399711608887, 10.279899597167969, 9.734299659729004, 6.84060001373291, 9.4350004196167, 9.09939956665039, 10.285200119018555, 8.673600196838379, 8.749300003051758, 8.711799621582031, 9.781800270080566, 9.546199798583984, 7.435800075531006, 8.749500274658203, 10.6673002243042, 9.9798002243042, 11.110400199890137, 9.3193998336792, 7.579800128936768, 8.450200080871582, 9.721799850463867, 8.270899772644043, 4.926499843597412, 5.73330020904541, 5.73330020904541, 5.73330020904541, 5.73330020904541, 5.73330020904541, 5.73330020904541, 5.73330020904541, 5.73330020904541, 5.73330020904541, 5.73330020904541, 5.73330020904541, 5.73330020904541, 5.73330020904541, 5.73330020904541, 5.73330020904541, 5.73330020904541, 5.735499858856201, 5.73330020904541, 5.73330020904541, 5.73330020904541, 5.73330020904541, 5.73330020904541, 5.73330020904541, 5.73330020904541, 5.73330020904541, 5.73330020904541, 8.257399559020996, 9.28969955444336, 9.44890022277832, 10.290300369262695, 10.04520034790039, 9.87030029296875, 7.196800231933594, 9.255000114440918, 10.07759952545166, 9.643799781799316, 9.217499732971191, 7.911600112915039, 8.345399856567383, 9.559700012207031, 8.278800010681152, 8.621199607849121, 9.575499534606934, 9.286399841308594, 10.6427001953125, 9.279500007629395, 9.887800216674805, 9.931400299072266, 10.263999938964844, 9.668700218200684]"
