item_id,start,freq,target
T157,2014-12-29,W-SUN,"[4.055099964141846, 3.5269999504089355, 4.222899913787842, 3.17930006980896, 3.724400043487549, 3.283900022506714, 2.9346001148223877, 3.2548000812530518, 3.2281999588012695, 3.1868999004364014, 3.843400001525879, 3.8008999824523926, 3.7808001041412354, 3.7888998985290527, 3.9519999027252197, 3.8203001022338867, 3.706700086593628, 4.020500183105469, 4.078999996185303, 4.270500183105469, 3.922600030899048, 4.225100040435791, 4.215400218963623, 4.553299903869629, 4.591599941253662, 4.008699893951416, 3.386899948120117, 4.2754998207092285, 4.19950008392334, 4.564899921417236, 3.8880999088287354, 4.1168999671936035, 4.293099880218506, 3.751300096511841, 3.932800054550171, 4.345099925994873, 3.9405999183654785, 3.7502999305725098, 3.889899969100952, 3.900899887084961, 7.608099937438965, 7.514699935913086, 6.875, 6.077099800109863, 7.622499942779541, 7.564300060272217, 7.635499954223633, 6.481500148773193, 4.936699867248535, 3.889899969100952, 3.889899969100952, 3.889899969100952, 4.085000038146973, 6.751500129699707, 6.664999961853027, 4.456099987030029, 5.9766998291015625, 7.133200168609619, 5.319900035858154, 5.904600143432617, 6.177599906921387, 7.0100998878479, 7.122000217437744, 6.331900119781494, 7.060200214385986, 6.670000076293945, 6.981200218200684, 4.951399803161621, 6.80679988861084, 4.283599853515625, 4.1508002281188965, 4.932700157165527, 4.441100120544434, 4.076600074768066, 5.3983001708984375, 7.497399806976318, 7.453499794006348, 7.456999778747559, 6.651400089263916, 7.033599853515625, 6.788599967956543, 6.596399784088135, 7.181600093841553, 7.073999881744385, 7.236400127410889, 4.8927001953125, 4.341400146484375, 3.490600109100342, 4.237599849700928, 4.797500133514404, 4.799099922180176, 4.88700008392334, 4.078400135040283, 4.2621002197265625, 4.723800182342529, 4.294300079345703]"
