item_id,start,freq,target
T831,2014-12-29,W-SUN,"[7.161399841308594, 9.179800033569336, 8.961099624633789, 9.03219985961914, 8.913800239562988, 8.776399612426758, 8.4931001663208, 8.674200057983398, 7.813700199127197, 8.904899597167969, 8.99209976196289, 8.841099739074707, 9.11870002746582, 8.531100273132324, 9.9443998336792, 9.251299858093262, 9.062399864196777, 9.622599601745605, 9.922699928283691, 11.218600273132324, 9.272199630737305, 9.888999938964844, 11.050700187683105, 10.178500175476074, 10.740500450134277, 11.696000099182129, 8.057100296020508, 10.465499877929688, 9.876299858093262, 9.482500076293945, 9.090800285339355, 10.807900428771973, 9.1766996383667, 9.990500450134277, 9.186800003051758, 9.316300392150879, 10.25510025024414, 9.585200309753418, 9.177900314331055, 8.98270034790039, 8.863300323486328, 8.151800155639648, 8.895000457763672, 8.78279972076416, 8.584099769592285, 8.148799896240234, 7.700500011444092, 7.700500011444092, 7.700500011444092, 7.700500011444092, 7.700500011444092, 7.700500011444092, 7.700500011444092, 7.700500011444092, 7.809000015258789, 9.262999534606934, 9.405699729919434, 9.124300003051758, 7.945499897003174, 8.758099555969238, 8.980500221252441, 8.608099937438965, 7.351200103759766, 7.700500011444092, 7.700500011444092, 7.700500011444092, 7.700500011444092, 7.700500011444092, 7.700500011444092, 7.700500011444092, 7.700500011444092, 7.700500011444092, 7.700500011444092, 7.700500011444092, 7.700500011444092, 7.700500011444092, 6.8460001945495605, 6.8460001945495605, 6.8460001945495605, 6.8460001945495605, 6.8460001945495605, 7.700500011444092, 7.700500011444092, 7.700500011444092, 7.700500011444092, 7.700500011444092, 7.700500011444092, 7.700500011444092, 7.700500011444092, 7.700500011444092, 7.701000213623047, 7.700500011444092, 7.700500011444092, 7.89769983291626, 7.983500003814697, 7.983500003814697]"
