item_id,start,freq,target
T60,2014-12-29,W-SUN,"[5.673999786376953, 7.605400085449219, 8.16510009765625, 7.6504998207092285, 8.530099868774414, 8.614500045776367, 8.486800193786621, 8.596799850463867, 7.691500186920166, 8.678400039672852, 8.733699798583984, 8.511699676513672, 8.97070026397705, 8.791600227355957, 8.565600395202637, 8.96780014038086, 8.781900405883789, 8.959799766540527, 9.137200355529785, 8.938599586486816, 8.801300048828125, 8.924500465393066, 9.0625, 9.231499671936035, 9.083700180053711, 9.166099548339844, 8.403599739074707, 9.135899543762207, 9.189399719238281, 9.243000030517578, 9.113100051879883, 9.06820011138916, 9.108499526977539, 9.254199981689453, 9.070899963378906, 8.908499717712402, 9.453900337219238, 9.418100357055664, 9.216500282287598, 9.203800201416016, 9.022899627685547, 9.217000007629395, 9.214200019836426, 8.77910041809082, 8.941499710083008, 8.973899841308594, 9.223699569702148, 7.912199974060059, 8.741299629211426, 8.632200241088867, 8.920100212097168, 7.620100021362305, 7.526199817657471, 8.385499954223633, 8.460700035095215, 8.8818998336792, 8.657099723815918, 8.81879997253418, 8.37559986114502, 8.76710033416748, 8.8016996383667, 8.57509994506836, 8.596500396728516, 9.147600173950195, 9.300600051879883, 9.149900436401367, 9.097299575805664, 9.53689956665039, 9.210599899291992, 9.311100006103516, 9.322999954223633, 9.376999855041504, 9.543499946594238, 9.209500312805176, 9.467000007629395, 9.44890022277832, 9.354999542236328, 9.440699577331543, 8.983200073242188, 9.365699768066406, 9.300100326538086, 9.46500015258789, 9.578200340270996, 9.48009967803955, 9.452500343322754, 9.489700317382812, 9.332200050354004, 7.883800029754639, 9.283900260925293, 9.593700408935547, 9.42549991607666, 7.606800079345703, 9.466699600219727, 9.019700050354004, 9.03380012512207, 8.727999687194824]"
