item_id,start,freq,target
T714,2014-12-29,W-SUN,"[4.3069000244140625, 4.757599830627441, 3.8361001014709473, 4.4766998291015625, 5.206699848175049, 5.0756001472473145, 4.781400203704834, 4.8196001052856445, 4.4980998039245605, 5.012800216674805, 5.369900226593018, 5.487500190734863, 5.404099941253662, 4.898900032043457, 12.345800399780273, 5.238999843597412, 5.93120002746582, 5.51170015335083, 5.9527997970581055, 5.387400150299072, 5.592599868774414, 5.568999767303467, 5.68149995803833, 5.63700008392334, 5.86329984664917, 5.703499794006348, 5.203800201416016, 5.63040018081665, 5.946599960327148, 5.673900127410889, 6.389900207519531, 5.777100086212158, 5.520500183105469, 6.0528998374938965, 5.568999767303467, 5.609399795532227, 5.860099792480469, 5.359300136566162, 5.444900035858154, 5.27869987487793, 4.520899772644043, 5.772299766540527, 5.164899826049805, 5.250199794769287, 5.493299961090088, 5.264400005340576, 5.723999977111816, 5.468200206756592, 5.6184000968933105, 5.595200061798096, 5.364200115203857, 4.958799839019775, 4.917099952697754, 4.950300216674805, 4.6975998878479, 4.8242998123168945, 4.908400058746338, 5.297299861907959, 5.244200229644775, 5.3221001625061035, 5.221499919891357, 4.400100231170654, 4.715099811553955, 4.833199977874756, 6.056300163269043, 5.234399795532227, 5.660299777984619, 5.722700119018555, 5.053500175476074, 5.428199768066406, 5.542600154876709, 5.594900131225586, 5.485099792480469, 5.233799934387207, 5.419899940490723, 5.728700160980225, 5.892899990081787, 5.739500045776367, 5.50570011138916, 5.4847002029418945, 6.295199871063232, 5.915299892425537, 6.03980016708374, 5.312900066375732, 5.9918999671936035, 6.0254998207092285, 5.991600036621094, 5.4079999923706055, 6.039299964904785, 5.362599849700928, 5.225900173187256, 5.335299968719482, 5.557799816131592, 5.177999973297119, 5.345300197601318, 4.872900009155273]"
