item_id,start,freq,target
T735,2015-02-08 00:00:00,W-SUN,"[[9.827400207519531, 10.164299964904785, 9.406000137329102, 10.697199821472168, 10.739399909973145, 10.955699920654297, 9.853799819946289, 9.523099899291992, 10.055700302124023, 10.569999694824219, 10.500699996948242, 10.755599975585938, 10.543999671936035, 10.993800163269043, 10.044099807739258, 10.64229965209961, 11.138299942016602, 11.021599769592285, 10.888099670410156, 10.238100051879883, 8.98449993133545, 10.212599754333496, 10.70829963684082, 10.189499855041504, 10.941499710083008, 10.033100128173828, 10.585700035095215, 11.372900009155273, 11.460700035095215, 10.613699913024902, 11.594200134277344, 11.568400382995605, 11.02299976348877, 11.076299667358398, 11.33650016784668, 11.80720043182373, 11.58329963684082, 11.50510025024414, 10.372900009155273, 11.507399559020996, 10.063199996948242, 9.389300346374512, 10.668999671936035, 11.24590015411377, 9.951299667358398, 7.7957000732421875, 8.948699951171875, 9.943300247192383, 10.214400291442871, 9.66189956665039, 10.78909969329834, 10.708800315856934, 10.554900169372559, 10.561800003051758, 10.612799644470215, 10.242300033569336, 9.968600273132324, 9.489500045776367, 9.951600074768066, 10.629599571228027, 10.781399726867676, 11.039199829101562, 11.370200157165527, 11.211299896240234, 10.850600242614746, 11.034600257873535, 11.04319953918457, 10.385299682617188, 11.445500373840332, 11.01039981842041, 10.933600425720215, 10.769599914550781, 9.288299560546875, 10.788000106811523, 11.151700019836426, 10.416500091552734, 10.40470027923584, 10.60890007019043, 10.377300262451172, 10.979299545288086, 11.261699676513672, 10.298399925231934, 12.327099800109863, 12.618599891662598, 12.229599952697754, 12.082200050354004, 11.90250015258789, 12.2322998046875, 12.126299858093262, 11.373200416564941]]"
