item_id,start,freq,target
T144,2014-12-29,W-SUN,"[6.6691999435424805, 7.566500186920166, 5.542399883270264, 8.119099617004395, 9.300399780273438, 8.824600219726562, 8.132800102233887, 8.462200164794922, 7.816999912261963, 8.905699729919434, 9.351699829101562, 8.626700401306152, 8.558099746704102, 8.309399604797363, 8.788900375366211, 8.648699760437012, 8.551600456237793, 9.342700004577637, 9.09529972076416, 8.80519962310791, 8.840200424194336, 8.981200218200684, 8.764900207519531, 8.835700035095215, 8.903300285339355, 8.743200302124023, 8.238800048828125, 8.805800437927246, 9.498700141906738, 8.575699806213379, 8.80210018157959, 8.64490032196045, 8.103799819946289, 8.747099876403809, 8.54580020904541, 8.03339958190918, 8.80739974975586, 8.764200210571289, 7.9791998863220215, 9.163999557495117, 8.31149959564209, 8.662400245666504, 8.66819953918457, 8.524999618530273, 8.879799842834473, 8.605500221252441, 8.80370044708252, 7.647900104522705, 8.088199615478516, 9.347299575805664, 8.373299598693848, 7.2829999923706055, 7.6468000411987305, 8.474200248718262, 9.02299976348877, 8.64799976348877, 8.549500465393066, 8.601900100708008, 7.735899925231934, 8.13599967956543, 8.585800170898438, 8.449000358581543, 8.391200065612793, 7.7281999588012695, 8.571200370788574, 8.786800384521484, 8.89169979095459, 8.56470012664795, 8.617199897766113, 8.697099685668945, 8.675999641418457, 9.170000076293945, 8.691800117492676, 8.507200241088867, 8.813599586486816, 8.739999771118164, 8.66100025177002, 8.592499732971191, 8.157600402832031, 8.574299812316895, 8.61769962310791, 8.569899559020996, 8.426199913024902, 8.6806001663208, 8.489899635314941, 8.565199851989746, 8.492199897766113, 7.826499938964844, 8.495599746704102, 8.755499839782715, 8.699399948120117, 8.246700286865234, 8.514900207519531, 8.519200325012207, 8.494199752807617, 8.587400436401367]"
