item_id,start,freq,target
T582,2014-12-29,W-SUN,"[4.605899810791016, 5.485300064086914, 3.863300085067749, 5.8531999588012695, 6.739799976348877, 6.637599945068359, 6.201399803161621, 6.587900161743164, 5.735199928283691, 6.564300060272217, 6.679599761962891, 6.403200149536133, 6.356800079345703, 5.848400115966797, 6.042300224304199, 6.612800121307373, 7.064300060272217, 6.678899765014648, 6.541900157928467, 6.698800086975098, 5.91379976272583, 6.366399765014648, 6.362299919128418, 6.671500205993652, 6.6427001953125, 6.3125, 5.860099792480469, 6.5858001708984375, 6.777500152587891, 7.205399990081787, 6.14769983291626, 6.1331000328063965, 6.803599834442139, 7.388599872589111, 8.670100212097168, 6.851200103759766, 8.028499603271484, 7.979400157928467, 6.870800018310547, 6.750999927520752, 6.388299942016602, 6.826499938964844, 6.803800106048584, 7.207300186157227, 6.424600124359131, 6.77810001373291, 6.318299770355225, 5.5725998878479, 6.6346001625061035, 6.651500225067139, 6.6880998611450195, 4.050300121307373, 4.766900062561035, 5.5980000495910645, 5.668099880218506, 6.491099834442139, 6.486400127410889, 6.518400192260742, 6.453800201416016, 6.755499839782715, 6.682600021362305, 6.038700103759766, 6.181399822235107, 6.1915998458862305, 6.175099849700928, 6.195099830627441, 5.985899925231934, 6.537700176239014, 6.486599922180176, 6.689700126647949, 6.568399906158447, 6.677700042724609, 6.716899871826172, 5.954899787902832, 6.7266998291015625, 6.819200038909912, 7.1631999015808105, 6.5447001457214355, 5.604100227355957, 6.693999767303467, 6.6905999183654785, 6.771100044250488, 5.723700046539307, 6.493500232696533, 6.975299835205078, 7.159800052642822, 7.201600074768066, 6.247200012207031, 7.497300148010254, 7.917200088500977, 7.637800216674805, 7.041100025177002, 6.5503997802734375, 6.583799839019775, 6.571599960327148, 6.556099891662598]"
