item_id,start,freq,target
T739,2014-12-29,W-SUN,"[5.214799880981445, 6.623300075531006, 4.866799831390381, 6.422100067138672, 6.85260009765625, 6.8084001541137695, 6.737100124359131, 7.031799793243408, 6.332300186157227, 7.528299808502197, 7.446100234985352, 7.634699821472168, 7.122799873352051, 6.835999965667725, 7.183000087738037, 7.3653998374938965, 7.355800151824951, 7.444799900054932, 7.542500019073486, 7.56820011138916, 7.28849983215332, 7.565700054168701, 7.906499862670898, 7.610499858856201, 7.790299892425537, 7.537799835205078, 6.60830020904541, 7.380000114440918, 7.546999931335449, 7.362500190734863, 7.7540998458862305, 7.329100131988525, 7.3892998695373535, 7.883699893951416, 8.17609977722168, 7.591300010681152, 8.1048002243042, 8.026300430297852, 7.998000144958496, 8.219900131225586, 8.060700416564941, 8.323399543762207, 8.28219985961914, 8.032899856567383, 7.594699859619141, 8.101300239562988, 7.661600112915039, 7.003399848937988, 7.556099891662598, 7.971799850463867, 7.6107001304626465, 6.2480998039245605, 6.38070011138916, 6.894499778747559, 7.27400016784668, 6.964900016784668, 7.664599895477295, 7.611299991607666, 7.519400119781494, 7.4430999755859375, 7.560200214385986, 7.344399929046631, 7.372700214385986, 7.206500053405762, 7.558300018310547, 7.722799777984619, 7.713900089263916, 7.957900047302246, 8.114700317382812, 8.018099784851074, 7.946199893951416, 8.0108003616333, 7.978799819946289, 7.791999816894531, 8.3725004196167, 8.223299980163574, 8.269399642944336, 7.969600200653076, 7.084400177001953, 7.779200077056885, 8.272100448608398, 7.907700061798096, 7.812900066375732, 8.016200065612793, 7.872200012207031, 8.133199691772461, 8.307900428771973, 7.768599987030029, 8.978400230407715, 9.123200416564941, 9.007499694824219, 8.663100242614746, 8.615699768066406, 8.589599609375, 8.565600395202637, 8.206000328063965]"
