item_id,start,freq,target
T253,2014-12-29,W-SUN,"[7.53439998626709, 9.646900177001953, 6.916299819946289, 8.757100105285645, 14.700599670410156, 14.25570011138916, 11.213500022888184, 12.204099655151367, 10.575200080871582, 11.389399528503418, 11.608699798583984, 11.486900329589844, 11.614800453186035, 10.883199691772461, 11.104999542236328, 11.121399879455566, 11.154800415039062, 11.216400146484375, 12.519200325012207, 11.440600395202637, 11.475500106811523, 11.371500015258789, 11.678299903869629, 12.15250015258789, 11.131500244140625, 11.177599906921387, 9.636899948120117, 11.027199745178223, 11.579700469970703, 11.395899772644043, 11.667699813842773, 11.33430004119873, 13.166899681091309, 12.159600257873535, 11.575699806213379, 10.689399719238281, 11.691100120544434, 11.9552001953125, 11.524499893188477, 11.776300430297852, 12.024900436401367, 12.43690013885498, 11.94279956817627, 11.143699645996094, 11.484100341796875, 11.958999633789062, 12.196700096130371, 9.214200019836426, 11.679800033569336, 12.68280029296875, 13.030099868774414, 8.354399681091309, 7.816199779510498, 10.264100074768066, 10.42549991607666, 11.369099617004395, 11.348600387573242, 11.915399551391602, 11.722700119018555, 13.093500137329102, 11.967300415039062, 11.188300132751465, 11.762700080871582, 12.58899974822998, 11.409899711608887, 12.260499954223633, 12.656499862670898, 14.050000190734863, 12.93220043182373, 13.156399726867676, 13.378199577331543, 13.778200149536133, 12.613499641418457, 11.57979965209961, 11.913000106811523, 12.472399711608887, 11.874199867248535, 11.314499855041504, 10.034899711608887, 11.233099937438965, 12.379799842834473, 12.175800323486328, 11.931900024414062, 11.717399597167969, 11.842700004577637, 12.445500373840332, 12.058300018310547, 10.751199722290039, 12.384599685668945, 12.667099952697754, 11.534199714660645, 12.27560043334961, 11.587200164794922, 12.065299987792969, 13.028900146484375, 12.775400161743164]"
