item_id,start,freq,target
T634,2015-01-25 00:00:00,W-SUN,"[15.948399543762207, 15.051400184631348, 15.340399742126465, 15.38539981842041, 14.077300071716309, 16.256200790405273, 16.100200653076172, 16.042299270629883, 16.307100296020508, 16.168800354003906, 16.27239990234375, 16.100400924682617, 16.0625, 16.578399658203125, 16.657499313354492, 16.429100036621094, 15.896300315856934, 15.988900184631348, 16.35110092163086, 16.878799438476562, 16.834299087524414, 16.864299774169922, 15.381500244140625, 17.336700439453125, 17.3976993560791, 17.494800567626953, 17.566699981689453, 16.71179962158203, 16.785600662231445, 17.422300338745117, 17.32360076904297, 15.93120002746582, 16.76300048828125, 17.30109977722168, 16.832199096679688, 16.850500106811523, 16.488000869750977, 17.02989959716797, 17.08209991455078, 16.715200424194336, 16.901599884033203, 16.721799850463867, 17.13719940185547, 15.110199928283691, 16.667299270629883, 16.816499710083008, 17.030399322509766, 13.438599586486816, 13.965999603271484, 16.489500045776367, 16.286500930786133, 16.118099212646484, 16.32859992980957, 15.902099609375, 16.373199462890625, 16.574899673461914, 16.135700225830078, 14.315600395202637, 15.780500411987305, 15.91189956665039, 17.005399703979492, 16.346599578857422, 17.093599319458008, 17.096599578857422, 17.029600143432617, 16.962299346923828, 17.364200592041016, 17.26300048828125, 17.70210075378418, 16.69230079650879, 17.510499954223633, 18.263700485229492, 17.962099075317383, 18.239500045776367, 16.10650062561035, 17.590599060058594, 18.23040008544922, 18.10540008544922, 17.969600677490234, 17.885000228881836, 18.075599670410156, 18.075700759887695, 17.285499572753906, 14.29170036315918, 15.08530044555664, 16.02560043334961, 15.404000282287598, 12.403800010681152, 15.364100456237793, 14.70989990234375]"
