item_id,start,freq,target
T807,2014-12-29,W-SUN,"[8.225299835205078, 9.535200119018555, 9.49470043182373, 9.427900314331055, 9.43120002746582, 9.335100173950195, 9.587300300598145, 9.376099586486816, 8.689800262451172, 9.774200439453125, 9.751999855041504, 9.954400062561035, 10.106300354003906, 9.68280029296875, 9.889100074768066, 9.945099830627441, 9.913800239562988, 9.991999626159668, 9.850299835205078, 9.900899887084961, 9.427200317382812, 10.067500114440918, 10.16819953918457, 10.256400108337402, 10.491499900817871, 10.450499534606934, 9.37660026550293, 10.23069953918457, 14.435600280761719, 10.721500396728516, 10.251799583435059, 10.21310043334961, 10.00629997253418, 10.10669994354248, 9.82699966430664, 9.649399757385254, 10.169699668884277, 9.740900039672852, 9.929100036621094, 10.185600280761719, 10.01830005645752, 10.225199699401855, 10.071000099182129, 9.65820026397705, 9.963700294494629, 9.803500175476074, 9.953300476074219, 8.910499572753906, 9.927000045776367, 10.0177001953125, 10.771499633789062, 8.501999855041504, 8.368399620056152, 9.560799598693848, 9.629799842834473, 9.516900062561035, 8.8725004196167, 9.69789981842041, 10.204999923706055, 9.890899658203125, 9.904399871826172, 9.431699752807617, 9.614100456237793, 10.128100395202637, 10.131799697875977, 9.944100379943848, 9.781599998474121, 10.17240047454834, 10.082599639892578, 10.057499885559082, 10.35830020904541, 10.445699691772461, 11.035400390625, 9.936200141906738, 10.644700050354004, 10.900500297546387, 10.780400276184082, 10.777899742126465, 9.625100135803223, 10.591099739074707, 10.581199645996094, 9.782500267028809, 10.452899932861328, 10.597299575805664, 10.608699798583984, 10.375499725341797, 10.336400032043457, 9.57129955291748, 10.42549991607666, 10.608699798583984, 10.416500091552734, 10.392800331115723, 10.403800010681152, 10.003899574279785, 10.406299591064453, 9.933199882507324]"
