item_id,start,freq,target
T554,2014-12-29,W-SUN,"[4.4141998291015625, 6.372200012207031, 3.9052999019622803, 5.992800235748291, 6.240099906921387, 6.1859002113342285, 6.18310022354126, 5.274899959564209, 5.5894999504089355, 6.292200088500977, 6.571100234985352, 6.041800022125244, 6.355299949645996, 5.60830020904541, 6.00570011138916, 6.326499938964844, 6.491399765014648, 6.407299995422363, 6.255499839782715, 6.686800003051758, 6.517199993133545, 6.499899864196777, 6.728799819946289, 6.623799800872803, 6.318299770355225, 6.548099994659424, 5.948200225830078, 6.710999965667725, 6.234799861907959, 6.418700218200684, 6.253300189971924, 6.438799858093262, 5.995500087738037, 7.089300155639648, 6.903299808502197, 6.2220001220703125, 6.926300048828125, 6.775899887084961, 6.5370001792907715, 7.057199954986572, 6.520500183105469, 7.982399940490723, 6.9542999267578125, 7.100500106811523, 7.31879997253418, 8.27299976348877, 6.713699817657471, 6.53439998626709, 7.6940999031066895, 7.402699947357178, 6.542099952697754, 5.140200138092041, 5.856100082397461, 6.875199794769287, 6.605199813842773, 6.411799907684326, 6.4766998291015625, 7.366799831390381, 7.027200222015381, 6.691999912261963, 6.978700160980225, 5.9928998947143555, 6.5046000480651855, 5.475399971008301, 7.3506999015808105, 6.213099956512451, 6.496600151062012, 7.755799770355225, 7.144400119781494, 6.668900012969971, 6.970600128173828, 7.117099761962891, 7.300099849700928, 6.973999977111816, 8.097000122070312, 7.698800086975098, 7.076399803161621, 6.725399971008301, 6.001800060272217, 7.332300186157227, 7.1356000900268555, 6.608799934387207, 6.776599884033203, 6.612800121307373, 7.225900173187256, 7.046500205993652, 7.469799995422363, 6.054800033569336, 6.612500190734863, 6.8780999183654785, 6.997799873352051, 6.340000152587891, 6.542200088500977, 6.80049991607666, 6.8059000968933105, 7.305600166320801]"
