item_id,start,freq,target
T842,2014-12-29,W-SUN,"[6.553599834442139, 7.207699775695801, 7.0802001953125, 7.165900230407715, 7.1809000968933105, 7.171999931335449, 7.3267998695373535, 7.410299777984619, 6.6940999031066895, 7.680300235748291, 7.839799880981445, 7.89109992980957, 8.098199844360352, 7.86359977722168, 8.176600456237793, 7.806000232696533, 10.1496000289917, 8.004300117492676, 8.14109992980957, 8.120800018310547, 7.807400226593018, 8.107399940490723, 8.043600082397461, 7.61929988861084, 8.149999618530273, 8.031700134277344, 7.852700233459473, 8.240599632263184, 8.412799835205078, 8.332200050354004, 8.519499778747559, 8.389800071716309, 8.245200157165527, 8.26550006866455, 10.326299667358398, 8.066200256347656, 8.131500244140625, 8.1318998336792, 8.022100448608398, 7.934599876403809, 7.9496002197265625, 7.8684000968933105, 8.030599594116211, 7.688399791717529, 7.799499988555908, 7.723499774932861, 7.911499977111816, 7.122000217437744, 7.504199981689453, 7.5879998207092285, 7.821199893951416, 6.954800128936768, 6.7058000564575195, 7.221399784088135, 7.374199867248535, 7.340199947357178, 7.472099781036377, 7.60290002822876, 7.667200088500977, 7.618000030517578, 7.753799915313721, 7.368000030517578, 7.521900177001953, 7.901299953460693, 8.081399917602539, 8.105400085449219, 7.919300079345703, 8.166999816894531, 8.070799827575684, 8.060600280761719, 8.080499649047852, 8.25790023803711, 8.306400299072266, 7.925899982452393, 8.062199592590332, 8.220199584960938, 8.369099617004395, 8.24429988861084, 7.927499771118164, 8.276900291442871, 8.327300071716309, 8.221500396728516, 8.369000434875488, 8.371199607849121, 8.520999908447266, 8.389599800109863, 8.19159984588623, 7.9730000495910645, 8.062399864196777, 8.08899974822998, 7.942599773406982, 8.053999900817871, 8.091400146484375, 7.707300186157227, 7.89109992980957, 7.196800231933594]"
