item_id,start,freq,target
T183,2014-12-29,W-SUN,"[8.071000099182129, 11.0246000289917, 8.724499702453613, 10.806699752807617, 12.934700012207031, 11.280699729919434, 11.192500114440918, 11.709099769592285, 10.723600387573242, 12.48069953918457, 11.949999809265137, 13.124899864196777, 11.751999855041504, 11.613300323486328, 8.702400207519531, 7.872499942779541, 9.612700462341309, 8.74839973449707, 12.486700057983398, 12.087900161743164, 11.724300384521484, 7.859799861907959, 8.015899658203125, 7.969099998474121, 7.989500045776367, 7.985199928283691, 7.558700084686279, 6.7957000732421875, 8.017800331115723, 7.8856000900268555, 6.1417999267578125, 7.52869987487793, 7.007999897003174, 8.050200462341309, 7.956699848175049, 7.404300212860107, 8.23449993133545, 8.21660041809082, 7.791299819946289, 8.256799697875977, 7.77209997177124, 8.093199729919434, 8.137900352478027, 8.095800399780273, 8.180899620056152, 8.339300155639648, 8.448800086975098, 7.571199893951416, 7.905799865722656, 8.674400329589844, 8.896300315856934, 9.234600067138672, 10.597100257873535, 11.94789981842041, 11.751500129699707, 12.52280044555664, 12.11460018157959, 12.021599769592285, 9.757200241088867, 8.219200134277344, 8.46310043334961, 8.083499908447266, 7.887899875640869, 8.093199729919434, 8.37969970703125, 8.434200286865234, 8.208000183105469, 10.856800079345703, 8.90369987487793, 8.69789981842041, 8.852399826049805, 9.749199867248535, 11.240400314331055, 11.140899658203125, 11.01830005645752, 10.668399810791016, 10.122300148010254, 10.286999702453613, 8.93179988861084, 11.268600463867188, 10.019399642944336, 9.528200149536133, 9.741999626159668, 9.554100036621094, 10.508899688720703, 11.145000457763672, 9.741499900817871, 10.81719970703125, 11.75570011138916, 11.419599533081055, 11.29539966583252, 11.010199546813965, 10.972399711608887, 13.071200370788574, 10.82040023803711, 10.651399612426758]"
