item_id,start,freq,target
T296,2014-12-29,W-SUN,"[9.59220027923584, 9.468799591064453, 9.237299919128418, 9.011899948120117, 8.446800231933594, 8.1899995803833, 8.365799903869629, 8.019499778747559, 8.14739990234375, 9.03320026397705, 7.908400058746338, 7.4730000495910645, 8.136300086975098, 10.466699600219727, 9.809100151062012, 10.499300003051758, 9.978099822998047, 9.50629997253418, 9.967300415039062, 9.755200386047363, 8.50059986114502, 8.037599563598633, 7.882299900054932, 7.855100154876709, 7.223899841308594, 8.805899620056152, 9.602800369262695, 8.532699584960938, 8.765999794006348, 9.207099914550781, 9.199700355529785, 7.907700061798096, 3.889899969100952, 10.673999786376953, 10.981300354003906, 11.83650016784668, 11.181300163269043, 11.201899528503418, 9.196700096130371, 10.813400268554688, 10.961600303649902, 10.122599601745605, 3.8815999031066895, 4.975299835205078, 11.196999549865723, 11.379500389099121, 12.326000213623047, 10.820899963378906, 11.758700370788574, 10.86299991607666, 13.588199615478516, 13.857199668884277, 10.34850025177002, 10.835700035095215, 12.104999542236328, 11.022700309753418, 10.1225004196167, 11.467399597167969, 13.060199737548828, 12.011300086975098, 9.5378999710083, 11.454700469970703, 11.556099891662598, 10.84179973602295, 6.236599922180176, 7.9369001388549805, 11.472599983215332, 11.361000061035156, 11.12660026550293, 10.713199615478516, 11.037500381469727, 10.811100006103516, 12.01159954071045, 15.27239990234375, 11.917900085449219, 12.7253999710083, 11.655900001525879, 12.441100120544434, 13.854299545288086, 11.305899620056152, 13.028800010681152, 10.878999710083008, 12.279899597167969, 13.229399681091309, 12.505999565124512, 11.34119987487793, 12.531599998474121, 12.531599998474121, 11.928199768066406, 12.535099983215332, 9.957200050354004, 11.29010009765625, 11.29010009765625, 11.22700023651123, 8.915599822998047, 3.889899969100952]"
