item_id,start,freq,target
T601,2015-02-01 00:00:00,W-SUN,"[[4.4274001121521, 4.8572998046875, 4.750100135803223, 4.1280999183654785, 4.722099781036377, 4.750400066375732, 5.004300117492676, 5.1178998947143555, 4.986800193786621, 5.16540002822876, 4.835599899291992, 4.773799896240234, 4.852499961853027, 4.885200023651123, 5.544000148773193, 4.919000148773193, 5.084400177001953, 5.178100109100342, 5.602499961853027, 5.419400215148926, 5.013400077819824, 4.651299953460693, 5.810699939727783, 5.1041998863220215, 5.359099864959717, 5.0019001960754395, 4.939599990844727, 5.664999961853027, 5.103799819946289, 4.757999897003174, 4.665900230407715, 5.125999927520752, 5.246099948883057, 4.836299896240234, 4.8790998458862305, 4.708199977874756, 4.7571001052856445, 4.914899826049805, 4.615099906921387, 4.827000141143799, 4.839399814605713, 4.94379997253418, 4.388599872589111, 5.088500022888184, 5.122099876403809, 5.4552001953125, 4.331900119781494, 3.9256999492645264, 4.371799945831299, 4.7459001541137695, 4.527599811553955, 4.618800163269043, 4.751699924468994, 4.901500225067139, 5.529600143432617, 4.666900157928467, 4.6203999519348145, 4.984000205993652, 5.341100215911865, 5.19920015335083, 4.9664998054504395, 4.719299793243408, 5.401599884033203, 4.904099941253662, 4.950399875640869, 5.015699863433838, 5.285900115966797, 5.157100200653076, 5.039700031280518, 5.639400005340576, 5.702199935913086, 5.208099842071533, 5.289599895477295, 5.012599945068359, 5.14769983291626, 5.119500160217285, 5.183300018310547, 5.372200012207031, 5.10129976272583, 5.653900146484375, 5.032400131225586, 5.098800182342529, 4.6346001625061035, 4.879700183868408, 5.169400215148926, 4.961400032043457, 4.7891998291015625, 4.8927998542785645, 4.778900146484375, 4.777699947357178]]"
