item_id,start,freq,target
T673,2015-01-25 00:00:00,W-SUN,"[[6.384699821472168, 6.280300140380859, 6.182799816131592, 6.906599998474121, 5.339000225067139, 6.886000156402588, 6.088600158691406, 6.205999851226807, 6.316999912261963, 5.744200229644775, 6.525400161743164, 6.652699947357178, 6.473199844360352, 6.645500183105469, 6.672299861907959, 6.302199840545654, 5.929999828338623, 7.066400051116943, 6.226200103759766, 6.9243998527526855, 7.748300075531006, 5.861499786376953, 6.012599945068359, 6.233399868011475, 6.877399921417236, 6.259099960327148, 6.6020002365112305, 6.452099800109863, 6.932000160217285, 6.807400226593018, 7.645500183105469, 6.000800132751465, 6.69350004196167, 6.238100051879883, 6.090799808502197, 5.422399997711182, 4.376800060272217, 5.530200004577637, 6.1803998947143555, 6.89139986038208, 6.472099781036377, 7.2399001121521, 6.575900077819824, 5.0605998039245605, 5.770100116729736, 5.839000225067139, 5.389900207519531, 4.4440999031066895, 4.683700084686279, 5.217100143432617, 5.891499996185303, 6.815499782562256, 6.383600234985352, 6.668399810791016, 6.777599811553955, 8.696700096130371, 6.484799861907959, 6.013000011444092, 5.9816999435424805, 7.611400127410889, 6.279399871826172, 6.146599769592285, 6.355999946594238, 6.607699871063232, 6.396299839019775, 6.503600120544434, 6.306099891662598, 6.533400058746338, 6.630899906158447, 4.976799964904785, 6.234799861907959, 6.541800022125244, 5.484799861907959, 4.112400054931641, 5.464200019836426, 5.8902997970581055, 6.0329999923706055, 6.572299957275391, 7.28249979019165, 6.533899784088135, 7.812900066375732, 7.160399913787842, 7.229300022125244, 11.011199951171875, 12.254300117492676, 12.468899726867676, 11.001299858093262, 12.569299697875977, 11.797100067138672, 12.032500267028809]]"
