item_id,start,freq,target
T147,2014-12-29,W-SUN,"[6.504000186920166, 8.137800216674805, 7.587200164794922, 7.686299800872803, 7.928199768066406, 7.784599781036377, 7.965400218963623, 8.23840045928955, 7.530300140380859, 8.38010025024414, 8.24370002746582, 8.173600196838379, 8.308199882507324, 7.1020002365112305, 7.7906999588012695, 8.129400253295898, 9.2121000289917, 8.544599533081055, 8.180399894714355, 8.09000015258789, 7.976600170135498, 8.677499771118164, 8.762700080871582, 8.255999565124512, 8.340200424194336, 8.247400283813477, 7.419300079345703, 8.7677001953125, 8.125100135803223, 8.27910041809082, 8.115799903869629, 8.094300270080566, 8.595800399780273, 8.519800186157227, 8.309300422668457, 7.568399906158447, 8.216099739074707, 8.342700004577637, 6.576900005340576, 10.278400421142578, 9.524800300598145, 9.478300094604492, 10.217300415039062, 8.066200256347656, 8.52750015258789, 8.649700164794922, 7.684700012207031, 7.052199840545654, 8.272100448608398, 8.438199996948242, 7.515500068664551, 5.823800086975098, 6.911200046539307, 7.932499885559082, 7.5655999183654785, 7.692800045013428, 7.115900039672852, 8.220000267028809, 7.9604997634887695, 8.356499671936035, 7.05810022354126, 8.038299560546875, 7.6819000244140625, 7.8302001953125, 7.140699863433838, 7.700500011444092, 7.700500011444092, 8.292699813842773, 8.449000358581543, 8.162599563598633, 8.211000442504883, 8.407699584960938, 8.513699531555176, 7.947299957275391, 7.406499862670898, 8.081700325012207, 7.959499835968018, 7.76230001449585, 7.018700122833252, 7.700500011444092, 7.700500011444092, 7.700500011444092, 7.700500011444092, 7.700500011444092, 7.700500011444092, 7.700500011444092, 7.700500011444092, 7.700500011444092, 7.700500011444092, 7.700500011444092, 7.700399875640869, 7.700500011444092, 7.700500011444092, 7.700500011444092, 8.516200065612793, 8.67199993133545]"
