item_id,start,freq,target
T628,2014-12-29,W-SUN,"[7.247399806976318, 9.624799728393555, 9.967900276184082, 9.286100387573242, 9.42959976196289, 8.88860034942627, 9.898500442504883, 9.90719985961914, 8.689399719238281, 9.89330005645752, 9.427399635314941, 9.350199699401855, 9.51099967956543, 9.934499740600586, 9.117500305175781, 10.033499717712402, 10.449999809265137, 9.768099784851074, 9.326000213623047, 9.423500061035156, 8.222800254821777, 9.816699981689453, 10.291500091552734, 9.276800155639648, 9.766500473022461, 9.64840030670166, 8.243399620056152, 9.1875, 9.86970043182373, 9.503299713134766, 9.07129955291748, 9.653400421142578, 9.405200004577637, 9.949700355529785, 9.931300163269043, 9.354100227355957, 9.60509967803955, 10.462499618530273, 8.335700035095215, 10.953100204467773, 10.229900360107422, 10.973299980163574, 10.898699760437012, 11.152400016784668, 9.99899959564209, 10.743499755859375, 10.006999969482422, 8.65429973602295, 10.456899642944336, 10.444000244140625, 9.047300338745117, 6.832699775695801, 8.494099617004395, 9.679499626159668, 9.632499694824219, 10.106399536132812, 8.961999893188477, 10.30739974975586, 9.694600105285645, 10.860600471496582, 10.869400024414062, 10.528599739074707, 9.515800476074219, 11.430399894714355, 10.536199569702148, 11.194600105285645, 10.748700141906738, 11.050800323486328, 11.373600006103516, 10.545499801635742, 11.329500198364258, 11.10569953918457, 10.961700439453125, 10.397500038146973, 11.353500366210938, 10.725799560546875, 10.963800430297852, 11.024700164794922, 9.454400062561035, 10.896699905395508, 10.498600006103516, 9.81029987335205, 9.885000228881836, 10.416299819946289, 9.610099792480469, 11.587499618530273, 11.8548002243042, 10.360400199890137, 11.862500190734863, 10.406299591064453, 9.518099784851074, 11.652400016784668, 11.466699600219727, 11.04069995880127, 11.845800399780273, 11.836199760437012]"
