item_id,start,freq,target
T213,2015-02-01 00:00:00,W-SUN,"[13.755499839782715, 12.892999649047852, 13.467100143432617, 12.457799911499023, 14.158699989318848, 13.92240047454834, 13.379799842834473, 14.519399642944336, 13.883500099182129, 14.421799659729004, 14.365300178527832, 13.038800239562988, 14.942999839782715, 14.412300109863281, 14.58080005645752, 13.225199699401855, 14.738699913024902, 15.199399948120117, 14.800200462341309, 15.505399703979492, 15.978300094604492, 13.160599708557129, 15.360699653625488, 13.044099807739258, 13.506799697875977, 12.721400260925293, 13.616100311279297, 14.424099922180176, 14.37030029296875, 13.332099914550781, 13.295700073242188, 15.246700286865234, 14.77649974822998, 14.105899810791016, 14.481499671936035, 14.15839958190918, 15.886099815368652, 15.952699661254883, 15.960100173950195, 15.020500183105469, 14.373100280761719, 13.573100090026855, 11.917900085449219, 13.273699760437012, 14.34469985961914, 13.580499649047852, 9.369600296020508, 11.717300415039062, 13.924699783325195, 13.529199600219727, 13.65369987487793, 15.143600463867188, 14.100299835205078, 13.446700096130371, 14.2298002243042, 13.977299690246582, 14.037699699401855, 13.853400230407715, 14.636300086975098, 14.648699760437012, 14.187299728393555, 14.23639965057373, 14.947699546813965, 14.908300399780273, 14.839799880981445, 14.052599906921387, 14.380499839782715, 14.902700424194336, 13.77400016784668, 15.24209976196289, 14.438199996948242, 15.04259967803955, 14.909099578857422, 12.72819995880127, 14.708700180053711, 15.265800476074219, 15.01609992980957, 15.1427001953125, 14.225799560546875, 15.124199867248535, 15.197400093078613, 15.040200233459473, 13.659799575805664, 16.41230010986328, 15.511099815368652, 15.707799911499023, 12.275500297546387, 14.722200393676758, 12.887100219726562, 12.643600463867188]"
