item_id,start,freq,target
T719,2014-12-29,W-SUN,"[19.651100158691406, 17.576900482177734, 12.15250015258789, 16.60140037536621, 16.552099227905273, 17.508800506591797, 16.900299072265625, 16.8710994720459, 13.9552001953125, 13.574399948120117, 17.010299682617188, 21.170900344848633, 17.36910057067871, 15.95829963684082, 13.6983003616333, 17.815200805664062, 16.82200050354004, 16.168100357055664, 16.899499893188477, 19.258399963378906, 18.318599700927734, 18.359100341796875, 17.073999404907227, 18.400999069213867, 18.46430015563965, 18.388999938964844, 17.450899124145508, 13.38659954071045, 12.746000289916992, 21.874000549316406, 18.671600341796875, 14.66569995880127, 27.218299865722656, 16.28730010986328, 14.575799942016602, 28.898500442504883, 8.71660041809082, 22.19890022277832, 14.303600311279297, 15.356499671936035, 13.55519962310791, 13.489899635314941, 15.751399993896484, 13.53380012512207, 11.946700096130371, 12.112799644470215, 13.365599632263184, 9.23330020904541, 16.168100357055664, 20.503700256347656, 19.589399337768555, 14.999500274658203, 16.083799362182617, 17.944000244140625, 18.746200561523438, 18.899900436401367, 19.513599395751953, 19.887800216674805, 20.183000564575195, 20.30780029296875, 20.456899642944336, 18.611900329589844, 19.96339988708496, 17.964399337768555, 19.636699676513672, 19.639400482177734, 21.109800338745117, 20.023500442504883, 21.083799362182617, 20.707799911499023, 20.685100555419922, 20.609800338745117, 20.42840003967285, 19.50909996032715, 20.568199157714844, 21.114299774169922, 19.579299926757812, 20.258499145507812, 17.670799255371094, 20.292200088500977, 20.473600387573242, 20.800399780273438, 21.725500106811523, 20.3518009185791, 21.292699813842773, 20.84480094909668, 20.36479949951172, 19.749399185180664, 20.26889991760254, 21.409000396728516, 20.80150032043457, 21.08639907836914, 20.775800704956055, 23.972400665283203, 21.65239906311035, 21.5531005859375]"
