item_id,start,freq,target
T171,2015-01-04 00:00:00,W-SUN,"[7.230800151824951, 5.251999855041504, 8.724200248718262, 7.932300090789795, 7.886199951171875, 8.062399864196777, 8.664299964904785, 7.807400226593018, 7.377900123596191, 8.08430004119873, 7.865600109100342, 7.7129998207092285, 7.357399940490723, 8.859999656677246, 9.670700073242188, 8.684000015258789, 9.538200378417969, 8.767900466918945, 9.379300117492676, 8.457599639892578, 8.874799728393555, 8.70199966430664, 8.996399879455566, 8.406700134277344, 8.42020034790039, 7.9604997634887695, 10.360199928283691, 8.896499633789062, 9.92770004272461, 8.63539981842041, 8.613200187683105, 8.08530044555664, 8.628299713134766, 8.27649974822998, 7.693399906158447, 9.066100120544434, 9.472200393676758, 8.237099647521973, 8.737700462341309, 8.446399688720703, 8.422599792480469, 8.998600006103516, 8.821999549865723, 8.083900451660156, 9.35789966583252, 8.683500289916992, 6.784599781036377, 8.366600036621094, 9.60219955444336, 9.576000213623047, 6.28879976272583, 6.609799861907959, 8.029399871826172, 8.887800216674805, 7.96999979019165, 8.562700271606445, 11.08240032196045, 8.31659984588623, 8.646400451660156, 8.567999839782715, 8.390299797058105, 9.21660041809082, 7.891600131988525, 8.672900199890137, 8.2076997756958, 8.787799835205078, 8.857000350952148, 8.272700309753418, 8.401399612426758, 9.361499786376953, 9.296199798583984, 9.866499900817871, 8.886899948120117, 9.381600379943848, 9.596400260925293, 8.605400085449219, 8.36359977722168, 7.501399993896484, 8.536700248718262, 9.060099601745605, 9.10789966583252, 9.28380012512207, 8.554699897766113, 8.810500144958496, 9.177300453186035, 8.751299858093262, 7.964300155639648, 8.861000061035156, 9.404399871826172, 8.525799751281738]"
