item_id,start,freq,target
T37,2014-12-29,W-SUN,"[3.782599925994873, 4.751500129699707, 4.3165998458862305, 4.986499786376953, 4.628699779510498, 4.545300006866455, 5.380799770355225, 5.074399948120117, 4.678599834442139, 4.87529993057251, 4.836100101470947, 4.897799968719482, 5.081999778747559, 4.73199987411499, 5.071300029754639, 5.0706000328063965, 6.338900089263916, 4.944200038909912, 4.9029998779296875, 5.041900157928467, 4.68179988861084, 5.035399913787842, 4.8404998779296875, 4.693299770355225, 4.72189998626709, 4.6479997634887695, 4.275400161743164, 4.679599761962891, 4.543300151824951, 4.758399963378906, 4.612299919128418, 4.606900215148926, 4.7307000160217285, 4.60099983215332, 4.697199821472168, 4.382299900054932, 4.49429988861084, 4.652900218963623, 5.209000110626221, 4.491000175476074, 4.551599979400635, 4.536900043487549, 4.374000072479248, 4.272900104522705, 4.3190999031066895, 4.334499835968018, 4.3796000480651855, 3.977799892425537, 5.054200172424316, 4.414000034332275, 4.515100002288818, 3.771399974822998, 3.588900089263916, 4.066800117492676, 4.3734002113342285, 4.554900169372559, 4.5725998878479, 5.069499969482422, 5.171599864959717, 4.852200031280518, 5.126100063323975, 4.691299915313721, 4.82390022277832, 4.872799873352051, 5.112199783325195, 4.896299839019775, 4.686699867248535, 5.179599761962891, 5.156499862670898, 5.108799934387207, 5.080900192260742, 5.226900100708008, 5.248700141906738, 4.850299835205078, 4.719200134277344, 4.785900115966797, 4.687900066375732, 4.655099868774414, 4.320000171661377, 4.6894001960754395, 4.941999912261963, 4.630199909210205, 4.787899971008301, 4.626500129699707, 4.653299808502197, 4.608099937438965, 5.023399829864502, 4.213699817657471, 4.609300136566162, 5.218500137329102, 5.058599948883057, 5.114799976348877, 4.927299976348877, 4.847300052642822, 4.968599796295166, 4.662700176239014]"
