item_id,start,freq,target
T753,2014-12-29,W-SUN,"[2.124300003051758, 2.279400110244751, 2.601599931716919, 2.390199899673462, 2.649899959564209, 2.638000011444092, 2.6703999042510986, 2.6956000328063965, 2.4184000492095947, 2.853600025177002, 2.8882999420166016, 2.8596999645233154, 2.700700044631958, 2.766200065612793, 2.881999969482422, 2.9382998943328857, 2.896899938583374, 3.023099899291992, 2.96589994430542, 3.0481998920440674, 2.995699882507324, 3.0343000888824463, 2.962899923324585, 2.986299991607666, 3.004699945449829, 2.9456000328063965, 2.8954999446868896, 2.9732000827789307, 3.0487000942230225, 3.0006000995635986, 3.03439998626709, 3.006500005722046, 3.0427000522613525, 3.110300064086914, 3.0824999809265137, 3.07069993019104, 3.1326000690460205, 3.1586999893188477, 3.1226000785827637, 3.1029000282287598, 3.030100107192993, 3.081199884414673, 3.0129001140594482, 2.9242000579833984, 2.921600103378296, 2.902100086212158, 2.7585999965667725, 2.593400001525879, 2.8025999069213867, 2.648099899291992, 2.6085000038146973, 2.3011999130249023, 2.2334001064300537, 2.513400077819824, 2.586400032043457, 2.602799892425537, 2.672600030899048, 2.736799955368042, 2.7153000831604004, 2.8101999759674072, 2.791100025177002, 2.7428998947143555, 2.713399887084961, 2.82669997215271, 2.8580000400543213, 2.862499952316284, 2.877000093460083, 3.0171000957489014, 3.0309998989105225, 3.0578999519348145, 2.920799970626831, 3.0673999786376953, 3.0416998863220215, 3.0527000427246094, 3.0787999629974365, 3.02839994430542, 2.98799991607666, 2.991300106048584, 2.9519999027252197, 3.001499891281128, 3.0420000553131104, 3.0134999752044678, 3.035900115966797, 3.037899971008301, 3.0427000522613525, 3.1224000453948975, 2.1903998851776123, 3.041100025177002, 3.112499952316284, 3.2318999767303467, 2.758500099182129, 2.5876998901367188, 3.2414000034332275, 2.9758999347686768, 3.032900094985962, 2.7040998935699463]"
