item_id,start,freq,target
T528,2014-12-29,W-SUN,"[8.523799896240234, 9.694100379943848, 9.420900344848633, 10.922100067138672, 12.512900352478027, 13.357799530029297, 10.298399925231934, 12.017600059509277, 10.341899871826172, 14.314399719238281, 12.480299949645996, 12.492400169372559, 10.922100067138672, 11.946100234985352, 15.35990047454834, 12.338700294494629, 12.053099632263184, 12.335399627685547, 12.56029987335205, 12.081500053405762, 11.816699981689453, 11.75100040435791, 12.468899726867676, 11.641300201416016, 12.12030029296875, 12.095600128173828, 10.929699897766113, 12.390999794006348, 12.021699905395508, 13.291899681091309, 11.157600402832031, 13.6072998046875, 11.519599914550781, 11.756600379943848, 14.47659969329834, 12.170100212097168, 13.47719955444336, 13.486000061035156, 13.016599655151367, 13.163599967956543, 12.3125, 12.982199668884277, 13.625900268554688, 13.093600273132324, 11.788999557495117, 13.059100151062012, 11.902299880981445, 10.895999908447266, 12.774499893188477, 12.758199691772461, 11.911600112915039, 9.629799842834473, 10.48490047454834, 11.332300186157227, 11.885899543762207, 11.667200088500977, 13.25570011138916, 12.162199974060059, 13.316300392150879, 13.088299751281738, 13.220600128173828, 12.166299819946289, 12.414400100708008, 11.74839973449707, 10.930700302124023, 12.040200233459473, 12.550200462341309, 10.257200241088867, 14.108699798583984, 11.785499572753906, 12.20740032196045, 11.024800300598145, 12.307600021362305, 10.425600051879883, 11.77299976348877, 11.36299991607666, 10.61769962310791, 11.440600395202637, 9.795999526977539, 11.1766996383667, 11.800600051879883, 11.16919994354248, 11.614299774169922, 9.411299705505371, 11.541799545288086, 11.746199607849121, 11.581299781799316, 10.902400016784668, 11.376299858093262, 10.785599708557129, 10.455900192260742, 10.015000343322754, 10.536100387573242, 10.515399932861328, 10.084799766540527, 10.241999626159668]"
