item_id,start,freq,target
T706,2014-12-29,W-SUN,"[7.089099884033203, 8.553000450134277, 8.515199661254883, 8.564599990844727, 8.835700035095215, 8.678799629211426, 8.582200050354004, 9.195799827575684, 8.373000144958496, 9.199299812316895, 9.01449966430664, 9.037699699401855, 9.01729965209961, 9.400099754333496, 9.758399963378906, 10.009699821472168, 9.63759994506836, 10.045700073242188, 10.321100234985352, 9.89579963684082, 9.77400016784668, 10.12909984588623, 10.540599822998047, 10.576299667358398, 11.13129997253418, 10.650300025939941, 11.681900024414062, 10.522199630737305, 11.083999633789062, 10.686200141906738, 10.748299598693848, 10.8927001953125, 9.317899703979492, 10.944499969482422, 10.71660041809082, 11.013400077819824, 12.050100326538086, 11.70930004119873, 11.267399787902832, 11.614800453186035, 11.400199890136719, 11.625, 11.263199806213379, 10.327300071716309, 9.856399536132812, 9.788299560546875, 10.237899780273438, 10.114100456237793, 9.877599716186523, 9.681400299072266, 10.095999717712402, 8.071900367736816, 8.22130012512207, 8.726300239562988, 8.742500305175781, 8.403499603271484, 8.578200340270996, 9.6427001953125, 9.07919979095459, 9.910099983215332, 10.352299690246582, 9.2947998046875, 9.214900016784668, 10.045599937438965, 10.499899864196777, 10.317999839782715, 9.918600082397461, 10.754300117492676, 10.680899620056152, 10.83549976348877, 11.356599807739258, 10.80519962310791, 10.835000038146973, 10.843000411987305, 10.643699645996094, 11.013299942016602, 7.714300155639648, 10.785799980163574, 11.038900375366211, 10.962800025939941, 11.01259994506836, 10.70199966430664, 11.64330005645752, 11.41759967803955, 11.23550033569336, 11.365599632263184, 11.494400024414062, 11.181900024414062, 11.416999816894531, 11.885899543762207, 11.476099967956543, 11.585000038146973, 11.793800354003906, 10.545599937438965, 10.963800430297852, 10.052599906921387]"
