item_id,start,freq,target
T811,2014-12-29,W-SUN,"[4.935299873352051, 5.809999942779541, 7.294899940490723, 6.897200107574463, 7.558599948883057, 7.924300193786621, 7.99429988861084, 7.861800193786621, 7.178199768066406, 7.965799808502197, 8.040399551391602, 7.646999835968018, 8.11520004272461, 7.460899829864502, 8.307999610900879, 7.768499851226807, 7.689599990844727, 7.912499904632568, 7.848499774932861, 8.87090015411377, 8.229299545288086, 8.238900184631348, 9.0802001953125, 8.315600395202637, 8.725000381469727, 8.524999618530273, 6.914899826049805, 8.313599586486816, 8.704500198364258, 8.46500015258789, 7.8597002029418945, 8.720199584960938, 8.92770004272461, 8.785099983215332, 8.51099967956543, 7.779300212860107, 8.694100379943848, 8.84630012512207, 8.24209976196289, 8.456299781799316, 7.746500015258789, 8.720000267028809, 9.443300247192383, 8.821499824523926, 9.25629997253418, 9.827699661254883, 8.231599807739258, 7.397900104522705, 8.799500465393066, 9.195500373840332, 7.9653000831604, 5.474100112915039, 6.125899791717529, 8.281100273132324, 7.977499961853027, 9.001999855041504, 8.87600040435791, 8.10509967803955, 8.07450008392334, 8.215900421142578, 7.854599952697754, 8.114100456237793, 8.051199913024902, 8.48169994354248, 7.918000221252441, 7.684299945831299, 7.737599849700928, 8.258099555969238, 8.453499794006348, 8.81879997253418, 9.090499877929688, 8.951199531555176, 9.380900382995605, 7.618100166320801, 9.904899597167969, 8.748000144958496, 8.693900108337402, 8.4822998046875, 7.232500076293945, 7.986499786376953, 9.235400199890137, 8.737799644470215, 8.416199684143066, 9.298500061035156, 8.437600135803223, 8.296099662780762, 9.342300415039062, 7.579500198364258, 9.078399658203125, 9.258199691772461, 8.890399932861328, 8.082200050354004, 9.028599739074707, 8.907400131225586, 8.092599868774414, 8.338600158691406]"
