item_id,start,freq,target
T225,2015-01-04 00:00:00,W-SUN,"[[5.052299976348877, 5.405799865722656, 4.338200092315674, 5.592299938201904, 5.991600036621094, 6.059199810028076, 6.11269998550415, 6.242499828338623, 5.807600021362305, 6.3007001876831055, 6.560200214385986, 6.748799800872803, 6.308599948883057, 6.247799873352051, 6.343500137329102, 6.601399898529053, 6.777500152587891, 7.089399814605713, 6.698599815368652, 6.235300064086914, 6.183000087738037, 6.559500217437744, 6.227700233459473, 6.143499851226807, 6.219799995422363, 6.208000183105469, 5.795899868011475, 5.970399856567383, 6.086100101470947, 5.999800205230713, 6.05649995803833, 6.028800010681152, 6.0644001960754395, 7.180300235748291, 6.907899856567383, 7.151899814605713, 7.483799934387207, 7.254499912261963, 7.053999900817871, 7.121799945831299, 6.940199851989746, 7.2270002365112305, 6.79640007019043, 7.297100067138672, 6.649700164794922, 6.8846001625061035, 6.748000144958496, 6.4369001388549805, 6.546199798583984, 6.43209981918335, 6.561299800872803, 5.986199855804443, 5.852200031280518, 6.37470006942749, 6.339799880981445, 6.6656999588012695, 6.421800136566162, 7.081900119781494, 6.460400104522705, 6.445899963378906, 7.142899990081787, 6.200200080871582, 5.700399875640869, 5.597300052642822, 6.3206000328063965, 6.115799903869629, 5.95959997177124, 5.650599956512451, 6.607800006866455, 6.662799835205078, 6.6691999435424805, 7.213500022888184, 6.906799793243408, 6.884300231933594, 7.385000228881836, 6.976099967956543, 7.494500160217285, 6.908999919891357, 6.634500026702881, 6.834199905395508, 6.853799819946289, 6.927599906921387, 6.541600227355957, 6.578700065612793, 6.927999973297119, 6.834700107574463, 7.525400161743164, 5.787700176239014, 6.056600093841553, 5.976200103759766]]"
