item_id,start,freq,target
T163,2014-12-29,W-SUN,"[5.76039981842041, 6.991099834442139, 9.36709976196289, 8.833399772644043, 10.094300270080566, 10.308899879455566, 9.779999732971191, 9.794099807739258, 9.487700462341309, 10.048500061035156, 9.53380012512207, 9.850199699401855, 9.633199691772461, 9.226900100708008, 9.887299537658691, 9.85830020904541, 9.71500015258789, 10.007800102233887, 9.994799613952637, 10.265899658203125, 9.056599617004395, 10.149299621582031, 10.531299591064453, 10.782299995422363, 10.190299987792969, 10.440999984741211, 8.831299781799316, 10.61520004272461, 10.57349967956543, 10.396699905395508, 10.397000312805176, 10.657699584960938, 10.806599617004395, 10.83650016784668, 11.109800338745117, 9.587300300598145, 10.808600425720215, 11.287300109863281, 10.41569995880127, 10.996600151062012, 10.294699668884277, 11.132599830627441, 11.259300231933594, 11.521200180053711, 12.384300231933594, 11.580100059509277, 11.154999732971191, 9.541299819946289, 11.05840015411377, 11.479599952697754, 10.54170036315918, 6.7941999435424805, 8.170700073242188, 10.425999641418457, 10.522199630737305, 11.193400382995605, 10.087699890136719, 10.080300331115723, 10.003700256347656, 10.373299598693848, 10.84529972076416, 11.285300254821777, 10.339799880981445, 10.684700012207031, 10.13290023803711, 9.965399742126465, 10.14050006866455, 10.447400093078613, 10.698599815368652, 11.644499778747559, 10.707599639892578, 11.26729965209961, 11.376999855041504, 9.740699768066406, 10.826499938964844, 10.76509952545166, 10.446499824523926, 10.724900245666504, 8.781299591064453, 10.271100044250488, 10.730899810791016, 10.936300277709961, 10.655500411987305, 10.60569953918457, 10.785400390625, 11.07289981842041, 11.393899917602539, 9.621800422668457, 11.248499870300293, 11.468700408935547, 11.727499961853027, 9.673399925231934, 11.389300346374512, 11.615799903869629, 11.405799865722656, 11.313400268554688]"
