item_id,start,freq,target
T732,2014-12-29,W-SUN,"[5.950300216674805, 6.899700164794922, 6.865600109100342, 6.9079999923706055, 6.859600067138672, 6.81790018081665, 6.9608001708984375, 7.152599811553955, 6.478499889373779, 7.23330020904541, 7.218500137329102, 7.345200061798096, 7.440400123596191, 7.128499984741211, 7.382800102233887, 7.343200206756592, 7.389599800109863, 7.451600074768066, 7.2368998527526855, 7.236700057983398, 6.8531999588012695, 7.47790002822876, 7.572999954223633, 7.494900226593018, 7.710299968719482, 7.677199840545654, 6.7795000076293945, 7.52839994430542, 8.863499641418457, 7.442800045013428, 7.678500175476074, 7.320099830627441, 7.2667999267578125, 7.3607001304626465, 7.057499885559082, 7.107999801635742, 7.386600017547607, 7.3516998291015625, 7.28410005569458, 7.271100044250488, 7.289599895477295, 7.337699890136719, 7.277900218963623, 7.09060001373291, 7.231100082397461, 7.30810022354126, 7.132900238037109, 6.369100093841553, 7.143799781799316, 7.523200035095215, 7.587100028991699, 6.038599967956543, 6.164999961853027, 6.980599880218506, 6.978600025177002, 6.984799861907959, 6.496699810028076, 7.059599876403809, 7.009500026702881, 7.262899875640869, 7.15369987487793, 6.64769983291626, 7.206500053405762, 7.616300106048584, 7.593699932098389, 7.291900157928467, 7.306300163269043, 7.519800186157227, 7.512800216674805, 7.3907999992370605, 7.659800052642822, 7.9359002113342285, 7.866099834442139, 7.293799877166748, 7.991399765014648, 8.104100227355957, 7.941999912261963, 7.982999801635742, 7.044300079345703, 7.790299892425537, 7.773200035095215, 7.490300178527832, 7.714000225067139, 7.747499942779541, 7.80210018157959, 7.759300231933594, 7.687099933624268, 7.0756001472473145, 7.952000141143799, 7.825099945068359, 7.708199977874756, 7.781400203704834, 7.741000175476074, 7.430500030517578, 7.717400074005127, 7.466100215911865]"
