item_id,start,freq,target
T327,2015-01-04 00:00:00,W-SUN,"[21.46660041809082, 15.326800346374512, 21.174100875854492, 24.269699096679688, 23.341899871826172, 23.0, 24.153900146484375, 21.623899459838867, 24.757099151611328, 24.272300720214844, 23.757600784301758, 25.236400604248047, 23.161100387573242, 23.520700454711914, 24.338699340820312, 23.398399353027344, 23.76689910888672, 25.274700164794922, 23.74020004272461, 23.13159942626953, 23.788999557495117, 25.86389923095703, 23.691499710083008, 26.06920051574707, 24.878299713134766, 23.10569953918457, 26.770299911499023, 25.72640037536621, 24.507400512695312, 25.21339988708496, 24.551700592041016, 24.472200393676758, 26.67770004272461, 25.25790023803711, 23.45949935913086, 25.416799545288086, 26.06329917907715, 24.247400283813477, 25.56719970703125, 25.619199752807617, 27.097299575805664, 25.357200622558594, 25.575599670410156, 24.21419906616211, 26.458200454711914, 25.87689971923828, 22.38559913635254, 23.72439956665039, 26.141399383544922, 24.96940040588379, 18.817800521850586, 20.749799728393555, 23.16200065612793, 22.43910026550293, 23.757099151611328, 24.86590003967285, 20.372900009155273, 23.656400680541992, 24.774099349975586, 24.65679931640625, 24.071500778198242, 23.936800003051758, 22.798799514770508, 24.240299224853516, 24.392000198364258, 24.98310089111328, 26.447900772094727, 25.00079917907715, 24.941200256347656, 26.704599380493164, 26.431299209594727, 25.53569984436035, 23.946699142456055, 25.583200454711914, 24.48870086669922, 26.232900619506836, 24.379600524902344, 21.68779945373535, 24.572099685668945, 24.06209945678711, 24.798799514770508, 24.979799270629883, 24.23390007019043, 22.427000045776367, 23.888500213623047, 27.41160011291504, 24.3257999420166, 26.749799728393555, 26.87070083618164, 27.258399963378906]"
