item_id,start,freq,target
T542,2014-12-29,W-SUN,"[11.408699989318848, 12.87660026550293, 12.555500030517578, 12.347100257873535, 13.111499786376953, 13.029399871826172, 12.875100135803223, 12.856499671936035, 11.503199577331543, 12.487000465393066, 10.388199806213379, 11.984399795532227, 11.544599533081055, 11.318699836730957, 11.964900016784668, 11.861000061035156, 11.965999603271484, 11.884400367736816, 12.191800117492676, 12.232999801635742, 12.25790023803711, 12.176300048828125, 11.924799919128418, 11.789899826049805, 11.836600303649902, 11.657699584960938, 11.141300201416016, 12.064900398254395, 11.613499641418457, 12.040599822998047, 11.848899841308594, 11.909099578857422, 11.244099617004395, 12.340900421142578, 12.582900047302246, 13.359600067138672, 13.709799766540527, 14.263799667358398, 13.87279987335205, 14.542099952697754, 13.687100410461426, 14.45930004119873, 13.979599952697754, 14.065899848937988, 14.567000389099121, 14.525099754333496, 13.429800033569336, 14.974100112915039, 13.508700370788574, 15.171099662780762, 13.521699905395508, 11.088600158691406, 12.262299537658691, 13.303899765014648, 13.704899787902832, 13.274200439453125, 12.831100463867188, 14.358499526977539, 13.05090045928955, 13.29010009765625, 10.573800086975098, 12.025500297546387, 11.59570026397705, 11.251099586486816, 12.472299575805664, 12.902600288391113, 12.936800003051758, 11.346799850463867, 11.815199851989746, 11.82800006866455, 11.604700088500977, 12.477499961853027, 12.138299942016602, 11.977700233459473, 12.063199996948242, 12.50100040435791, 12.230199813842773, 13.072999954223633, 12.106300354003906, 13.618200302124023, 13.849300384521484, 12.464500427246094, 13.581299781799316, 13.568300247192383, 13.623700141906738, 13.825499534606934, 13.936400413513184, 13.472800254821777, 13.821100234985352, 14.246999740600586, 14.834099769592285, 14.530200004577637, 14.24269962310791, 15.552399635314941, 14.79699993133545, 14.105899810791016]"
