item_id,start,freq,target
T453,2015-01-04 00:00:00,W-SUN,"[8.113300323486328, 8.113200187683105, 8.11340045928955, 8.113200187683105, 8.113200187683105, 8.113200187683105, 8.113200187683105, 7.370699882507324, 8.11620044708252, 8.113200187683105, 8.113200187683105, 8.113200187683105, 8.113200187683105, 9.070899963378906, 8.113200187683105, 8.113200187683105, 8.113200187683105, 8.113200187683105, 8.113200187683105, 8.113200187683105, 8.113200187683105, 8.113200187683105, 8.113200187683105, 8.113200187683105, 8.113200187683105, 8.113200187683105, 8.113200187683105, 8.113200187683105, 8.113200187683105, 8.113200187683105, 8.113200187683105, 8.113200187683105, 8.113200187683105, 8.113200187683105, 8.113200187683105, 8.113200187683105, 8.113200187683105, 8.113200187683105, 8.113200187683105, 8.113200187683105, 8.113200187683105, 8.113200187683105, 8.098400115966797, 8.113200187683105, 8.113200187683105, 8.113200187683105, 8.113200187683105, 8.113200187683105, 14.343000411987305, 13.985600471496582, 12.636300086975098, 9.90820026397705, 11.009499549865723, 12.064200401306152, 11.281900405883789, 11.45740032196045, 11.508999824523926, 11.722999572753906, 12.753199577331543, 10.725700378417969, 10.306300163269043, 8.988200187683105, 10.854599952697754, 9.340700149536133, 11.332099914550781, 11.394000053405762, 12.082900047302246, 12.008299827575684, 12.964500427246094, 11.964699745178223, 11.797599792480469, 14.42710018157959, 13.31980037689209, 11.751799583435059, 12.624099731445312, 12.403599739074707, 12.012900352478027, 12.538299560546875, 12.506500244140625, 12.911999702453613, 12.708200454711914, 12.531800270080566, 12.771599769592285, 12.715399742126465, 12.880499839782715, 12.556500434875488, 11.430500030517578, 11.567399978637695, 12.595100402832031, 12.435400009155273]"
