item_id,start,freq,target
T585,2014-12-29,W-SUN,"[8.739399909973145, 10.608599662780762, 10.869999885559082, 10.2298002243042, 10.469099998474121, 9.248100280761719, 8.266200065612793, 11.837300300598145, 10.152199745178223, 12.02180004119873, 12.350899696350098, 12.002799987792969, 11.962699890136719, 11.53689956665039, 11.657600402832031, 11.910699844360352, 9.68239974975586, 11.961199760437012, 12.005999565124512, 11.886500358581543, 11.615300178527832, 12.225299835205078, 11.930500030517578, 11.981100082397461, 12.22439956665039, 11.970000267028809, 11.24269962310791, 12.41919994354248, 12.047900199890137, 11.500300407409668, 11.99470043182373, 11.839500427246094, 11.277999877929688, 12.14210033416748, 11.258299827575684, 11.362099647521973, 12.366299629211426, 12.97760009765625, 9.75469970703125, 12.398099899291992, 11.348699569702148, 12.35770034790039, 12.24120044708252, 12.21619987487793, 12.784899711608887, 12.38640022277832, 11.913599967956543, 11.206899642944336, 10.054200172424316, 12.651000022888184, 11.886500358581543, 10.343899726867676, 10.675000190734863, 11.885299682617188, 11.497400283813477, 11.237799644470215, 11.256199836730957, 11.956999778747559, 10.416199684143066, 12.446100234985352, 11.235899925231934, 11.119500160217285, 11.612500190734863, 10.864500045776367, 12.384200096130371, 11.390600204467773, 11.849200248718262, 12.387800216674805, 12.393600463867188, 11.920599937438965, 11.984800338745117, 12.360600471496582, 12.508999824523926, 12.20829963684082, 12.539400100708008, 12.68690013885498, 12.456700325012207, 12.345199584960938, 11.292200088500977, 12.17490005493164, 12.61769962310791, 11.209099769592285, 11.805000305175781, 12.090499877929688, 12.374600410461426, 12.188400268554688, 12.339200019836426, 10.853500366210938, 11.709799766540527, 12.321599960327148, 12.669099807739258, 12.250800132751465, 12.355899810791016, 11.963600158691406, 12.570699691772461, 12.160499572753906]"
