item_id,start,freq,target
T118,2014-12-29,W-SUN,"[5.064199924468994, 7.651299953460693, 7.7916998863220215, 7.016300201416016, 8.036100387573242, 7.885799884796143, 7.11269998550415, 7.7164998054504395, 6.809700012207031, 8.227499961853027, 7.2108001708984375, 5.847300052642822, 5.06790018081665, 4.895400047302246, 4.95959997177124, 5.022799968719482, 5.388299942016602, 5.0100998878479, 4.735000133514404, 4.2342000007629395, 4.570000171661377, 5.019800186157227, 5.049099922180176, 5.168499946594238, 5.1595001220703125, 5.20359992980957, 4.717400074005127, 5.239500045776367, 5.214900016784668, 5.246399879455566, 5.178100109100342, 5.905700206756592, 5.065400123596191, 5.225500106811523, 5.201099872589111, 4.776100158691406, 4.959700107574463, 5.013199806213379, 5.1082000732421875, 4.917600154876709, 4.8719000816345215, 4.916200160980225, 5.024600028991699, 4.749599933624268, 4.801799774169922, 4.78249979019165, 4.795899868011475, 5.0578999519348145, 4.892399787902832, 4.8225998878479, 6.530300140380859, 6.562600135803223, 6.826099872589111, 7.588099956512451, 7.414100170135498, 7.3719000816345215, 7.690199851989746, 7.7347002029418945, 7.19290018081665, 7.9156999588012695, 7.359600067138672, 6.7332000732421875, 5.743899822235107, 4.275000095367432, 4.997399806976318, 4.925099849700928, 4.798299789428711, 5.024899959564209, 4.9191999435424805, 5.021900177001953, 4.930799961090088, 5.05709981918335, 5.023600101470947, 4.84689998626709, 5.1433000564575195, 5.117400169372559, 5.104800224304199, 5.128900051116943, 4.654699802398682, 5.081399917602539, 5.144100189208984, 5.152699947357178, 5.0817999839782715, 4.914000034332275, 4.893899917602539, 4.805600166320801, 4.474999904632568, 3.9484000205993652, 4.299099922180176, 4.577499866485596, 4.310999870300293, 4.33620023727417, 4.4182000160217285, 4.133399963378906, 3.993799924850464, 3.907399892807007]"
