item_id,start,freq,target
T678,2014-12-29,W-SUN,"[4.85830020904541, 5.103600025177002, 3.822999954223633, 5.070700168609619, 5.576600074768066, 5.776400089263916, 5.454899787902832, 5.554599761962891, 5.131499767303467, 5.635799884796143, 6.160600185394287, 5.5854997634887695, 5.61299991607666, 5.456999778747559, 5.613800048828125, 5.687399864196777, 5.6732001304626465, 5.956099987030029, 5.99370002746582, 6.898200035095215, 5.490600109100342, 5.7941999435424805, 6.183300018310547, 5.7804999351501465, 5.908299922943115, 5.8180999755859375, 5.484300136566162, 5.829500198364258, 5.916299819946289, 5.844099998474121, 6.103700160980225, 5.638000011444092, 5.699100017547607, 5.847099781036377, 4.986700057983398, 4.8403000831604, 4.744500160217285, 4.432700157165527, 4.277200222015381, 4.644899845123291, 4.2281999588012695, 4.363900184631348, 4.323599815368652, 5.104000091552734, 5.053599834442139, 5.203999996185303, 5.287099838256836, 4.685999870300293, 5.151400089263916, 5.38730001449585, 5.439199924468994, 4.622399806976318, 4.581399917602539, 5.116799831390381, 5.135799884796143, 5.146299839019775, 5.517199993133545, 5.256499767303467, 5.234000205993652, 5.418900012969971, 5.27869987487793, 5.337200164794922, 5.331600189208984, 4.9506001472473145, 5.364200115203857, 5.436800003051758, 5.400700092315674, 5.443600177764893, 5.490300178527832, 5.550600051879883, 5.549300193786621, 6.1707000732421875, 6.741399765014648, 6.135000228881836, 6.2683000564575195, 6.68310022354126, 6.302199840545654, 5.0883002281188965, 6.076700210571289, 6.29040002822876, 6.138199806213379, 5.572400093078613, 6.267099857330322, 6.4456000328063965, 5.861800193786621, 5.151299953460693, 4.906599998474121, 5.24399995803833, 4.9131999015808105, 4.697999954223633, 3.8564999103546143, 3.561000108718872, 3.561000108718872, 3.561000108718872, 3.561000108718872, 4.445700168609619]"
