item_id,start,freq,target
T81,2014-12-29,W-SUN,"[3.960200071334839, 3.656899929046631, 4.767600059509277, 4.298900127410889, 5.127299785614014, 5.101900100708008, 4.348499774932861, 4.664000034332275, 4.168399810791016, 5.083099842071533, 5.175600051879883, 4.691699981689453, 5.299900054931641, 5.246300220489502, 5.284200191497803, 5.278800010681152, 4.367499828338623, 5.445000171661377, 5.504199981689453, 5.601099967956543, 5.695799827575684, 5.539700031280518, 5.464000225067139, 5.709400177001953, 5.741199970245361, 5.634099960327148, 5.759099960327148, 5.788000106811523, 5.867599964141846, 5.586699962615967, 5.626299858093262, 5.817500114440918, 5.520999908447266, 5.485400199890137, 4.790900230407715, 5.6616997718811035, 5.571000099182129, 5.649899959564209, 4.68779993057251, 5.599299907684326, 5.4807000160217285, 5.629300117492676, 5.663599967956543, 5.6616997718811035, 5.329500198364258, 5.388999938964844, 5.485899925231934, 4.490300178527832, 4.404900074005127, 5.31279993057251, 5.446499824523926, 5.43149995803833, 5.151599884033203, 5.211900234222412, 5.1230998039245605, 5.020899772644043, 5.271299839019775, 5.333600044250488, 4.7368998527526855, 5.429299831390381, 4.951000213623047, 5.228899955749512, 5.295000076293945, 5.618500232696533, 5.804500102996826, 5.512700080871582, 5.5518999099731445, 5.537099838256836, 5.686699867248535, 5.6392998695373535, 5.68209981918335, 5.736700057983398, 5.746200084686279, 5.952600002288818, 5.826200008392334, 5.895199775695801, 5.853099822998047, 5.883800029754639, 5.9679999351501465, 5.974400043487549, 6.299200057983398, 6.360199928283691, 6.447500228881836, 6.425300121307373, 5.7170000076293945, 5.718200206756592, 5.7204999923706055, 5.566699981689453, 5.769400119781494, 6.0507001876831055, 5.293700218200684, 4.219600200653076, 5.373799800872803, 5.338500022888184, 5.522799968719482, 5.048900127410889]"
