item_id,start,freq,target
T260,2014-12-29,W-SUN,"[5.689599990844727, 8.724699974060059, 4.687600135803223, 8.794300079345703, 10.163900375366211, 10.36929988861084, 9.546799659729004, 8.825699806213379, 8.086600303649902, 9.095000267028809, 8.978400230407715, 8.904399871826172, 7.867800235748291, 8.717700004577637, 9.14050006866455, 9.647100448608398, 9.662099838256836, 10.031999588012695, 9.424300193786621, 9.481599807739258, 8.806599617004395, 8.058199882507324, 8.847000122070312, 8.935199737548828, 9.184399604797363, 8.80739974975586, 8.000800132751465, 9.251399993896484, 8.875699996948242, 9.022700309753418, 8.675399780273438, 8.916399955749512, 11.063599586486816, 9.42080020904541, 10.168000221252441, 8.909799575805664, 9.825200080871582, 9.600799560546875, 9.483400344848633, 10.433799743652344, 9.227700233459473, 9.884400367736816, 9.65060043334961, 10.050200462341309, 9.855600357055664, 10.432000160217285, 9.478099822998047, 8.148300170898438, 9.317500114440918, 10.09570026397705, 10.713199615478516, 6.803400039672852, 8.052900314331055, 9.271200180053711, 9.278200149536133, 9.126999855041504, 9.82229995727539, 9.619400024414062, 10.190699577331543, 12.390399932861328, 9.907500267028809, 8.548999786376953, 8.961799621582031, 10.709400177001953, 8.81719970703125, 9.502599716186523, 9.964900016784668, 10.08489990234375, 10.020400047302246, 10.243499755859375, 9.56149959564209, 10.494000434875488, 9.806300163269043, 8.685199737548828, 8.88070011138916, 9.67300033569336, 9.52910041809082, 9.033499717712402, 8.178600311279297, 9.10219955444336, 9.689000129699707, 9.340399742126465, 8.883199691772461, 9.13070011138916, 9.767800331115723, 9.793600082397461, 10.306500434875488, 9.219599723815918, 10.0447998046875, 10.157999992370605, 10.246399879455566, 9.637900352478027, 9.95930004119873, 9.75790023803711, 9.311100006103516, 9.782899856567383]"
