item_id,start,freq,target
T4,2014-12-29,W-SUN,"[5.824699878692627, 9.14739990234375, 8.752300262451172, 8.067099571228027, 8.721699714660645, 9.27180004119873, 9.112899780273438, 9.101799964904785, 8.382200241088867, 9.244500160217285, 9.3858003616333, 9.397700309753418, 9.333700180053711, 8.936800003051758, 9.627099990844727, 10.449199676513672, 9.167900085449219, 9.76729965209961, 9.789899826049805, 9.87909984588623, 9.093500137329102, 10.165200233459473, 9.625900268554688, 9.500900268554688, 9.82509994506836, 9.52869987487793, 8.309300422668457, 9.59939956665039, 9.630599975585938, 9.80049991607666, 9.398099899291992, 9.901900291442871, 9.57919979095459, 9.716500282287598, 8.837599754333496, 8.915200233459473, 10.294899940490723, 10.437399864196777, 10.184800148010254, 9.752300262451172, 10.025799751281738, 10.933099746704102, 10.84469985961914, 10.4822998046875, 10.32800006866455, 10.532999992370605, 9.518899917602539, 8.301600456237793, 9.793499946594238, 11.045900344848633, 10.48799991607666, 7.174900054931641, 7.939599990844727, 9.862600326538086, 9.99429988861084, 9.01360034942627, 9.164199829101562, 9.837900161743164, 9.390000343322754, 9.500300407409668, 9.566800117492676, 8.09220027923584, 10.213899612426758, 9.809200286865234, 9.369000434875488, 9.05720043182373, 9.772199630737305, 9.956999778747559, 9.813199996948242, 9.706500053405762, 9.922100067138672, 9.650199890136719, 10.392200469970703, 8.87660026550293, 9.900400161743164, 9.599300384521484, 9.794699668884277, 9.821800231933594, 8.112600326538086, 9.76930046081543, 9.40880012512207, 9.45580005645752, 9.470000267028809, 9.234100341796875, 9.425600051879883, 9.517800331115723, 9.521599769592285, 8.9266996383667, 9.836299896240234, 10.64330005645752, 11.72599983215332, 9.096400260925293, 10.218700408935547, 9.734999656677246, 10.133199691772461, 9.60890007019043]"
