item_id,start,freq,target
T810,2014-12-29,W-SUN,"[9.46030044555664, 11.354499816894531, 11.932299613952637, 11.012800216674805, 11.020600318908691, 10.751500129699707, 10.899999618530273, 11.773300170898438, 10.192999839782715, 11.435199737548828, 11.806400299072266, 11.333200454711914, 11.334099769592285, 10.752400398254395, 10.993300437927246, 11.33530044555664, 11.275699615478516, 11.401599884033203, 11.39169979095459, 11.253000259399414, 10.899299621582031, 11.67490005493164, 11.500200271606445, 11.365599632263184, 11.704400062561035, 11.343799591064453, 10.48289966583252, 11.956299781799316, 11.419099807739258, 11.472999572753906, 11.35770034790039, 11.199999809265137, 11.372699737548828, 11.625399589538574, 11.491999626159668, 10.848299980163574, 11.867500305175781, 12.50629997253418, 11.530799865722656, 11.826700210571289, 11.09060001373291, 11.827300071716309, 11.687299728393555, 11.62969970703125, 12.374799728393555, 11.837699890136719, 11.213500022888184, 10.190799713134766, 11.601499557495117, 12.085000038146973, 11.497400283813477, 9.080900192260742, 9.484000205993652, 11.026100158691406, 11.01259994506836, 10.90820026397705, 10.42609977722168, 11.238499641418457, 11.505499839782715, 11.911499977111816, 11.450499534606934, 10.262399673461914, 10.790300369262695, 10.020400047302246, 11.903499603271484, 10.97599983215332, 11.053000450134277, 12.267800331115723, 11.841099739074707, 11.372300148010254, 11.392600059509277, 11.861000061035156, 11.978400230407715, 11.618000030517578, 12.117899894714355, 12.270600318908691, 11.962800025939941, 11.804900169372559, 10.33430004119873, 11.703900337219238, 12.273799896240234, 10.607500076293945, 11.434000015258789, 11.661299705505371, 11.844400405883789, 11.620499610900879, 11.819199562072754, 10.191200256347656, 11.293700218200684, 11.871500015258789, 12.388400077819824, 11.846599578857422, 11.87600040435791, 11.427499771118164, 12.275199890136719, 11.567299842834473]"
