item_id,start,freq,target
T556,2015-02-08 00:00:00,W-SUN,"[3.889899969100952, 3.889899969100952, 3.5253000259399414, 3.891200065612793, 3.889899969100952, 3.889899969100952, 3.889899969100952, 3.889899969100952, 4.422399997711182, 5.585400104522705, 5.397600173950195, 3.889899969100952, 3.889899969100952, 3.889899969100952, 3.889899969100952, 3.889899969100952, 3.889899969100952, 3.889899969100952, 3.889899969100952, 3.889899969100952, 3.889899969100952, 3.889899969100952, 3.889899969100952, 3.889899969100952, 3.889899969100952, 3.889899969100952, 3.889899969100952, 3.889899969100952, 3.889899969100952, 3.889899969100952, 3.889899969100952, 3.889899969100952, 3.889899969100952, 3.889899969100952, 3.889899969100952, 3.889899969100952, 3.889899969100952, 3.8847999572753906, 3.889899969100952, 3.889899969100952, 3.889899969100952, 3.889899969100952, 3.889899969100952, 6.9745001792907715, 12.078399658203125, 8.432299613952637, 10.530799865722656, 13.932000160217285, 12.040399551391602, 12.30620002746582, 13.918600082397461, 13.797900199890137, 9.182100296020508, 13.889100074768066, 12.627300262451172, 13.14490032196045, 12.69219970703125, 12.892999649047852, 13.559300422668457, 11.805800437927246, 13.099599838256836, 13.876700401306152, 14.608400344848633, 13.804900169372559, 13.859600067138672, 14.251500129699707, 15.102499961853027, 13.809499740600586, 14.84529972076416, 14.636699676513672, 15.340100288391113, 15.435500144958496, 11.781499862670898, 17.3218994140625, 16.060300827026367, 15.716899871826172, 15.540300369262695, 14.758999824523926, 15.102499961853027, 15.814200401306152, 14.31980037689209, 13.499600410461426, 15.015199661254883, 16.115100860595703, 10.113800048828125, 8.515299797058105, 8.521200180053711, 7.958799839019775, 8.369199752807617, 9.235600471496582]"
