item_id,start,freq,target
T23,2014-12-29,W-SUN,"[4.194699764251709, 4.980400085449219, 5.804699897766113, 5.471499919891357, 6.30049991607666, 6.08620023727417, 5.998300075531006, 5.723100185394287, 5.813700199127197, 6.55019998550415, 6.64709997177124, 6.393799781799316, 6.86460018157959, 6.393700122833252, 6.959499835968018, 7.098299980163574, 6.642099857330322, 6.607100009918213, 6.87470006942749, 6.392600059509277, 6.224599838256836, 6.7957000732421875, 6.8653998374938965, 6.769400119781494, 6.582699775695801, 6.68310022354126, 5.844699859619141, 6.788099765777588, 6.526500225067139, 6.467800140380859, 6.720099925994873, 6.566199779510498, 6.513800144195557, 7.116499900817871, 6.5381999015808105, 6.166900157928467, 6.700699806213379, 6.9552998542785645, 6.639400005340576, 6.837800025939941, 6.936600208282471, 7.222899913787842, 7.052499771118164, 7.237800121307373, 7.428400039672852, 7.339600086212158, 7.457499980926514, 6.18720006942749, 6.4664998054504395, 7.749300003051758, 7.315400123596191, 5.2342000007629395, 5.341700077056885, 6.558800220489502, 6.5142998695373535, 6.763899803161621, 7.034599781036377, 7.095099925994873, 6.9730000495910645, 7.110899925231934, 7.071400165557861, 6.54040002822876, 6.913599967956543, 7.410099983215332, 6.851600170135498, 6.680300235748291, 6.612299919128418, 7.462900161743164, 7.018899917602539, 7.592100143432617, 7.503300189971924, 7.319799900054932, 7.41949987411499, 6.704699993133545, 7.434000015258789, 7.166800022125244, 7.507500171661377, 7.099599838256836, 6.171999931335449, 7.107699871063232, 7.200300216674805, 7.177199840545654, 6.7546000480651855, 6.888899803161621, 6.998700141906738, 7.308300018310547, 7.184199810028076, 6.424300193786621, 6.9552998542785645, 7.424300193786621, 7.40310001373291, 5.986499786376953, 7.4868998527526855, 7.464300155639648, 7.763299942016602, 6.955599784851074]"
