item_id,start,freq,target
T854,2014-12-29,W-SUN,"[3.889899969100952, 3.889899969100952, 3.889899969100952, 3.889899969100952, 3.889899969100952, 3.889899969100952, 3.889899969100952, 3.889899969100952, 3.5253000259399414, 3.891200065612793, 3.889899969100952, 3.889899969100952, 3.889899969100952, 3.889899969100952, 4.013700008392334, 3.889899969100952, 3.889899969100952, 3.889899969100952, 3.889899969100952, 3.889899969100952, 3.889899969100952, 3.889899969100952, 3.889899969100952, 3.889899969100952, 3.889899969100952, 3.889899969100952, 3.889899969100952, 3.889899969100952, 3.889899969100952, 3.889899969100952, 3.889899969100952, 3.889899969100952, 3.889899969100952, 3.889899969100952, 3.889899969100952, 3.889899969100952, 3.889899969100952, 3.889899969100952, 3.889899969100952, 3.889899969100952, 3.889899969100952, 3.889899969100952, 3.889899969100952, 3.8847999572753906, 3.889899969100952, 3.889899969100952, 3.889899969100952, 3.889899969100952, 3.889899969100952, 3.889899969100952, 3.889899969100952, 3.889899969100952, 3.889899969100952, 3.889899969100952, 3.889899969100952, 3.889899969100952, 3.889899969100952, 3.889899969100952, 3.890399932861328, 3.889899969100952, 3.889899969100952, 3.889899969100952, 5.409599781036377, 5.363900184631348, 3.3064000606536865, 2.6810998916625977, 2.5144999027252197, 2.6640000343322754, 2.657399892807007, 3.167799949645996, 2.703700065612793, 2.7516000270843506, 2.7929000854492188, 2.7618000507354736, 2.773699998855591, 2.8134000301361084, 2.8864998817443848, 2.8694000244140625, 2.7070000171661377, 2.862299919128418, 2.852299928665161, 2.852299928665161, 2.9953999519348145, 2.94320011138916, 3.052500009536743, 3.0734000205993652, 3.005199909210205, 2.863300085067749, 2.9077000617980957, 2.979599952697754, 2.928499937057495, 2.936000108718872, 3.017400026321411, 2.772599935531616, 2.903700113296509, 2.664099931716919]"
