item_id,start,freq,target
T785,2015-01-04 00:00:00,W-SUN,"[8.34570026397705, 9.978400230407715, 12.288900375366211, 10.191200256347656, 9.994099617004395, 9.902400016784668, 10.980299949645996, 9.264599800109863, 10.02910041809082, 9.792499542236328, 10.046500205993652, 10.066399574279785, 10.134699821472168, 10.317999839782715, 10.80210018157959, 10.408599853515625, 10.328900337219238, 11.369600296020508, 10.88949966430664, 10.610300064086914, 10.483799934387207, 9.974200248718262, 9.806599617004395, 9.861100196838379, 9.990300178527832, 8.892600059509277, 9.981100082397461, 10.672800064086914, 9.79699993133545, 9.97249984741211, 10.25510025024414, 10.09589958190918, 10.517900466918945, 9.723999977111816, 9.615699768066406, 10.445500373840332, 10.356499671936035, 10.244600296020508, 10.352399826049805, 10.016400337219238, 10.483699798583984, 10.424099922180176, 10.109000205993652, 10.064499855041504, 10.122699737548828, 10.323399543762207, 8.379400253295898, 9.613699913024902, 11.319100379943848, 9.780200004577637, 7.3541998863220215, 9.16450023651123, 9.73900032043457, 9.290300369262695, 9.399499893188477, 9.264200210571289, 10.298299789428711, 9.53439998626709, 10.50790023803711, 9.557000160217285, 8.784299850463867, 8.996800422668457, 9.499799728393555, 9.923999786376953, 10.420000076293945, 9.600500106811523, 9.963399887084961, 10.048299789428711, 9.71090030670166, 10.33489990234375, 10.021100044250488, 10.556699752807617, 9.185999870300293, 10.303899765014648, 10.213299751281738, 10.259499549865723, 10.333900451660156, 8.92710018157959, 10.545599937438965, 10.78689956665039, 9.740900039672852, 9.73960018157959, 9.698399543762207, 9.692999839782715, 10.767800331115723, 10.453300476074219, 9.18239974975586, 10.125800132751465, 10.543499946594238, 9.66819953918457]"
