item_id,start,freq,target
T607,2015-01-04 00:00:00,W-SUN,"[4.640999794006348, 4.515900135040283, 4.560999870300293, 4.7058000564575195, 4.609499931335449, 4.629700183868408, 4.712800025939941, 4.35890007019043, 4.787899971008301, 4.800600051879883, 4.767399787902832, 4.865799903869629, 4.77400016784668, 4.922699928283691, 4.948500156402588, 5.209400177001953, 4.991099834442139, 4.963699817657471, 4.89300012588501, 4.513999938964844, 4.993599891662598, 4.940700054168701, 4.9054999351501465, 4.9816999435424805, 5.0030999183654785, 4.682300090789795, 4.9608001708984375, 4.999800205230713, 4.922999858856201, 4.992300033569336, 4.904300212860107, 4.964900016784668, 5.004700183868408, 5.031199932098389, 4.702600002288818, 5.061200141906738, 4.9710001945495605, 6.446000099182129, 8.42549991607666, 6.704800128936768, 6.932400226593018, 6.8744001388549805, 7.10129976272583, 5.618500232696533, 5.656599998474121, 5.741600036621094, 5.044300079345703, 5.6020002365112305, 5.689000129699707, 5.637700080871582, 4.749800205230713, 4.8302998542785645, 5.429599761962891, 5.325099945068359, 5.483500003814697, 5.075099945068359, 5.697000026702881, 6.250800132751465, 5.863699913024902, 5.770500183105469, 5.5472002029418945, 5.479800224304199, 5.898099899291992, 5.789999961853027, 5.878600120544434, 5.8867998123168945, 5.992300033569336, 6.000100135803223, 5.929599761962891, 5.868899822235107, 5.967100143432617, 5.99370002746582, 5.6641998291015625, 5.980500221252441, 5.903200149536133, 5.953800201416016, 5.8907999992370605, 5.461100101470947, 5.944499969482422, 5.910900115966797, 5.549799919128418, 5.984099864959717, 6.013899803161621, 6.088699817657471, 5.961100101470947, 6.328100204467773, 5.713399887084961, 6.22730016708374, 6.216300010681152, 6.1442999839782715]"
