item_id,start,freq,target
T64,2015-02-01 00:00:00,W-SUN,"[[7.700500011444092, 8.504199981689453, 10.69379997253418, 10.314299583435059, 11.86400032043457, 11.819999694824219, 11.56980037689209, 11.379300117492676, 10.842300415039062, 11.476799964904785, 11.513500213623047, 10.795000076293945, 11.646100044250488, 11.822600364685059, 12.01140022277832, 11.229299545288086, 11.786999702453613, 12.237799644470215, 11.89330005645752, 12.114700317382812, 12.241499900817871, 10.529800415039062, 11.86709976196289, 12.413200378417969, 12.373600006103516, 12.566300392150879, 12.106300354003906, 12.30679988861084, 13.300999641418457, 12.156800270080566, 11.384200096130371, 12.057499885559082, 13.21049976348877, 11.718999862670898, 12.252900123596191, 11.929200172424316, 11.482999801635742, 12.511300086975098, 12.744099617004395, 12.50409984588623, 13.193300247192383, 12.891500473022461, 10.029899597167969, 12.020299911499023, 13.385600090026855, 12.681599617004395, 7.866799831390381, 9.548500061035156, 11.777299880981445, 11.180800437927246, 11.836899757385254, 11.851699829101562, 11.870699882507324, 11.571100234985352, 11.858499526977539, 12.381099700927734, 11.51099967956543, 11.475700378417969, 12.68690013885498, 12.257800102233887, 11.325900077819824, 11.447799682617188, 12.236599922180176, 12.709500312805176, 12.597800254821777, 12.472399711608887, 12.787099838256836, 13.114399909973145, 11.739999771118164, 13.218099594116211, 12.873600006103516, 12.861200332641602, 12.700599670410156, 10.460100173950195, 10.595800399780273, 9.968500137329102, 9.868300437927246, 9.718299865722656, 9.59220027923584, 9.802200317382812, 9.961600303649902, 10.176300048828125, 8.750800132751465, 9.943599700927734, 9.454999923706055, 10.36970043182373, 8.8302001953125, 10.719799995422363, 10.764800071716309, 10.897500038146973]]"
