item_id,start,freq,target
T563,2014-12-29,W-SUN,"[3.3180999755859375, 4.031899929046631, 4.048500061035156, 3.9890999794006348, 4.154300212860107, 4.168900012969971, 4.1006999015808105, 4.204400062561035, 3.919600009918213, 4.251100063323975, 4.1894001960754395, 4.340799808502197, 4.249800205230713, 4.101500034332275, 4.3649001121521, 4.499499797821045, 5.39139986038208, 4.293499946594238, 4.375500202178955, 4.35230016708374, 3.808500051498413, 4.331600189208984, 4.295400142669678, 4.239799976348877, 4.2708001136779785, 4.237800121307373, 3.7916998863220215, 4.305699825286865, 4.336299896240234, 4.243199825286865, 4.21150016784668, 4.241399765014648, 4.154200077056885, 4.3632001876831055, 4.347499847412109, 3.848400115966797, 4.446800231933594, 4.499199867248535, 4.372700214385986, 4.380799770355225, 4.425600051879883, 4.3846001625061035, 4.320300102233887, 4.389100074768066, 4.414400100708008, 4.394400119781494, 4.3445000648498535, 3.6577999591827393, 4.3821001052856445, 4.50029993057251, 4.463500022888184, 3.1538000106811523, 3.5429999828338623, 4.211599826812744, 4.2230000495910645, 4.288099765777588, 4.02869987487793, 4.337500095367432, 4.338500022888184, 4.435299873352051, 4.499300003051758, 4.347799777984619, 4.442800045013428, 4.482500076293945, 4.3414998054504395, 4.417600154876709, 4.4695000648498535, 4.631400108337402, 4.626800060272217, 4.595399856567383, 4.610400199890137, 4.717599868774414, 4.7093000411987305, 4.156700134277344, 4.592400074005127, 4.605299949645996, 4.569399833679199, 4.545599937438965, 3.8914999961853027, 4.393599987030029, 4.33650016784668, 4.347799777984619, 4.54610013961792, 4.409599781036377, 4.646699905395508, 4.653299808502197, 4.66540002822876, 4.333099842071533, 4.60290002822876, 4.763599872589111, 4.538599967956543, 4.6595001220703125, 4.6844000816345215, 4.36870002746582, 4.603899955749512, 4.475100040435791]"
