item_id,start,freq,target
T8,2014-12-29,W-SUN,"[6.002999782562256, 8.93690013885498, 5.278500080108643, 8.798600196838379, 8.93340015411377, 9.11299991607666, 9.379799842834473, 11.025400161743164, 9.624500274658203, 10.977999687194824, 11.159600257873535, 10.871399879455566, 11.022299766540527, 9.835700035095215, 10.708100318908691, 11.208100318908691, 10.676799774169922, 11.244799613952637, 11.67039966583252, 10.998100280761719, 10.39680004119873, 12.179400444030762, 11.210200309753418, 11.619099617004395, 10.367799758911133, 10.031700134277344, 9.032600402832031, 9.872599601745605, 10.031499862670898, 10.245100021362305, 10.440899848937988, 9.8100004196167, 10.223899841308594, 10.20479965209961, 10.385000228881836, 10.185400009155273, 10.571000099182129, 10.586999893188477, 10.24899959564209, 11.37090015411377, 10.389200210571289, 11.759900093078613, 10.350899696350098, 9.298600196838379, 9.180899620056152, 9.756500244140625, 8.113200187683105, 8.414799690246582, 9.470800399780273, 9.934900283813477, 10.903200149536133, 8.257599830627441, 8.787099838256836, 10.038299560546875, 9.917400360107422, 10.919099807739258, 10.702699661254883, 10.985699653625488, 10.088600158691406, 10.525799751281738, 10.309399604797363, 10.47920036315918, 10.65149974822998, 10.052900314331055, 10.285400390625, 9.951600074768066, 10.314900398254395, 10.412300109863281, 10.068699836730957, 10.34689998626709, 10.175299644470215, 11.176899909973145, 10.229599952697754, 9.652600288391113, 10.642800331115723, 10.629899978637695, 10.178500175476074, 9.952400207519531, 9.26159954071045, 10.270099639892578, 10.127699851989746, 10.123499870300293, 10.129400253295898, 10.083100318908691, 9.982600212097168, 10.523799896240234, 10.793899536132812, 9.763199806213379, 10.816300392150879, 11.250300407409668, 10.623800277709961, 10.3996000289917, 10.719499588012695, 10.531499862670898, 10.588899612426758, 10.365099906921387]"
