item_id,start,freq,target
T694,2015-02-08 00:00:00,W-SUN,"[8.412599563598633, 6.263000011444092, 7.3343000411987305, 5.537399768829346, 7.082300186157227, 7.120299816131592, 8.685500144958496, 4.93179988861084, 6.517199993133545, 6.887400150299072, 5.875800132751465, 7.259699821472168, 7.693900108337402, 8.037599563598633, 8.500800132751465, 8.263999938964844, 6.75439977645874, 9.124600410461426, 10.128000259399414, 11.9621000289917, 7.4166998863220215, 10.491000175476074, 7.677800178527832, 9.034899711608887, 10.23330020904541, 9.033599853515625, 8.098600387573242, 8.181500434875488, 5.962900161743164, 5.888000011444092, 8.14169979095459, 8.987500190734863, 6.604700088500977, 6.958499908447266, 7.401599884033203, 7.848100185394287, 8.091300010681152, 6.941800117492676, 8.683899879455566, 7.9670000076293945, 11.777799606323242, 7.241000175476074, 7.907800197601318, 9.641900062561035, 9.856900215148926, 5.9558000564575195, 5.448800086975098, 7.305500030517578, 8.423299789428711, 7.867800235748291, 8.14229965209961, 7.922599792480469, 7.062099933624268, 9.049599647521973, 8.37660026550293, 7.097300052642822, 7.140999794006348, 7.957600116729736, 8.16409969329834, 7.59660005569458, 5.406899929046631, 8.700799942016602, 7.697700023651123, 6.624199867248535, 6.442999839782715, 7.918000221252441, 6.564199924468994, 9.55720043182373, 8.241999626159668, 6.813000202178955, 8.020600318908691, 5.912700176239014, 8.228699684143066, 6.3404998779296875, 8.974499702453613, 7.36959981918335, 7.165599822998047, 7.813499927520752, 8.390800476074219, 7.64870023727417, 6.070499897003174, 7.023099899291992, 7.676499843597412, 8.693699836730957, 8.371000289916992, 7.80109977722168, 6.059100151062012, 6.052299976348877, 6.9355998039245605, 5.29580020904541]"
