item_id,start,freq,target
T638,2015-01-04 00:00:00,W-SUN,"[[6.524400234222412, 11.449399948120117, 9.863699913024902, 9.369799613952637, 9.96399974822998, 10.581000328063965, 9.855799674987793, 11.43280029296875, 9.923600196838379, 10.556400299072266, 10.638099670410156, 11.640700340270996, 10.935600280761719, 9.313300132751465, 8.808500289916992, 10.996299743652344, 13.480400085449219, 11.134599685668945, 11.416999816894531, 10.94379997253418, 10.13379955291748, 11.304200172424316, 10.883700370788574, 11.510000228881836, 11.04419994354248, 11.848699569702148, 9.311699867248535, 10.670299530029297, 10.55370044708252, 10.712499618530273, 10.685500144958496, 9.809599876403809, 11.316800117492676, 10.492400169372559, 11.03030014038086, 10.759200096130371, 11.172300338745117, 11.22350025177002, 10.712200164794922, 12.185999870300293, 10.972000122070312, 11.490699768066406, 11.032600402832031, 10.958000183105469, 10.110699653625488, 11.190899848937988, 11.243000030517578, 9.340100288391113, 10.744999885559082, 11.178000450134277, 11.508399963378906, 8.46500015258789, 9.009599685668945, 10.312700271606445, 10.284500122070312, 11.387299537658691, 11.141900062561035, 11.305299758911133, 10.381600379943848, 11.177300453186035, 10.593299865722656, 10.984199523925781, 9.640800476074219, 10.4798002243042, 10.64430046081543, 10.141599655151367, 11.1318998336792, 11.350299835205078, 10.968099594116211, 11.124500274658203, 10.992400169372559, 12.505000114440918, 10.88479995727539, 10.6875, 11.662199974060059, 11.291000366210938, 11.266500473022461, 10.68589973449707, 9.90149974822998, 11.348600387573242, 10.829899787902832, 10.7923002243042, 10.697600364685059, 10.668000221252441, 10.488699913024902, 11.454999923706055, 11.69909954071045, 10.679400444030762, 11.848400115966797, 12.68239974975586]]"
