item_id,start,freq,target
T675,2014-12-29,W-SUN,"[10.974200248718262, 13.262800216674805, 13.239100456237793, 10.492799758911133, 12.433500289916992, 13.027099609375, 12.821100234985352, 12.854599952697754, 12.208700180053711, 13.382499694824219, 12.314299583435059, 14.084199905395508, 15.302499771118164, 13.713000297546387, 13.546199798583984, 14.468999862670898, 13.15530014038086, 13.830499649047852, 15.369600296020508, 13.59179973602295, 12.884499549865723, 13.836199760437012, 14.60159969329834, 13.553600311279297, 14.518099784851074, 14.169899940490723, 12.144200325012207, 13.851099967956543, 13.912500381469727, 14.094400405883789, 14.668899536132812, 12.831000328063965, 14.356300354003906, 14.378100395202637, 13.540200233459473, 13.523300170898438, 14.692099571228027, 15.329000473022461, 14.228500366210938, 14.609700202941895, 14.510299682617188, 14.628199577331543, 14.231100082397461, 14.831600189208984, 14.272000312805176, 15.084400177001953, 14.5625, 12.202099800109863, 13.797200202941895, 14.859399795532227, 14.67590045928955, 10.36400032043457, 11.65470027923584, 13.770099639892578, 13.482799530029297, 13.770500183105469, 13.068099975585938, 14.757800102233887, 14.161600112915039, 14.699199676513672, 14.712900161743164, 13.766500473022461, 13.667699813842773, 14.001500129699707, 13.547800064086914, 13.67080020904541, 14.55109977722168, 14.284500122070312, 15.113200187683105, 14.780599594116211, 15.045700073242188, 14.810199737548828, 15.456899642944336, 15.5, 15.96090030670166, 14.673199653625488, 15.659700393676758, 15.537799835205078, 12.23009967803955, 15.148300170898438, 14.765000343322754, 13.056599617004395, 15.214799880981445, 15.351400375366211, 15.260899543762207, 15.271499633789062, 15.061800003051758, 13.64739990234375, 15.894700050354004, 17.003299713134766, 15.311200141906738, 16.053800582885742, 14.34630012512207, 15.763999938964844, 16.563400268554688, 14.521699905395508]"
