item_id,start,freq,target
T240,2014-12-29,W-SUN,"[7.438499927520752, 9.166199684143066, 5.68720006942749, 9.779000282287598, 9.98009967803955, 9.675000190734863, 9.782699584960938, 9.852499961853027, 8.980500221252441, 9.919899940490723, 10.032999992370605, 9.98900032043457, 10.572400093078613, 9.65880012512207, 10.087900161743164, 10.063899993896484, 10.042699813842773, 10.078200340270996, 10.0201997756958, 10.54419994354248, 9.527999877929688, 10.157299995422363, 10.11139965057373, 10.254500389099121, 10.611200332641602, 10.029999732971191, 9.6806001663208, 9.955499649047852, 10.130999565124512, 10.165900230407715, 10.54740047454834, 10.192000389099121, 10.077799797058105, 10.296199798583984, 10.878800392150879, 9.35890007019043, 10.219900131225586, 10.5246000289917, 10.350700378417969, 10.71780014038086, 10.18649959564209, 10.439900398254395, 10.411700248718262, 10.576000213623047, 10.264200210571289, 10.452099800109863, 10.937899589538574, 9.005399703979492, 10.402199745178223, 10.500699996948242, 10.680800437927246, 8.669500350952148, 8.412400245666504, 9.986900329589844, 9.923199653625488, 10.193900108337402, 10.690999984741211, 10.001999855041504, 10.555500030517578, 10.507499694824219, 10.380200386047363, 10.258899688720703, 10.760499954223633, 10.141799926757812, 10.792900085449219, 10.80370044708252, 10.318699836730957, 10.968799591064453, 10.88640022277832, 10.949799537658691, 10.795299530029297, 11.111200332641602, 10.769499778747559, 10.512999534606934, 11.139599800109863, 11.015299797058105, 12.222100257873535, 10.889399528503418, 10.111599922180176, 10.658499717712402, 11.625800132751465, 12.809100151062012, 12.61709976196289, 12.887499809265137, 12.887299537658691, 12.8503999710083, 13.027799606323242, 11.633299827575684, 13.257800102233887, 13.084799766540527, 13.63949966430664, 12.556500434875488, 12.962300300598145, 12.68019962310791, 12.564000129699707, 12.420000076293945]"
