item_id,start,freq,target
T86,2015-01-11 00:00:00,W-SUN,"[[5.705699920654297, 5.771699905395508, 6.37939977645874, 6.385499954223633, 5.6774001121521, 7.233699798583984, 6.975599765777588, 7.589000225067139, 7.854300022125244, 8.301300048828125, 8.154199600219727, 7.747300148010254, 8.32800006866455, 7.928699970245361, 7.9079999923706055, 7.842800140380859, 7.99370002746582, 7.844600200653076, 8.17650032043457, 7.553400039672852, 8.161700248718262, 7.709799766540527, 8.117300033569336, 7.7519001960754395, 7.317500114440918, 8.134900093078613, 8.031399726867676, 7.969299793243408, 8.325400352478027, 7.742000102996826, 9.289999961853027, 7.887499809265137, 7.555300235748291, 8.139200210571289, 8.265600204467773, 8.544899940490723, 8.041600227355957, 8.484800338745117, 8.330599784851074, 8.170700073242188, 8.145400047302246, 7.56220006942749, 7.537300109863281, 8.298100471496582, 8.479000091552734, 6.917300224304199, 7.509500026702881, 7.6016998291015625, 8.063199996948242, 6.798999786376953, 6.563499927520752, 7.982800006866455, 7.388800144195557, 7.777200222015381, 7.949100017547607, 7.843299865722656, 8.651900291442871, 8.832900047302246, 7.850200176239014, 8.191699981689453, 8.003100395202637, 8.097900390625, 7.267499923706055, 7.896900177001953, 6.272799968719482, 7.77269983291626, 8.744500160217285, 8.138199806213379, 7.792799949645996, 7.4191999435424805, 7.650599956512451, 8.319299697875977, 9.506400108337402, 7.099999904632568, 7.525300025939941, 7.157299995422363, 6.578800201416016, 7.248499870300293, 6.635799884796143, 6.055099964141846, 7.440499782562256, 7.039100170135498, 7.369900226593018, 6.898799896240234, 6.765600204467773, 6.320300102233887, 6.937099933624268, 7.717299938201904, 7.385700225830078, 6.207099914550781]]"
