item_id,start,freq,target
T109,2014-12-29,W-SUN,"[6.9191999435424805, 7.950300216674805, 5.773399829864502, 8.233400344848633, 9.05739974975586, 8.740099906921387, 9.018699645996094, 8.75469970703125, 8.660900115966797, 9.455400466918945, 9.451700210571289, 9.229599952697754, 9.353699684143066, 9.348799705505371, 9.176400184631348, 9.506799697875977, 8.994099617004395, 9.250900268554688, 9.004400253295898, 9.717700004577637, 8.662799835205078, 9.395299911499023, 9.698800086975098, 9.279000282287598, 9.199000358581543, 9.799200057983398, 8.649299621582031, 10.952699661254883, 9.945799827575684, 9.088000297546387, 9.752900123596191, 9.678299903869629, 10.395400047302246, 9.760600090026855, 9.751299858093262, 9.873700141906738, 10.115699768066406, 10.4266996383667, 10.196000099182129, 9.822699546813965, 9.456700325012207, 11.119099617004395, 10.613499641418457, 11.938699722290039, 9.827300071716309, 10.90820026397705, 9.618900299072266, 8.40429973602295, 9.512100219726562, 9.685199737548828, 11.82960033416748, 7.370800018310547, 7.619200229644775, 8.741499900817871, 8.987299919128418, 9.187000274658203, 9.374199867248535, 11.106399536132812, 10.043600082397461, 10.495200157165527, 9.370200157165527, 9.423600196838379, 8.960000038146973, 9.176799774169922, 9.644200325012207, 10.558799743652344, 9.583700180053711, 13.154600143432617, 10.197999954223633, 10.442999839782715, 10.984999656677246, 11.001500129699707, 11.627599716186523, 10.692700386047363, 11.840499877929688, 10.568099975585938, 11.155799865722656, 9.98840045928955, 9.072699546813965, 10.845600128173828, 13.645500183105469, 13.202500343322754, 14.51609992980957, 12.858599662780762, 12.743599891662598, 13.464099884033203, 14.892000198364258, 12.350899696350098, 14.267000198364258, 15.430399894714355, 14.843600273132324, 14.384400367736816, 14.393799781799316, 14.715100288391113, 12.607099533081055, 13.554200172424316]"
