item_id,start,freq,target
T117,2015-01-04 00:00:00,W-SUN,"[5.964099884033203, 8.952300071716309, 8.916799545288086, 8.392600059509277, 9.107500076293945, 8.782299995422363, 8.857600212097168, 9.08329963684082, 8.379400253295898, 8.275899887084961, 9.975899696350098, 9.622900009155273, 9.568499565124512, 8.810799598693848, 9.199299812316895, 9.737500190734863, 9.336700439453125, 9.57759952545166, 9.630599975585938, 9.797599792480469, 8.84119987487793, 9.025400161743164, 9.464799880981445, 9.874099731445312, 9.8725004196167, 9.660799980163574, 8.611000061035156, 9.787500381469727, 9.530900001525879, 9.394100189208984, 9.258199691772461, 9.581000328063965, 9.917499542236328, 10.363699913024902, 9.541000366210938, 9.222800254821777, 9.901800155639648, 10.163700103759766, 9.932100296020508, 9.899700164794922, 9.645500183105469, 9.682900428771973, 10.055500030517578, 10.128700256347656, 10.692700386047363, 10.156900405883789, 9.873800277709961, 8.492400169372559, 9.69629955291748, 10.097299575805664, 9.524299621582031, 7.494900226593018, 7.426499843597412, 8.874099731445312, 9.001299858093262, 9.244199752807617, 9.115300178527832, 9.196100234985352, 9.411999702453613, 9.17650032043457, 9.920599937438965, 8.98169994354248, 8.996999740600586, 10.043700218200684, 9.653900146484375, 9.508399963378906, 9.459600448608398, 10.290599822998047, 10.000800132751465, 10.737099647521973, 11.018400192260742, 10.870499610900879, 11.117300033569336, 10.181099891662598, 11.277899742126465, 10.956199645996094, 10.72760009765625, 11.106200218200684, 9.055500030517578, 10.519700050354004, 11.474699974060059, 10.729499816894531, 11.455499649047852, 11.770700454711914, 11.14739990234375, 12.17199993133545, 10.884900093078613, 10.462800025939941, 12.357399940490723, 11.520099639892578]"
