item_id,start,freq,target
T485,2014-12-29,W-SUN,"[6.922999858856201, 8.116000175476074, 7.432400226593018, 8.010199546813965, 8.079500198364258, 7.9953999519348145, 8.205499649047852, 8.221599578857422, 7.340400218963623, 8.387800216674805, 7.182199954986572, 8.102899551391602, 8.602899551391602, 8.141200065612793, 8.413599967956543, 8.548100471496582, 8.08489990234375, 8.505499839782715, 8.409700393676758, 8.328499794006348, 7.850900173187256, 8.6141996383667, 8.424599647521973, 8.630200386047363, 8.673800468444824, 8.47819995880127, 7.7743000984191895, 8.941100120544434, 8.515000343322754, 8.674200057983398, 8.154800415039062, 8.574799537658691, 8.486200332641602, 7.906300067901611, 8.407400131225586, 8.17609977722168, 8.348799705505371, 7.782199859619141, 8.34939956665039, 8.64799976348877, 8.57960033416748, 6.420100212097168, 8.464400291442871, 6.7144999504089355, 7.377699851989746, 8.418600082397461, 8.486900329589844, 7.593699932098389, 8.115500450134277, 8.47760009765625, 8.65779972076416, 7.091100215911865, 7.077600002288818, 8.116499900817871, 8.09469985961914, 7.679599761962891, 7.571199893951416, 8.25879955291748, 8.17080020904541, 8.368000030517578, 8.393099784851074, 7.772500038146973, 7.893599987030029, 7.860599994659424, 8.609000205993652, 8.412199974060059, 8.367600440979004, 8.744199752807617, 8.990799903869629, 8.45359992980957, 8.08180046081543, 8.708700180053711, 8.663700103759766, 8.266400337219238, 8.797900199890137, 8.660300254821777, 8.724699974060059, 8.857600212097168, 8.146499633789062, 8.744400024414062, 8.85830020904541, 8.115500450134277, 8.708700180053711, 8.786600112915039, 8.963500022888184, 8.759099960327148, 8.784000396728516, 7.975299835205078, 8.663200378417969, 8.920999526977539, 9.121600151062012, 8.728699684143066, 8.67020034790039, 7.838900089263916, 6.950200080871582, 8.03279972076416]"
