item_id,start,freq,target
T26,2015-02-01 00:00:00,W-SUN,"[7.700500011444092, 9.506600379943848, 11.79800033569336, 11.303600311279297, 12.524200439453125, 12.695199966430664, 12.807900428771973, 14.03339958190918, 12.598999977111816, 12.439299583435059, 13.181699752807617, 12.668999671936035, 13.011099815368652, 14.539999961853027, 12.48169994354248, 11.99470043182373, 12.44909954071045, 13.42080020904541, 12.524900436401367, 13.327899932861328, 12.977299690246582, 10.903599739074707, 12.502699851989746, 12.610799789428711, 12.81879997253418, 12.63029956817627, 12.565899848937988, 13.502799987792969, 13.058199882507324, 13.00469970703125, 12.456100463867188, 13.616999626159668, 14.058899879455566, 13.08590030670166, 13.52560043334961, 13.335800170898438, 13.319299697875977, 13.651000022888184, 13.690799713134766, 13.095499992370605, 14.10219955444336, 13.368499755859375, 11.063599586486816, 13.034700393676758, 13.610600471496582, 13.397000312805176, 9.238300323486328, 10.664999961853027, 12.663800239562988, 12.200200080871582, 12.873499870300293, 13.241700172424316, 13.816399574279785, 13.160699844360352, 13.51449966430664, 13.407400131225586, 11.757100105285645, 10.296899795532227, 11.659600257873535, 12.273900032043457, 12.04740047454834, 13.593600273132324, 14.534899711608887, 13.881699562072754, 13.464699745178223, 13.806400299072266, 13.53030014038086, 14.50979995727539, 14.067099571228027, 14.36769962310791, 13.439800262451172, 14.293899536132812, 14.035400390625, 11.17490005493164, 14.106300354003906, 13.329999923706055, 12.765999794006348, 14.173700332641602, 13.991999626159668, 13.84060001373291, 13.732600212097168, 13.718000411987305, 12.583700180053711, 14.29010009765625, 15.65939998626709, 14.029199600219727, 12.76360034942627, 13.664999961853027, 15.249500274658203, 15.972900390625]"
