item_id,start,freq,target
T346,2014-12-29,W-SUN,"[3.283600091934204, 3.7197999954223633, 4.883900165557861, 4.560999870300293, 5.100800037384033, 4.8144001960754395, 5.015100002288818, 5.043799877166748, 4.662499904632568, 5.284599781036377, 5.4481000900268555, 5.416399955749512, 5.656799793243408, 5.381999969482422, 5.380000114440918, 5.530099868774414, 5.446000099182129, 5.538700103759766, 5.5269999504089355, 5.4756999015808105, 5.331699848175049, 5.625800132751465, 5.601500034332275, 5.866399765014648, 5.8206000328063965, 5.783100128173828, 5.227499961853027, 5.887400150299072, 5.822400093078613, 5.965199947357178, 5.784200191497803, 5.725900173187256, 5.672100067138672, 5.64870023727417, 5.63670015335083, 5.187900066375732, 5.429200172424316, 5.44379997253418, 5.256899833679199, 5.358799934387207, 5.320000171661377, 5.309599876403809, 5.348599910736084, 5.093200206756592, 5.211999893188477, 5.217899799346924, 5.198599815368652, 4.529699802398682, 5.106200218200684, 5.135000228881836, 5.025300025939941, 3.8817999362945557, 4.015200138092041, 4.939300060272217, 4.795899868011475, 4.846099853515625, 5.023900032043457, 5.172999858856201, 5.0594000816345215, 5.166800022125244, 5.161099910736084, 3.9997000694274902, 4.816400051116943, 4.946800231933594, 5.584000110626221, 5.422800064086914, 5.2378997802734375, 5.5802998542785645, 5.375100135803223, 5.577499866485596, 5.395500183105469, 5.615600109100342, 5.555699825286865, 5.3831000328063965, 5.804100036621094, 5.786300182342529, 5.764100074768066, 5.761199951171875, 5.1844000816345215, 5.709000110626221, 5.820099830627441, 5.816999912261963, 5.570000171661377, 4.83519983291626, 5.075300216674805, 4.474699974060059, 3.6198999881744385, 2.975800037384033, 5.7067999839782715, 4.814000129699707, 6.552199840545654, 4.064899921417236, 5.948299884796143, 7.199100017547607, 6.957799911499023, 6.92110013961792]"
