item_id,start,freq,target
T587,2014-12-29,W-SUN,"[9.316100120544434, 10.133899688720703, 9.458399772644043, 9.649299621582031, 9.610099792480469, 10.464200019836426, 10.444199562072754, 11.31659984588623, 11.726200103759766, 12.423700332641602, 13.682900428771973, 13.275099754333496, 12.854100227355957, 10.882100105285645, 12.461299896240234, 12.623000144958496, 11.333800315856934, 13.030099868774414, 13.695699691772461, 12.308199882507324, 9.093199729919434, 13.566300392150879, 13.52180004119873, 13.218999862670898, 14.092399597167969, 14.993399620056152, 10.602100372314453, 14.408100128173828, 17.036100387573242, 14.698599815368652, 12.338899612426758, 11.559300422668457, 12.63700008392334, 14.048100471496582, 14.131799697875977, 12.334600448608398, 12.80090045928955, 13.635499954223633, 13.912400245666504, 14.637100219726562, 13.22249984741211, 14.840800285339355, 12.702199935913086, 14.504899978637695, 15.872300148010254, 17.51219940185547, 14.53219985961914, 10.979000091552734, 14.38290023803711, 16.06369972229004, 15.565199851989746, 6.707600116729736, 9.609000205993652, 14.08530044555664, 11.784299850463867, 13.910300254821777, 12.748800277709961, 12.802300453186035, 12.283300399780273, 11.687999725341797, 14.134699821472168, 14.57040023803711, 11.98270034790039, 13.581500053405762, 12.340399742126465, 12.614299774169922, 10.867199897766113, 13.119199752807617, 14.054699897766113, 13.014200210571289, 12.953900337219238, 13.432600021362305, 14.631799697875977, 12.284500122070312, 15.472200393676758, 13.514100074768066, 17.36949920654297, 13.503499984741211, 9.471400260925293, 13.617300033569336, 14.808799743652344, 14.170900344848633, 14.52929973602295, 12.21780014038086, 13.223099708557129, 11.232199668884277, 10.578200340270996, 9.773799896240234, 10.258899688720703, 10.437299728393555, 10.334400177001953, 10.302599906921387, 10.15839958190918, 10.204500198364258, 10.568900108337402, 10.211000442504883]"
