item_id,start,freq,target
T703,2015-02-01 00:00:00,W-SUN,"[4.9156999588012695, 5.079899787902832, 5.090000152587891, 4.632900238037109, 5.154099941253662, 5.229700088500977, 5.942699909210205, 5.38700008392334, 5.299300193786621, 5.31220006942749, 5.4421000480651855, 5.351500034332275, 5.334799766540527, 5.301400184631348, 5.2947001457214355, 5.102200031280518, 5.507900238037109, 5.391200065612793, 5.453800201416016, 5.545400142669678, 5.461100101470947, 4.9375, 5.050899982452393, 5.0858001708984375, 5.088399887084961, 5.129000186920166, 5.096099853515625, 5.029300212860107, 4.996099948883057, 4.871600151062012, 4.929599761962891, 5.746600151062012, 5.871200084686279, 5.573999881744385, 5.850599765777588, 5.108699798583984, 5.856900215148926, 5.631400108337402, 5.665900230407715, 5.938700199127197, 5.578999996185303, 5.773900032043457, 5.505199909210205, 5.628399848937988, 5.642300128936768, 5.601799964904785, 5.499100208282471, 5.245200157165527, 5.514100074768066, 5.497799873352051, 5.630899906158447, 5.322199821472168, 6.096700191497803, 5.598199844360352, 5.758699893951416, 5.205100059509277, 4.783100128173828, 4.955699920654297, 4.435100078582764, 4.906099796295166, 5.039299964904785, 5.118899822235107, 5.789299964904785, 4.936699867248535, 5.56279993057251, 5.349299907684326, 5.698800086975098, 5.809100151062012, 5.876200199127197, 5.733399868011475, 5.896900177001953, 5.794300079345703, 5.8867998123168945, 5.770199775695801, 5.760900020599365, 5.902200222015381, 5.493199825286865, 5.8618998527526855, 5.953800201416016, 5.568999767303467, 6.00439977645874, 5.083000183105469, 4.775300025939941, 4.755899906158447, 5.084700107574463, 5.191299915313721, 5.007400035858154, 5.093599796295166, 4.773499965667725, 5.1356000900268555]"
