item_id,start,freq,target
T111,2015-01-11 00:00:00,W-SUN,"[7.700500011444092, 7.700500011444092, 7.700500011444092, 7.700500011444092, 7.700500011444092, 7.700500011444092, 6.985899925231934, 7.702400207519531, 7.700500011444092, 7.700500011444092, 7.700500011444092, 7.700500011444092, 8.2701997756958, 7.700500011444092, 7.700500011444092, 9.189800262451172, 12.066499710083008, 12.37720012664795, 11.597200393676758, 13.030799865722656, 12.364399909973145, 12.199700355529785, 12.8951997756958, 12.727100372314453, 11.206600189208984, 12.462900161743164, 12.363200187683105, 11.615500450134277, 12.7253999710083, 12.636199951171875, 9.661600112915039, 12.336799621582031, 12.516599655151367, 11.044500350952148, 12.759499549865723, 12.758999824523926, 9.878899574279785, 14.57960033416748, 12.105799674987793, 12.07979965209961, 10.355199813842773, 10.161600112915039, 9.865599632263184, 9.961199760437012, 10.029800415039062, 9.626500129699707, 8.494099617004395, 8.572600364685059, 8.832500457763672, 7.098100185394287, 7.747499942779541, 8.114700317382812, 8.214099884033203, 9.386300086975098, 9.624799728393555, 9.223099708557129, 8.872200012207031, 8.187700271606445, 7.8755998611450195, 7.889800071716309, 7.979400157928467, 7.615699768066406, 8.083800315856934, 8.325599670410156, 8.134099960327148, 8.714900016784668, 8.13070011138916, 8.447400093078613, 8.272700309753418, 8.343700408935547, 8.404899597167969, 7.9475998878479, 9.09850025177002, 8.586199760437012, 8.5378999710083, 8.333800315856934, 7.646100044250488, 8.300000190734863, 8.567399978637695, 8.877300262451172, 8.828700065612793, 8.847000122070312, 8.673700332641602, 8.570099830627441, 8.62399959564209, 8.482099533081055, 8.26669979095459, 8.997200012207031, 8.312299728393555, 8.327899932861328]"
