item_id,start,freq,target
T395,2014-12-29,W-SUN,"[4.99370002746582, 8.112199783325195, 7.851799964904785, 7.173500061035156, 8.785400390625, 8.259400367736816, 7.7322998046875, 8.47070026397705, 8.275699615478516, 8.720999717712402, 8.251500129699707, 8.380499839782715, 8.618499755859375, 7.704100131988525, 9.490099906921387, 10.641900062561035, 8.667200088500977, 11.272199630737305, 12.24779987335205, 11.674599647521973, 7.993100166320801, 12.015999794006348, 12.703900337219238, 12.629799842834473, 12.470399856567383, 12.197199821472168, 10.593000411987305, 12.54699993133545, 12.588600158691406, 11.141799926757812, 11.80459976196289, 11.722700119018555, 11.313599586486816, 9.916199684143066, 8.726400375366211, 7.340400218963623, 8.250699996948242, 9.700900077819824, 8.98900032043457, 9.036100387573242, 8.597299575805664, 9.872200012207031, 9.597999572753906, 9.812800407409668, 9.657500267028809, 10.007599830627441, 8.364100456237793, 6.727099895477295, 8.228699684143066, 9.02970027923584, 6.590700149536133, 3.6958999633789062, 5.073999881744385, 8.387499809265137, 7.1666998863220215, 8.972700119018555, 7.936500072479248, 8.506099700927734, 8.21660041809082, 8.564599990844727, 9.777600288391113, 8.27239990234375, 8.002300262451172, 8.976300239562988, 7.376999855041504, 8.251299858093262, 7.831500053405762, 9.658499717712402, 8.831299781799316, 9.438400268554688, 9.2076997756958, 9.488499641418457, 9.58180046081543, 7.7316999435424805, 9.500499725341797, 9.33810043334961, 8.840399742126465, 8.49899959564209, 6.007400035858154, 8.302800178527832, 9.31029987335205, 8.618300437927246, 8.489100456237793, 8.424500465393066, 8.023200035095215, 8.617500305175781, 9.085800170898438, 7.163400173187256, 9.2701997756958, 9.112600326538086, 9.840900421142578, 8.381799697875977, 9.416199684143066, 9.33329963684082, 9.55519962310791, 8.56719970703125]"
