item_id,start,freq,target
T650,2014-12-29,W-SUN,"[6.215700149536133, 6.723299980163574, 6.6975998878479, 6.405600070953369, 6.509399890899658, 6.2957000732421875, 6.425000190734863, 6.552299976348877, 6.011300086975098, 6.655799865722656, 6.652400016784668, 6.806300163269043, 6.9274001121521, 6.641200065612793, 6.718699932098389, 6.749599933624268, 6.689199924468994, 6.785099983215332, 6.714700222015381, 6.723800182342529, 6.364500045776367, 6.843599796295166, 6.8470001220703125, 6.94189977645874, 7.0665998458862305, 7.1417999267578125, 6.435299873352051, 6.963399887084961, 10.847100257873535, 7.054999828338623, 7.088399887084961, 6.897200107574463, 6.858799934387207, 6.846799850463867, 6.593500137329102, 6.586299896240234, 6.864699840545654, 6.875899791717529, 6.688300132751465, 6.8119001388549805, 6.766200065612793, 6.893599987030029, 6.798099994659424, 6.526199817657471, 6.817299842834473, 6.60860013961792, 6.7652997970581055, 6.092400074005127, 6.621099948883057, 7.095900058746338, 7.144599914550781, 5.8856000900268555, 5.718599796295166, 6.46619987487793, 6.551599979400635, 6.416100025177002, 6.0503997802734375, 6.566299915313721, 6.521900177001953, 6.6992998123168945, 6.371500015258789, 4.985599994659424, 5.939799785614014, 6.26230001449585, 6.977700233459473, 6.763899803161621, 6.650599956512451, 6.884200096130371, 6.853899955749512, 6.7256999015808105, 6.992499828338623, 7.112299919128418, 7.207799911499023, 6.7835001945495605, 7.387800216674805, 7.360099792480469, 7.299600124359131, 7.327899932861328, 6.596099853515625, 7.188399791717529, 7.196800231933594, 7.395899772644043, 8.527299880981445, 7.802299976348877, 8.472800254821777, 7.502600193023682, 7.963900089263916, 7.187600135803223, 7.70959997177124, 8.185500144958496, 8.233499526977539, 7.8007001876831055, 7.950799942016602, 7.583099842071533, 7.747200012207031, 7.581299781799316]"
