item_id,start,freq,target
T347,2015-01-11 00:00:00,W-SUN,"[10.640899658203125, 10.674099922180176, 11.959799766540527, 10.950699806213379, 12.265299797058105, 13.611000061035156, 11.205100059509277, 11.58329963684082, 12.145000457763672, 12.11240005493164, 12.262900352478027, 11.685199737548828, 10.760700225830078, 12.286499977111816, 12.709799766540527, 12.855600357055664, 13.849699974060059, 12.904600143432617, 12.469200134277344, 13.01099967956543, 12.821100234985352, 13.636099815368652, 12.58329963684082, 12.612500190734863, 11.135299682617188, 11.95359992980957, 12.431099891662598, 11.844499588012695, 13.323200225830078, 12.3725004196167, 13.713700294494629, 13.639399528503418, 12.476099967956543, 11.227700233459473, 13.231200218200684, 13.514900207519531, 10.253899574279785, 13.536299705505371, 12.8125, 14.133399963378906, 13.205599784851074, 13.367600440979004, 13.369600296020508, 13.717399597167969, 13.937999725341797, 10.899200439453125, 12.800600051879883, 14.201299667358398, 14.5871000289917, 9.118900299072266, 9.071599960327148, 11.446599960327148, 12.157299995422363, 13.037099838256836, 12.42870044708252, 13.237799644470215, 12.647199630737305, 13.826299667358398, 11.91819953918457, 13.475700378417969, 13.464500427246094, 11.645700454711914, 12.486200332641602, 12.757100105285645, 13.594900131225586, 14.13599967956543, 13.382699966430664, 13.938799858093262, 14.181300163269043, 14.641500473022461, 13.119799613952637, 12.866000175476074, 13.078900337219238, 13.119999885559082, 12.334199905395508, 12.13129997253418, 10.636899948120117, 11.678600311279297, 12.519100189208984, 12.41409969329834, 12.728099822998047, 11.761500358581543, 12.20009994506836, 12.253299713134766, 12.015899658203125, 11.51360034942627, 12.451800346374512, 12.413000106811523, 14.371100425720215, 11.606900215148926]"
