item_id,start,freq,target
T38,2015-01-11 00:00:00,W-SUN,"[14.94540023803711, 13.517600059509277, 13.76990032196045, 14.319600105285645, 14.216300010681152, 13.6048002243042, 13.212200164794922, 15.857199668884277, 15.932100296020508, 15.78689956665039, 16.0310001373291, 15.938899993896484, 16.06410026550293, 16.159500122070312, 15.468099594116211, 16.51219940185547, 15.976699829101562, 16.33099937438965, 14.653800010681152, 11.924200057983398, 13.945599555969238, 13.326000213623047, 13.401599884033203, 13.649999618530273, 12.22599983215332, 13.599599838256836, 13.384200096130371, 12.509499549865723, 13.80840015411377, 13.464500427246094, 12.85319995880127, 13.45680046081543, 12.191900253295898, 14.84850025177002, 13.44279956817627, 13.717000007629395, 10.8725004196167, 12.838500022888184, 12.414400100708008, 13.96619987487793, 12.793100357055664, 14.54319953918457, 13.599200248718262, 13.458399772644043, 12.857500076293945, 11.899700164794922, 11.073599815368652, 12.05049991607666, 13.625300407409668, 9.500699996948242, 10.22439956665039, 11.332599639892578, 11.190500259399414, 11.490799903869629, 11.189800262451172, 12.299099922180176, 11.423399925231934, 11.998000144958496, 11.383500099182129, 11.122699737548828, 10.734299659729004, 11.711600303649902, 11.85319995880127, 12.333800315856934, 12.044500350952148, 14.36460018157959, 12.228500366210938, 12.699799537658691, 12.37440013885498, 12.709099769592285, 13.028599739074707, 12.190199851989746, 13.808099746704102, 12.886199951171875, 12.854900360107422, 12.433300018310547, 10.740599632263184, 12.381999969482422, 14.524900436401367, 12.431400299072266, 13.231300354003906, 13.899700164794922, 15.08180046081543, 13.151100158691406, 14.050600051879883, 11.784299850463867, 12.592599868774414, 13.621600151062012, 12.29580020904541, 12.835100173950195]"
