item_id,start,freq,target
T656,2014-12-29,W-SUN,"[6.100599765777588, 6.9994001388549805, 7.087800025939941, 7.268700122833252, 6.962600231170654, 8.452400207519531, 7.931300163269043, 7.286099910736084, 7.034599781036377, 7.337200164794922, 7.309599876403809, 7.5609002113342285, 7.693299770355225, 7.404200077056885, 7.696899890899658, 7.565700054168701, 7.897500038146973, 7.585000038146973, 7.495200157165527, 7.570899963378906, 7.229899883270264, 7.6666998863220215, 6.000199794769287, 6.424799919128418, 6.44789981842041, 6.48799991607666, 7.373300075531006, 7.974699974060059, 13.114500045776367, 8.084199905395508, 8.058300018310547, 7.807700157165527, 7.751299858093262, 7.6793999671936035, 7.592800140380859, 7.444499969482422, 7.63040018081665, 7.39300012588501, 7.798299789428711, 7.617300033569336, 7.595099925994873, 7.616600036621094, 7.531099796295166, 7.267600059509277, 7.552999973297119, 8.236800193786621, 7.521399974822998, 6.803599834442139, 7.70989990234375, 7.520199775695801, 8.77970027923584, 6.668300151824951, 6.649400234222412, 9.091099739074707, 9.004199981689453, 8.752099990844727, 8.07390022277832, 7.1803998947143555, 7.959400177001953, 8.450200080871582, 7.991099834442139, 6.300899982452393, 8.725099563598633, 7.3445000648498535, 8.423800468444824, 7.821400165557861, 9.580499649047852, 7.945400238037109, 7.534599781036377, 7.195700168609619, 8.23069953918457, 7.3053998947143555, 7.480199813842773, 7.436600208282471, 8.254799842834473, 8.345000267028809, 8.417699813842773, 8.327400207519531, 7.5482001304626465, 8.228500366210938, 8.245599746704102, 7.633999824523926, 8.191100120544434, 8.639800071716309, 8.15999984741211, 7.963900089263916, 8.226799964904785, 7.677000045776367, 8.411600112915039, 8.25629997253418, 8.364500045776367, 8.429699897766113, 8.550100326538086, 8.808699607849121, 7.5903000831604, 7.314599990844727]"
