item_id,start,freq,target
T165,2015-02-01 00:00:00,W-SUN,"[9.150699615478516, 9.150699615478516, 9.150699615478516, 8.659099578857422, 11.566300392150879, 12.547499656677246, 11.521100044250488, 10.995499610900879, 11.02750015258789, 11.328900337219238, 11.515399932861328, 11.026000022888184, 11.39210033416748, 11.733200073242188, 11.625800132751465, 10.906399726867676, 11.602800369262695, 11.544899940490723, 11.284700393676758, 11.240099906921387, 11.421699523925781, 10.532299995422363, 11.953300476074219, 11.15250015258789, 10.931900024414062, 11.663999557495117, 11.024900436401367, 10.212499618530273, 11.796199798583984, 11.935700416564941, 11.139800071716309, 13.14490032196045, 12.42549991607666, 10.38129997253418, 11.645899772644043, 11.853599548339844, 11.902000427246094, 12.492799758911133, 12.343099594116211, 12.059300422668457, 12.306599617004395, 11.99489974975586, 10.590900421142578, 11.02299976348877, 15.15060043334961, 13.338500022888184, 11.2076997756958, 11.887900352478027, 13.34000015258789, 14.269700050354004, 14.65779972076416, 15.597999572753906, 15.916399955749512, 16.534299850463867, 16.345600128173828, 16.608200073242188, 16.771400451660156, 16.912900924682617, 14.859700202941895, 15.527799606323242, 16.727699279785156, 16.02549934387207, 16.19969940185547, 16.15019989013672, 16.709299087524414, 15.204899787902832, 16.190500259399414, 16.776100158691406, 16.4335994720459, 16.495399475097656, 16.59440040588379, 17.428300857543945, 16.825000762939453, 14.894599914550781, 15.935400009155273, 16.4685001373291, 16.65019989013672, 15.77910041809082, 18.35420036315918, 16.62220001220703, 17.96310043334961, 17.12579917907715, 16.505399703979492, 17.055599212646484, 17.70039939880371, 19.0841007232666, 17.390899658203125, 17.184099197387695, 16.563400268554688, 18.390499114990234]"
