item_id,start,freq,target
T717,2014-12-29,W-SUN,"[2.6322999000549316, 3.4065001010894775, 2.3891000747680664, 3.2890000343322754, 3.6419999599456787, 3.5011000633239746, 3.4686999320983887, 3.6045000553131104, 3.1886000633239746, 3.921099901199341, 3.982300043106079, 4.103799819946289, 4.132699966430664, 3.931299924850464, 4.211400032043457, 4.16949987411499, 4.227799892425537, 4.010700225830078, 4.241600036621094, 4.0914998054504395, 4.136899948120117, 4.0619001388549805, 4.312600135803223, 4.196899890899658, 4.444900035858154, 4.257800102233887, 4.312699794769287, 4.612199783325195, 4.712100028991699, 4.764100074768066, 5.514900207519531, 4.59630012512207, 4.85099983215332, 4.594699859619141, 4.447999954223633, 4.640999794006348, 4.635700225830078, 4.676599979400635, 4.530200004577637, 4.428400039672852, 3.359600067138672, 4.5858001708984375, 4.247300148010254, 4.395999908447266, 4.368299961090088, 4.509200096130371, 4.741099834442139, 4.048299789428711, 4.155099868774414, 4.156499862670898, 4.485199928283691, 3.571199893951416, 3.4237000942230225, 3.8680999279022217, 3.7699999809265137, 3.935499906539917, 3.914400100708008, 3.8994998931884766, 3.9093000888824463, 3.8436999320983887, 4.155200004577637, 3.746299982070923, 3.9086999893188477, 4.070700168609619, 4.288400173187256, 4.125100135803223, 4.492700099945068, 4.564799785614014, 4.313899993896484, 4.276199817657471, 4.258900165557861, 4.353099822998047, 4.3850998878479, 4.375100135803223, 4.626200199127197, 4.668099880218506, 4.822400093078613, 4.719200134277344, 4.240600109100342, 4.462299823760986, 4.637599945068359, 4.635200023651123, 4.8028998374938965, 4.656400203704834, 4.705100059509277, 4.5346999168396, 4.500800132751465, 4.321800231933594, 4.436100006103516, 4.3871002197265625, 4.642199993133545, 4.139100074768066, 4.214600086212158, 3.7929000854492188, 3.9147000312805176, 3.7019999027252197]"
