item_id,start,freq,target
T639,2014-12-29,W-SUN,"[7.522200107574463, 9.684300422668457, 7.639999866485596, 9.09939956665039, 9.65369987487793, 9.711700439453125, 9.07800006866455, 10.073699951171875, 8.755000114440918, 10.736800193786621, 10.269800186157227, 10.155400276184082, 10.607999801635742, 9.215800285339355, 10.380399703979492, 10.199600219726562, 10.03030014038086, 9.787400245666504, 9.925800323486328, 10.01360034942627, 9.351400375366211, 10.318099975585938, 10.190600395202637, 10.249699592590332, 10.307499885559082, 10.534500122070312, 9.864399909973145, 10.176300048828125, 10.753800392150879, 10.322099685668945, 10.390899658203125, 10.38070011138916, 15.984299659729004, 11.195199966430664, 11.115799903869629, 10.677499771118164, 11.063599586486816, 11.09469985961914, 10.951399803161621, 11.383099555969238, 10.455100059509277, 11.122599601745605, 11.339699745178223, 10.784199714660645, 10.00879955291748, 10.907400131225586, 11.175000190734863, 9.090999603271484, 11.408300399780273, 10.723400115966797, 13.945699691772461, 9.272500038146973, 9.280699729919434, 10.558600425720215, 9.932600021362305, 10.4266996383667, 10.580499649047852, 10.746299743652344, 12.359299659729004, 15.20989990234375, 10.777199745178223, 10.673700332641602, 10.536800384521484, 13.560700416564941, 12.276000022888184, 10.8149995803833, 10.54580020904541, 10.848799705505371, 10.424500465393066, 10.76449966430664, 11.42590045928955, 11.522000312805176, 11.26099967956543, 11.05150032043457, 11.488900184631348, 11.401100158691406, 11.696200370788574, 11.593400001525879, 11.018600463867188, 11.722599983215332, 11.379500389099121, 10.730500221252441, 11.376199722290039, 10.809599876403809, 9.747099876403809, 9.882499694824219, 10.752799987792969, 7.296299934387207, 10.767000198364258, 13.343999862670898, 12.765199661254883, 11.914299964904785, 10.643899917602539, 9.84220027923584, 9.458700180053711, 9.729599952697754]"
