item_id,start,freq,target
T98,2015-02-08 00:00:00,W-SUN,"[[8.308600425720215, 8.981399536132812, 9.094400405883789, 9.249799728393555, 8.142999649047852, 9.043299674987793, 8.311400413513184, 7.307499885559082, 9.222399711608887, 9.634499549865723, 8.976099967956543, 9.861700057983398, 9.390399932861328, 10.076399803161621, 8.501899719238281, 8.986100196838379, 9.134499549865723, 9.338899612426758, 8.474699974060059, 7.432000160217285, 6.668399810791016, 8.171899795532227, 9.080699920654297, 5.7241997718811035, 6.995699882507324, 8.731800079345703, 8.898799896240234, 9.77560043334961, 9.099599838256836, 8.186200141906738, 8.458900451660156, 10.828399658203125, 9.332099914550781, 9.31089973449707, 8.902400016784668, 11.065500259399414, 10.189599990844727, 10.283100128173828, 9.737099647521973, 10.772100448608398, 9.824199676513672, 7.27869987487793, 8.998800277709961, 9.144100189208984, 7.092899799346924, 3.678800106048584, 4.801700115203857, 9.199000358581543, 7.194799900054932, 9.664400100708008, 8.452899932861328, 9.053199768066406, 8.467700004577637, 8.913000106811523, 10.18910026550293, 7.951300144195557, 7.019800186157227, 9.477399826049805, 8.239399909973145, 8.684000015258789, 8.337599754333496, 9.86050033569336, 9.675999641418457, 10.025099754333496, 10.09469985961914, 9.868599891662598, 10.32800006866455, 8.583700180053711, 9.786299705505371, 10.331299781799316, 9.149200439453125, 8.71150016784668, 6.093299865722656, 8.814299583435059, 10.25409984588623, 8.509599685668945, 8.72249984741211, 7.0584001541137695, 7.10890007019043, 9.628700256347656, 10.064200401306152, 8.998800277709961, 10.097800254821777, 10.153400421142578, 11.319000244140625, 9.776900291442871, 10.293499946594238, 9.634699821472168, 10.983699798583984, 8.914400100708008]]"
