item_id,start,freq,target
T833,2015-01-18 00:00:00,W-SUN,"[6.436399936676025, 7.741300106048584, 7.623899936676025, 5.607999801635742, 6.599899768829346, 5.741000175476074, 7.700500011444092, 7.834799766540527, 7.904699802398682, 7.975599765777588, 7.357699871063232, 7.720099925994873, 7.8649001121521, 5.527699947357178, 7.793900012969971, 7.9293999671936035, 7.9197998046875, 7.741199970245361, 8.040499687194824, 8.247400283813477, 8.145999908447266, 8.270500183105469, 8.196800231933594, 8.114399909973145, 8.195300102233887, 8.267499923706055, 7.723499774932861, 8.55270004272461, 8.268899917602539, 7.5046000480651855, 8.249799728393555, 7.276199817657471, 7.994699954986572, 8.210599899291992, 8.457900047302246, 5.623199939727783, 8.388699531555176, 7.731299877166748, 8.418499946594238, 8.286999702453613, 7.97790002822876, 7.810999870300293, 7.7221999168396, 8.84469985961914, 7.735099792480469, 5.6894001960754395, 7.832699775695801, 7.780799865722656, 7.612100124359131, 7.309899806976318, 7.664000034332275, 7.469099998474121, 7.063600063323975, 7.234600067138672, 7.985300064086914, 5.9822001457214355, 8.267399787902832, 6.800300121307373, 7.008699893951416, 7.025599956512451, 7.338900089263916, 8.076299667358398, 8.017600059509277, 7.919400215148926, 7.71589994430542, 7.974699974060059, 7.832799911499023, 8.0802001953125, 8.253899574279785, 8.215999603271484, 8.213700294494629, 8.3125, 8.393600463867188, 8.433799743652344, 8.608499526977539, 8.133700370788574, 8.460000038146973, 8.586000442504883, 7.716700077056885, 8.375499725341797, 8.674599647521973, 8.578200340270996, 9.120499610900879, 8.003199577331543, 7.870299816131592, 7.786099910736084, 8.275199890136719, 8.204299926757812, 8.292099952697754, 8.266400337219238]"
