item_id,start,freq,target
T463,2014-12-29,W-SUN,"[4.548799991607666, 5.096399784088135, 4.146900177001953, 5.079699993133545, 5.007699966430664, 4.954999923706055, 4.875800132751465, 5.1072998046875, 4.6346001625061035, 5.2153000831604, 5.478799819946289, 5.282199859619141, 5.241000175476074, 4.9654998779296875, 5.071400165557861, 5.380199909210205, 5.011600017547607, 4.98330020904541, 4.94980001449585, 4.919600009918213, 4.788099765777588, 5.1356000900268555, 5.252399921417236, 5.09689998626709, 5.051700115203857, 5.120299816131592, 4.769999980926514, 5.173999786376953, 4.997099876403809, 4.973100185394287, 5.165299892425537, 5.148099899291992, 4.997600078582764, 5.173900127410889, 5.069399833679199, 5.152699947357178, 5.410699844360352, 5.430099964141846, 5.275199890136719, 5.45359992980957, 5.179800033569336, 5.280099868774414, 5.359499931335449, 5.357600212097168, 5.188899993896484, 5.321700096130371, 5.061500072479248, 4.641300201416016, 5.082099914550781, 5.290900230407715, 5.078100204467773, 4.297699928283691, 4.6041998863220215, 4.981299877166748, 4.958199977874756, 5.099699974060059, 5.210400104522705, 5.294600009918213, 5.1402997970581055, 5.242400169372559, 5.350500106811523, 4.638899803161621, 4.791800022125244, 5.228799819946289, 5.224100112915039, 5.135799884796143, 5.268099784851074, 5.4670000076293945, 5.497200012207031, 5.526199817657471, 5.5370001792907715, 5.624100208282471, 5.517199993133545, 5.275300025939941, 5.50029993057251, 5.435999870300293, 5.3302998542785645, 5.268199920654297, 5.107800006866455, 5.346199989318848, 5.262700080871582, 5.392499923706055, 5.43149995803833, 5.364799976348877, 5.264400005340576, 5.614099979400635, 5.588799953460693, 5.349800109863281, 5.675600051879883, 5.770400047302246, 5.815999984741211, 4.525199890136719, 5.586699962615967, 5.714600086212158, 5.716100215911865, 5.252200126647949]"
