item_id,start,freq,target
T75,2014-12-29,W-SUN,"[3.2618000507354736, 4.1219000816345215, 3.8280999660491943, 4.343200206756592, 4.077000141143799, 4.293499946594238, 4.3165998458862305, 4.457300186157227, 4.074999809265137, 4.159999847412109, 3.983299970626831, 3.856300115585327, 3.7571001052856445, 3.4560999870300293, 4.594299793243408, 3.8678998947143555, 3.6013998985290527, 4.184000015258789, 4.449900150299072, 3.852799892425537, 3.605299949645996, 4.076200008392334, 4.371099948883057, 3.9330999851226807, 4.086900234222412, 4.100200176239014, 3.2000999450683594, 4.348999977111816, 4.0030999183654785, 4.396500110626221, 4.286600112915039, 3.856300115585327, 3.9574999809265137, 4.06689977645874, 4.297800064086914, 4.295899868011475, 5.092199802398682, 4.666100025177002, 4.896900177001953, 4.635000228881836, 4.489200115203857, 4.470200061798096, 4.821199893951416, 4.627699851989746, 4.11959981918335, 4.5320000648498535, 3.7704999446868896, 3.350600004196167, 4.191699981689453, 3.9946999549865723, 3.598099946975708, 2.2609000205993652, 3.243499994277954, 3.80649995803833, 3.4971001148223877, 4.859899997711182, 6.137700080871582, 5.86959981918335, 6.216400146484375, 4.062300205230713, 4.6072001457214355, 4.007500171661377, 3.7713000774383545, 3.7370998859405518, 3.800600051879883, 3.5785999298095703, 3.8141000270843506, 4.104899883270264, 4.498899936676025, 4.0914998054504395, 4.190199851989746, 4.668700218200684, 4.380099773406982, 3.734999895095825, 3.7444000244140625, 3.9644999504089355, 4.355299949645996, 4.907700061798096, 2.9022998809814453, 4.408699989318848, 4.337200164794922, 4.521999835968018, 5.386899948120117, 5.301700115203857, 5.36460018157959, 6.031400203704834, 6.1392998695373535, 5.628600120544434, 6.970200061798096, 6.630300045013428, 7.485300064086914, 6.371300220489502, 7.941199779510498, 6.101099967956543, 6.038000106811523, 6.094099998474121]"
