item_id,start,freq,target
T598,2014-12-29,W-SUN,"[7.631700038909912, 8.69629955291748, 6.498300075531006, 8.508600234985352, 9.103099822998047, 9.019399642944336, 8.988800048828125, 9.326600074768066, 8.473999977111816, 10.969099998474121, 12.451800346374512, 10.376500129699707, 8.782600402832031, 9.883099555969238, 10.598899841308594, 10.66450023651123, 9.51449966430664, 9.977999687194824, 9.76830005645752, 9.846400260925293, 9.505000114440918, 9.929100036621094, 10.127300262451172, 10.623800277709961, 10.498499870300293, 10.180800437927246, 9.302499771118164, 9.89229965209961, 12.070300102233887, 10.655200004577637, 10.783900260925293, 10.145299911499023, 11.645500183105469, 10.383899688720703, 10.18649959564209, 10.293999671936035, 10.813199996948242, 13.710700035095215, 10.302499771118164, 10.583700180053711, 9.222599983215332, 9.947699546813965, 9.877599716186523, 9.510100364685059, 9.362899780273438, 9.819000244140625, 9.679699897766113, 8.619500160217285, 9.759300231933594, 10.382399559020996, 11.501700401306152, 7.746200084686279, 7.801700115203857, 9.288800239562988, 9.409600257873535, 9.540499687194824, 9.59119987487793, 10.025500297546387, 9.986200332641602, 10.577500343322754, 9.413999557495117, 9.584099769592285, 10.102999687194824, 10.673500061035156, 10.70479965209961, 10.15530014038086, 9.602499961853027, 10.259099960327148, 10.406599998474121, 11.977299690246582, 11.145400047302246, 11.533599853515625, 11.811100006103516, 10.094400405883789, 11.85420036315918, 11.77180004119873, 11.79419994354248, 11.742600440979004, 9.82509994506836, 11.621100425720215, 11.784700393676758, 11.808799743652344, 11.357199668884277, 11.215900421142578, 11.333600044250488, 10.87660026550293, 11.085100173950195, 9.555000305175781, 10.957799911499023, 10.788700103759766, 10.606300354003906, 10.71969985961914, 10.474200248718262, 10.479299545288086, 10.14680004119873, 9.937800407409668]"
