item_id,start,freq,target
T580,2015-01-25 00:00:00,W-SUN,"[8.434000015258789, 8.231499671936035, 6.203000068664551, 7.595799922943115, 6.581999778747559, 9.03380012512207, 8.932700157165527, 9.042400360107422, 8.65310001373291, 9.076800346374512, 4.203800201416016, 3.889899969100952, 6.215400218963623, 4.546599864959717, 7.493599891662598, 7.469099998474121, 7.918700218200684, 7.911600112915039, 7.679599761962891, 8.037400245666504, 8.220800399780273, 8.200300216674805, 8.322600364685059, 7.027299880981445, 7.916500091552734, 7.816699981689453, 9.720800399780273, 9.700200080871582, 9.07859992980957, 8.129199981689453, 7.982100009918213, 8.351200103759766, 8.033300399780273, 8.321700096130371, 7.964000225067139, 7.873499870300293, 8.048700332641602, 7.920000076293945, 8.011099815368652, 7.166999816894531, 7.515399932861328, 6.507800102233887, 7.376999855041504, 7.20550012588501, 6.978499889373779, 5.0625, 3.889899969100952, 8.237299919128418, 7.378300189971924, 7.77209997177124, 6.809500217437744, 8.724100112915039, 9.539999961853027, 9.159199714660645, 6.7347002029418945, 7.039000034332275, 7.727700233459473, 8.14840030670166, 8.308600425720215, 6.968699932098389, 9.19849967956543, 7.987599849700928, 8.046199798583984, 8.010700225830078, 8.238800048828125, 7.798900127410889, 8.303400039672852, 8.454500198364258, 8.326399803161621, 9.48330020904541, 8.250800132751465, 9.374199867248535, 8.634400367736816, 8.812000274658203, 9.404500007629395, 9.191499710083008, 9.645700454711914, 8.457200050354004, 9.126199722290039, 7.383600234985352, 8.686599731445312, 8.579299926757812, 8.569499969482422, 8.896900177001953, 8.104700088500977, 8.934200286865234, 8.100899696350098, 8.020500183105469, 8.038599967956543, 7.431300163269043]"
