item_id,start,freq,target
T679,2014-12-29,W-SUN,"[9.150699615478516, 9.150699615478516, 9.150699615478516, 9.150699615478516, 9.150699615478516, 9.150699615478516, 9.150699615478516, 9.150699615478516, 8.301799774169922, 9.153599739074707, 9.150699615478516, 9.150699615478516, 9.150699615478516, 9.150699615478516, 9.486499786376953, 9.150699615478516, 9.150699615478516, 9.150699615478516, 9.150699615478516, 9.150699615478516, 9.150699615478516, 9.150699615478516, 9.150699615478516, 9.150699615478516, 9.150699615478516, 9.150699615478516, 9.150699615478516, 9.150699615478516, 9.150699615478516, 9.150699615478516, 9.150699615478516, 9.150699615478516, 9.150699615478516, 9.150699615478516, 9.150699615478516, 9.150699615478516, 9.150699615478516, 9.150699615478516, 9.150699615478516, 9.150699615478516, 9.150699615478516, 9.150699615478516, 9.150699615478516, 9.13539981842041, 9.150699615478516, 9.757399559020996, 9.66469955444336, 7.965799808502197, 8.886699676513672, 8.877699851989746, 9.858599662780762, 6.721499919891357, 6.758600234985352, 8.199700355529785, 8.103599548339844, 8.407099723815918, 8.110699653625488, 7.729000091552734, 8.21500015258789, 7.72629976272583, 7.1743998527526855, 8.341099739074707, 8.489299774169922, 8.631199836730957, 8.503499984741211, 9.109399795532227, 8.770000457763672, 9.885000228881836, 8.703100204467773, 9.251799583435059, 8.57289981842041, 9.067999839782715, 9.337499618530273, 8.71780014038086, 10.225700378417969, 9.413100242614746, 9.342100143432617, 9.006799697875977, 8.05090045928955, 9.002099990844727, 8.823599815368652, 9.970399856567383, 10.354599952697754, 10.440899848937988, 10.231499671936035, 9.379199981689453, 9.453100204467773, 9.222800254821777, 8.822799682617188, 10.101499557495117, 8.905599594116211, 9.236300468444824, 9.27750015258789, 9.165599822998047, 8.87660026550293, 9.082500457763672]"
