item_id,start,freq,target
T195,2015-01-25 00:00:00,W-SUN,"[[8.126799583435059, 8.243499755859375, 6.709499835968018, 11.194999694824219, 10.276800155639648, 11.762700080871582, 11.440500259399414, 12.097700119018555, 12.496500015258789, 11.06149959564209, 12.243800163269043, 11.838399887084961, 12.214799880981445, 12.003800392150879, 13.08899974822998, 11.807700157165527, 11.55210018157959, 12.307999610900879, 12.37279987335205, 12.838199615478516, 12.405400276184082, 13.129799842834473, 10.752900123596191, 12.815500259399414, 13.119099617004395, 13.026100158691406, 12.307499885559082, 12.584600448608398, 13.196700096130371, 13.11709976196289, 12.535099983215332, 11.683799743652344, 12.553099632263184, 13.190500259399414, 12.629400253295898, 12.54889965057373, 12.756500244140625, 13.142200469970703, 13.004899978637695, 12.364100456237793, 12.922499656677246, 12.99839973449707, 12.640199661254883, 10.945699691772461, 12.559800148010254, 13.157500267028809, 13.574799537658691, 9.152899742126465, 9.914299964904785, 12.198100090026855, 12.432100296020508, 12.14050006866455, 12.883700370788574, 12.65410041809082, 12.723699569702148, 13.473099708557129, 12.758099555969238, 12.960599899291992, 12.854299545288086, 12.478599548339844, 13.041799545288086, 12.378399848937988, 12.222800254821777, 11.807600021362305, 13.642399787902832, 10.475700378417969, 12.588199615478516, 12.796500205993652, 12.87090015411377, 12.31410026550293, 13.175100326538086, 13.499899864196777, 13.167200088500977, 14.139399528503418, 11.583999633789062, 13.90149974822998, 14.238699913024902, 13.645299911499023, 13.57289981842041, 13.713299751281738, 13.314200401306152, 13.366499900817871, 12.948699951171875, 12.08530044555664, 12.949600219726562, 12.917900085449219, 12.775899887084961, 12.143600463867188, 11.226799964904785, 12.843899726867676]]"
