item_id,start,freq,target
T379,2015-01-18 00:00:00,W-SUN,"[8.585800170898438, 9.390700340270996, 8.825599670410156, 8.162500381469727, 8.582599639892578, 7.704599857330322, 9.111200332641602, 9.080100059509277, 9.590100288391113, 8.892399787902832, 8.707900047302246, 8.714099884033203, 8.890000343322754, 9.24489974975586, 9.10770034790039, 9.062199592590332, 9.076199531555176, 8.728300094604492, 8.879400253295898, 9.468799591064453, 8.628399848937988, 9.015000343322754, 9.54319953918457, 8.553199768066406, 8.787099838256836, 8.99530029296875, 8.783900260925293, 9.082200050354004, 8.946499824523926, 8.116900444030762, 9.763699531555176, 9.802800178527832, 9.148300170898438, 9.950799942016602, 9.91100025177002, 8.69159984588623, 9.749500274658203, 9.41670036315918, 9.490400314331055, 9.84160041809082, 10.038000106811523, 8.991100311279297, 9.347800254821777, 9.27079963684082, 8.68809986114502, 8.46619987487793, 9.473299980163574, 8.560500144958496, 7.521500110626221, 8.547900199890137, 8.97920036315918, 8.97130012512207, 9.115799903869629, 9.227399826049805, 9.139900207519531, 8.5201997756958, 8.594599723815918, 9.456299781799316, 9.540800094604492, 8.435700416564941, 8.27180004119873, 8.98009967803955, 8.873800277709961, 8.504899978637695, 8.692399978637695, 9.256600379943848, 9.694499969482422, 10.026599884033203, 10.024499893188477, 9.755499839782715, 9.04069995880127, 9.836199760437012, 9.137200355529785, 9.04259967803955, 9.136099815368652, 8.179300308227539, 9.440099716186523, 8.822600364685059, 8.49839973449707, 8.345800399780273, 8.366700172424316, 9.282400131225586, 9.806599617004395, 10.202099800109863, 8.973799705505371, 10.211099624633789, 10.34160041809082, 10.519800186157227, 9.890199661254883, 9.44540023803711]"
