item_id,start,freq,target
T13,2015-01-11 00:00:00,W-SUN,"[10.281999588012695, 9.6983003616333, 9.932499885559082, 11.269800186157227, 11.06470012664795, 10.561800003051758, 9.863699913024902, 11.019100189208984, 10.965200424194336, 11.69729995727539, 10.330300331115723, 9.990799903869629, 11.103599548339844, 12.670900344848633, 10.982999801635742, 11.998900413513184, 11.205599784851074, 11.48449993133545, 10.136099815368652, 12.208499908447266, 10.791299819946289, 10.089400291442871, 11.214099884033203, 10.228099822998047, 8.868599891662598, 10.88479995727539, 9.965900421142578, 11.043700218200684, 9.878600120544434, 10.904199600219727, 10.282699584960938, 10.424699783325195, 9.039999961853027, 9.680299758911133, 12.503999710083008, 11.935400009155273, 9.161100387573242, 7.822199821472168, 8.960399627685547, 9.346599578857422, 12.879400253295898, 12.042200088500977, 12.842700004577637, 13.041399955749512, 11.41469955444336, 9.477800369262695, 12.22249984741211, 13.848799705505371, 12.065899848937988, 8.03030014038086, 9.35949993133545, 12.149800300598145, 11.874799728393555, 10.317700386047363, 9.498000144958496, 11.832200050354004, 10.475199699401855, 10.978899955749512, 8.79640007019043, 8.262999534606934, 8.316800117492676, 7.762899875640869, 7.337299823760986, 9.2878999710083, 11.809800148010254, 12.182600021362305, 11.484199523925781, 11.348999977111816, 11.770000457763672, 10.880800247192383, 12.671799659729004, 9.491700172424316, 11.069999694824219, 10.92870044708252, 10.943900108337402, 11.633000373840332, 10.1806001663208, 11.260700225830078, 10.389800071716309, 10.12440013885498, 10.045000076293945, 10.144100189208984, 10.487700462341309, 10.888099670410156, 11.01729965209961, 11.067399978637695, 12.088000297546387, 13.250399589538574, 14.995200157165527, 14.368000030517578]"
