item_id,start,freq,target
T669,2015-01-18 00:00:00,W-SUN,"[6.0802001953125, 5.549900054931641, 4.909800052642822, 4.756999969482422, 5.161200046539307, 4.5518999099731445, 5.048799991607666, 5.257299900054932, 5.344200134277344, 5.012899875640869, 5.400599956512451, 5.451200008392334, 5.501100063323975, 6.186299800872803, 5.481800079345703, 5.364500045776367, 5.5208001136779785, 5.783400058746338, 5.811299800872803, 6.168399810791016, 6.021299839019775, 6.315700054168701, 6.34660005569458, 5.580999851226807, 6.102099895477295, 6.213399887084961, 6.030600070953369, 6.240499973297119, 5.868800163269043, 5.982399940490723, 5.967700004577637, 5.120200157165527, 5.933499813079834, 5.9096999168396, 6.238900184631348, 5.784900188446045, 5.805699825286865, 5.782800197601318, 6.134099960327148, 5.719600200653076, 5.3668999671936035, 6.094600200653076, 6.292099952697754, 5.571199893951416, 5.111800193786621, 5.41540002822876, 5.094600200653076, 6.3231000900268555, 4.864999771118164, 4.915999889373779, 4.9934000968933105, 4.891900062561035, 5.3454999923706055, 4.855899810791016, 5.484600067138672, 5.245800018310547, 5.79040002822876, 4.8246002197265625, 4.216400146484375, 3.3106000423431396, 4.3649001121521, 5.615499973297119, 4.467299938201904, 4.068699836730957, 4.888599872589111, 5.243000030517578, 4.525700092315674, 4.529600143432617, 5.182499885559082, 5.182499885559082, 5.73330020904541, 5.73330020904541, 5.73330020904541, 5.73330020904541, 6.018899917602539, 5.5553998947143555, 5.73330020904541, 5.73330020904541, 5.73330020904541, 5.73330020904541, 5.73330020904541, 5.73330020904541, 5.73330020904541, 5.73330020904541, 5.73330020904541, 5.73330020904541, 5.73330020904541, 5.765200138092041, 13.950400352478027, 15.023900032043457]"
