item_id,start,freq,target
T844,2014-12-29,W-SUN,"[5.832799911499023, 5.996099948883057, 5.843299865722656, 6.03849983215332, 6.0254998207092285, 5.995699882507324, 6.048699855804443, 6.136000156402588, 5.505099773406982, 6.435999870300293, 6.539599895477295, 6.58489990234375, 6.742199897766113, 6.569300174713135, 6.799300193786621, 6.498899936676025, 6.595600128173828, 6.651500225067139, 6.708899974822998, 6.704899787902832, 7.15310001373291, 6.990200042724609, 7.071000099182129, 6.821100234985352, 6.957699775695801, 6.7596001625061035, 6.714200019836426, 6.994999885559082, 7.304100036621094, 8.37399959564209, 7.651800155639648, 8.340200424194336, 7.260000228881836, 7.06790018081665, 7.0746002197265625, 6.742400169372559, 6.758399963378906, 7.619800090789795, 6.769800186157227, 6.686500072479248, 6.124499797821045, 7.044300079345703, 7.701099872589111, 7.385799884796143, 6.613399982452393, 6.415500164031982, 6.569200038909912, 6.313000202178955, 6.266200065612793, 6.320300102233887, 6.602799892425537, 6.404699802398682, 5.297900199890137, 5.99459981918335, 6.010799884796143, 6.072800159454346, 6.145100116729736, 6.6468000411987305, 6.268400192260742, 6.306700229644775, 6.327600002288818, 5.6697998046875, 5.85099983215332, 6.228600025177002, 6.762499809265137, 6.763000011444092, 6.49459981918335, 6.869900226593018, 6.722899913787842, 6.610099792480469, 6.802199840545654, 7.137199878692627, 6.816100120544434, 6.766900062561035, 6.869200229644775, 7.791399955749512, 7.116199970245361, 7.536799907684326, 7.215099811553955, 7.108799934387207, 7.469099998474121, 7.813499927520752, 7.938300132751465, 8.945300102233887, 8.477100372314453, 7.063300132751465, 7.714099884033203, 6.911799907684326, 7.6508002281188965, 7.668000221252441, 7.209700107574463, 6.847700119018555, 6.982999801635742, 6.636199951171875, 8.61299991607666, 6.231599807739258]"
