item_id,start,freq,target
T534,2014-12-29,W-SUN,"[10.087900161743164, 12.711899757385254, 7.47130012512207, 11.455599784851074, 12.67650032043457, 13.136300086975098, 12.23859977722168, 12.986599922180176, 11.803600311279297, 13.502300262451172, 13.69950008392334, 13.32509994506836, 14.15369987487793, 12.115599632263184, 13.534799575805664, 13.464200019836426, 13.249300003051758, 12.82390022277832, 12.888799667358398, 13.174300193786621, 12.321000099182129, 13.451499938964844, 13.229399681091309, 13.305399894714355, 13.248200416564941, 13.73490047454834, 12.972800254821777, 13.406100273132324, 13.353699684143066, 13.507399559020996, 13.391300201416016, 13.593400001525879, 13.613300323486328, 14.724200248718262, 14.514100074768066, 13.896400451660156, 14.314800262451172, 14.363699913024902, 14.250200271606445, 14.765899658203125, 13.645400047302246, 14.723600387573242, 14.8725004196167, 13.754300117492676, 12.951399803161621, 14.100000381469727, 14.519499778747559, 11.792900085449219, 14.610799789428711, 13.793700218200684, 13.800399780273438, 12.231499671936035, 11.982199668884277, 13.603500366210938, 13.067299842834473, 13.798800468444824, 13.61050033569336, 13.93529987335205, 13.971500396728516, 13.617400169372559, 14.073599815368652, 13.184800148010254, 14.057600021362305, 14.122900009155273, 11.39050006866455, 12.825599670410156, 13.310600280761719, 12.137499809265137, 12.519700050354004, 15.31470012664795, 16.100200653076172, 15.696599960327148, 15.195199966430664, 14.998499870300293, 15.483200073242188, 15.624600410461426, 15.581000328063965, 15.801799774169922, 14.449600219726562, 15.285599708557129, 15.434599876403809, 15.020700454711914, 14.651300430297852, 12.625499725341797, 13.80519962310791, 14.206399917602539, 15.44950008392334, 14.446200370788574, 15.072600364685059, 15.183799743652344, 14.835000038146973, 14.464699745178223, 14.515999794006348, 14.368599891662598, 14.1181001663208, 14.964400291442871]"
