item_id,start,freq,target
T713,2015-01-18 00:00:00,W-SUN,"[7.462600231170654, 7.644000053405762, 7.708700180053711, 8.121299743652344, 7.741300106048584, 7.2571001052856445, 7.998899936676025, 7.683700084686279, 8.148599624633789, 7.587900161743164, 7.401000022888184, 7.895100116729736, 8.226900100708008, 7.842400074005127, 8.35159969329834, 7.9506001472473145, 7.926599979400635, 7.116499900817871, 7.853099822998047, 8.634699821472168, 7.8043999671936035, 8.034099578857422, 8.409299850463867, 6.813399791717529, 8.093400001525879, 8.494099617004395, 8.877099990844727, 8.11340045928955, 7.797599792480469, 8.67590045928955, 7.772500038146973, 8.293100357055664, 7.659999847412109, 8.440600395202637, 8.528499603271484, 8.51729965209961, 8.19480037689209, 8.362500190734863, 8.169699668884277, 8.23270034790039, 8.444600105285645, 8.095800399780273, 8.149700164794922, 7.628300189971924, 6.943699836730957, 8.118499755859375, 8.933300018310547, 7.7631001472473145, 5.796199798583984, 7.448999881744385, 8.279500007629395, 8.24429988861084, 8.177300453186035, 7.825500011444092, 7.728400230407715, 7.89300012588501, 8.60260009765625, 8.406100273132324, 8.639800071716309, 8.435500144958496, 8.162799835205078, 7.671000003814697, 7.599800109863281, 8.696599960327148, 8.76259994506836, 8.66670036315918, 8.733400344848633, 8.439900398254395, 8.76990032196045, 8.580699920654297, 7.926599979400635, 8.620100021362305, 8.823200225830078, 8.647299766540527, 8.735199928283691, 6.8628997802734375, 8.33489990234375, 8.369500160217285, 7.863500118255615, 8.233599662780762, 8.048700332641602, 8.616700172424316, 9.182000160217285, 8.969900131225586, 8.06879997253418, 9.36970043182373, 9.374099731445312, 8.952099800109863, 9.240400314331055, 8.539600372314453]"
