item_id,start,freq,target
T799,2014-12-29,W-SUN,"[8.80049991607666, 12.392900466918945, 8.460000038146973, 10.562899589538574, 11.726900100708008, 10.733499526977539, 11.849900245666504, 12.488100051879883, 10.761699676513672, 13.751700401306152, 12.902199745178223, 14.149700164794922, 12.766200065612793, 11.3326997756958, 13.50469970703125, 13.288599967956543, 13.92300033569336, 12.871399879455566, 14.111200332641602, 14.537599563598633, 12.083200454711914, 13.634699821472168, 14.846599578857422, 14.907099723815918, 14.176400184631348, 14.640999794006348, 11.961000442504883, 14.421199798583984, 13.339300155639648, 16.97170066833496, 12.51360034942627, 15.225000381469727, 13.74429988861084, 14.250699996948242, 14.695099830627441, 11.339099884033203, 14.43850040435791, 14.891500473022461, 12.990699768066406, 13.252799987792969, 12.25160026550293, 13.089500427246094, 14.187399864196777, 12.704400062561035, 12.010000228881836, 13.606499671936035, 12.660699844360352, 10.175399780273438, 12.576299667358398, 13.020999908447266, 14.372599601745605, 10.074799537658691, 9.785900115966797, 11.289199829101562, 13.626099586486816, 11.387200355529785, 13.29990005493164, 10.960700035095215, 13.457900047302246, 13.158699989318848, 13.496100425720215, 11.865799903869629, 15.172900199890137, 12.992500305175781, 13.95199966430664, 14.245200157165527, 14.287099838256836, 14.563699722290039, 16.456899642944336, 10.71660041809082, 14.933199882507324, 13.576399803161621, 14.650400161743164, 11.849300384521484, 14.417099952697754, 15.663700103759766, 13.718299865722656, 13.436300277709961, 10.786100387573242, 12.500399589538574, 15.085100173950195, 13.69849967956543, 16.492700576782227, 13.276100158691406, 15.569000244140625, 14.666999816894531, 14.09469985961914, 14.091099739074707, 13.558699607849121, 14.920599937438965, 13.307999610900879, 13.125900268554688, 13.765299797058105, 12.368000030517578, 14.508700370788574, 11.29069995880127]"
