item_id,start,freq,target
T733,2015-02-01 00:00:00,W-SUN,"[9.17870044708252, 10.222800254821777, 10.010100364685059, 9.348099708557129, 10.152400016784668, 9.958000183105469, 10.096500396728516, 10.925200462341309, 10.001899719238281, 10.061300277709961, 10.067000389099121, 10.149100303649902, 10.191699981689453, 10.104900360107422, 10.918000221252441, 9.655900001525879, 10.703100204467773, 11.309300422668457, 11.232000350952148, 11.078300476074219, 10.974800109863281, 9.549200057983398, 10.951899528503418, 10.964200019836426, 11.246600151062012, 10.964900016784668, 11.25220012664795, 10.349800109863281, 11.648099899291992, 10.105799674987793, 9.961199760437012, 10.235799789428711, 10.969599723815918, 10.126700401306152, 10.396300315856934, 10.1358003616333, 11.35669994354248, 9.977899551391602, 10.201899528503418, 9.869799613952637, 10.401900291442871, 10.888799667358398, 8.252900123596191, 9.8681001663208, 10.338899612426758, 11.134400367736816, 7.8317999839782715, 7.210899829864502, 9.143099784851074, 9.205100059509277, 9.393099784851074, 10.267200469970703, 10.886500358581543, 9.874500274658203, 10.615400314331055, 9.19909954071045, 9.433300018310547, 10.461000442504883, 9.46660041809082, 11.257599830627441, 10.372099876403809, 10.001299858093262, 10.527999877929688, 10.89210033416748, 10.446200370788574, 12.131099700927734, 11.435400009155273, 11.886799812316895, 11.239399909973145, 11.152400016784668, 11.80720043182373, 12.09220027923584, 11.269499778747559, 10.218299865722656, 10.640199661254883, 11.188899993896484, 10.589799880981445, 10.975299835205078, 10.510499954223633, 11.054499626159668, 10.934000015258789, 11.269200325012207, 9.183199882507324, 8.604900360107422, 10.806699752807617, 10.548600196838379, 11.462900161743164, 10.060500144958496, 10.159299850463867, 8.202199935913086]"
