item_id,start,freq,target
T725,2015-01-04 00:00:00,W-SUN,"[3.4251999855041504, 2.5220999717712402, 3.4902000427246094, 3.811800003051758, 3.652400016784668, 3.6981000900268555, 3.7869999408721924, 3.454200029373169, 4.019499778747559, 4.135000228881836, 4.209400177001953, 4.160699844360352, 3.9602999687194824, 4.225500106811523, 4.25570011138916, 4.1975998878479, 4.190199851989746, 4.211599826812744, 4.181099891662598, 4.175300121307373, 4.176599979400635, 4.435500144958496, 4.357399940490723, 4.575799942016602, 4.64109992980957, 4.621200084686279, 5.012499809265137, 5.15939998626709, 4.963699817657471, 5.38539981842041, 5.095399856567383, 4.940999984741211, 4.964200019836426, 4.9527997970581055, 4.839399814605713, 5.059199810028076, 4.996300220489502, 4.720099925994873, 4.913599967956543, 4.855400085449219, 5.053599834442139, 4.969299793243408, 3.9038000106811523, 4.513299942016602, 4.776000022888184, 4.570499897003174, 3.5123000144958496, 3.889899969100952, 3.889899969100952, 3.889899969100952, 3.889899969100952, 3.889899969100952, 3.889899969100952, 3.889899969100952, 3.889899969100952, 3.889899969100952, 3.889899969100952, 3.890399932861328, 3.889899969100952, 3.889899969100952, 6.753699779510498, 6.792399883270264, 5.811200141906738, 6.892300128936768, 6.596399784088135, 6.858500003814697, 6.790200233459473, 6.8769001960754395, 6.857900142669678, 6.884799957275391, 6.95359992980957, 6.975500106811523, 6.903299808502197, 7.059999942779541, 7.0071001052856445, 7.09630012512207, 7.5071001052856445, 11.103400230407715, 10.454999923706055, 12.848099708557129, 13.343799591064453, 13.718099594116211, 11.97439956665039, 11.980299949645996, 12.728400230407715, 12.041000366210938, 11.873900413513184, 12.219900131225586, 11.99470043182373, 10.536299705505371]"
