item_id,start,freq,target
T279,2015-01-04 00:00:00,W-SUN,"[[8.359800338745117, 15.181599617004395, 16.006799697875977, 15.130999565124512, 16.8031005859375, 16.612300872802734, 15.777999877929688, 16.638200759887695, 15.836099624633789, 16.510700225830078, 16.15850067138672, 16.404600143432617, 17.126100540161133, 15.713199615478516, 16.072099685668945, 16.92889976501465, 16.342500686645508, 16.65999984741211, 17.080400466918945, 17.78860092163086, 14.965200424194336, 16.454599380493164, 17.114500045776367, 17.20680046081543, 17.209699630737305, 17.176000595092773, 13.529399871826172, 17.122400283813477, 17.310800552368164, 17.45359992980957, 16.88629913330078, 16.628599166870117, 16.768199920654297, 17.218399047851562, 16.831600189208984, 14.946000099182129, 16.776599884033203, 17.206600189208984, 16.79129981994629, 17.450700759887695, 16.689699172973633, 17.546199798583984, 17.6117000579834, 16.91189956665039, 16.904199600219727, 17.20829963684082, 16.962900161743164, 12.638299942016602, 16.820899963378906, 17.364299774169922, 16.28219985961914, 8.963899612426758, 11.7052001953125, 16.066200256347656, 15.428299903869629, 16.065200805664062, 16.71739959716797, 16.658599853515625, 15.074899673461914, 17.010700225830078, 17.054899215698242, 13.814299583435059, 15.13290023803711, 15.794699668884277, 16.571300506591797, 16.98110008239746, 16.365999221801758, 17.014400482177734, 17.333099365234375, 16.769399642944336, 17.631799697875977, 17.46339988708496, 17.908199310302734, 15.704000473022461, 17.872299194335938, 17.700599670410156, 17.701099395751953, 18.399700164794922, 14.215999603271484, 17.94580078125, 18.422000885009766, 17.878799438476562, 17.647600173950195, 17.766599655151367, 17.59440040588379, 17.463699340820312, 17.8976993560791, 15.355199813842773, 17.62070083618164, 18.186800003051758]]"
