item_id,start,freq,target
T47,2014-12-29,W-SUN,"[9.985199928283691, 12.636199951171875, 14.483400344848633, 13.216899871826172, 15.686800003051758, 15.1048002243042, 12.802300453186035, 14.494400024414062, 12.388899803161621, 15.123299598693848, 15.21150016784668, 13.751899719238281, 15.691900253295898, 14.715299606323242, 15.267499923706055, 15.74209976196289, 10.927300453186035, 15.352999687194824, 15.498200416564941, 15.493399620056152, 14.217000007629395, 15.762700080871582, 15.310700416564941, 16.118000030517578, 15.858400344848633, 15.431400299072266, 13.861000061035156, 15.784199714660645, 15.591400146484375, 14.166299819946289, 15.917900085449219, 16.24250030517578, 15.485699653625488, 15.920700073242188, 11.155099868774414, 13.253199577331543, 15.428500175476074, 16.13640022277832, 12.390199661254883, 11.159099578857422, 8.113200187683105, 8.113200187683105, 8.113200187683105, 8.098400115966797, 8.113200187683105, 8.113200187683105, 8.113200187683105, 8.113200187683105, 8.113200187683105, 8.113200187683105, 8.113200187683105, 8.113200187683105, 8.113200187683105, 8.113200187683105, 8.113200187683105, 8.113200187683105, 8.113200187683105, 8.113200187683105, 8.113200187683105, 8.113200187683105, 8.113200187683105, 8.113200187683105, 8.11620044708252, 8.113200187683105, 8.113200187683105, 8.113200187683105, 8.113200187683105, 8.113200187683105, 8.113200187683105, 8.113200187683105, 8.113200187683105, 8.113200187683105, 8.113200187683105, 8.113200187683105, 8.113200187683105, 8.113200187683105, 8.113200187683105, 8.113200187683105, 8.113200187683105, 8.113200187683105, 8.113200187683105, 8.113200187683105, 8.113200187683105, 8.113200187683105, 8.113200187683105, 8.113200187683105, 8.113200187683105, 8.113200187683105, 8.113200187683105, 8.113200187683105, 8.115099906921387, 8.113200187683105, 8.113200187683105, 8.113200187683105, 8.113200187683105, 8.113200187683105]"
