item_id,start,freq,target
T299,2014-12-29,W-SUN,"[6.66949987411499, 7.6356000900268555, 5.188600063323975, 8.189200401306152, 8.7253999710083, 12.915499687194824, 9.494999885559082, 8.52299976348877, 8.754899978637695, 8.159000396728516, 10.3326997756958, 9.949199676513672, 11.005999565124512, 8.4173002243042, 8.55679988861084, 9.008999824523926, 9.879500389099121, 10.403300285339355, 10.01990032196045, 10.637999534606934, 12.66100025177002, 9.138699531555176, 7.912899971008301, 8.241900444030762, 10.949299812316895, 7.244500160217285, 7.158899784088135, 6.818299770355225, 7.281899929046631, 7.230199813842773, 7.482600212097168, 7.241199970245361, 8.501899719238281, 7.505000114440918, 7.168399810791016, 8.18019962310791, 8.945699691772461, 10.502900123596191, 9.856900215148926, 11.159799575805664, 8.990900039672852, 9.467700004577637, 11.543800354003906, 10.13659954071045, 8.38010025024414, 8.306900024414062, 9.021499633789062, 7.053999900817871, 8.634900093078613, 8.409000396728516, 9.155599594116211, 6.792799949645996, 6.068999767303467, 7.8420000076293945, 10.596099853515625, 10.952199935913086, 10.565400123596191, 10.495699882507324, 11.575300216674805, 8.850199699401855, 9.577300071716309, 8.073100090026855, 10.835700035095215, 11.031000137329102, 11.465900421142578, 9.325699806213379, 13.089500427246094, 11.026700019836426, 11.11460018157959, 11.257599830627441, 13.198699951171875, 9.862899780273438, 11.183500289916992, 9.640299797058105, 7.954500198364258, 8.573800086975098, 8.429499626159668, 8.84529972076416, 8.454299926757812, 7.980500221252441, 7.8516998291015625, 7.6844000816345215, 7.383800029754639, 7.7153000831604, 7.677499771118164, 8.596699714660645, 8.19789981842041, 8.34000015258789, 10.046799659729004, 9.885700225830078, 10.222000122070312, 11.69789981842041, 11.489100456237793, 11.652400016784668, 10.1451997756958, 8.80620002746582]"
