item_id,start,freq,target
T474,2014-12-29,W-SUN,"[12.430899620056152, 15.470999717712402, 15.486200332641602, 13.982799530029297, 22.355199813842773, 21.646299362182617, 17.770299911499023, 16.94729995727539, 15.234999656677246, 16.936599731445312, 17.066499710083008, 16.874399185180664, 17.239999771118164, 16.377099990844727, 16.78730010986328, 16.903499603271484, 14.563599586486816, 16.75510025024414, 18.056299209594727, 16.82509994506836, 16.30430030822754, 16.727399826049805, 17.165000915527344, 17.6200008392334, 16.59910011291504, 16.572500228881836, 14.279199600219727, 16.370100021362305, 17.032100677490234, 16.823699951171875, 17.372100830078125, 16.61840057373047, 17.470500946044922, 17.823999404907227, 16.105899810791016, 15.656700134277344, 16.96739959716797, 17.596200942993164, 17.13520050048828, 17.317399978637695, 17.672800064086914, 18.377700805664062, 17.293699264526367, 16.43429946899414, 16.89109992980957, 17.300600051879883, 17.722900390625, 13.627300262451172, 17.292699813842773, 18.616600036621094, 17.422100067138672, 12.771400451660156, 11.947799682617188, 15.518600463867188, 15.668600082397461, 17.159000396728516, 15.38659954071045, 17.63719940185547, 16.413000106811523, 17.88159942626953, 17.662099838256836, 17.006000518798828, 17.818300247192383, 18.347299575805664, 17.124500274658203, 18.12459945678711, 17.232500076293945, 20.12689971923828, 18.254499435424805, 17.702999114990234, 18.237300872802734, 18.583999633789062, 17.73509979248047, 17.994699478149414, 18.493000030517578, 19.344499588012695, 18.3523006439209, 17.768699645996094, 15.508299827575684, 17.372499465942383, 18.163700103759766, 17.371299743652344, 18.118600845336914, 17.938800811767578, 17.93600082397461, 19.176599502563477, 17.993000030517578, 15.57979965209961, 17.679899215698242, 19.0841007232666, 17.942399978637695, 19.239999771118164, 19.14430046081543, 16.996400833129883, 19.42140007019043, 17.19729995727539]"
