item_id,start,freq,target
T24,2015-01-04 00:00:00,W-SUN,"[[15.73270034790039, 14.859199523925781, 14.452199935913086, 14.77280044555664, 14.820899963378906, 15.849599838256836, 15.498900413513184, 13.593099594116211, 17.805500030517578, 16.704700469970703, 17.344200134277344, 17.03619956970215, 16.280099868774414, 16.87070083618164, 16.616300582885742, 16.453399658203125, 16.405399322509766, 18.207500457763672, 17.762300491333008, 16.21820068359375, 17.222900390625, 17.644500732421875, 18.78619956970215, 18.02120018005371, 18.370100021362305, 15.559700012207031, 18.51020050048828, 18.548999786376953, 18.774700164794922, 17.5132999420166, 18.98550033569336, 17.39780044555664, 17.513599395751953, 17.28619956970215, 16.544300079345703, 17.954500198364258, 17.70210075378418, 16.581199645996094, 16.339500427246094, 16.684099197387695, 17.257400512695312, 18.408199310302734, 16.827600479125977, 17.144800186157227, 16.81329917907715, 17.941699981689453, 13.788399696350098, 16.034000396728516, 17.324499130249023, 18.88409996032715, 14.160099983215332, 13.35890007019043, 15.049699783325195, 16.775699615478516, 15.216400146484375, 16.436800003051758, 15.420299530029297, 17.212600708007812, 16.991600036621094, 17.011699676513672, 16.299999237060547, 17.776599884033203, 17.204999923706055, 16.510400772094727, 17.230600357055664, 16.465499877929688, 17.02519989013672, 18.24679946899414, 17.371400833129883, 18.962600708007812, 19.840200424194336, 19.068300247192383, 18.724899291992188, 19.457799911499023, 20.890199661254883, 19.63159942626953, 18.6781005859375, 16.413700103759766, 18.90169906616211, 20.30459976196289, 17.515399932861328, 20.345300674438477, 17.856700897216797, 19.908700942993164, 17.59280014038086, 16.88010025024414, 18.28380012512207, 17.109699249267578, 18.31089973449707, 17.77720069885254]]"
