item_id,start,freq,target
T105,2015-01-25 00:00:00,W-SUN,"[[7.617800235748291, 7.460899829864502, 6.89169979095459, 9.121899604797363, 8.851099967956543, 10.374899864196777, 10.248499870300293, 10.396499633789062, 10.256699562072754, 10.233599662780762, 9.342499732971191, 9.880499839782715, 9.748800277709961, 10.057299613952637, 10.199799537658691, 9.82699966430664, 9.576800346374512, 10.139200210571289, 10.339200019836426, 9.984600067138672, 10.166199684143066, 10.462800025939941, 9.083399772644043, 10.216500282287598, 10.366399765014648, 10.616000175476074, 10.130999565124512, 10.012299537658691, 10.307000160217285, 11.258399963378906, 10.784799575805664, 10.046699523925781, 10.584799766540527, 11.200799942016602, 10.291399955749512, 10.696000099182129, 10.862000465393066, 10.946000099182129, 10.310700416564941, 10.785900115966797, 10.265999794006348, 10.336299896240234, 9.375699996948242, 8.463600158691406, 10.057700157165527, 10.611300468444824, 9.982000350952148, 7.076300144195557, 8.484700202941895, 9.869799613952637, 9.775500297546387, 9.367500305175781, 9.627799987792969, 9.371100425720215, 9.30739974975586, 9.634200096130371, 10.086600303649902, 9.541500091552734, 9.350700378417969, 10.271699905395508, 9.765800476074219, 9.710599899291992, 9.402299880981445, 10.1875, 10.389100074768066, 10.20680046081543, 10.460700035095215, 10.381600379943848, 10.138400077819824, 10.071700096130371, 10.179300308227539, 9.88029956817627, 10.199700355529785, 10.038700103759766, 8.889399528503418, 9.90530014038086, 10.775400161743164, 10.07759952545166, 10.166299819946289, 9.87440013885498, 10.15530014038086, 10.70989990234375, 10.776000022888184, 9.42590045928955, 10.5024995803833, 11.191800117492676, 10.463600158691406, 8.851499557495117, 10.07979965209961, 10.067000389099121]]"
