item_id,start,freq,target
T456,2015-02-08 00:00:00,W-SUN,"[8.587599754333496, 8.766599655151367, 8.160699844360352, 9.104900360107422, 8.915800094604492, 9.119099617004395, 8.998700141906738, 8.916899681091309, 8.717100143432617, 8.901599884033203, 8.971099853515625, 9.243300437927246, 9.046500205993652, 8.761199951171875, 7.787700176239014, 9.061200141906738, 9.26099967956543, 9.25059986114502, 9.017800331115723, 9.030400276184082, 8.102299690246582, 9.168000221252441, 8.826700210571289, 8.906299591064453, 8.698100090026855, 7.532700061798096, 9.030799865722656, 8.75409984588623, 8.10569953918457, 7.369200229644775, 9.471799850463867, 9.385499954223633, 9.138699531555176, 9.114299774169922, 8.850299835205078, 9.248499870300293, 9.07129955291748, 8.982399940490723, 8.831000328063965, 8.966099739074707, 8.794300079345703, 7.4079999923706055, 9.074700355529785, 9.385000228881836, 9.24779987335205, 5.7829999923706055, 7.061999797821045, 8.998700141906738, 8.344799995422363, 9.088600158691406, 9.293299674987793, 9.273599624633789, 9.059200286865234, 9.423199653625488, 9.253700256347656, 9.28320026397705, 9.071599960327148, 9.32610034942627, 8.97760009765625, 8.95930004119873, 9.112099647521973, 9.444600105285645, 9.40719985961914, 9.527000427246094, 9.390700340270996, 9.683099746704102, 9.36359977722168, 8.831999778747559, 9.26200008392334, 9.428500175476074, 9.215499877929688, 9.401599884033203, 8.08080005645752, 9.462699890136719, 9.594400405883789, 9.722700119018555, 9.808799743652344, 9.804200172424316, 9.91349983215332, 9.91100025177002, 10.035799980163574, 8.46780014038086, 9.61989974975586, 9.889300346374512, 9.895299911499023, 7.4816999435424805, 9.501500129699707, 9.614299774169922, 9.830300331115723, 9.390899658203125]"
