item_id,start,freq,target
T571,2014-12-29,W-SUN,"[3.9593000411987305, 4.008999824523926, 4.61359977722168, 4.306600093841553, 4.8881001472473145, 4.062099933624268, 3.910900115966797, 4.548699855804443, 4.117400169372559, 4.591800212860107, 3.889899969100952, 3.889899969100952, 3.889899969100952, 3.889899969100952, 4.801700115203857, 3.991499900817871, 4.20419979095459, 5.045199871063232, 5.14139986038208, 5.07420015335083, 4.944399833679199, 5.0152997970581055, 4.999899864196777, 5.063499927520752, 4.988800048828125, 4.951399803161621, 4.630499839782715, 5.015500068664551, 4.9994001388549805, 4.831399917602539, 4.938399791717529, 4.94920015335083, 4.729899883270264, 4.968400001525879, 4.503399848937988, 4.831299781799316, 4.971499919891357, 4.9893999099731445, 4.227200031280518, 4.169099807739258, 3.8457999229431152, 3.889899969100952, 3.889899969100952, 4.651700019836426, 4.877500057220459, 4.903800010681152, 4.9969000816345215, 4.133299827575684, 4.2881999015808105, 4.889999866485596, 4.896200180053711, 4.179200172424316, 4.168000221252441, 4.767399787902832, 4.69189977645874, 4.613900184631348, 4.8942999839782715, 5.051199913024902, 4.5725998878479, 4.070700168609619, 3.889899969100952, 3.889899969100952, 3.891200065612793, 3.889899969100952, 3.889899969100952, 3.889899969100952, 3.889899969100952, 3.889899969100952, 3.889899969100952, 3.889899969100952, 3.889899969100952, 3.889899969100952, 3.889899969100952, 3.889899969100952, 3.889899969100952, 3.889899969100952, 3.889899969100952, 3.889899969100952, 3.889899969100952, 3.889899969100952, 3.889899969100952, 3.889899969100952, 3.889899969100952, 3.889899969100952, 3.889899969100952, 3.889899969100952, 3.889899969100952, 3.889899969100952, 3.889899969100952, 3.889899969100952, 3.889899969100952, 3.889899969100952, 3.889899969100952, 3.889899969100952, 3.889899969100952, 3.889899969100952]"
