item_id,start,freq,target
T523,2014-12-29,W-SUN,"[9.128299713134766, 8.620400428771973, 8.724900245666504, 8.040599822998047, 8.00529956817627, 7.605500221252441, 7.34689998626709, 7.8007001876831055, 7.056700229644775, 7.701700210571289, 7.928500175476074, 8.150300025939941, 8.39739990234375, 8.334500312805176, 8.109100341796875, 7.906099796295166, 7.524400234222412, 7.9770002365112305, 8.066900253295898, 8.204899787902832, 7.816299915313721, 8.563899993896484, 8.186200141906738, 7.15880012512207, 10.345999717712402, 10.068699836730957, 9.611100196838379, 9.759599685668945, 10.059900283813477, 10.030500411987305, 10.3016996383667, 9.953399658203125, 9.516300201416016, 8.439000129699707, 8.332099914550781, 8.419300079345703, 8.273599624633789, 7.075099945068359, 6.2266998291015625, 9.4173002243042, 9.680700302124023, 8.229999542236328, 7.211999893188477, 6.671599864959717, 7.235799789428711, 7.061699867248535, 7.2677998542785645, 7.035099983215332, 7.211999893188477, 7.363100051879883, 7.584000110626221, 7.09060001373291, 6.812399864196777, 7.056700229644775, 7.264599800109863, 7.004799842834473, 6.559000015258789, 7.202099800109863, 7.261499881744385, 7.466400146484375, 7.225100040435791, 7.009900093078613, 7.343200206756592, 7.650199890136719, 7.721799850463867, 7.788400173187256, 7.577199935913086, 7.629000186920166, 7.596499919891357, 7.617499828338623, 7.6682000160217285, 7.743000030517578, 7.857600212097168, 7.769499778747559, 7.941500186920166, 8.140800476074219, 7.833899974822998, 8.098699569702148, 7.9934000968933105, 8.691300392150879, 8.281599998474121, 7.841800212860107, 8.57509994506836, 8.74779987335205, 9.088800430297852, 8.592000007629395, 8.387999534606934, 8.550200462341309, 8.766200065612793, 8.87909984588623, 8.440699577331543, 8.260899543762207, 7.88640022277832, 7.344200134277344, 7.650300025939941, 7.388199806213379]"
