item_id,start,freq,target
T54,2015-02-01 00:00:00,W-SUN,"[6.18149995803833, 6.197000026702881, 6.296299934387207, 5.6894001960754395, 6.531700134277344, 6.5605998039245605, 7.220900058746338, 7.063499927520752, 6.4928998947143555, 7.368899822235107, 6.717899799346924, 6.5991997718811035, 6.584199905395508, 6.777299880981445, 6.690499782562256, 6.558000087738037, 6.857699871063232, 6.850599765777588, 6.932199954986572, 7.007599830627441, 7.151000022888184, 6.513400077819824, 6.847899913787842, 6.985599994659424, 7.053699970245361, 7.053899765014648, 7.026500225067139, 6.717800140380859, 6.917099952697754, 6.987599849700928, 6.641600131988525, 7.115300178527832, 6.860799789428711, 6.897900104522705, 6.496099948883057, 6.783199787139893, 5.736999988555908, 6.366099834442139, 6.274199962615967, 6.607900142669678, 6.729700088500977, 6.993299961090088, 6.437600135803223, 6.607399940490723, 6.737299919128418, 7.082799911499023, 6.992000102996826, 5.952499866485596, 6.997000217437744, 6.589099884033203, 6.471199989318848, 6.589200019836426, 6.776500225067139, 6.790200233459473, 6.691299915313721, 6.962900161743164, 6.45419979095459, 6.511499881744385, 6.870200157165527, 9.995699882507324, 6.9934000968933105, 6.937099933624268, 9.522899627685547, 9.665800094604492, 9.99590015411377, 10.744099617004395, 9.21780014038086, 8.713600158691406, 7.691199779510498, 11.16670036315918, 10.393600463867188, 8.651599884033203, 9.33650016784668, 8.609100341796875, 8.68220043182373, 9.167499542236328, 9.115699768066406, 9.98740005493164, 7.14769983291626, 9.664400100708008, 7.320099830627441, 7.39139986038208, 5.885200023651123, 7.691299915313721, 6.989200115203857, 5.652699947357178, 6.214000225067139, 5.290200233459473, 6.491099834442139, 6.936200141906738]"
