item_id,start,freq,target
T597,2015-01-11 00:00:00,W-SUN,"[7.144400119781494, 7.235799789428711, 8.746800422668457, 8.72719955444336, 7.372000217437744, 8.084799766540527, 7.101900100708008, 9.154600143432617, 9.939200401306152, 8.190600395202637, 7.656700134277344, 7.38539981842041, 7.61870002746582, 7.7006001472473145, 7.658599853515625, 7.6774001121521, 7.7307000160217285, 7.666900157928467, 7.33459997177124, 7.763400077819824, 7.679900169372559, 7.665800094604492, 7.695199966430664, 7.517300128936768, 7.07859992980957, 7.576099872589111, 8.339300155639648, 7.59689998626709, 7.623700141906738, 7.568699836730957, 8.321800231933594, 7.670300006866455, 7.63129997253418, 6.976500034332275, 7.178999900817871, 6.052599906921387, 6.425099849700928, 6.526199817657471, 5.390699863433838, 6.042399883270264, 5.262800216674805, 6.805600166320801, 7.217199802398682, 9.9443998336792, 10.305899620056152, 5.905799865722656, 7.232999801635742, 10.319700241088867, 10.713899612426758, 8.851900100708008, 5.7204999923706055, 9.868000030517578, 8.860099792480469, 9.362199783325195, 9.895899772644043, 9.79010009765625, 8.019499778747559, 9.952500343322754, 8.777400016784668, 9.813199996948242, 9.876999855041504, 9.924099922180176, 9.905900001525879, 9.40839958190918, 9.916000366210938, 9.912599563598633, 10.003100395202637, 9.957099914550781, 10.156000137329102, 10.05090045928955, 9.828900337219238, 9.984700202941895, 10.08899974822998, 10.086199760437012, 9.98740005493164, 10.10789966583252, 9.573399543762207, 9.956500053405762, 10.00879955291748, 9.805299758911133, 9.86520004272461, 9.899999618530273, 9.9753999710083, 10.041899681091309, 10.008999824523926, 9.338500022888184, 9.817500114440918, 10.095999717712402, 10.125800132751465, 7.264500141143799]"
