item_id,start,freq,target
T400,2014-12-29,W-SUN,"[8.065400123596191, 12.288700103759766, 11.378299713134766, 7.987199783325195, 9.387200355529785, 10.365400314331055, 11.120800018310547, 11.881799697875977, 10.945199966430664, 12.198699951171875, 12.615300178527832, 13.407299995422363, 13.541299819946289, 12.273699760437012, 12.459500312805176, 13.148799896240234, 13.28380012512207, 13.915599822998047, 16.047300338745117, 13.787099838256836, 13.590800285339355, 13.61050033569336, 14.19629955291748, 8.571999549865723, 14.383299827575684, 14.410499572753906, 11.929200172424316, 14.001399993896484, 13.970800399780273, 14.46150016784668, 14.928099632263184, 13.677800178527832, 14.951000213623047, 14.74269962310791, 15.392000198364258, 13.707300186157227, 14.692700386047363, 15.450900077819824, 14.408499717712402, 14.716300010681152, 14.746399879455566, 14.945899963378906, 14.795100212097168, 15.060600280761719, 14.412599563598633, 15.306099891662598, 14.81820011138916, 12.762399673461914, 13.951299667358398, 15.078300476074219, 14.788800239562988, 9.901100158691406, 11.577699661254883, 13.58489990234375, 13.393400192260742, 14.163800239562988, 14.260700225830078, 14.348899841308594, 14.844599723815918, 14.646100044250488, 14.508999824523926, 12.751700401306152, 12.688699722290039, 13.361800193786621, 13.8503999710083, 13.41469955444336, 14.487600326538086, 14.468199729919434, 15.359100341796875, 14.820099830627441, 15.219900131225586, 14.457799911499023, 15.172599792480469, 15.075599670410156, 15.881500244140625, 14.706899642944336, 15.998299598693848, 15.941499710083008, 12.247900009155273, 14.775500297546387, 14.790499687194824, 14.142800331115723, 15.398099899291992, 15.453900337219238, 15.889900207519531, 15.188300132751465, 15.244799613952637, 12.468500137329102, 14.50100040435791, 16.698999404907227, 15.459199905395508, 13.995599746704102, 15.281900405883789, 15.44950008392334, 16.047000885009766, 15.192299842834473]"
