item_id,start,freq,target
T625,2014-12-29,W-SUN,"[5.391300201416016, 6.5131001472473145, 6.335400104522705, 6.09119987487793, 6.361599922180176, 6.3445000648498535, 6.38070011138916, 6.398200035095215, 5.82420015335083, 6.394800186157227, 6.40910005569458, 6.592700004577637, 6.03980016708374, 5.8572998046875, 6.123600006103516, 6.334000110626221, 7.105299949645996, 6.409999847412109, 6.197000026702881, 6.605000019073486, 5.956299781799316, 6.59660005569458, 6.628699779510498, 6.501399993896484, 6.718699932098389, 6.363999843597412, 5.564300060272217, 6.396299839019775, 6.720799922943115, 6.377699851989746, 6.511899948120117, 6.1442999839782715, 6.720300197601318, 7.024799823760986, 6.929500102996826, 6.469900131225586, 6.905700206756592, 7.053999900817871, 6.837100028991699, 6.765200138092041, 7.092199802398682, 7.371099948883057, 7.003499984741211, 7.09499979019165, 6.599599838256836, 7.112500190734863, 6.526100158691406, 5.8703999519348145, 6.508999824523926, 7.3495001792907715, 6.421000003814697, 5.08050012588501, 5.983699798583984, 6.5524001121521, 6.5030999183654785, 6.312699794769287, 5.930200099945068, 6.617800235748291, 6.205399990081787, 6.798699855804443, 6.409599781036377, 6.162899971008301, 5.715700149536133, 5.633600234985352, 6.21619987487793, 6.427999973297119, 6.3480000495910645, 6.583199977874756, 6.5808000564575195, 6.354400157928467, 6.225900173187256, 6.519599914550781, 6.442699909210205, 6.211699962615967, 6.655200004577637, 6.553800106048584, 6.540999889373779, 6.406899929046631, 5.467800140380859, 6.525300025939941, 6.609300136566162, 5.74399995803833, 6.091700077056885, 6.164100170135498, 6.268400192260742, 6.685699939727783, 7.07919979095459, 5.8653998374938965, 6.456900119781494, 7.240699768066406, 7.093500137329102, 6.94950008392334, 6.625699996948242, 6.784900188446045, 7.19320011138916, 6.5355000495910645]"
