item_id,start,freq,target
T84,2014-12-29,W-SUN,"[3.3817999362945557, 3.9914000034332275, 2.774199962615967, 4.180600166320801, 4.244800090789795, 4.276899814605713, 4.329599857330322, 4.460899829864502, 3.9291000366210938, 4.5808000564575195, 4.54580020904541, 4.643899917602539, 4.500899791717529, 4.519999980926514, 4.877200126647949, 4.633600234985352, 4.5406999588012695, 4.4969000816345215, 4.671299934387207, 4.702300071716309, 4.61899995803833, 4.723400115966797, 4.737599849700928, 4.819499969482422, 4.738100051879883, 5.131800174713135, 4.300600051879883, 4.787799835205078, 4.6504998207092285, 4.854400157928467, 4.888000011444092, 4.828999996185303, 4.732100009918213, 4.7743000984191895, 4.958199977874756, 4.617000102996826, 4.561399936676025, 3.91759991645813, 4.556399822235107, 4.609300136566162, 4.396900177001953, 4.59089994430542, 4.755199909210205, 4.491799831390381, 4.578100204467773, 4.611199855804443, 4.786499977111816, 4.3119001388549805, 4.63040018081665, 4.467299938201904, 4.711100101470947, 4.1971001625061035, 4.127399921417236, 4.247399806976318, 4.402299880981445, 4.397799968719482, 4.447299957275391, 3.946000099182129, 4.554100036621094, 4.513299942016602, 4.5258002281188965, 4.346399784088135, 4.2967000007629395, 4.43779993057251, 4.953800201416016, 4.744800090789795, 4.830100059509277, 4.8414998054504395, 4.907299995422363, 4.967899799346924, 4.875, 4.9197001457214355, 4.933499813079834, 4.782599925994873, 5.032800197601318, 5.1697998046875, 4.9253997802734375, 5.029099941253662, 4.808599948883057, 5.151100158691406, 6.480199813842773, 6.163300037384033, 6.321400165557861, 6.154600143432617, 6.225800037384033, 6.392199993133545, 6.015600204467773, 5.643599987030029, 6.013400077819824, 6.169300079345703, 5.911799907684326, 6.049200057983398, 5.93179988861084, 5.794000148773193, 5.687900066375732, 5.674900054931641]"
