item_id,start,freq,target
T122,2015-02-01 00:00:00,W-SUN,"[9.442399978637695, 9.47189998626709, 9.59529972076416, 9.06779956817627, 10.481900215148926, 10.459600448608398, 9.940299987792969, 9.67710018157959, 9.552599906921387, 10.268799781799316, 10.189800262451172, 9.766900062561035, 10.577500343322754, 10.036199569702148, 10.18529987335205, 9.96030044555664, 10.095100402832031, 10.584699630737305, 10.680000305175781, 9.907600402832031, 10.032099723815918, 8.936599731445312, 10.889699935913086, 9.913800239562988, 9.610400199890137, 10.430800437927246, 9.695199966430664, 10.22350025177002, 10.097900390625, 10.736800193786621, 10.422900199890137, 10.893400192260742, 10.78950023651123, 10.394700050354004, 10.497300148010254, 10.028900146484375, 10.609600067138672, 10.619400024414062, 10.659199714660645, 10.192000389099121, 10.68179988861084, 10.407099723815918, 9.023799896240234, 9.987700462341309, 10.652600288391113, 10.110799789428711, 7.7093000411987305, 8.390000343322754, 9.688300132751465, 10.502599716186523, 10.029899597167969, 10.476799964904785, 9.91569995880127, 10.378399848937988, 10.681699752807617, 10.611499786376953, 10.5693998336792, 10.246199607849121, 9.706000328063965, 10.414600372314453, 10.086000442504883, 9.982600212097168, 10.312100410461426, 10.352700233459473, 10.776399612426758, 10.356399536132812, 10.478500366210938, 11.029999732971191, 9.947699546813965, 10.945899963378906, 10.639599800109863, 10.306300163269043, 10.6141996383667, 9.096500396728516, 10.314000129699707, 8.963700294494629, 11.569100379943848, 10.495699882507324, 11.211000442504883, 10.722900390625, 10.72350025177002, 10.97700023651123, 9.678099632263184, 11.218600273132324, 11.589099884033203, 11.364299774169922, 10.796500205993652, 10.893099784851074, 10.869400024414062, 11.54419994354248]"
