item_id,start,freq,target
T716,2015-01-04 00:00:00,W-SUN,"[[6.612599849700928, 8.337300300598145, 6.014200210571289, 8.136099815368652, 8.829500198364258, 9.459099769592285, 7.71619987487793, 6.952400207519531, 6.450200080871582, 10.67199993133545, 11.58549976348877, 11.914400100708008, 11.462300300598145, 11.341400146484375, 12.134599685668945, 12.185700416564941, 11.643600463867188, 11.519800186157227, 11.330400466918945, 12.367799758911133, 11.749500274658203, 12.052200317382812, 11.746800422668457, 12.297499656677246, 12.389399528503418, 12.102999687194824, 11.680399894714355, 12.489500045776367, 12.984399795532227, 12.312700271606445, 13.938400268554688, 13.022199630737305, 10.752599716186523, 12.262900352478027, 11.964799880981445, 11.566499710083008, 11.6899995803833, 12.240400314331055, 9.011899948120117, 10.414899826049805, 10.092000007629395, 10.864500045776367, 11.22719955444336, 9.88479995727539, 10.456700325012207, 10.931099891662598, 12.188599586486816, 10.42080020904541, 9.223699569702148, 12.428000450134277, 14.253399848937988, 11.93019962310791, 9.499799728393555, 11.484999656677246, 11.090900421142578, 10.755200386047363, 12.718600273132324, 10.115900039672852, 7.054599761962891, 13.543299674987793, 10.252799987792969, 7.936200141906738, 7.1666998863220215, 5.756899833679199, 12.59060001373291, 11.219200134277344, 10.066900253295898, 9.277999877929688, 9.717100143432617, 9.186300277709961, 9.289199829101562, 10.96049976348877, 10.760100364685059, 11.06659984588623, 10.526000022888184, 11.1318998336792, 10.93529987335205, 10.651200294494629, 11.050600051879883, 13.26159954071045, 13.597999572753906, 13.368599891662598, 13.635100364685059, 13.935700416564941, 13.43120002746582, 11.448100090026855, 11.185700416564941, 10.413299560546875, 11.188899993896484, 11.109199523925781]]"
