item_id,start,freq,target
T817,2014-12-29,W-SUN,"[4.6631999015808105, 5.538599967956543, 7.136499881744385, 6.654200077056885, 7.477399826049805, 7.696100234985352, 7.770500183105469, 7.655799865722656, 7.1315999031066895, 7.826900005340576, 7.934800148010254, 7.6107001304626465, 8.002599716186523, 7.423500061035156, 7.934000015258789, 7.734600067138672, 7.690700054168701, 7.946199893951416, 7.855899810791016, 8.41569995880127, 7.518400192260742, 8.096599578857422, 8.450499534606934, 8.163000106811523, 8.215999603271484, 8.293000221252441, 6.869800090789795, 8.30210018157959, 8.409899711608887, 8.340399742126465, 7.979100227355957, 8.337499618530273, 8.400099754333496, 8.484800338745117, 8.147600173950195, 7.4644999504089355, 8.332500457763672, 8.418000221252441, 7.94350004196167, 8.251299858093262, 7.689000129699707, 8.450900077819824, 8.77299976348877, 8.330499649047852, 8.567500114440918, 8.707099914550781, 8.01159954071045, 6.947000026702881, 8.169099807739258, 8.510000228881836, 7.65339994430542, 5.404799938201904, 6.118899822235107, 7.996300220489502, 7.632599830627441, 8.418999671936035, 8.34689998626709, 8.011099815368652, 7.952400207519531, 7.94920015335083, 7.915599822998047, 7.312900066375732, 7.180699825286865, 7.776500225067139, 7.917799949645996, 7.6290998458862305, 7.762599945068359, 8.047100067138672, 8.196200370788574, 8.309900283813477, 8.585000038146973, 8.607999801635742, 8.787500381469727, 7.45989990234375, 9.148300170898438, 8.47819995880127, 8.306099891662598, 8.355999946594238, 7.05019998550415, 8.019200325012207, 8.710399627685547, 8.584199905395508, 8.365699768066406, 8.753600120544434, 8.234199523925781, 8.340999603271484, 8.643500328063965, 7.367199897766113, 8.642399787902832, 8.783100128173828, 8.506199836730957, 7.399199962615967, 8.474200248718262, 8.347599983215332, 8.132100105285645, 7.973299980163574]"
