item_id,start,freq,target
T566,2014-12-29,W-SUN,"[10.984100341796875, 12.080499649047852, 12.053999900817871, 10.246999740600586, 12.10200023651123, 12.23069953918457, 8.764100074768066, 10.666999816894531, 9.038200378417969, 12.074399948120117, 11.792699813842773, 12.1673002243042, 17.918899536132812, 18.22249984741211, 16.711599349975586, 18.40239906311035, 11.232799530029297, 18.445899963378906, 16.52720069885254, 11.932700157165527, 9.310700416564941, 6.706699848175049, 6.701300144195557, 6.622799873352051, 6.484799861907959, 6.734399795532227, 5.983399868011475, 6.874000072479248, 6.703999996185303, 6.799300193786621, 6.631100177764893, 6.767099857330322, 6.688899993896484, 7.111599922180176, 6.48199987411499, 6.474999904632568, 7.099999904632568, 7.188000202178955, 6.773099899291992, 6.891499996185303, 6.9567999839782715, 6.724400043487549, 6.736199855804443, 7.115699768066406, 6.763000011444092, 7.072299957275391, 6.7957000732421875, 5.979000091552734, 6.5208001136779785, 7.503699779510498, 7.338600158691406, 4.804900169372559, 5.801000118255615, 6.3566999435424805, 6.592299938201904, 6.55109977722168, 5.7444000244140625, 6.507800102233887, 6.215099811553955, 6.47599983215332, 6.6656999588012695, 6.3516998291015625, 6.105999946594238, 6.7434000968933105, 6.241600036621094, 6.155300140380859, 6.283899784088135, 6.628399848937988, 6.684899806976318, 6.460899829864502, 6.564899921417236, 6.548500061035156, 6.782400131225586, 6.011600017547607, 6.485799789428711, 6.559800148010254, 6.75029993057251, 6.777299880981445, 6.006899833679199, 6.773200035095215, 6.766600131988525, 6.53000020980835, 6.864200115203857, 6.749599933624268, 6.741799831390381, 7.646599769592285, 7.1132001876831055, 6.462800025939941, 7.383299827575684, 7.198400020599365, 7.318299770355225, 7.449900150299072, 7.423099994659424, 6.476900100708008, 6.9721999168396, 6.659999847412109]"
