item_id,start,freq,target
T687,2014-12-29,W-SUN,"[7.897500038146973, 9.931099891662598, 6.1149001121521, 6.709700107574463, 7.13100004196167, 7.430500030517578, 7.210400104522705, 10.069100379943848, 8.948800086975098, 10.856499671936035, 10.487000465393066, 10.118599891662598, 10.613499641418457, 9.660400390625, 10.179100036621094, 10.38010025024414, 9.34850025177002, 9.86620044708252, 10.566499710083008, 10.360199928283691, 9.73900032043457, 10.912599563598633, 10.546899795532227, 10.771900177001953, 8.89579963684082, 10.717700004577637, 9.628499984741211, 10.747400283813477, 11.154899597167969, 8.683199882507324, 10.892000198364258, 10.66349983215332, 10.418499946594238, 10.496199607849121, 10.609000205993652, 9.199999809265137, 11.631999969482422, 11.954500198364258, 11.097900390625, 11.446700096130371, 10.411700248718262, 11.289799690246582, 10.919599533081055, 12.429400444030762, 11.681599617004395, 11.332900047302246, 9.769700050354004, 8.950799942016602, 10.016900062561035, 10.238699913024902, 9.341699600219727, 7.393799781799316, 8.849699974060059, 9.916399955749512, 10.317999839782715, 9.947699546813965, 9.337400436401367, 10.662199974060059, 10.491399765014648, 10.889800071716309, 9.258000373840332, 10.034899711608887, 9.720000267028809, 10.79740047454834, 9.987299919128418, 10.43220043182373, 10.014399528503418, 10.78439998626709, 11.083499908447266, 10.930299758911133, 10.744400024414062, 11.15369987487793, 10.996899604797363, 10.947799682617188, 10.824799537658691, 10.97819995880127, 10.923700332641602, 11.120200157165527, 9.102299690246582, 11.156800270080566, 11.242400169372559, 10.304400444030762, 10.405900001525879, 10.424699783325195, 10.511099815368652, 10.925299644470215, 11.365699768066406, 10.270299911499023, 12.432499885559082, 12.205499649047852, 12.051400184631348, 11.56659984588623, 12.100700378417969, 11.615599632263184, 12.217000007629395, 12.380399703979492]"
