item_id,start,freq,target
T83,2014-12-29,W-SUN,"[7.0447001457214355, 9.026399612426758, 6.064799785614014, 8.843000411987305, 9.39169979095459, 9.817299842834473, 9.736700057983398, 9.744199752807617, 9.166399955749512, 10.205400466918945, 10.121199607849121, 10.255499839782715, 9.79010009765625, 9.213000297546387, 9.715100288391113, 10.72029972076416, 10.277400016784668, 10.380599975585938, 10.156000137329102, 10.577199935913086, 9.412599563598633, 10.343299865722656, 10.069000244140625, 10.053000450134277, 10.184399604797363, 9.907099723815918, 8.940899848937988, 10.214699745178223, 9.941499710083008, 10.055800437927246, 9.945300102233887, 9.780599594116211, 10.055899620056152, 9.885700225830078, 9.667200088500977, 9.48960018157959, 10.679900169372559, 10.601499557495117, 10.3302001953125, 10.757499694824219, 10.50059986114502, 10.895600318908691, 10.983400344848633, 10.608099937438965, 11.412099838256836, 11.236200332641602, 9.994500160217285, 8.789999961853027, 10.354000091552734, 10.829299926757812, 10.139399528503418, 7.500699996948242, 8.656900405883789, 10.174200057983398, 10.029899597167969, 9.80270004272461, 9.863100051879883, 10.451700210571289, 10.144800186157227, 9.930899620056152, 10.271100044250488, 9.438899993896484, 10.159799575805664, 8.774800300598145, 9.685500144958496, 9.906599998474121, 10.030799865722656, 10.60420036315918, 10.351099967956543, 10.037599563598633, 10.536600112915039, 10.442500114440918, 10.907400131225586, 9.47029972076416, 10.397100448608398, 10.517399787902832, 10.400400161743164, 10.257100105285645, 8.942399978637695, 10.077899932861328, 10.083499908447266, 10.255000114440918, 10.45359992980957, 10.327300071716309, 10.545999526977539, 10.425399780273438, 9.985899925231934, 9.885499954223633, 10.712300300598145, 11.446100234985352, 10.91759967803955, 10.557100296020508, 10.645000457763672, 10.608400344848633, 10.181099891662598, 10.071000099182129]"
