item_id,start,freq,target
T91,2015-01-04 00:00:00,W-SUN,"[10.442999839782715, 10.702899932861328, 10.383899688720703, 11.532999992370605, 11.328100204467773, 10.89799976348877, 11.71030044555664, 10.420100212097168, 12.276700019836426, 11.958100318908691, 11.09939956665039, 12.701899528503418, 11.713899612426758, 12.048399925231934, 12.278200149536133, 11.252699851989746, 12.095399856567383, 12.194299697875977, 11.8302001953125, 11.790200233459473, 12.271100044250488, 12.555399894714355, 12.060799598693848, 12.508199691772461, 12.237700462341309, 11.056300163269043, 12.169599533081055, 12.301400184631348, 12.17240047454834, 11.940400123596191, 12.334199905395508, 12.191200256347656, 12.729299545288086, 11.822099685668945, 12.20460033416748, 13.451199531555176, 14.47719955444336, 12.048600196838379, 9.727499961853027, 11.165800094604492, 10.74209976196289, 12.077799797058105, 13.026900291442871, 13.287099838256836, 12.83810043334961, 12.429699897766113, 10.332099914550781, 11.85260009765625, 13.05459976196289, 12.69890022277832, 9.751099586486816, 11.233699798583984, 11.778300285339355, 11.856399536132812, 12.079000473022461, 12.897899627685547, 12.442000389099121, 11.769100189208984, 12.406900405883789, 12.329500198364258, 12.506199836730957, 12.421600341796875, 13.846799850463867, 13.49839973449707, 12.858400344848633, 13.151200294494629, 13.39169979095459, 13.71619987487793, 13.446100234985352, 13.56719970703125, 13.665200233459473, 13.470800399780273, 13.979599952697754, 13.976200103759766, 14.753800392150879, 13.888699531555176, 14.184300422668457, 12.399700164794922, 13.773300170898438, 14.012200355529785, 12.723400115966797, 11.120699882507324, 10.26039981842041, 13.941699981689453, 14.251399993896484, 13.848899841308594, 9.587400436401367, 12.559499740600586, 12.645700454711914, 11.625399589538574]"
