item_id,start,freq,target
T813,2014-12-29,W-SUN,"[6.368100166320801, 7.835999965667725, 5.174799919128418, 7.398799896240234, 7.909800052642822, 7.625500202178955, 6.0655999183654785, 7.494500160217285, 6.579500198364258, 7.583499908447266, 7.787600040435791, 7.764100074768066, 7.556399822235107, 7.30079984664917, 7.73360013961792, 8.304300308227539, 7.965199947357178, 7.586599826812744, 8.88070011138916, 7.6539998054504395, 7.419600009918213, 7.9984002113342285, 7.91510009765625, 7.695300102233887, 7.584000110626221, 7.893400192260742, 7.239999771118164, 8.191900253295898, 7.845099925994873, 7.832699775695801, 7.849400043487549, 7.787399768829346, 7.774700164794922, 8.037699699401855, 7.846700191497803, 7.349800109863281, 8.441900253295898, 7.69320011138916, 7.914599895477295, 7.821300029754639, 7.985199928283691, 7.790500164031982, 7.919000148773193, 7.7256999015808105, 7.769700050354004, 7.916600227355957, 7.640399932861328, 6.679299831390381, 7.7804999351501465, 7.998199939727783, 7.751699924468994, 5.693399906158447, 6.292699813842773, 7.632400035858154, 7.414299964904785, 7.786399841308594, 7.386300086975098, 7.816999912261963, 7.919400215148926, 8.157899856567383, 6.976200103759766, 7.12529993057251, 7.265999794006348, 6.504899978637695, 7.3867998123168945, 7.4552001953125, 7.489099979400635, 7.865799903869629, 7.632199764251709, 7.620299816131592, 6.1402997970581055, 7.524099826812744, 8.398300170898438, 7.122700214385986, 7.857399940490723, 7.46619987487793, 7.52269983291626, 7.718299865722656, 6.710000038146973, 7.630499839782715, 8.027199745178223, 7.5071001052856445, 7.719299793243408, 7.340700149536133, 7.573800086975098, 7.681099891662598, 6.511199951171875, 6.736299991607666, 7.655399799346924, 7.835999965667725, 6.514699935913086, 7.262499809265137, 7.607900142669678, 7.60260009765625, 7.244999885559082, 7.5295000076293945]"
