item_id,start,freq,target
T29,2014-12-29,W-SUN,"[10.216500282287598, 8.661700248718262, 11.833100318908691, 10.591500282287598, 12.449600219726562, 5.73330020904541, 5.73330020904541, 5.73330020904541, 7.317200183868408, 13.482999801635742, 13.782600402832031, 11.129400253295898, 13.704999923706055, 13.685099601745605, 14.021100044250488, 14.096099853515625, 7.951399803161621, 13.787099838256836, 14.40250015258789, 14.006799697875977, 13.859800338745117, 14.255200386047363, 14.30739974975586, 14.47130012512207, 14.791500091552734, 14.87440013885498, 14.368000030517578, 14.576199531555176, 14.753800392150879, 13.779500007629395, 14.684800148010254, 14.673700332641602, 13.027700424194336, 14.09469985961914, 9.70829963684082, 14.731399536132812, 15.193599700927734, 15.376399993896484, 9.646400451660156, 14.891500473022461, 12.768799781799316, 14.059499740600586, 13.699999809265137, 13.663399696350098, 13.858499526977539, 13.378499984741211, 13.769800186157227, 12.379899978637695, 9.469099998474121, 13.312000274658203, 13.093500137329102, 12.754599571228027, 12.373299598693848, 12.491700172424316, 13.005599975585938, 10.963500022888184, 11.221500396728516, 12.873800277709961, 9.68220043182373, 13.322699546813965, 10.890999794006348, 12.02810001373291, 11.549799919128418, 11.607799530029297, 11.92650032043457, 11.240400314331055, 11.86299991607666, 11.5246000289917, 12.376099586486816, 11.871500015258789, 11.913599967956543, 12.09179973602295, 12.348999977111816, 12.313699722290039, 12.478400230407715, 12.738499641418457, 12.312700271606445, 12.555000305175781, 12.076000213623047, 12.238800048828125, 12.46310043334961, 11.394000053405762, 11.99940013885498, 12.192999839782715, 12.580699920654297, 12.668700218200684, 12.94909954071045, 12.170299530029297, 12.39050006866455, 13.42650032043457, 12.77810001373291, 11.935400009155273, 12.869000434875488, 12.580699920654297, 13.367799758911133, 12.977399826049805]"
