item_id,start,freq,target
T230,2014-12-29,W-SUN,"[11.715100288391113, 13.947999954223633, 10.63700008392334, 11.883000373840332, 10.833100318908691, 11.801600456237793, 13.768099784851074, 15.242500305175781, 15.551799774169922, 17.150400161743164, 16.726699829101562, 17.180599212646484, 17.974199295043945, 16.47410011291504, 17.35810089111328, 17.269899368286133, 16.576799392700195, 16.83930015563965, 16.423799514770508, 17.077999114990234, 15.600600242614746, 17.0226993560791, 18.081499099731445, 16.509599685668945, 17.432199478149414, 17.395099639892578, 15.934900283813477, 20.263999938964844, 18.307100296020508, 17.17259979248047, 17.95039939880371, 18.103500366210938, 16.904800415039062, 18.00029945373535, 18.138399124145508, 16.497900009155273, 18.59980010986328, 19.53030014038086, 18.124099731445312, 18.59670066833496, 17.797100067138672, 20.677200317382812, 18.617599487304688, 20.12619972229004, 17.628999710083008, 20.350099563598633, 17.861799240112305, 15.287099838256836, 17.147899627685547, 18.074399948120117, 18.254899978637695, 13.11340045928955, 13.257200241088867, 15.886300086975098, 15.599100112915039, 16.11750030517578, 17.517799377441406, 19.53030014038086, 18.080299377441406, 18.108999252319336, 17.215900421142578, 15.750100135803223, 14.732399940490723, 14.724100112915039, 17.270200729370117, 18.220699310302734, 17.287700653076172, 22.64859962463379, 18.496599197387695, 18.425100326538086, 19.784900665283203, 19.88319969177246, 20.146699905395508, 18.505699157714844, 20.424699783325195, 18.682600021362305, 19.854299545288086, 18.31920051574707, 16.405399322509766, 18.215099334716797, 20.086599349975586, 18.850400924682617, 20.683700561523438, 18.653400421142578, 18.069900512695312, 20.258399963378906, 21.417499542236328, 17.366899490356445, 20.832500457763672, 22.138500213623047, 21.0310001373291, 19.811899185180664, 20.32080078125, 20.1835994720459, 18.17329978942871, 19.769500732421875]"
