item_id,start,freq,target
T573,2015-01-11 00:00:00,W-SUN,"[[10.827099800109863, 11.255399703979492, 10.786100387573242, 10.483200073242188, 10.988699913024902, 11.111000061035156, 10.276300430297852, 10.962400436401367, 11.203200340270996, 11.221099853515625, 11.773699760437012, 11.244999885559082, 11.224499702453613, 11.251399993896484, 11.196000099182129, 11.368200302124023, 11.151000022888184, 11.553999900817871, 10.408599853515625, 11.449299812316895, 11.338700294494629, 11.866900444030762, 11.75409984588623, 11.263799667358398, 10.648599624633789, 11.093099594116211, 11.224300384521484, 11.197199821472168, 11.658699989318848, 11.496399879455566, 11.114800453186035, 11.747200012207031, 11.173600196838379, 10.657999992370605, 11.308600425720215, 11.7878999710083, 11.487799644470215, 11.602899551391602, 11.37600040435791, 11.672499656677246, 11.654500007629395, 11.52560043334961, 11.599499702453613, 11.456700325012207, 12.104100227355957, 9.58430004119873, 11.31760025024414, 11.657099723815918, 12.390700340270996, 9.653300285339355, 9.157500267028809, 10.98009967803955, 11.121000289916992, 11.377300262451172, 10.600500106811523, 11.661399841308594, 11.60159969329834, 10.217599868774414, 12.131400108337402, 12.122900009155273, 12.35569953918457, 10.878499984741211, 12.188599586486816, 12.943900108337402, 12.444299697875977, 12.715900421142578, 12.928299903869629, 12.763299942016602, 12.764900207519531, 12.431500434875488, 12.14799976348877, 11.669899940490723, 12.104700088500977, 12.518600463867188, 13.0516996383667, 12.074000358581543, 11.086799621582031, 11.791799545288086, 12.221500396728516, 11.32759952545166, 11.68019962310791, 12.266400337219238, 12.26259994506836, 12.186400413513184, 12.361599922180176, 10.902899742126465, 12.324399948120117, 12.575699806213379, 12.646499633789062, 12.556300163269043]]"
