item_id,start,freq,target
T846,2015-01-04 00:00:00,W-SUN,"[5.970300197601318, 6.60890007019043, 7.038400173187256, 6.822999954223633, 7.2947001457214355, 7.732399940490723, 5.602200031280518, 7.070000171661377, 6.090000152587891, 7.69920015335083, 4.4567999839782715, 4.762599945068359, 5.303999900817871, 4.586599826812744, 4.401800155639648, 4.925899982452393, 4.963600158691406, 4.855100154876709, 5.163099765777588, 4.859600067138672, 4.172599792480469, 4.893599987030029, 5.606400012969971, 5.910099983215332, 5.642899990081787, 5.175600051879883, 4.538700103759766, 6.205999851226807, 6.3734002113342285, 5.914599895477295, 5.661900043487549, 5.643199920654297, 5.76140022277832, 6.587299823760986, 6.339300155639648, 5.763400077819824, 7.028299808502197, 7.2170000076293945, 6.434800148010254, 6.951600074768066, 5.570799827575684, 6.277299880981445, 6.496099948883057, 7.166200160980225, 6.003600120544434, 7.1458001136779785, 5.000400066375732, 4.315100193023682, 4.836100101470947, 5.2179999351501465, 5.3165998458862305, 3.0617001056671143, 4.0609002113342285, 5.375899791717529, 4.9415998458862305, 5.1793999671936035, 5.506700038909912, 4.732500076293945, 4.8383002281188965, 6.121500015258789, 4.978700160980225, 5.064599990844727, 4.427999973297119, 5.461299896240234, 4.43209981918335, 4.445400238037109, 4.558599948883057, 4.8053998947143555, 5.173299789428711, 6.173600196838379, 6.370800018310547, 6.594200134277344, 5.874800205230713, 5.696700096130371, 5.908899784088135, 5.930500030517578, 5.008200168609619, 4.604400157928467, 3.987799882888794, 5.059800148010254, 4.992199897766113, 4.554999828338623, 5.139400005340576, 4.700699806213379, 5.185699939727783, 5.736999988555908, 5.705999851226807, 4.607600212097168, 5.406700134277344, 5.698999881744385]"
