item_id,start,freq,target
T731,2015-01-04 00:00:00,W-SUN,"[5.0100998878479, 3.4934000968933105, 5.134500026702881, 5.277500152587891, 5.2789998054504395, 5.310800075531006, 5.252999782562256, 4.9197001457214355, 5.565199851989746, 5.5578999519348145, 5.583000183105469, 5.571199893951416, 5.454500198364258, 5.7530999183654785, 5.588399887084961, 5.553699970245361, 5.561399936676025, 5.6682000160217285, 5.5991997718811035, 5.454899787902832, 5.722300052642822, 5.765900135040283, 5.781400203704834, 5.814499855041504, 5.769000053405762, 5.502500057220459, 5.762599945068359, 5.793300151824951, 5.888700008392334, 5.794400215148926, 5.8130998611450195, 5.826099872589111, 5.826099872589111, 5.772799968719482, 5.514100074768066, 5.75570011138916, 5.76609992980957, 5.719299793243408, 5.740300178527832, 5.600299835205078, 5.740200042724609, 5.853899955749512, 5.62470006942749, 5.768599987030029, 5.822400093078613, 5.813000202178955, 5.282199859619141, 5.675899982452393, 5.807600021362305, 5.935500144958496, 5.164700031280518, 5.110400199890137, 5.421199798583984, 5.456699848175049, 5.576200008392334, 5.548399925231934, 5.458399772644043, 5.753200054168701, 5.620800018310547, 5.607399940490723, 5.420599937438965, 5.452600002288818, 5.4293999671936035, 5.829800128936768, 5.727799892425537, 5.5904998779296875, 5.724299907684326, 5.7342000007629395, 5.806600093841553, 5.854100227355957, 5.9791998863220215, 5.967599868774414, 5.721099853515625, 6.030900001525879, 6.111000061035156, 5.947999954223633, 6.113100051879883, 5.607999801635742, 6.032400131225586, 6.235199928283691, 5.979800224304199, 6.127200126647949, 5.226099967956543, 5.7993998527526855, 5.663000106811523, 5.609099864959717, 5.439000129699707, 5.502399921417236, 5.708899974822998, 5.577300071716309]"
