item_id,start,freq,target
T364,2014-12-29,W-SUN,"[9.831899642944336, 12.036600112915039, 12.872099876403809, 11.440799713134766, 12.401900291442871, 10.52239990234375, 9.650300025939941, 10.291399955749512, 9.182600021362305, 10.221699714660645, 10.003299713134766, 9.980799674987793, 9.761099815368652, 8.294300079345703, 9.140800476074219, 10.083200454711914, 10.295100212097168, 10.420299530029297, 10.178000450134277, 9.722999572753906, 9.743900299072266, 10.678600311279297, 10.862899780273438, 10.098899841308594, 10.138999938964844, 9.849200248718262, 8.753499984741211, 10.853599548339844, 10.138400077819824, 10.037300109863281, 9.61970043182373, 9.783300399780273, 11.685400009155273, 10.73740005493164, 10.492799758911133, 9.473299980163574, 10.391400337219238, 8.657500267028809, 8.110099792480469, 7.308899879455566, 7.039000034332275, 6.383900165557861, 6.899600028991699, 8.057499885559082, 12.977100372314453, 13.539999961853027, 14.26099967956543, 11.4552001953125, 11.291600227355957, 13.53320026397705, 14.032699584960938, 10.910799980163574, 10.204400062561035, 12.461299896240234, 11.199899673461914, 12.115900039672852, 11.914899826049805, 13.036199569702148, 11.196499824523926, 13.524100303649902, 9.249600410461426, 7.700500011444092, 7.702400207519531, 7.700500011444092, 7.700500011444092, 7.700500011444092, 7.700500011444092, 8.42020034790039, 13.763699531555176, 13.312299728393555, 13.150099754333496, 13.71500015258789, 14.154999732971191, 13.226300239562988, 10.256400108337402, 7.700500011444092, 7.700500011444092, 7.700500011444092, 7.700500011444092, 7.700500011444092, 7.700500011444092, 7.700500011444092, 7.700500011444092, 7.700500011444092, 7.700500011444092, 7.700500011444092, 7.700500011444092, 7.700500011444092, 7.700500011444092, 7.700500011444092, 7.700399875640869, 7.700500011444092, 7.700500011444092, 7.700500011444092, 10.494600296020508, 13.174500465393066]"
