item_id,start,freq,target
T708,2015-02-08 00:00:00,W-SUN,"[[7.201399803161621, 7.437900066375732, 7.009099960327148, 7.778500080108643, 7.299699783325195, 8.213700294494629, 9.146100044250488, 6.663400173187256, 10.040399551391602, 9.600700378417969, 9.602999687194824, 9.29640007019043, 9.604599952697754, 10.140299797058105, 8.769800186157227, 9.876899719238281, 9.59689998626709, 10.287799835205078, 10.317999839782715, 9.571700096130371, 8.894700050354004, 10.102399826049805, 9.992899894714355, 9.824700355529785, 10.602800369262695, 10.455300331115723, 10.648900032043457, 11.08590030670166, 10.515399932861328, 9.465399742126465, 10.809499740600586, 10.851499557495117, 10.629199981689453, 11.053000450134277, 10.51990032196045, 10.891799926757812, 10.407299995422363, 10.825200080871582, 10.481599807739258, 10.595600128173828, 11.098199844360352, 8.601900100708008, 10.647899627685547, 11.218899726867676, 11.546799659729004, 8.507699966430664, 7.456500053405762, 10.311599731445312, 9.773900032043457, 10.48740005493164, 9.745200157165527, 10.429200172424316, 10.265899658203125, 11.401599884033203, 11.150699615478516, 10.5246000289917, 11.499099731445312, 7.8165998458862305, 10.720199584960938, 7.688399791717529, 8.489700317382812, 9.660499572753906, 10.89109992980957, 10.887299537658691, 10.810700416564941, 11.484299659729004, 11.520099639892578, 11.258700370788574, 11.772899627685547, 12.051899909973145, 12.566900253295898, 11.560600280761719, 10.342900276184082, 11.462900161743164, 11.25100040435791, 10.885000228881836, 10.95460033416748, 11.701800346374512, 11.630999565124512, 11.645099639892578, 11.791299819946289, 10.46090030670166, 12.017000198364258, 12.064800262451172, 12.319299697875977, 12.142499923706055, 11.69159984588623, 10.876700401306152, 11.60260009765625, 11.287799835205078]]"
