item_id,start,freq,target
T176,2014-12-29,W-SUN,"[6.087399959564209, 7.8902997970581055, 7.178599834442139, 7.318600177764893, 7.633600234985352, 7.878200054168701, 7.509200096130371, 7.825200080871582, 6.961400032043457, 7.815400123596191, 7.520299911499023, 7.631999969482422, 6.833700180053711, 6.960899829864502, 7.383500099182129, 7.6296000480651855, 7.615200042724609, 7.453999996185303, 7.374599933624268, 7.439799785614014, 6.942800045013428, 7.6570000648498535, 7.175899982452393, 6.984899997711182, 7.118899822235107, 7.178800106048584, 6.435400009155273, 7.78849983215332, 7.7916998863220215, 6.9903998374938965, 7.122900009155273, 7.301499843597412, 7.4492998123168945, 7.462399959564209, 7.3856000900268555, 7.138999938964844, 7.550600051879883, 7.905600070953369, 7.85260009765625, 7.451900005340576, 6.982900142669678, 7.207499980926514, 7.2906999588012695, 7.445499897003174, 7.285900115966797, 7.351099967956543, 7.150400161743164, 6.657599925994873, 7.549699783325195, 8.060999870300293, 7.262199878692627, 5.620500087738037, 7.202400207519531, 7.412199974060059, 7.524400234222412, 7.688499927520752, 6.7941999435424805, 7.460999965667725, 7.527599811553955, 7.5081000328063965, 7.785299777984619, 7.9430999755859375, 7.387700080871582, 7.480299949645996, 7.016900062561035, 7.188199996948242, 7.424200057983398, 7.722799777984619, 8.073200225830078, 7.583700180053711, 7.941100120544434, 7.914100170135498, 8.144599914550781, 7.22730016708374, 7.845200061798096, 7.8343000411987305, 7.753399848937988, 6.575300216674805, 5.219200134277344, 6.320000171661377, 6.040800094604492, 5.861499786376953, 5.745100021362305, 5.790299892425537, 6.167300224304199, 5.748000144958496, 7.0493998527526855, 7.126399993896484, 7.964399814605713, 7.837299823760986, 7.627999782562256, 7.840199947357178, 7.650599956512451, 7.950500011444092, 8.132499694824219, 7.684700012207031]"
