item_id,start,freq,target
T823,2014-12-29,W-SUN,"[9.495499610900879, 12.040800094604492, 11.216500282287598, 12.335700035095215, 13.440899848937988, 15.828200340270996, 13.792799949645996, 13.581299781799316, 11.911100387573242, 14.104299545288086, 13.13640022277832, 12.898200035095215, 13.127400398254395, 10.479000091552734, 14.20419979095459, 13.289600372314453, 11.03439998626709, 13.049200057983398, 12.227499961853027, 13.063400268554688, 12.88129997253418, 10.630499839782715, 11.305299758911133, 11.875499725341797, 14.157500267028809, 13.939200401306152, 13.987299919128418, 14.8016996383667, 14.222999572753906, 13.831299781799316, 13.629500389099121, 14.828200340270996, 13.822099685668945, 13.841500282287598, 12.735699653625488, 13.029399871826172, 11.513299942016602, 14.194999694824219, 11.280900001525879, 13.79889965057373, 13.792099952697754, 13.344400405883789, 13.295299530029297, 13.974200248718262, 11.280799865722656, 13.736499786376953, 8.902999877929688, 5.125, 6.967800140380859, 6.22130012512207, 6.22760009765625, 5.146500110626221, 5.094900131225586, 6.706900119781494, 7.977499961853027, 8.418800354003906, 7.309899806976318, 10.455400466918945, 9.648900032043457, 6.877500057220459, 7.5833001136779785, 8.633199691772461, 9.076800346374512, 9.707300186157227, 10.102100372314453, 10.933799743652344, 9.396499633789062, 10.551300048828125, 8.574399948120117, 10.866299629211426, 9.78499984741211, 11.40839958190918, 8.185400009155273, 5.822999954223633, 5.962200164794922, 6.0071001052856445, 6.171999931335449, 6.181399822235107, 5.905700206756592, 6.098599910736084, 6.2154998779296875, 6.081900119781494, 6.253399848937988, 6.277500152587891, 6.369200229644775, 6.323299884796143, 6.463099956512451, 5.963099956512451, 6.266900062561035, 6.34689998626709, 6.394400119781494, 6.261000156402588, 6.253200054168701, 6.1844000816345215, 6.360799789428711, 5.9695000648498535]"
