item_id,start,freq,target
T806,2014-12-29,W-SUN,"[7.044899940490723, 8.093400001525879, 8.034600257873535, 7.980299949645996, 8.045700073242188, 7.962100028991699, 8.246800422668457, 8.004300117492676, 7.408100128173828, 8.36299991607666, 8.3858003616333, 8.510000228881836, 8.578300476074219, 8.325200080871582, 8.487000465393066, 8.617199897766113, 8.503100395202637, 8.582200050354004, 8.446599960327148, 8.32129955291748, 7.995699882507324, 8.589500427246094, 8.620100021362305, 8.652000427246094, 8.76099967956543, 8.798999786376953, 7.8607001304626465, 8.676899909973145, 8.575400352478027, 8.643400192260742, 8.649200439453125, 8.546799659729004, 8.450200080871582, 8.584600448608398, 8.248100280761719, 7.983399868011475, 8.524499893188477, 8.719599723815918, 8.440999984741211, 8.534500122070312, 8.420100212097168, 8.500900268554688, 8.4798002243042, 8.161100387573242, 8.485600471496582, 8.555299758911133, 8.411700248718262, 7.557000160217285, 8.417200088500977, 8.524800300598145, 8.686400413513184, 7.178899765014648, 7.301799774169922, 8.172900199890137, 8.124799728393555, 8.242199897766113, 7.599299907684326, 8.187100410461426, 8.141400337219238, 8.440899848937988, 8.412500381469727, 8.162300109863281, 8.285799980163574, 8.647100448608398, 8.773200035095215, 8.51710033416748, 8.524399757385254, 8.656100273132324, 8.677399635314941, 8.793100357055664, 8.844400405883789, 9.103899955749512, 9.052499771118164, 8.505000114440918, 9.156000137329102, 9.476699829101562, 9.197500228881836, 9.15530014038086, 8.265399932861328, 9.118000030517578, 9.072999954223633, 8.673999786376953, 8.902799606323242, 8.939399719238281, 8.978500366210938, 8.87600040435791, 8.862199783325195, 8.152199745178223, 9.691699981689453, 8.976099967956543, 8.755900382995605, 8.93239974975586, 8.766799926757812, 8.409799575805664, 8.688199996948242, 8.465100288391113]"
