item_id,start,freq,target
T249,2015-02-08 00:00:00,W-SUN,"[[14.004899978637695, 14.117199897766113, 14.482999801635742, 16.08209991455078, 16.506799697875977, 16.49220085144043, 18.258399963378906, 18.379100799560547, 15.288399696350098, 7.452199935913086, 7.273600101470947, 7.375100135803223, 7.645699977874756, 7.551000118255615, 6.977700233459473, 7.465099811553955, 7.494699954986572, 7.321300029754639, 7.303999900817871, 7.453100204467773, 6.5833001136779785, 7.264599800109863, 7.40910005569458, 7.479700088500977, 7.371799945831299, 7.40910005569458, 7.3007001876831055, 7.455399990081787, 6.709400177001953, 6.688600063323975, 7.344399929046631, 7.168700218200684, 7.083199977874756, 7.327499866485596, 7.04010009765625, 7.315499782562256, 7.364099979400635, 7.139800071716309, 7.063199996948242, 7.2957000732421875, 7.080900192260742, 6.254199981689453, 7.173399925231934, 7.416100025177002, 7.063000202178955, 5.198200225830078, 6.071499824523926, 7.005000114440918, 6.740900039672852, 6.9857001304626465, 7.085400104522705, 7.263199806213379, 7.1230998039245605, 7.326099872589111, 7.284900188446045, 7.072500228881836, 7.02269983291626, 6.728300094604492, 7.292600154876709, 7.195000171661377, 7.294300079345703, 7.307499885559082, 7.284599781036377, 7.3520002365112305, 7.383900165557861, 7.302999973297119, 7.529799938201904, 6.885200023651123, 7.465000152587891, 7.313499927520752, 7.479599952697754, 7.48330020904541, 6.597300052642822, 7.475100040435791, 7.417099952697754, 7.355199813842773, 7.38539981842041, 7.464300155639648, 7.496200084686279, 7.541399955749512, 7.389500141143799, 6.7357001304626465, 7.439799785614014, 7.514800071716309, 7.385799884796143, 7.3983001708984375, 7.383800029754639, 7.180099964141846, 6.975200176239014, 6.962900161743164]]"
