item_id,start,freq,target
T380,2015-02-01 00:00:00,W-SUN,"[[7.861400127410889, 6.156899929046631, 7.438000202178955, 6.939700126647949, 7.6504998207092285, 7.829599857330322, 7.663400173187256, 7.924300193786621, 6.545300006866455, 7.598499774932861, 7.700500011444092, 7.700500011444092, 7.700500011444092, 7.700500011444092, 7.700500011444092, 7.700500011444092, 7.707699775695801, 9.065199851989746, 11.430299758911133, 10.632200241088867, 8.951399803161621, 7.32919979095459, 9.906800270080566, 10.262700080871582, 9.857799530029297, 8.907400131225586, 8.75059986114502, 9.813899993896484, 9.962800025939941, 9.478300094604492, 8.58549976348877, 10.848799705505371, 10.19219970703125, 7.593699932098389, 10.032899856567383, 9.748700141906738, 10.2568998336792, 9.456600189208984, 10.056400299072266, 9.398599624633789, 10.135600090026855, 8.141200065612793, 7.12939977645874, 8.508299827575684, 9.234800338745117, 7.756100177764893, 4.742099761962891, 6.549499988555908, 8.844400405883789, 8.350600242614746, 9.067399978637695, 8.33549976348877, 8.171699523925781, 7.86959981918335, 8.8818998336792, 8.743300437927246, 8.773200035095215, 8.289999961853027, 8.680500030517578, 8.647000312805176, 7.06220006942749, 8.75059986114502, 9.583200454711914, 10.156000137329102, 9.742300033569336, 9.994799613952637, 10.780699729919434, 9.661999702453613, 8.840100288391113, 10.804499626159668, 9.547300338745117, 7.788000106811523, 9.170299530029297, 6.9222002029418945, 10.213399887084961, 10.00570011138916, 9.757599830627441, 10.168800354003906, 7.951499938964844, 9.312199592590332, 9.361700057983398, 9.300200462341309, 7.795300006866455, 9.792799949645996, 11.235699653625488, 10.567000389099121, 10.060999870300293, 9.062700271606445, 9.193900108337402, 9.31149959564209]]"
