item_id,start,freq,target
T404,2015-01-25 00:00:00,W-SUN,"[9.819499969482422, 10.351200103759766, 8.97439956665039, 10.299099922180176, 10.091099739074707, 10.337800025939941, 10.044899940490723, 9.611800193786621, 9.79800033569336, 8.509499549865723, 10.171699523925781, 10.659299850463867, 9.621000289916992, 11.058699607849121, 10.185700416564941, 10.08530044555664, 8.675200462341309, 10.683699607849121, 11.396100044250488, 9.827199935913086, 11.522500038146973, 11.056400299072266, 8.231100082397461, 11.60159969329834, 11.250200271606445, 11.731100082397461, 10.184900283813477, 10.245200157165527, 8.100000381469727, 10.593500137329102, 9.162300109863281, 9.889699935913086, 11.632399559020996, 11.789400100708008, 10.095499992370605, 10.23289966583252, 10.176600456237793, 11.389200210571289, 11.373900413513184, 11.544599533081055, 11.400699615478516, 11.280699729919434, 8.851900100708008, 7.586900234222412, 8.669400215148926, 8.525400161743164, 7.508399963378906, 5.678400039672852, 7.228799819946289, 9.696999549865723, 8.978099822998047, 8.833600044250488, 9.979100227355957, 9.628299713134766, 8.806300163269043, 10.449899673461914, 10.879599571228027, 8.478599548339844, 9.059399604797363, 9.537699699401855, 8.661600112915039, 9.844200134277344, 9.247300148010254, 10.160499572753906, 10.81719970703125, 10.302499771118164, 10.166199684143066, 11.139200210571289, 10.356200218200684, 9.57960033416748, 10.320300102233887, 10.823699951171875, 10.901200294494629, 10.758299827575684, 7.292500019073486, 10.586400032043457, 11.105999946594238, 10.402999877929688, 10.309800148010254, 8.732600212097168, 10.45259952545166, 9.991399765014648, 9.19480037689209, 8.511699676513672, 11.856599807739258, 10.416600227355957, 11.662300109863281, 10.176199913024902, 9.085399627685547, 10.634400367736816]"
