item_id,start,freq,target
T648,2014-12-29,W-SUN,"[7.419000148773193, 6.896200180053711, 8.895999908447266, 7.726099967956543, 9.559100151062012, 9.147600173950195, 7.614299774169922, 8.923199653625488, 7.889900207519531, 10.426400184631348, 10.361800193786621, 8.289299964904785, 10.223799705505371, 9.702699661254883, 10.752799987792969, 10.358099937438965, 7.040299892425537, 10.069600105285645, 10.761699676513672, 10.724100112915039, 10.183899879455566, 10.1181001663208, 9.999799728393555, 10.3774995803833, 10.77810001373291, 10.349100112915039, 9.784500122070312, 10.383999824523926, 10.163000106811523, 10.25100040435791, 10.628899574279785, 10.46030044555664, 9.186599731445312, 8.431599617004395, 5.73330020904541, 5.73330020904541, 5.73330020904541, 9.59000015258789, 7.475900173187256, 10.124500274658203, 6.332399845123291, 5.73330020904541, 5.73330020904541, 5.725399971008301, 5.73330020904541, 5.73330020904541, 9.971699714660645, 7.920499801635742, 7.599899768829346, 10.282400131225586, 9.297499656677246, 8.259599685668945, 9.054499626159668, 9.28950023651123, 8.92020034790039, 7.178999900817871, 5.73330020904541, 5.73330020904541, 5.73330020904541, 5.73330020904541, 5.73330020904541, 5.73330020904541, 5.735499858856201, 8.596599578857422, 8.87399959564209, 10.150500297546387, 10.524100303649902, 10.524999618530273, 11.437899589538574, 10.81410026550293, 11.269100189208984, 11.357000350952148, 11.932299613952637, 11.51200008392334, 11.412699699401855, 12.758600234985352, 15.435700416564941, 14.341400146484375, 13.235600471496582, 14.982399940490723, 14.576399803161621, 14.505399703979492, 15.369000434875488, 15.987600326538086, 17.42180061340332, 15.186699867248535, 14.48330020904541, 14.640399932861328, 14.25220012664795, 16.05139923095703, 16.044300079345703, 12.493800163269043, 14.422200202941895, 13.479700088500977, 15.672800064086914, 12.733799934387207]"
