item_id,start,freq,target
T502,2014-12-29,W-SUN,"[3.889899969100952, 3.889899969100952, 3.889899969100952, 3.889899969100952, 3.889899969100952, 4.361100196838379, 4.264500141143799, 4.407899856567383, 4.062099933624268, 6.248499870300293, 6.088900089263916, 6.428699970245361, 6.315400123596191, 6.301599979400635, 6.083399772644043, 6.260300159454346, 6.132999897003174, 6.540500164031982, 5.9380998611450195, 6.283400058746338, 5.975399971008301, 6.221799850463867, 6.673799991607666, 6.3881001472473145, 6.568900108337402, 6.427499771118164, 6.0233001708984375, 6.381800174713135, 5.925899982452393, 6.539400100708008, 6.822999954223633, 6.144700050354004, 6.446199893951416, 6.594299793243408, 6.613999843597412, 6.31790018081665, 6.607100009918213, 6.553699970245361, 6.399700164794922, 6.650700092315674, 6.465799808502197, 6.480899810791016, 6.624000072479248, 6.743299961090088, 6.362299919128418, 6.684199810028076, 6.730100154876709, 6.151400089263916, 7.445400238037109, 6.98859977722168, 6.806700229644775, 6.111599922180176, 4.839600086212158, 6.097499847412109, 5.849699974060059, 5.42110013961792, 4.023499965667725, 3.889899969100952, 3.889899969100952, 3.889899969100952, 3.889899969100952, 3.889899969100952, 3.891200065612793, 3.889899969100952, 3.889899969100952, 3.889899969100952, 3.889899969100952, 3.889899969100952, 3.889899969100952, 3.889899969100952, 3.889899969100952, 3.889899969100952, 3.889899969100952, 3.889899969100952, 3.889899969100952, 3.889899969100952, 3.889899969100952, 3.889899969100952, 3.889899969100952, 3.889899969100952, 3.889899969100952, 3.889899969100952, 3.889899969100952, 3.889899969100952, 3.889899969100952, 3.889899969100952, 3.889899969100952, 3.889899969100952, 3.889899969100952, 3.889899969100952, 3.889899969100952, 3.889899969100952, 3.889899969100952, 3.889899969100952, 3.889899969100952, 3.889899969100952]"
