item_id,start,freq,target
T654,2014-12-29,W-SUN,"[7.464000225067139, 7.197999954223633, 9.759400367736816, 9.179900169372559, 10.156299591064453, 9.899200439453125, 10.199700355529785, 10.3858003616333, 9.368599891662598, 11.257200241088867, 10.963199615478516, 11.101400375366211, 11.773099899291992, 11.313300132751465, 11.840800285339355, 11.26990032196045, 11.435600280761719, 11.34179973602295, 11.522199630737305, 11.502599716186523, 12.233599662780762, 11.458600044250488, 11.371100425720215, 11.87030029296875, 12.224599838256836, 11.800100326538086, 11.190699577331543, 11.887100219726562, 11.671199798583984, 12.348600387573242, 12.330699920654297, 12.003399848937988, 12.046299934387207, 11.491999626159668, 12.212300300598145, 12.093400001525879, 10.887499809265137, 11.682600021362305, 11.591699600219727, 11.54699993133545, 9.951899528503418, 11.315400123596191, 10.663900375366211, 10.681699752807617, 6.512499809265137, 5.73330020904541, 5.73330020904541, 5.73330020904541, 5.73330020904541, 5.73330020904541, 7.206600189208984, 7.214099884033203, 7.214099884033203, 7.214099884033203, 7.214099884033203, 5.740799903869629, 5.73330020904541, 5.73330020904541, 5.73330020904541, 5.73330020904541, 5.281700134277344, 5.73330020904541, 5.735499858856201, 5.73330020904541, 5.73330020904541, 6.682300090789795, 11.025300025939941, 11.199600219726562, 11.622400283813477, 11.270000457763672, 11.674300193786621, 11.680800437927246, 11.486100196838379, 11.9443998336792, 11.403599739074707, 11.825400352478027, 14.241299629211426, 13.622099876403809, 12.434900283813477, 14.198599815368652, 13.841699600219727, 13.303199768066406, 14.278300285339355, 15.137800216674805, 16.75040054321289, 10.612799644470215, 14.015000343322754, 13.772700309753418, 13.700499534606934, 15.213899612426758, 15.24020004272461, 11.559300422668457, 11.720499992370605, 13.08489990234375, 15.117500305175781, 11.536100387573242]"
