item_id,start,freq,target
T431,2014-12-29,W-SUN,"[4.193600177764893, 5.475500106811523, 6.540599822998047, 6.327499866485596, 7.649799823760986, 6.660999774932861, 7.410200119018555, 8.772100448608398, 7.386600017547607, 7.700200080871582, 6.994100093841553, 6.973999977111816, 7.082099914550781, 6.259399890899658, 7.754000186920166, 7.3618998527526855, 6.5665998458862305, 7.020100116729736, 8.212300300598145, 7.618899822235107, 9.166899681091309, 5.757699966430664, 7.621699810028076, 8.271300315856934, 7.138299942016602, 7.8383002281188965, 5.670599937438965, 6.640600204467773, 6.9120001792907715, 6.550099849700928, 6.880000114440918, 7.124100208282471, 8.309300422668457, 8.223299980163574, 7.520699977874756, 8.183199882507324, 8.620599746704102, 10.817099571228027, 8.884699821472168, 8.860199928283691, 8.82289981842041, 9.109700202941895, 8.969799995422363, 9.062600135803223, 9.847399711608887, 10.523799896240234, 11.712499618530273, 7.4653000831604, 10.23330020904541, 9.341300010681152, 8.834600448608398, 3.638000011444092, 4.429800033569336, 7.80109977722168, 7.070300102233887, 9.135499954223633, 9.762299537658691, 8.670700073242188, 9.178000450134277, 8.919599533081055, 8.734600067138672, 7.068900108337402, 8.073200225830078, 9.788299560546875, 8.36050033569336, 6.583199977874756, 9.186599731445312, 7.6458001136779785, 11.007599830627441, 9.407400131225586, 9.40369987487793, 8.832099914550781, 9.961600303649902, 8.102299690246582, 9.661700248718262, 9.031399726867676, 8.706700325012207, 9.452199935913086, 7.198699951171875, 8.473899841308594, 8.708800315856934, 9.161999702453613, 7.937399864196777, 9.76449966430664, 7.923600196838379, 8.441499710083008, 9.91819953918457, 7.854599952697754, 9.452099800109863, 10.006199836730957, 10.665499687194824, 8.660599708557129, 9.684900283813477, 9.706100463867188, 11.783599853515625, 8.99370002746582]"
