item_id,start,freq,target
T500,2014-12-29,W-SUN,"[8.665900230407715, 10.05150032043457, 9.930500030517578, 9.389100074768066, 9.918299674987793, 7.853899955749512, 7.618100166320801, 7.660699844360352, 6.959000110626221, 7.325200080871582, 7.820199966430664, 8.003000259399414, 8.163700103759766, 7.767000198364258, 7.977799892425537, 8.034500122070312, 7.9405999183654785, 8.050200462341309, 7.955900192260742, 8.00979995727539, 7.499199867248535, 8.107000350952148, 8.22249984741211, 8.392200469970703, 8.473299980163574, 8.535400390625, 8.15999984741211, 8.210000038146973, 11.605600357055664, 8.623800277709961, 8.274700164794922, 8.15779972076416, 7.986199855804443, 8.092100143432617, 7.81790018081665, 7.856400012969971, 8.318300247192383, 8.015299797058105, 7.943299770355225, 8.106100082397461, 8.02750015258789, 8.103500366210938, 8.023900032043457, 7.720300197601318, 7.9380998611450195, 7.915500164031982, 8.012200355529785, 7.097700119018555, 7.988100051879883, 7.971199989318848, 8.878399848937988, 6.672599792480469, 6.602099895477295, 7.6128997802734375, 7.871799945831299, 7.9822998046875, 7.133600234985352, 8.184800148010254, 8.152299880981445, 7.883299827575684, 7.817399978637695, 7.552299976348877, 7.850399971008301, 8.111100196838379, 8.217300415039062, 7.95550012588501, 7.825300216674805, 8.136699676513672, 8.055000305175781, 8.038700103759766, 8.694600105285645, 8.434700012207031, 8.904600143432617, 7.996799945831299, 8.544899940490723, 8.777999877929688, 8.719799995422363, 8.687299728393555, 7.710400104522705, 8.5733003616333, 8.732799530029297, 8.505200386047363, 8.449799537658691, 8.49120044708252, 8.550200462341309, 8.367899894714355, 8.263999938964844, 7.646999835968018, 8.410900115966797, 8.53499984741211, 8.398699760437012, 8.333999633789062, 8.366499900817871, 8.07699966430664, 8.343999862670898, 8.071700096130371]"
