item_id,start,freq,target
T688,2015-01-04 00:00:00,W-SUN,"[11.07919979095459, 11.361700057983398, 11.182000160217285, 11.072799682617188, 10.564000129699707, 11.129199981689453, 11.43910026550293, 9.457900047302246, 10.780699729919434, 11.093000411987305, 11.49470043182373, 11.563300132751465, 10.515899658203125, 11.385499954223633, 11.075599670410156, 9.591099739074707, 11.173700332641602, 11.954700469970703, 11.235899925231934, 10.624699592590332, 11.529899597167969, 11.39780044555664, 12.389699935913086, 11.70359992980957, 11.651399612426758, 10.14109992980957, 12.136500358581543, 11.795100212097168, 8.011300086975098, 7.092700004577637, 7.032899856567383, 8.739700317382812, 7.071000099182129, 7.100399971008301, 6.689499855041504, 6.809800148010254, 6.611999988555908, 7.019400119781494, 6.9532999992370605, 6.778200149536133, 7.040299892425537, 7.031799793243408, 6.815199851989746, 6.781799793243408, 6.847400188446045, 6.860000133514404, 6.455599784851074, 7.022299766540527, 6.820499897003174, 6.908899784088135, 6.220900058746338, 6.233399868011475, 6.718299865722656, 6.931399822235107, 6.966599941253662, 6.841800212860107, 6.814199924468994, 7.4197998046875, 6.951099872589111, 8.392000198364258, 10.884200096130371, 10.833900451660156, 11.22719955444336, 10.434800148010254, 9.913599967956543, 9.783699989318848, 10.326899528503418, 10.180299758911133, 10.139900207519531, 10.576299667358398, 11.027299880981445, 11.464500427246094, 10.615799903869629, 11.473099708557129, 12.141599655151367, 11.244600296020508, 11.913399696350098, 9.563199996948242, 11.145899772644043, 12.137800216674805, 11.063899993896484, 11.071599960327148, 11.829099655151367, 11.233499526977539, 11.83590030670166, 11.017499923706055, 10.38379955291748, 10.9753999710083, 10.90060043334961, 10.04259967803955]"
