item_id,start,freq,target
T357,2014-12-29,W-SUN,"[8.022600173950195, 11.775899887084961, 7.868199825286865, 10.247300148010254, 12.219900131225586, 11.786100387573242, 10.263999938964844, 10.987799644470215, 9.910499572753906, 12.296699523925781, 12.169300079345703, 12.973299980163574, 12.8149995803833, 10.969900131225586, 12.23009967803955, 12.379899978637695, 12.17140007019043, 13.512299537658691, 13.307000160217285, 13.519000053405762, 11.960100173950195, 14.531900405883789, 13.61359977722168, 14.359800338745117, 14.63640022277832, 15.121700286865234, 12.186100006103516, 14.058199882507324, 13.842100143432617, 13.43589973449707, 14.59589958190918, 14.460800170898438, 13.219300270080566, 13.949199676513672, 14.111499786376953, 12.759300231933594, 14.537799835205078, 14.60319995880127, 13.191800117492676, 17.18429946899414, 14.335599899291992, 14.312100410461426, 12.1697998046875, 11.753000259399414, 11.50510025024414, 11.714300155639648, 12.138999938964844, 10.54889965057373, 11.032899856567383, 11.860199928283691, 11.605299949645996, 9.456899642944336, 9.91670036315918, 11.36139965057373, 11.07859992980957, 11.258899688720703, 12.140700340270996, 11.87720012664795, 11.108200073242188, 10.691200256347656, 10.000300407409668, 6.959499835968018, 6.991099834442139, 6.995999813079834, 7.406199932098389, 7.493299961090088, 7.378200054168701, 6.2581000328063965, 7.474899768829346, 7.499800205230713, 7.572700023651123, 7.2104997634887695, 7.620699882507324, 7.228799819946289, 7.741199970245361, 7.593500137329102, 6.536300182342529, 6.9903998374938965, 5.749000072479248, 6.9791998863220215, 7.595699787139893, 7.5767998695373535, 6.86899995803833, 7.452499866485596, 6.909999847412109, 6.571100234985352, 7.5071001052856445, 7.228899955749512, 8.411800384521484, 11.168800354003906, 10.110199928283691, 10.128700256347656, 10.306599617004395, 10.087400436401367, 10.035300254821777, 10.429200172424316]"
