item_id,start,freq,target
T653,2015-02-08 00:00:00,W-SUN,"[6.462900161743164, 6.555300235748291, 5.954999923706055, 6.988900184631348, 7.076700210571289, 6.972700119018555, 7.219200134277344, 6.857800006866455, 7.005300045013428, 7.087900161743164, 6.946400165557861, 7.307700157165527, 7.440000057220459, 7.738900184631348, 7.705999851226807, 7.828499794006348, 7.880199909210205, 8.043899536132812, 7.906499862670898, 14.429200172424316, 8.698699951171875, 11.656499862670898, 11.845000267028809, 11.025099754333496, 8.431599617004395, 8.711899757385254, 9.36709976196289, 8.34060001373291, 8.270099639892578, 10.487299919128418, 9.838800430297852, 9.781499862670898, 9.424599647521973, 14.092000007629395, 12.782999992370605, 11.123100280761719, 12.840299606323242, 9.983499526977539, 8.30739974975586, 9.072500228881836, 10.467900276184082, 6.600100040435791, 7.917799949645996, 6.853799819946289, 6.800899982452393, 5.969399929046631, 6.127799987792969, 7.006199836730957, 7.137400150299072, 6.871799945831299, 7.24370002746582, 7.336100101470947, 7.161799907684326, 7.177199840545654, 7.551000118255615, 7.382699966430664, 7.455699920654297, 7.240300178527832, 8.074700355529785, 7.685999870300293, 7.272799968719482, 7.583899974822998, 7.53249979019165, 7.241600036621094, 7.323400020599365, 7.266200065612793, 7.2129998207092285, 7.325900077819824, 7.4542999267578125, 7.468299865722656, 7.578999996185303, 7.557300090789795, 7.003399848937988, 7.428599834442139, 7.542900085449219, 7.468599796295166, 7.544600009918213, 7.44920015335083, 7.440999984741211, 7.420100212097168, 7.3282999992370605, 7.013800144195557, 7.4004998207092285, 7.508399963378906, 7.354499816894531, 7.376699924468994, 7.389599800109863, 7.680200099945068, 7.645100116729736, 7.15939998626709]"
