item_id,start,freq,target
T840,2015-01-18 00:00:00,W-SUN,"[12.208600044250488, 12.234600067138672, 11.172100067138672, 12.630599975585938, 12.475600242614746, 11.159700393676758, 12.89109992980957, 13.900099754333496, 14.486499786376953, 14.68220043182373, 13.987799644470215, 14.602700233459473, 13.629899978637695, 13.852800369262695, 14.061800003051758, 14.76710033416748, 15.244199752807617, 13.800800323486328, 15.00220012664795, 13.861000061035156, 14.178600311279297, 14.631500244140625, 15.461299896240234, 13.78600025177002, 16.992000579833984, 15.698399543762207, 16.521499633789062, 17.8351993560791, 16.679899215698242, 14.743800163269043, 16.04509925842285, 15.178400039672852, 14.236200332641602, 16.131799697875977, 15.046299934387207, 13.544599533081055, 13.63640022277832, 13.589699745178223, 14.05109977722168, 14.988800048828125, 13.207900047302246, 13.345600128173828, 12.97070026397705, 14.352299690246582, 13.467599868774414, 13.0177001953125, 12.72719955444336, 13.5068998336792, 11.167099952697754, 10.290200233459473, 11.215900421142578, 13.763999938964844, 12.589200019836426, 13.113800048828125, 12.416199684143066, 13.189200401306152, 13.486000061035156, 12.991499900817871, 12.778800010681152, 12.185999870300293, 12.89050006866455, 15.963800430297852, 13.699199676513672, 13.43120002746582, 13.640999794006348, 14.093799591064453, 13.623000144958496, 15.119400024414062, 14.761699676513672, 14.802800178527832, 13.858599662780762, 14.343199729919434, 14.515399932861328, 16.33609962463379, 15.858099937438965, 14.268400192260742, 14.556099891662598, 16.483299255371094, 15.942899703979492, 16.50320053100586, 16.447200775146484, 15.926899909973145, 15.61340045928955, 15.270299911499023, 14.120400428771973, 14.30090045928955, 15.020600318908691, 16.4960994720459, 14.045299530029297, 14.847399711608887]"
