item_id,start,freq,target
T850,2015-01-18 00:00:00,W-SUN,"[[9.402999877929688, 8.972599983215332, 8.87969970703125, 8.665800094604492, 9.014699935913086, 8.542699813842773, 8.975899696350098, 8.669599533081055, 8.83180046081543, 8.171699523925781, 8.176300048828125, 9.919300079345703, 8.508299827575684, 8.549799919128418, 9.050200462341309, 9.286199569702148, 8.728099822998047, 8.097700119018555, 8.831600189208984, 9.064200401306152, 8.788299560546875, 8.725500106811523, 8.61709976196289, 7.820499897003174, 8.971799850463867, 8.919400215148926, 8.60260009765625, 8.731100082397461, 9.027000427246094, 9.333399772644043, 10.324799537658691, 9.631199836730957, 8.914999961853027, 9.848099708557129, 10.269100189208984, 9.776700019836426, 10.090299606323242, 9.366800308227539, 10.335700035095215, 10.373499870300293, 10.119099617004395, 9.760299682617188, 10.525699615478516, 10.055500030517578, 7.826700210571289, 10.441499710083008, 10.257699966430664, 9.953100204467773, 5.982100009918213, 7.330999851226807, 9.32390022277832, 8.543299674987793, 9.45930004119873, 8.621700286865234, 9.506600379943848, 9.004500389099121, 9.658900260925293, 9.92080020904541, 9.517999649047852, 8.86460018157959, 9.658599853515625, 8.551899909973145, 8.421699523925781, 9.168899536132812, 9.560400009155273, 10.390000343322754, 9.662099838256836, 9.881500244140625, 9.791399955749512, 9.417400360107422, 8.490900039672852, 8.955300331115723, 9.538599967956543, 8.964200019836426, 9.11989974975586, 7.871399879455566, 9.139800071716309, 9.164899826049805, 8.319100379943848, 8.684300422668457, 8.775799751281738, 9.040200233459473, 9.74779987335205, 10.223699569702148, 8.939399719238281, 10.042099952697754, 10.169899940490723, 10.206700325012207, 10.689599990844727, 9.376199722290039]]"
