item_id,start,freq,target
T168,2014-12-29,W-SUN,"[8.811400413513184, 9.047800064086914, 9.671199798583984, 9.336600303649902, 9.494600296020508, 9.12030029296875, 9.677800178527832, 9.553199768066406, 8.502699851989746, 9.669899940490723, 9.765899658203125, 9.893899917602539, 8.398200035095215, 9.150199890136719, 9.473699569702148, 9.036100387573242, 9.397700309753418, 9.97659969329834, 9.681900024414062, 9.73009967803955, 9.746999740600586, 10.412300109863281, 10.019100189208984, 10.34529972076416, 10.621999740600586, 10.467399597167969, 11.135100364685059, 10.590700149536133, 10.87030029296875, 10.946100234985352, 11.351300239562988, 10.774499893188477, 10.875, 8.124300003051758, 9.691300392150879, 9.9931001663208, 9.611900329589844, 9.756099700927734, 7.240499973297119, 9.614999771118164, 9.354900360107422, 9.763199806213379, 9.34570026397705, 9.405599594116211, 9.556599617004395, 9.405400276184082, 10.495699882507324, 10.145700454711914, 10.671199798583984, 10.06779956817627, 11.219799995422363, 11.278200149536133, 9.503499984741211, 9.922699928283691, 10.928999900817871, 9.910200119018555, 9.1983003616333, 10.450799942016602, 10.75510025024414, 10.877099990844727, 9.87909984588623, 9.388899803161621, 9.274499893188477, 9.835599899291992, 11.014900207519531, 10.121500015258789, 10.042699813842773, 10.13659954071045, 10.04800033569336, 9.713800430297852, 9.65999984741211, 9.572600364685059, 10.000499725341797, 11.831500053405762, 9.95930004119873, 10.681699752807617, 9.957799911499023, 10.520500183105469, 11.309599876403809, 9.868300437927246, 10.610099792480469, 10.276000022888184, 11.722700119018555, 11.193300247192383, 10.842900276184082, 10.679699897766113, 11.333800315856934, 11.394000053405762, 10.508000373840332, 11.756699562072754, 10.427399635314941, 10.449199676513672, 10.434499740600586, 10.265700340270996, 11.20199966430664, 10.334799766540527]"
