item_id,start,freq,target
T193,2014-12-29,W-SUN,"[5.38129997253418, 9.058799743652344, 7.662600040435791, 7.040200233459473, 7.944200038909912, 7.968900203704834, 7.571100234985352, 8.034500122070312, 7.926499843597412, 8.590200424194336, 8.036600112915039, 7.97599983215332, 7.912199974060059, 7.212500095367432, 8.43910026550293, 8.770899772644043, 8.011899948120117, 8.835100173950195, 8.562000274658203, 8.519100189208984, 7.656700134277344, 8.302200317382812, 8.682000160217285, 8.075200080871582, 8.832099914550781, 8.410499572753906, 6.951700210571289, 8.910599708557129, 8.253800392150879, 8.637100219726562, 8.024200439453125, 8.103799819946289, 8.071100234985352, 8.474900245666504, 8.374600410461426, 7.941999912261963, 8.831600189208984, 9.227899551391602, 8.819700241088867, 9.15410041809082, 8.715499877929688, 9.062199592590332, 9.22819995880127, 9.10770034790039, 8.590900421142578, 9.121600151062012, 8.118300437927246, 7.0117998123168945, 8.262800216674805, 8.242799758911133, 7.302299976348877, 4.807199954986572, 6.74429988861084, 8.40250015258789, 7.781099796295166, 8.37909984588623, 8.482000350952148, 8.344400405883789, 8.150500297546387, 8.303999900817871, 7.123700141906738, 8.52810001373291, 8.526399612426758, 8.8371000289917, 8.880599975585938, 8.530599594116211, 9.035300254821777, 9.237099647521973, 9.75979995727539, 9.38700008392334, 9.210200309753418, 8.61520004272461, 8.478400230407715, 8.161499977111816, 8.870699882507324, 8.678099632263184, 9.010499954223633, 8.684300422668457, 6.94920015335083, 8.591099739074707, 8.982199668884277, 8.596199989318848, 8.502699851989746, 7.450300216674805, 8.258399963378906, 8.529600143432617, 8.463199615478516, 7.286600112915039, 8.756799697875977, 8.812199592590332, 9.640999794006348, 7.985199928283691, 9.036199569702148, 8.794599533081055, 8.980299949645996, 8.535799980163574]"
