item_id,start,freq,target
T787,2015-01-04 00:00:00,W-SUN,"[10.761799812316895, 12.036100387573242, 11.679300308227539, 12.174599647521973, 12.133700370788574, 14.644800186157227, 12.202400207519531, 13.436599731445312, 11.648300170898438, 11.979299545288086, 12.008899688720703, 12.133500099182129, 12.61970043182373, 11.464300155639648, 12.536800384521484, 13.069700241088867, 11.514200210571289, 13.004199981689453, 16.750499725341797, 12.54889965057373, 13.9931001663208, 12.853699684143066, 14.238200187683105, 14.681400299072266, 13.638199806213379, 12.396400451660156, 10.574399948120117, 13.301899909973145, 13.319199562072754, 12.599499702453613, 12.026599884033203, 11.836299896240234, 12.382399559020996, 13.157500267028809, 12.475899696350098, 12.54170036315918, 15.149999618530273, 14.593199729919434, 14.884400367736816, 13.223400115966797, 13.703700065612793, 13.674599647521973, 13.093600273132324, 13.090299606323242, 13.118399620056152, 13.20829963684082, 11.933199882507324, 10.427000045776367, 12.042400360107422, 13.244199752807617, 11.755499839782715, 8.515800476074219, 9.63230037689209, 12.90369987487793, 11.258500099182129, 12.464599609375, 10.97130012512207, 12.248299598693848, 11.123000144958496, 11.668800354003906, 12.62279987335205, 11.769800186157227, 12.242600440979004, 12.724699974060059, 11.609600067138672, 11.8818998336792, 12.292400360107422, 13.888699531555176, 12.91349983215332, 12.000800132751465, 12.65429973602295, 13.332099914550781, 12.239100456237793, 11.581500053405762, 13.312800407409668, 12.642800331115723, 12.394800186157227, 12.508299827575684, 10.662799835205078, 13.935500144958496, 13.006600379943848, 12.530200004577637, 12.637700080871582, 12.011199951171875, 12.84280014038086, 13.866399765014648, 13.85260009765625, 11.57960033416748, 13.6673002243042, 14.409799575805664]"
