item_id,start,freq,target
T435,2014-12-29,W-SUN,"[5.886899948120117, 8.281200408935547, 6.085000038146973, 7.9217000007629395, 8.306699752807617, 8.349599838256836, 8.644700050354004, 9.473400115966797, 8.490500450134277, 9.866900444030762, 9.960700035095215, 9.940999984741211, 9.66100025177002, 9.423100471496582, 9.894399642944336, 10.284099578857422, 9.784899711608887, 9.949999809265137, 10.285499572753906, 9.975099563598633, 9.678799629211426, 10.12279987335205, 10.883199691772461, 10.100099563598633, 9.384200096130371, 9.764200210571289, 8.575499534606934, 9.098299980163574, 9.194999694824219, 9.146100044250488, 9.143799781799316, 8.907699584960938, 9.397600173950195, 9.103699684143066, 9.90530014038086, 9.126299858093262, 9.574799537658691, 10.253199577331543, 9.025500297546387, 8.891900062561035, 10.86240005493164, 10.744799613952637, 9.866299629211426, 10.260299682617188, 10.171899795532227, 10.379599571228027, 10.033900260925293, 9.050299644470215, 10.24269962310791, 10.790800094604492, 11.635199546813965, 8.587900161743164, 9.371500015258789, 9.825799942016602, 9.707900047302246, 9.913599967956543, 10.30620002746582, 9.960700035095215, 10.749300003051758, 11.260000228881836, 10.274900436401367, 9.877300262451172, 9.982399940490723, 10.050600051879883, 9.750800132751465, 9.764599800109863, 9.784799575805664, 9.979900360107422, 10.024499893188477, 9.988100051879883, 10.089500427246094, 10.198100090026855, 10.035300254821777, 9.675999641418457, 10.355600357055664, 9.958200454711914, 10.062999725341797, 9.966699600219727, 9.266400337219238, 9.977100372314453, 9.808799743652344, 9.978799819946289, 10.43340015411377, 9.904500007629395, 10.375699996948242, 10.260700225830078, 10.109700202941895, 9.520899772644043, 10.030200004577637, 10.1141996383667, 10.267399787902832, 9.800200462341309, 9.985300064086914, 10.242400169372559, 9.829999923706055, 10.400199890136719]"
