item_id,start,freq,target
T18,2014-12-29,W-SUN,"[6.911200046539307, 9.02810001373291, 10.998600006103516, 10.864500045776367, 14.329299926757812, 13.638899803161621, 11.909700393676758, 12.32800006866455, 11.78380012512207, 14.43280029296875, 14.371299743652344, 12.660699844360352, 13.871800422668457, 12.666199684143066, 12.843799591064453, 14.17300033569336, 9.824700355529785, 14.485600471496582, 14.359999656677246, 12.266200065612793, 11.247599601745605, 11.334600448608398, 11.694700241088867, 11.884900093078613, 12.21049976348877, 11.86620044708252, 11.86460018157959, 13.364500045776367, 13.652999877929688, 13.340100288391113, 13.552200317382812, 13.486900329589844, 13.109000205993652, 14.305800437927246, 10.823200225830078, 12.222900390625, 14.01729965209961, 14.671899795532227, 11.343000411987305, 14.663599967956543, 10.92650032043457, 10.380800247192383, 10.290300369262695, 10.462300300598145, 10.253499984741211, 10.4306001663208, 10.152199745178223, 10.248499870300293, 12.994799613952637, 15.108499526977539, 13.711999893188477, 9.151599884033203, 11.554499626159668, 14.099900245666504, 12.454400062561035, 12.978699684143066, 14.207200050354004, 13.935199737548828, 11.346699714660645, 14.342399597167969, 13.759200096130371, 13.120699882507324, 13.531499862670898, 14.143699645996094, 13.771100044250488, 12.39330005645752, 13.953700065612793, 14.076000213623047, 15.498800277709961, 14.300200462341309, 13.904199600219727, 14.465100288391113, 10.519499778747559, 10.915499687194824, 11.634900093078613, 12.171699523925781, 12.238100051879883, 12.631400108337402, 10.476699829101562, 11.646100044250488, 12.16819953918457, 12.050000190734863, 11.836799621582031, 11.759099960327148, 12.22089958190918, 12.263699531555176, 12.286600112915039, 10.31980037689209, 7.8028998374938965, 7.971099853515625, 7.577499866485596, 6.337200164794922, 7.663400173187256, 7.223999977111816, 7.715099811553955, 6.185400009155273]"
