item_id,start,freq,target
T161,2015-01-25 00:00:00,W-SUN,"[10.052800178527832, 9.811599731445312, 9.706000328063965, 10.156999588012695, 9.352800369262695, 10.976900100708008, 10.273699760437012, 9.996399879455566, 11.095800399780273, 9.46049976348877, 9.918600082397461, 10.652999877929688, 10.651399612426758, 10.565400123596191, 10.61139965057373, 10.138500213623047, 9.37339973449707, 10.54010009765625, 10.868300437927246, 10.620200157165527, 10.663200378417969, 10.257499694824219, 8.9822998046875, 9.850700378417969, 10.47189998626709, 10.232399940490723, 9.937700271606445, 9.92870044708252, 10.17549991607666, 11.208200454711914, 10.79520034790039, 10.523599624633789, 11.474800109863281, 12.319700241088867, 11.133299827575684, 11.39210033416748, 11.133899688720703, 11.54010009765625, 10.91189956665039, 10.40999984741211, 10.621899604797363, 10.522199630737305, 9.892399787902832, 9.14799976348877, 10.439200401306152, 11.270999908447266, 9.967599868774414, 7.275199890136719, 8.920000076293945, 9.485799789428711, 9.039199829101562, 9.838399887084961, 11.112899780273438, 11.017800331115723, 9.153200149536133, 10.522000312805176, 11.208499908447266, 10.402600288391113, 9.821399688720703, 10.670299530029297, 10.672300338745117, 10.560500144958496, 11.17300033569336, 12.04699993133545, 12.105199813842773, 11.270500183105469, 11.240099906921387, 11.438899993896484, 11.25730037689209, 11.33329963684082, 11.836700439453125, 12.407400131225586, 11.934399604797363, 11.542099952697754, 9.46679973602295, 11.173999786376953, 11.851300239562988, 11.350199699401855, 11.531999588012695, 10.493399620056152, 11.186800003051758, 11.411600112915039, 12.26550006866455, 10.534600257873535, 11.814200401306152, 12.29069995880127, 12.598699569702148, 10.692399978637695, 11.539299964904785, 10.963000297546387]"
