item_id,start,freq,target
T668,2014-12-29,W-SUN,"[9.899299621582031, 8.803000450134277, 14.445599555969238, 10.628700256347656, 15.277799606323242, 15.314800262451172, 9.850299835205078, 12.600199699401855, 9.504899978637695, 10.74530029296875, 3.889899969100952, 3.889899969100952, 3.889899969100952, 3.889899969100952, 4.422399997711182, 3.889899969100952, 3.889899969100952, 3.889899969100952, 3.889899969100952, 3.889899969100952, 3.889899969100952, 3.889899969100952, 3.889899969100952, 3.889899969100952, 3.889899969100952, 3.889899969100952, 3.889899969100952, 3.889899969100952, 3.889899969100952, 3.889899969100952, 3.889899969100952, 3.889899969100952, 3.889899969100952, 3.889899969100952, 3.889899969100952, 3.889899969100952, 3.889899969100952, 3.889899969100952, 3.889899969100952, 3.889899969100952, 3.889899969100952, 3.889899969100952, 3.889899969100952, 3.8847999572753906, 3.881700038909912, 3.889899969100952, 3.889899969100952, 3.889899969100952, 3.889899969100952, 3.889899969100952, 3.889899969100952, 3.889899969100952, 3.889899969100952, 3.889899969100952, 3.889899969100952, 3.889899969100952, 3.889899969100952, 3.889899969100952, 3.890399932861328, 3.889899969100952, 3.889899969100952, 3.889899969100952, 3.891200065612793, 3.889899969100952, 4.6992998123168945, 8.741100311279297, 9.578399658203125, 9.707099914550781, 9.628800392150879, 9.914600372314453, 10.155900001525879, 9.996700286865234, 10.240699768066406, 9.418800354003906, 9.973600387573242, 9.731399536132812, 9.70009994506836, 9.726099967956543, 9.062800407409668, 9.69890022277832, 9.623900413513184, 9.735199928283691, 9.852899551391602, 9.946900367736816, 10.112299919128418, 10.021499633789062, 10.194600105285645, 8.995800018310547, 10.045299530029297, 10.342700004577637, 9.99530029296875, 9.853899955749512, 9.80780029296875, 10.128199577331543, 9.836899757385254, 10.566100120544434]"
