item_id,start,freq,target
T344,2014-12-29,W-SUN,"[6.964600086212158, 8.116900444030762, 10.055500030517578, 9.486900329589844, 10.880900382995605, 10.88700008392334, 10.545900344848633, 10.836000442504883, 10.137700080871582, 11.376999855041504, 11.203900337219238, 10.449799537658691, 10.879199981689453, 9.793000221252441, 9.956500053405762, 10.466300010681152, 10.534799575805664, 11.246100425720215, 11.064399719238281, 10.630200386047363, 10.340299606323242, 11.207599639892578, 11.287300109863281, 11.396100044250488, 11.4891996383667, 11.31190013885498, 9.907400131225586, 11.407500267028809, 11.003000259399414, 11.269499778747559, 10.97070026397705, 10.715499877929688, 10.942999839782715, 11.23270034790039, 11.190400123596191, 10.246199607849121, 11.24429988861084, 12.269499778747559, 11.690500259399414, 11.870499610900879, 11.632800102233887, 11.74429988861084, 11.605799674987793, 11.962900161743164, 11.550700187683105, 11.155699729919434, 11.126199722290039, 9.833900451660156, 10.986100196838379, 11.315400123596191, 11.138699531555176, 8.085399627685547, 9.360400199890137, 10.923299789428711, 10.600199699401855, 10.761899948120117, 11.12720012664795, 11.07040023803711, 11.043299674987793, 11.031700134277344, 11.625100135803223, 11.123700141906738, 10.757699966430664, 11.181900024414062, 10.977800369262695, 10.750900268554688, 10.806900024414062, 11.621100425720215, 11.651800155639648, 11.535799980163574, 11.500699996948242, 11.714699745178223, 11.422900199890137, 11.118800163269043, 11.811200141906738, 11.820899963378906, 11.639800071716309, 10.328900337219238, 9.956899642944336, 11.289400100708008, 11.718099594116211, 11.492199897766113, 11.587499618530273, 11.139399528503418, 11.203800201416016, 11.28969955444336, 11.217300415039062, 10.171500205993652, 11.245599746704102, 11.712300300598145, 11.995200157165527, 10.078700065612793, 11.280699729919434, 11.44540023803711, 11.756099700927734, 10.839500427246094]"
