item_id,start,freq,target
T323,2014-12-29,W-SUN,"[6.244500160217285, 8.451299667358398, 6.36269998550415, 7.879700183868408, 8.420100212097168, 8.902400016784668, 8.705400466918945, 8.461799621582031, 8.285599708557129, 9.461600303649902, 9.232799530029297, 8.800700187683105, 8.0068998336792, 7.919899940490723, 8.865699768066406, 9.729499816894531, 9.246000289916992, 9.246800422668457, 9.07349967956543, 8.382399559020996, 8.120200157165527, 8.743900299072266, 8.20680046081543, 7.742199897766113, 7.768400192260742, 8.082900047302246, 6.761099815368652, 8.03499984741211, 7.62529993057251, 7.776100158691406, 7.320300102233887, 7.741799831390381, 8.823399543762207, 9.088700294494629, 9.031000137329102, 8.583100318908691, 9.597900390625, 9.778400421142578, 9.470000267028809, 9.617899894714355, 8.9891996383667, 10.090700149536133, 9.853799819946289, 9.82390022277832, 9.371999740600586, 10.02910041809082, 8.900699615478516, 8.243900299072266, 9.3548002243042, 9.987099647521973, 8.574899673461914, 6.259200096130371, 7.7754998207092285, 9.16569995880127, 9.276599884033203, 8.993499755859375, 8.692999839782715, 8.911999702453613, 9.33549976348877, 9.598799705505371, 9.540200233459473, 9.777999877929688, 10.1318998336792, 8.631099700927734, 8.07960033416748, 8.532600402832031, 9.418700218200684, 9.56029987335205, 9.169300079345703, 9.44320011138916, 8.854700088500977, 9.140299797058105, 9.460399627685547, 7.94980001449585, 9.353400230407715, 8.17140007019043, 7.693600177764893, 7.839600086212158, 7.109399795532227, 8.030799865722656, 7.546299934387207, 7.859300136566162, 8.002400398254395, 7.767600059509277, 8.40880012512207, 8.58180046081543, 9.003499984741211, 8.72249984741211, 9.506500244140625, 10.474800109863281, 10.447799682617188, 9.61929988861084, 9.482799530029297, 9.922800064086914, 9.228500366210938, 9.760299682617188]"
