item_id,start,freq,target
T134,2014-12-29,W-SUN,"[4.424900054931641, 6.657400131225586, 3.019200086593628, 5.757299900054932, 6.486100196838379, 7.100900173187256, 6.922599792480469, 6.62939977645874, 6.571899890899658, 6.968500137329102, 7.094299793243408, 7.392399787902832, 7.177599906921387, 7.0792999267578125, 7.82480001449585, 8.496700286865234, 7.527400016784668, 8.097599983215332, 8.088199615478516, 7.935500144958496, 7.235300064086914, 8.093099594116211, 7.600200176239014, 8.694600105285645, 9.01039981842041, 8.164799690246582, 6.569799900054932, 7.68720006942749, 8.423800468444824, 8.660300254821777, 7.434199810028076, 7.5746002197265625, 8.236700057983398, 8.169400215148926, 8.129799842834473, 6.2281999588012695, 9.337499618530273, 7.414599895477295, 8.847900390625, 8.140999794006348, 7.35129976272583, 9.043600082397461, 8.357799530029297, 8.934900283813477, 8.09589958190918, 9.011899948120117, 7.975900173187256, 6.353600025177002, 8.82979965209961, 9.637200355529785, 7.700699806213379, 3.7493999004364014, 5.007400035858154, 7.809500217437744, 6.740499973297119, 8.199399948120117, 8.38539981842041, 8.097599983215332, 8.047200202941895, 7.949100017547607, 8.391599655151367, 7.186399936676025, 8.06980037689209, 7.964900016784668, 7.475500106811523, 7.982100009918213, 7.5782999992370605, 8.683799743652344, 8.65410041809082, 8.233599662780762, 8.38290023803711, 8.288999557495117, 9.572500228881836, 6.9928998947143555, 8.33080005645752, 9.534899711608887, 8.539799690246582, 9.417099952697754, 6.751699924468994, 8.439499855041504, 8.899200439453125, 8.544300079345703, 7.780300140380859, 7.14900016784668, 7.569499969482422, 9.557100296020508, 8.317399978637695, 6.854599952697754, 8.574000358581543, 9.307000160217285, 10.202300071716309, 9.720100402832031, 9.203700065612793, 8.671500205993652, 8.837900161743164, 8.295499801635742]"
