item_id,start,freq,target
T85,2014-12-29,W-SUN,"[4.987400054931641, 6.154300212860107, 6.620999813079834, 6.228099822998047, 7.067800045013428, 7.330999851226807, 6.594099998474121, 6.5640997886657715, 6.225500106811523, 7.594299793243408, 8.038000106811523, 7.047299861907959, 7.214799880981445, 6.574900150299072, 8.071999549865723, 8.895099639892578, 6.690800189971924, 8.44849967956543, 7.940299987792969, 7.672800064086914, 6.75600004196167, 7.675099849700928, 7.68779993057251, 7.956600189208984, 8.009499549865723, 7.96750020980835, 6.906499862670898, 7.867700099945068, 7.992800235748291, 7.581699848175049, 7.4959001541137695, 7.895299911499023, 7.676499843597412, 8.973999977111816, 8.057700157165527, 8.34529972076416, 8.752900123596191, 9.167400360107422, 7.551199913024902, 8.624699592590332, 8.505599975585938, 8.379300117492676, 8.661499977111816, 8.825499534606934, 8.632699966430664, 8.950300216674805, 8.220600128173828, 6.9105000495910645, 7.399799823760986, 8.4266996383667, 7.386600017547607, 5.5406999588012695, 6.722599983215332, 7.611700057983398, 7.64139986038208, 7.609399795532227, 8.185600280761719, 8.41100025177002, 7.320099830627441, 8.1673002243042, 8.771599769592285, 7.863999843597412, 7.4832000732421875, 8.903800010681152, 8.529000282287598, 8.065400123596191, 7.843400001525879, 8.525300025939941, 8.348199844360352, 8.159199714660645, 8.320599555969238, 8.64900016784668, 8.403800010681152, 8.076000213623047, 8.70110034942627, 9.040200233459473, 9.10890007019043, 9.123299598693848, 7.127600193023682, 8.49779987335205, 9.380499839782715, 8.66409969329834, 8.474200248718262, 8.040599822998047, 8.851099967956543, 8.15429973602295, 8.226799964904785, 7.05019998550415, 8.266400337219238, 8.639100074768066, 8.76259994506836, 7.54040002822876, 8.655599594116211, 8.08810043334961, 8.584600448608398, 8.185700416564941]"
