item_id,start,freq,target
T683,2015-01-04 00:00:00,W-SUN,"[11.343000411987305, 7.876999855041504, 10.392499923706055, 11.191499710083008, 12.210800170898438, 11.087900161743164, 11.271599769592285, 10.322199821472168, 11.770000457763672, 11.580499649047852, 11.557499885559082, 11.814599990844727, 11.123499870300293, 11.843000411987305, 11.997699737548828, 11.399800300598145, 11.84119987487793, 11.40779972076416, 12.19320011138916, 11.653300285339355, 11.69890022277832, 12.942000389099121, 12.859399795532227, 12.0378999710083, 11.977399826049805, 10.991399765014648, 12.377699851989746, 12.475600242614746, 12.694899559020996, 12.24899959564209, 12.603300094604492, 12.80090045928955, 11.888500213623047, 12.730899810791016, 10.850000381469727, 12.070899963378906, 11.793399810791016, 11.565500259399414, 12.109199523925781, 11.428400039672852, 12.055399894714355, 11.491999626159668, 11.884200096130371, 11.693499565124512, 11.9975004196167, 12.343199729919434, 11.029500007629395, 11.406499862670898, 12.339799880981445, 13.471699714660645, 9.371800422668457, 10.204000473022461, 11.191100120544434, 12.065699577331543, 12.075799942016602, 10.996000289916992, 11.186599731445312, 11.384499549865723, 12.203200340270996, 10.986000061035156, 12.156399726867676, 12.037799835205078, 11.605299949645996, 11.651100158691406, 11.43340015411377, 11.645600318908691, 11.949399948120117, 11.648200035095215, 12.135299682617188, 12.050000190734863, 12.327099800109863, 12.394800186157227, 11.182100296020508, 12.316900253295898, 13.988100051879883, 12.115099906921387, 11.923500061035156, 11.098600387573242, 12.18850040435791, 12.01550006866455, 12.72070026397705, 12.318699836730957, 12.196399688720703, 12.250699996948242, 12.285599708557129, 12.29170036315918, 11.252799987792969, 12.220800399780273, 12.559599876403809, 11.86240005493164]"
