item_id,start,freq,target
T499,2014-12-29,W-SUN,"[5.83489990234375, 6.771200180053711, 6.241099834442139, 7.174499988555908, 6.817699909210205, 6.735000133514404, 7.281700134277344, 7.149400234222412, 6.564300060272217, 7.009900093078613, 7.015900135040283, 7.13730001449585, 7.110099792480469, 6.834499835968018, 7.456299781799316, 6.995800018310547, 7.121300220489502, 7.205599784851074, 7.124800205230713, 7.175099849700928, 6.726500034332275, 7.1656999588012695, 7.174200057983398, 7.2153000831604, 6.996699810028076, 7.144700050354004, 6.5503997802734375, 7.216899871826172, 7.494900226593018, 7.226200103759766, 7.105800151824951, 7.151500225067139, 7.161600112915039, 7.152100086212158, 7.247499942779541, 6.929900169372559, 7.378499984741211, 8.419699668884277, 7.546999931335449, 7.347599983215332, 7.1768999099731445, 7.298699855804443, 7.413700103759766, 7.1921000480651855, 7.198699951171875, 7.171899795532227, 7.235499858856201, 6.428999900817871, 7.15880012512207, 7.27239990234375, 7.36959981918335, 6.091599941253662, 5.956699848175049, 6.958799839019775, 6.994800090789795, 6.829400062561035, 6.439000129699707, 7.037099838256836, 6.956600189208984, 7.215700149536133, 7.075699806213379, 6.666800022125244, 6.737100124359131, 7.256199836730957, 7.373199939727783, 7.193299770355225, 7.115099906921387, 7.431000232696533, 7.77839994430542, 7.314899921417236, 7.390399932861328, 7.582600116729736, 7.613999843597412, 7.087500095367432, 7.638899803161621, 7.867000102996826, 7.682199954986572, 7.682300090789795, 7.211900234222412, 7.51609992980957, 7.624199867248535, 7.032199859619141, 7.464399814605713, 7.3308000564575195, 7.691199779510498, 7.464399814605713, 7.463399887084961, 6.413099765777588, 7.031199932098389, 7.571599960327148, 7.375, 7.395699977874756, 7.348100185394287, 7.189599990844727, 7.403200149536133, 7.14769983291626]"
