item_id,start,freq,target
T290,2014-12-29,W-SUN,"[12.465299606323242, 15.844599723815918, 11.058199882507324, 12.809200286865234, 17.244400024414062, 16.978900909423828, 15.492400169372559, 18.449399948120117, 16.857500076293945, 19.729999542236328, 19.24850082397461, 19.293100357055664, 18.864299774169922, 18.841400146484375, 18.683700561523438, 19.06920051574707, 18.64590072631836, 18.867300033569336, 20.23579978942871, 19.15180015563965, 18.263399124145508, 19.19849967956543, 20.270200729370117, 20.6018009185791, 19.533700942993164, 19.835100173950195, 16.892000198364258, 19.768699645996094, 19.497299194335938, 19.098499298095703, 20.591899871826172, 19.33639907836914, 20.20039939880371, 20.453899383544922, 19.953699111938477, 18.90489959716797, 20.03820037841797, 20.215099334716797, 20.25830078125, 19.801000595092773, 19.601200103759766, 20.62540054321289, 20.416099548339844, 19.319299697875977, 18.916200637817383, 20.24720001220703, 19.726499557495117, 15.152099609375, 19.259300231933594, 20.21579933166504, 20.338199615478516, 14.758999824523926, 14.274700164794922, 17.374399185180664, 18.374900817871094, 18.59510040283203, 19.34510040283203, 20.327199935913086, 19.8164005279541, 20.41069984436035, 19.580299377441406, 18.56839942932129, 18.819499969482422, 18.681499481201172, 19.46430015563965, 19.4512996673584, 19.056499481201172, 20.49530029296875, 19.916099548339844, 18.48579978942871, 20.35810089111328, 20.61669921875, 21.387399673461914, 19.701099395751953, 20.93079948425293, 21.293500900268555, 20.502099990844727, 20.12030029296875, 17.897600173950195, 20.028400421142578, 20.236799240112305, 20.59079933166504, 21.522199630737305, 20.307899475097656, 20.393299102783203, 21.541500091552734, 20.886999130249023, 18.54450035095215, 20.851699829101562, 21.346900939941406, 21.01919937133789, 20.426599502563477, 21.313899993896484, 20.635700225830078, 19.866199493408203, 19.73040008544922]"
