item_id,start,freq,target
T681,2015-01-18 00:00:00,W-SUN,"[9.035400390625, 10.774499893188477, 11.703399658203125, 11.559200286865234, 12.022600173950195, 11.513799667358398, 13.494199752807617, 13.924799919128418, 13.110400199890137, 12.258299827575684, 12.247099876403809, 12.977299690246582, 12.907600402832031, 12.198599815368652, 12.651700019836426, 12.908699989318848, 12.909500122070312, 11.667699813842773, 12.9931001663208, 12.684800148010254, 13.758000373840332, 13.18120002746582, 13.531999588012695, 11.779500007629395, 14.228799819946289, 14.011899948120117, 13.167499542236328, 13.852999687194824, 13.099599838256836, 14.022899627685547, 13.81820011138916, 13.583800315856934, 13.678500175476074, 14.527299880981445, 14.628700256347656, 13.675700187683105, 13.715299606323242, 13.864500045776367, 14.146900177001953, 14.56350040435791, 14.373000144958496, 13.755000114440918, 16.48270034790039, 14.962699890136719, 11.455699920654297, 13.375, 14.874600410461426, 14.374099731445312, 9.368000030517578, 9.800100326538086, 12.738499641418457, 13.925000190734863, 13.925700187683105, 11.9443998336792, 11.700300216674805, 13.160599708557129, 13.609399795532227, 13.909500122070312, 14.410699844360352, 14.241700172424316, 13.843899726867676, 12.999199867248535, 14.164299964904785, 13.273699760437012, 13.055899620056152, 14.009099960327148, 13.854599952697754, 12.26609992980957, 13.69260025024414, 14.126199722290039, 13.70680046081543, 14.036999702453613, 14.125, 14.559300422668457, 14.293000221252441, 12.781299591064453, 13.589799880981445, 12.599599838256836, 18.324199676513672, 14.541199684143066, 16.606599807739258, 15.251399993896484, 14.948200225830078, 14.47089958190918, 14.00409984588623, 14.388400077819824, 15.261199951171875, 15.957300186157227, 14.509300231933594, 14.315799713134766]"
