item_id,start,freq,target
T479,2014-12-29,W-SUN,"[18.578399658203125, 20.997100830078125, 20.674299240112305, 16.666500091552734, 19.78059959411621, 20.382600784301758, 20.580799102783203, 20.172500610351562, 18.87849998474121, 22.592100143432617, 23.1643009185791, 23.14109992980957, 24.507200241088867, 22.310699462890625, 23.09149932861328, 23.858400344848633, 17.366500854492188, 23.321699142456055, 24.346399307250977, 23.181100845336914, 22.27589988708496, 23.68090057373047, 25.095500946044922, 23.63330078125, 24.55340003967285, 24.4685001373291, 21.90519905090332, 24.106599807739258, 24.33690071105957, 24.57819938659668, 24.863000869750977, 24.160499572753906, 24.902799606323242, 24.560300827026367, 22.16659927368164, 23.560300827026367, 24.41189956665039, 25.253799438476562, 23.9468994140625, 24.172399520874023, 24.373600006103516, 24.92020034790039, 23.725500106811523, 23.93280029296875, 23.004100799560547, 23.353099822998047, 23.297700881958008, 20.0221004486084, 22.220300674438477, 23.11870002746582, 23.14739990234375, 17.750099182128906, 19.224300384521484, 22.128999710083008, 22.1299991607666, 23.144399642944336, 21.46470069885254, 23.407800674438477, 23.458799362182617, 23.995899200439453, 24.270999908447266, 23.211299896240234, 23.247699737548828, 23.55270004272461, 23.580400466918945, 23.78730010986328, 24.00670051574707, 24.053600311279297, 24.909500122070312, 24.475500106811523, 24.400400161743164, 24.660400390625, 25.025100708007812, 25.12070083618164, 25.88680076599121, 24.746700286865234, 25.91659927368164, 25.951000213623047, 22.277599334716797, 24.875200271606445, 24.954299926757812, 22.95509910583496, 25.32309913635254, 25.147600173950195, 25.7637996673584, 25.572900772094727, 25.689699172973633, 21.896799087524414, 24.201200485229492, 26.820999145507812, 25.73419952392578, 25.58009910583496, 25.298099517822266, 24.490999221801758, 26.137100219726562, 25.406099319458008]"
