item_id,start,freq,target
T517,2014-12-29,W-SUN,"[6.2393999099731445, 5.5192999839782715, 4.583000183105469, 8.913200378417969, 11.494199752807617, 11.852800369262695, 11.85949993133545, 12.140199661254883, 10.942299842834473, 11.413200378417969, 5.839000225067139, 12.202300071716309, 12.071700096130371, 11.812999725341797, 13.050999641418457, 12.736300468444824, 13.390000343322754, 11.771699905395508, 11.73009967803955, 13.599900245666504, 12.593299865722656, 12.629300117492676, 13.866800308227539, 13.408499717712402, 13.196999549865723, 13.498000144958496, 4.934299945831299, 6.031599998474121, 6.119200229644775, 6.359499931335449, 5.9456000328063965, 5.846799850463867, 5.8221001625061035, 5.923500061035156, 5.906000137329102, 10.251500129699707, 13.580100059509277, 13.905799865722656, 12.702300071716309, 13.688400268554688, 12.979999542236328, 13.462400436401367, 14.121800422668457, 13.10159969329834, 12.591899871826172, 13.757200241088867, 12.9891996383667, 10.853799819946289, 12.890800476074219, 12.568099975585938, 13.434599876403809, 10.213899612426758, 10.006799697875977, 11.359000205993652, 12.79889965057373, 11.800800323486328, 13.112799644470215, 12.162300109863281, 12.790499687194824, 8.998700141906738, 9.433300018310547, 7.646900177001953, 9.179699897766113, 10.581500053405762, 12.86989974975586, 13.238699913024902, 13.205699920654297, 13.982600212097168, 14.572999954223633, 12.944700241088867, 14.4443998336792, 13.449199676513672, 14.493800163269043, 12.122099876403809, 13.624500274658203, 14.422200202941895, 13.72760009765625, 13.55780029296875, 11.568599700927734, 12.949000358581543, 14.255000114440918, 13.35099983215332, 16.50510025024414, 13.869500160217285, 15.330499649047852, 14.593799591064453, 14.260499954223633, 13.607099533081055, 13.787400245666504, 14.428899765014648, 13.34119987487793, 13.289899826049805, 13.779899597167969, 13.322799682617188, 14.331999778747559, 13.406499862670898]"
