item_id,start,freq,target
T851,2014-12-29,W-SUN,"[5.73330020904541, 5.73330020904541, 5.735899925231934, 5.600299835205078, 5.73330020904541, 5.73330020904541, 5.73330020904541, 5.73330020904541, 5.388000011444092, 5.819499969482422, 6.156499862670898, 6.1097002029418945, 6.298500061035156, 6.271399974822998, 6.398399829864502, 6.354599952697754, 6.299600124359131, 5.376999855041504, 6.082699775695801, 7.154600143432617, 5.980999946594238, 5.7855000495910645, 6.3429999351501465, 5.860899925231934, 5.966300010681152, 4.975599765777588, 6.831099987030029, 9.17959976196289, 7.066999912261963, 6.8703999519348145, 7.083499908447266, 6.965799808502197, 7.183499813079834, 7.190800189971924, 9.37279987335205, 6.737199783325195, 8.745499610900879, 7.936500072479248, 7.159200191497803, 7.6128997802734375, 7.269100189208984, 7.428400039672852, 7.446400165557861, 7.577600002288818, 7.124899864196777, 8.16510009765625, 6.424600124359131, 5.710700035095215, 6.271100044250488, 6.817800045013428, 7.3302998542785645, 5.21619987487793, 5.47629976272583, 5.815100193023682, 5.731900215148926, 6.142899990081787, 6.062699794769287, 6.221099853515625, 6.0258002281188965, 6.388500213623047, 6.281300067901611, 6.335999965667725, 5.930300235748291, 5.951000213623047, 6.130099773406982, 6.156799793243408, 6.341700077056885, 7.717700004577637, 6.42549991607666, 6.728600025177002, 8.00730037689209, 7.747099876403809, 6.806399822235107, 6.2032999992370605, 6.440999984741211, 6.825399875640869, 6.6975998878479, 6.463799953460693, 6.315999984741211, 6.505799770355225, 6.643599987030029, 6.30109977722168, 6.724599838256836, 6.569300174713135, 6.971399784088135, 8.133000373840332, 8.31779956817627, 7.1371002197265625, 7.7494001388549805, 7.65910005569458, 8.44219970703125, 7.970200061798096, 7.32919979095459, 7.511899948120117, 7.32390022277832, 6.950500011444092]"
