item_id,start,freq,target
T825,2014-12-29,W-SUN,"[6.8531999588012695, 8.701800346374512, 6.4008002281188965, 8.653599739074707, 9.172599792480469, 9.183099746704102, 8.633899688720703, 9.033599853515625, 8.054900169372559, 9.468400001525879, 9.539199829101562, 9.682100296020508, 9.55090045928955, 7.991399765014648, 7.784900188446045, 7.974899768829346, 8.678299903869629, 7.63100004196167, 7.578499794006348, 7.627299785614014, 7.4045000076293945, 7.884200096130371, 8.285499572753906, 8.153400421142578, 8.080499649047852, 7.838799953460693, 7.248899936676025, 7.854599952697754, 10.73639965057373, 7.625199794769287, 7.8445000648498535, 7.761600017547607, 7.824399948120117, 7.652500152587891, 7.941400051116943, 7.6875, 7.76800012588501, 11.274999618530273, 7.691100120544434, 7.830900192260742, 7.537499904632568, 7.859499931335449, 7.801400184631348, 7.585299968719482, 7.569900035858154, 7.706399917602539, 7.710000038146973, 6.940499782562256, 7.907599925994873, 8.140199661254883, 8.475199699401855, 6.620200157165527, 6.42549991607666, 7.354400157928467, 7.4415998458862305, 7.625400066375732, 7.291299819946289, 8.099499702453613, 7.988500118255615, 7.579400062561035, 7.663099765777588, 7.402400016784668, 7.793499946594238, 7.921000003814697, 7.957200050354004, 7.867400169372559, 7.595699787139893, 7.9695000648498535, 8.145099639892578, 8.529000282287598, 8.597900390625, 8.795999526977539, 9.07509994506836, 8.059800148010254, 9.263500213623047, 9.129300117492676, 8.82409954071045, 8.961199760437012, 7.557400226593018, 8.89169979095459, 8.827699661254883, 8.56089973449707, 8.29010009765625, 8.309399604797363, 8.382499694824219, 7.987599849700928, 8.337200164794922, 7.237500190734863, 8.123200416564941, 8.046299934387207, 8.234700202941895, 7.852200031280518, 7.746500015258789, 7.888400077819824, 8.072600364685059, 7.73199987411499]"
