item_id,start,freq,target
T814,2015-01-04 00:00:00,W-SUN,"[[11.357199668884277, 5.820700168609619, 10.838500022888184, 12.441300392150879, 9.939599990844727, 8.271599769592285, 11.840399742126465, 9.444600105285645, 10.04889965057373, 10.530200004577637, 10.827699661254883, 10.07699966430664, 9.77400016784668, 10.486200332641602, 10.382699966430664, 12.694000244140625, 10.253999710083008, 11.431500434875488, 10.82699966430664, 10.461299896240234, 10.963399887084961, 10.656900405883789, 10.341099739074707, 10.638299942016602, 12.238800048828125, 9.754199981689453, 11.68970012664795, 12.788299560546875, 12.522700309753418, 12.212400436401367, 12.300600051879883, 11.343400001525879, 12.555399894714355, 11.394100189208984, 9.968099594116211, 12.208800315856934, 12.429800033569336, 12.435500144958496, 11.406399726867676, 11.859299659729004, 11.8858003616333, 12.27079963684082, 11.75629997253418, 12.314399719238281, 13.15939998626709, 12.832599639892578, 9.483699798583984, 11.887900352478027, 14.14900016784668, 12.032600402832031, 6.76800012588501, 7.929699897766113, 11.20580005645752, 10.825300216674805, 12.279999732971191, 11.436800003051758, 11.431599617004395, 11.494099617004395, 11.855999946594238, 9.258099555969238, 9.342399597167969, 10.298500061035156, 9.512499809265137, 10.509400367736816, 11.022100448608398, 10.81879997253418, 11.890600204467773, 11.322699546813965, 12.288700103759766, 7.401199817657471, 12.15820026397705, 12.976200103759766, 10.291399955749512, 13.302000045776367, 13.594400405883789, 12.349100112915039, 12.00979995727539, 9.3548002243042, 11.21049976348877, 11.978699684143066, 12.003700256347656, 12.398699760437012, 11.552499771118164, 11.824299812316895, 12.626999855041504, 8.407999992370605, 7.861199855804443, 11.8818998336792, 11.636300086975098, 8.96150016784668]]"
