item_id,start,freq,target
T643,2014-12-29,W-SUN,"[3.889899969100952, 3.889899969100952, 3.889899969100952, 3.889899969100952, 3.889899969100952, 3.889899969100952, 3.889899969100952, 3.889899969100952, 3.5253000259399414, 3.891200065612793, 3.889899969100952, 3.889899969100952, 4.018899917602539, 4.709000110626221, 4.266900062561035, 4.143099784851074, 4.143099784851074, 4.098499774932861, 3.889899969100952, 3.889899969100952, 3.889899969100952, 3.889899969100952, 3.889899969100952, 3.889899969100952, 3.889899969100952, 3.889899969100952, 3.889899969100952, 3.889899969100952, 3.889899969100952, 3.889899969100952, 3.889899969100952, 3.889899969100952, 3.889899969100952, 3.889899969100952, 3.889899969100952, 3.889899969100952, 3.889899969100952, 3.889899969100952, 3.889899969100952, 3.889899969100952, 3.889899969100952, 3.889899969100952, 3.889899969100952, 3.8847999572753906, 3.889899969100952, 3.889899969100952, 3.889899969100952, 3.889899969100952, 3.889899969100952, 3.889899969100952, 3.889899969100952, 3.889899969100952, 3.889899969100952, 3.889899969100952, 3.889899969100952, 3.889899969100952, 3.889899969100952, 3.889899969100952, 3.890399932861328, 3.889899969100952, 3.889899969100952, 3.889899969100952, 3.891200065612793, 3.889899969100952, 3.889899969100952, 3.889899969100952, 3.889899969100952, 3.889899969100952, 3.889899969100952, 3.889899969100952, 3.889899969100952, 3.889899969100952, 11.004400253295898, 12.669300079345703, 12.863200187683105, 12.109700202941895, 12.478500366210938, 11.743599891662598, 11.499199867248535, 10.195799827575684, 12.765299797058105, 11.234800338745117, 11.703100204467773, 11.991000175476074, 5.748199939727783, 3.889899969100952, 3.889899969100952, 7.918300151824951, 11.049400329589844, 11.849499702453613, 10.870699882507324, 11.223299980163574, 11.987500190734863, 11.238300323486328, 11.456199645996094, 11.4891996383667]"
