item_id,start,freq,target
T20,2014-12-29,W-SUN,"[4.762400150299072, 5.963699817657471, 7.072500228881836, 6.715199947357178, 8.093299865722656, 8.32759952545166, 7.30679988861084, 7.922500133514404, 7.666600227355957, 8.83180046081543, 7.811999797821045, 6.932000160217285, 7.267300128936768, 6.427599906921387, 7.744999885559082, 8.562800407409668, 8.09060001373291, 8.911700248718262, 8.929900169372559, 7.867499828338623, 6.240099906921387, 6.946300029754639, 8.526399612426758, 7.5960001945495605, 8.316900253295898, 8.75510025024414, 10.848899841308594, 13.217499732971191, 12.067000389099121, 13.30620002746582, 13.025799751281738, 13.220399856567383, 13.834099769592285, 13.052800178527832, 10.650899887084961, 14.432299613952637, 13.6048002243042, 15.8951997756958, 8.942399978637695, 10.926199913024902, 9.97350025177002, 10.327300071716309, 9.99429988861084, 11.054400444030762, 9.159600257873535, 9.819899559020996, 8.025300025939941, 7.893899917602539, 8.234000205993652, 8.015199661254883, 7.063700199127197, 5.626500129699707, 6.720200061798096, 8.564499855041504, 7.454999923706055, 10.430299758911133, 9.298299789428711, 9.028499603271484, 8.401300430297852, 9.029999732971191, 10.16510009765625, 9.679100036621094, 8.735199928283691, 9.60319995880127, 8.066300392150879, 8.889699935913086, 8.973400115966797, 9.958200454711914, 11.125, 9.873900413513184, 9.80270004272461, 10.84179973602295, 10.577799797058105, 9.886799812316895, 10.268899917602539, 10.027700424194336, 10.903800010681152, 10.36929988861084, 7.3460001945495605, 10.69219970703125, 9.871299743652344, 9.828100204467773, 9.163900375366211, 8.374199867248535, 8.515899658203125, 9.976200103759766, 10.331600189208984, 9.661700248718262, 10.954500198364258, 10.809599876403809, 12.926799774169922, 10.125800132751465, 10.257100105285645, 10.252099990844727, 10.381699562072754, 9.968799591064453]"
