item_id,start,freq,target
T557,2014-12-29,W-SUN,"[4.819300174713135, 5.517899990081787, 5.521100044250488, 5.499100208282471, 5.512800216674805, 5.447400093078613, 5.625999927520752, 5.65910005569458, 5.0767998695373535, 5.7631001472473145, 5.731400012969971, 5.8769001960754395, 5.996200084686279, 5.769000053405762, 5.866399765014648, 5.848299980163574, 5.839399814605713, 5.914999961853027, 5.819799900054932, 5.8471999168396, 5.525700092315674, 5.925099849700928, 6.012199878692627, 6.090199947357178, 6.19320011138916, 6.208000183105469, 5.5792999267578125, 6.121699810028076, 8.779199600219727, 6.240099906921387, 6.16949987411499, 6.071400165557861, 6.0046000480651855, 6.008299827575684, 5.745299816131592, 5.730299949645996, 5.979499816894531, 5.750400066375732, 5.852399826049805, 6.006199836730957, 5.932700157165527, 6.015699863433838, 5.924699783325195, 5.682600021362305, 5.895199775695801, 5.766200065612793, 5.86299991607666, 5.351200103759766, 5.825099945068359, 5.922699928283691, 6.251699924468994, 5.1743998527526855, 4.979400157928467, 5.604599952697754, 5.6859002113342285, 5.6006999015808105, 5.21560001373291, 5.677700042724609, 5.72790002822876, 5.873700141906738, 5.815999984741211, 5.577000141143799, 5.719200134277344, 6.070700168609619, 6.068299770355225, 5.948999881744385, 5.79640007019043, 6.844600200653076, 9.017399787902832, 8.909199714660645, 9.174200057983398, 9.138799667358398, 9.6225004196167, 8.615300178527832, 9.328100204467773, 9.406900405883789, 9.35099983215332, 9.360899925231934, 8.367899894714355, 9.276100158691406, 9.224800109863281, 8.491000175476074, 8.972299575805664, 9.142800331115723, 9.208399772644043, 9.026300430297852, 9.064800262451172, 8.202300071716309, 9.044300079345703, 9.261099815368652, 9.16919994354248, 9.115900039672852, 9.160900115966797, 8.864299774169922, 9.102499961853027, 8.782999992370605]"
