item_id,start,freq,target
T53,2014-12-29,W-SUN,"[7.71589994430542, 7.548099994659424, 9.955599784851074, 9.525899887084961, 11.304699897766113, 10.50160026550293, 10.481200218200684, 10.702500343322754, 10.254300117492676, 11.489399909973145, 11.791999816894531, 11.461899757385254, 11.491600036621094, 10.747300148010254, 10.945199966430664, 11.349100112915039, 10.998600006103516, 11.393899917602539, 11.99489974975586, 11.572500228881836, 10.85219955444336, 11.077799797058105, 11.467900276184082, 11.838899612426758, 12.148599624633789, 11.807000160217285, 10.273900032043457, 12.446399688720703, 12.568400382995605, 12.681400299072266, 12.514300346374512, 12.092300415039062, 12.141799926757812, 12.898300170898438, 12.744000434875488, 11.166000366210938, 11.774399757385254, 12.934800148010254, 12.105199813842773, 12.571700096130371, 12.23639965057373, 12.518400192260742, 12.328499794006348, 12.292099952697754, 12.6003999710083, 12.25529956817627, 12.32289981842041, 10.23740005493164, 12.269499778747559, 12.515600204467773, 11.997200012207031, 8.098699569702148, 9.307499885559082, 11.811699867248535, 11.262299537658691, 11.586000442504883, 11.817700386047363, 11.415399551391602, 11.549300193786621, 12.14739990234375, 12.052800178527832, 11.93340015411377, 11.930299758911133, 12.621600151062012, 12.4975004196167, 11.418600082397461, 12.359600067138672, 12.301300048828125, 12.4399995803833, 12.323800086975098, 12.684300422668457, 12.519399642944336, 13.124899864196777, 11.840299606323242, 12.69950008392334, 13.549200057983398, 13.589799880981445, 14.149800300598145, 11.167099952697754, 12.791799545288086, 13.501899719238281, 13.419400215148926, 13.264900207519531, 12.96660041809082, 13.446499824523926, 13.522100448608398, 13.510000228881836, 11.062100410461426, 12.358599662780762, 14.297300338745117, 13.361499786376953, 10.780900001525879, 13.336099624633789, 12.615300178527832, 13.826700210571289, 11.666299819946289]"
