item_id,start,freq,target
T640,2014-12-29,W-SUN,"[5.237199783325195, 6.434700012207031, 7.2221999168396, 7.581699848175049, 8.189800262451172, 8.57509994506836, 8.055899620056152, 8.528300285339355, 7.799300193786621, 9.430999755859375, 7.930300235748291, 7.638700008392334, 7.872399806976318, 7.525000095367432, 8.360099792480469, 8.866399765014648, 8.508700370788574, 9.63290023803711, 9.308799743652344, 8.313400268554688, 7.320700168609619, 7.806300163269043, 9.274499893188477, 8.218299865722656, 8.760899543762207, 9.22439956665039, 7.480299949645996, 8.265399932861328, 8.314599990844727, 8.945799827575684, 8.443300247192383, 8.098899841308594, 9.507399559020996, 9.689000129699707, 9.756699562072754, 10.349800109863281, 10.766900062561035, 13.893400192260742, 10.749899864196777, 10.150500297546387, 9.528200149536133, 9.613499641418457, 9.001399993896484, 10.409899711608887, 8.7121000289917, 9.16510009765625, 8.306900024414062, 8.146900177001953, 7.984600067138672, 8.497400283813477, 8.711899757385254, 8.650300025939941, 8.286199569702148, 8.590900421142578, 7.555799961090088, 7.608399868011475, 8.787400245666504, 8.297499656677246, 7.911499977111816, 8.662799835205078, 9.040800094604492, 8.462499618530273, 8.147700309753418, 8.716300010681152, 8.032899856567383, 8.198599815368652, 8.542900085449219, 9.604599952697754, 10.544699668884277, 9.4891996383667, 8.974900245666504, 10.630399703979492, 9.84529972076416, 9.767800331115723, 10.455699920654297, 12.27929973602295, 14.446100234985352, 11.251799583435059, 9.404500007629395, 11.712400436401367, 11.199799537658691, 10.453300476074219, 10.293700218200684, 9.819499969482422, 10.06309986114502, 11.576000213623047, 12.025500297546387, 10.651399612426758, 13.585000038146973, 12.76669979095459, 15.17490005493164, 12.020099639892578, 11.677399635314941, 11.909500122070312, 12.809100151062012, 12.799200057983398]"
