item_id,start,freq,target
T385,2015-01-18 00:00:00,W-SUN,"[4.930600166320801, 6.085999965667725, 5.018499851226807, 5.802599906921387, 7.1880998611450195, 5.765600204467773, 5.950300216674805, 5.71560001373291, 5.748700141906738, 5.509699821472168, 4.915900230407715, 5.994100093841553, 5.8302001953125, 4.8491997718811035, 5.583399772644043, 6.644700050354004, 6.195899963378906, 4.424300193786621, 5.697500228881836, 6.202400207519531, 6.440700054168701, 5.742599964141846, 5.579400062561035, 4.658299922943115, 5.380899906158447, 5.7484002113342285, 5.390399932861328, 5.502500057220459, 5.782599925994873, 6.6570000648498535, 6.4608001708984375, 5.8850998878479, 6.613399982452393, 6.796299934387207, 8.623700141906738, 6.80109977722168, 7.1809000968933105, 7.107399940490723, 7.293900012969971, 6.944799900054932, 7.313300132751465, 8.081899642944336, 8.409299850463867, 9.903599739074707, 6.260799884796143, 7.877699851989746, 7.435800075531006, 6.803599834442139, 3.3698999881744385, 3.7274999618530273, 6.0345001220703125, 5.627999782562256, 7.232500076293945, 7.985899925231934, 7.127600193023682, 7.256999969482422, 7.059299945831299, 6.63040018081665, 6.877999782562256, 6.663400173187256, 8.198699951171875, 6.4654998779296875, 6.562900066375732, 5.651700019836426, 8.48289966583252, 7.562099933624268, 7.378900051116943, 7.511600017547607, 7.069900035858154, 8.090999603271484, 6.788899898529053, 8.512299537658691, 7.308300018310547, 7.820199966430664, 7.290900230407715, 5.880799770355225, 6.334000110626221, 6.837200164794922, 7.223899841308594, 6.245999813079834, 7.688499927520752, 6.24399995803833, 6.681000232696533, 7.446599960327148, 6.045100212097168, 7.275100231170654, 8.000699996948242, 8.171500205993652, 6.848499774932861, 7.899499893188477]"
