item_id,start,freq,target
T693,2015-01-04 00:00:00,W-SUN,"[[3.1638998985290527, 3.2762999534606934, 4.2789998054504395, 3.9907000064849854, 4.607999801635742, 3.5559000968933105, 4.393199920654297, 4.476399898529053, 4.110899925231934, 4.08489990234375, 4.632599830627441, 4.529099941253662, 4.262400150299072, 4.085599899291992, 4.801700115203857, 3.922100067138672, 4.090000152587891, 4.70389986038208, 4.749599933624268, 4.715199947357178, 4.585400104522705, 4.6493000984191895, 4.67110013961792, 4.693399906158447, 4.621600151062012, 4.598100185394287, 4.312900066375732, 4.681700229644775, 4.656400203704834, 4.6545000076293945, 4.606200218200684, 4.638500213623047, 4.638000011444092, 4.763299942016602, 4.714000225067139, 4.5269999504089355, 4.725200176239014, 4.724400043487549, 4.6620001792907715, 3.86929988861084, 4.131999969482422, 4.25629997253418, 3.731100082397461, 4.632900238037109, 4.6178998947143555, 4.670100212097168, 4.762400150299072, 4.665500164031982, 4.677199840545654, 4.654900074005127, 4.724299907684326, 3.919100046157837, 3.9333999156951904, 4.478700160980225, 4.429800033569336, 4.494900226593018, 4.617000102996826, 4.774799823760986, 4.684999942779541, 4.014900207519531, 4.690499782562256, 4.650700092315674, 4.00600004196167, 3.668800115585327, 3.889899969100952, 3.889899969100952, 3.889899969100952, 3.889899969100952, 3.889899969100952, 3.889899969100952, 3.889899969100952, 3.889899969100952, 3.889899969100952, 3.889899969100952, 3.889899969100952, 3.889899969100952, 3.889899969100952, 3.889899969100952, 3.889899969100952, 3.889899969100952, 3.889899969100952, 3.889899969100952, 3.889899969100952, 3.889899969100952, 3.889899969100952, 3.889899969100952, 3.889899969100952, 3.889899969100952, 3.889899969100952, 3.889899969100952]]"
