item_id,start,freq,target
T635,2015-01-25 00:00:00,W-SUN,"[[9.894100189208984, 9.728500366210938, 10.044899940490723, 10.01360034942627, 9.584600448608398, 10.07390022277832, 10.048800468444824, 10.114800453186035, 10.847700119018555, 9.941200256347656, 10.18690013885498, 10.139599800109863, 10.17080020904541, 10.156999588012695, 9.831100463867188, 10.285499572753906, 9.108400344848633, 10.1003999710083, 10.404199600219727, 10.602499961853027, 10.586899757385254, 10.873800277709961, 9.702500343322754, 10.138699531555176, 10.33080005645752, 10.15369987487793, 10.675600051879883, 10.749899864196777, 10.577300071716309, 11.20300006866455, 10.412400245666504, 9.922800064086914, 10.20359992980957, 10.899299621582031, 10.649100303649902, 11.180100440979004, 10.76830005645752, 10.875300407409668, 11.073800086975098, 10.856300354003906, 10.697699546813965, 10.84749984741211, 11.429900169372559, 8.72350025177002, 10.987799644470215, 10.991000175476074, 11.68340015411377, 9.015399932861328, 8.141300201416016, 10.6850004196167, 10.18649959564209, 11.015199661254883, 10.123200416564941, 11.071599960327148, 11.089200019836426, 11.570899963378906, 11.053000450134277, 11.126099586486816, 10.84119987487793, 11.234299659729004, 11.708000183105469, 11.749699592590332, 10.733599662780762, 11.385499954223633, 11.446800231933594, 11.487500190734863, 11.15410041809082, 11.454299926757812, 11.474599838256836, 11.079999923706055, 11.964400291442871, 11.875100135803223, 12.322799682617188, 11.294099807739258, 10.435999870300293, 11.145000457763672, 10.470800399780273, 10.692999839782715, 10.839900016784668, 11.333999633789062, 11.852499961853027, 11.5423002243042, 11.498800277709961, 9.931500434875488, 11.75059986114502, 11.899900436401367, 11.814399719238281, 11.708399772644043, 11.459600448608398, 11.311800003051758]]"
