item_id,start,freq,target
T756,2014-12-29,W-SUN,"[6.874300003051758, 8.581199645996094, 7.851600170135498, 8.155500411987305, 8.090700149536133, 7.403299808502197, 9.315400123596191, 8.07759952545166, 7.524700164794922, 7.605100154876709, 10.502699851989746, 10.201800346374512, 10.362899780273438, 10.135199546813965, 9.93910026550293, 10.21150016784668, 9.048299789428711, 8.357399940490723, 8.364500045776367, 8.317000389099121, 8.176799774169922, 8.251299858093262, 8.339200019836426, 8.309200286865234, 8.213299751281738, 8.179699897766113, 7.848999977111816, 8.262200355529785, 8.236000061035156, 8.424099922180176, 8.194199562072754, 8.212200164794922, 8.33650016784668, 8.374300003051758, 9.20359992980957, 8.219499588012695, 8.25160026550293, 8.26509952545166, 8.652799606323242, 7.2855000495910645, 9.531000137329102, 11.310600280761719, 11.055800437927246, 8.652700424194336, 8.117199897766113, 8.176199913024902, 8.258600234985352, 5.191100120544434, 5.661200046539307, 5.6315999031066895, 5.595300197601318, 4.776400089263916, 4.780300140380859, 5.421599864959717, 5.435100078582764, 5.502500057220459, 5.250100135803223, 5.729800224304199, 5.797599792480469, 6.346700191497803, 9.460599899291992, 9.980799674987793, 9.502400398254395, 9.315299987792969, 9.889900207519531, 10.608099937438965, 9.920900344848633, 10.67870044708252, 10.448200225830078, 10.366900444030762, 10.652099609375, 10.820099830627441, 10.710599899291992, 10.787799835205078, 10.322099685668945, 10.677200317382812, 10.890899658203125, 10.674699783325195, 9.743000030517578, 10.527899742126465, 10.64169979095459, 10.418899536132812, 10.568900108337402, 9.894800186157227, 10.530200004577637, 10.657600402832031, 10.019599914550781, 8.197600364685059, 9.265000343322754, 10.910699844360352, 11.517000198364258, 11.69159984588623, 11.083900451660156, 10.725299835205078, 9.897299766540527, 9.838000297546387]"
