item_id,start,freq,target
T860,2014-12-29,W-SUN,"[3.889899969100952, 3.889899969100952, 3.889899969100952, 3.889899969100952, 3.889899969100952, 3.889899969100952, 3.889899969100952, 3.889899969100952, 3.5253000259399414, 8.682700157165527, 9.501199722290039, 9.399800300598145, 9.496700286865234, 9.530500411987305, 9.59589958190918, 9.466899871826172, 6.189799785614014, 9.463700294494629, 9.650099754333496, 9.658599853515625, 9.371399879455566, 9.599200248718262, 9.441200256347656, 9.613800048828125, 9.498499870300293, 9.459500312805176, 9.194299697875977, 9.604700088500977, 9.304300308227539, 8.876899719238281, 9.60669994354248, 9.565199851989746, 8.680999755859375, 9.548299789428711, 5.797699928283691, 8.992400169372559, 9.64840030670166, 9.682700157165527, 6.3765997886657715, 9.430399894714355, 8.896699905395508, 9.62440013885498, 9.75059986114502, 9.624799728393555, 9.664199829101562, 9.556500434875488, 9.74779987335205, 9.202099800109863, 6.664400100708008, 9.75629997253418, 8.33080005645752, 8.958200454711914, 8.938199996948242, 9.472399711608887, 8.875300407409668, 8.672300338745117, 9.560999870300293, 9.628600120544434, 6.287199974060059, 7.125500202178955, 8.247200012207031, 9.679100036621094, 6.284900188446045, 4.94920015335083, 5.163700103759766, 5.20359992980957, 5.165500164031982, 5.328700065612793, 5.285099983215332, 5.368100166320801, 5.372399806976318, 5.395500183105469, 5.403600215911865, 5.178199768066406, 5.314000129699707, 6.092800140380859, 5.51039981842041, 5.485899925231934, 5.1209001541137695, 5.482500076293945, 5.530399799346924, 5.388999938964844, 5.622000217437744, 5.632900238037109, 5.778500080108643, 5.831299781799316, 5.814000129699707, 5.400599956512451, 5.746500015258789, 5.831500053405762, 5.8144001960754395, 5.631700038909912, 5.589300155639648, 5.717899799346924, 5.909800052642822, 5.565499782562256]"
