item_id,start,freq,target
T577,2015-02-08 00:00:00,W-SUN,"[4.995800018310547, 5.424099922180176, 4.788300037384033, 5.025700092315674, 5.851900100708008, 5.883399963378906, 5.613900184631348, 5.631999969482422, 5.952899932861328, 5.997399806976318, 5.919899940490723, 5.923900127410889, 5.96589994430542, 5.990799903869629, 5.5, 6.050099849700928, 5.870699882507324, 5.962699890136719, 6.094200134277344, 6.26669979095459, 5.798299789428711, 6.309500217437744, 6.340199947357178, 5.2829999923706055, 5.301000118255615, 5.665999889373779, 5.58489990234375, 5.737299919128418, 5.741399765014648, 5.421199798583984, 5.863399982452393, 5.982800006866455, 5.471399784088135, 5.8709001541137695, 5.701900005340576, 5.859300136566162, 5.843900203704834, 5.894999980926514, 5.711999893188477, 6.108699798583984, 5.752500057220459, 5.060500144958496, 5.60260009765625, 5.967599868774414, 5.849599838256836, 4.254499912261963, 4.880899906158447, 5.638299942016602, 5.770899772644043, 5.718699932098389, 5.910999774932861, 5.9334001541137695, 5.549600124359131, 5.884300231933594, 5.798999786376953, 5.314199924468994, 5.504499912261963, 4.953999996185303, 5.694699764251709, 5.821100234985352, 6.621799945831299, 6.037499904632568, 5.98330020904541, 6.092800140380859, 6.072999954223633, 6.240499973297119, 6.353300094604492, 5.526700019836426, 6.1971001625061035, 5.957499980926514, 6.072999954223633, 5.992000102996826, 5.328100204467773, 5.773099899291992, 6.036200046539307, 5.91510009765625, 5.995699882507324, 5.7733001708984375, 5.990499973297119, 6.238999843597412, 6.102499961853027, 5.690299987792969, 6.031199932098389, 6.463600158691406, 6.390500068664551, 6.259099960327148, 6.496600151062012, 6.402299880981445, 6.868500232696533, 6.69890022277832]"
