item_id,start,freq,target
T49,2014-12-29,W-SUN,"[7.464600086212158, 10.260000228881836, 6.54640007019043, 9.35789966583252, 10.48550033569336, 10.570699691772461, 8.8548002243042, 8.157400131225586, 8.00160026550293, 11.310199737548828, 10.439399719238281, 10.559000015258789, 10.171500205993652, 10.131400108337402, 11.25529956817627, 10.939499855041504, 10.828800201416016, 10.507200241088867, 10.89050006866455, 10.20479965209961, 10.227100372314453, 10.509699821472168, 10.953700065612793, 10.522199630737305, 10.61769962310791, 10.425700187683105, 9.92199993133545, 10.597900390625, 10.765199661254883, 10.227800369262695, 10.458000183105469, 10.914400100708008, 9.35770034790039, 10.855299949645996, 11.151599884033203, 10.668899536132812, 11.620400428771973, 11.487600326538086, 10.095499992370605, 11.38599967956543, 10.821900367736816, 11.829400062561035, 11.377599716186523, 11.655200004577637, 10.726699829101562, 11.64109992980957, 11.003700256347656, 10.143600463867188, 10.326700210571289, 11.16450023651123, 10.160499572753906, 9.328300476074219, 9.572400093078613, 10.36870002746582, 10.443699836730957, 10.437000274658203, 11.272600173950195, 10.804100036621094, 9.871600151062012, 10.566100120544434, 11.101699829101562, 10.785900115966797, 10.654899597167969, 9.985099792480469, 11.561599731445312, 11.65530014038086, 12.39330005645752, 12.821499824523926, 11.920599937438965, 12.035599708557129, 11.101400375366211, 10.434800148010254, 11.159500122070312, 10.387399673461914, 10.823399543762207, 10.93340015411377, 10.642499923706055, 10.9483003616333, 10.00409984588623, 10.594599723815918, 11.39169979095459, 10.317399978637695, 10.673999786376953, 10.452300071716309, 10.619600296020508, 12.234800338745117, 12.651300430297852, 11.978599548339844, 12.97819995880127, 13.660799980163574, 12.567500114440918, 12.294899940490723, 12.786700248718262, 12.079700469970703, 12.324999809265137, 12.429699897766113]"
