item_id,start,freq,target
T154,2014-12-29,W-SUN,"[7.608699798583984, 11.092300415039062, 7.733099937438965, 10.332200050354004, 11.336899757385254, 12.692500114440918, 12.049799919128418, 11.472700119018555, 11.07129955291748, 12.348299980163574, 12.451700210571289, 12.944000244140625, 10.85949993133545, 9.976200103759766, 11.192000389099121, 13.091699600219727, 11.133899688720703, 12.26830005645752, 11.76710033416748, 11.843799591064453, 10.650400161743164, 12.508500099182129, 11.566800117492676, 11.006199836730957, 11.629400253295898, 11.051899909973145, 9.679400444030762, 11.625100135803223, 10.97089958190918, 11.69789981842041, 10.617500305175781, 11.427599906921387, 10.826600074768066, 11.406999588012695, 10.307299613952637, 10.570899963378906, 13.03950023651123, 12.779800415039062, 9.665800094604492, 11.997900009155273, 12.286399841308594, 13.73169994354248, 13.767200469970703, 13.025899887084961, 13.05720043182373, 13.293499946594238, 11.970999717712402, 9.843099594116211, 12.621800422668457, 13.909000396728516, 12.251899719238281, 8.304800033569336, 9.542499542236328, 12.139900207519531, 11.759900093078613, 10.894100189208984, 11.147100448608398, 12.472399711608887, 11.19540023803711, 11.627799987792969, 9.838600158691406, 11.998900413513184, 11.873200416564941, 9.053199768066406, 11.14780044555664, 10.469300270080566, 12.308600425720215, 12.970100402832031, 12.129300117492676, 10.461700439453125, 10.811300277709961, 11.52649974822998, 12.616999626159668, 10.847200393676758, 12.058199882507324, 11.72130012512207, 12.255599975585938, 12.497400283813477, 11.090399742126465, 11.885199546813965, 10.119999885559082, 11.490900039672852, 11.68529987335205, 11.062700271606445, 12.056599617004395, 12.454099655151367, 12.371199607849121, 11.732399940490723, 13.57390022277832, 14.531200408935547, 16.029699325561523, 14.28439998626709, 13.660300254821777, 13.643699645996094, 13.521900177001953, 12.866299629211426]"
