item_id,start,freq,target
T123,2014-12-29,W-SUN,"[9.241700172424316, 9.090999603271484, 12.891500473022461, 10.37909984588623, 13.263899803161621, 13.928400039672852, 9.5201997756958, 10.38599967956543, 9.20419979095459, 11.220399856567383, 11.469900131225586, 10.615599632263184, 11.36139965057373, 10.961299896240234, 11.749799728393555, 11.437700271606445, 9.466899871826172, 10.769800186157227, 11.519000053405762, 11.524700164794922, 10.521499633789062, 11.417099952697754, 11.530500411987305, 11.901399612426758, 11.652700424194336, 11.922599792480469, 9.926199913024902, 11.792400360107422, 12.43589973449707, 11.483099937438965, 11.340399742126465, 11.291600227355957, 11.138999938964844, 11.55519962310791, 9.87440013885498, 10.651900291442871, 11.560500144958496, 11.83590030670166, 9.981399536132812, 11.360699653625488, 10.82040023803711, 11.368200302124023, 11.26449966430664, 11.836299896240234, 11.899499893188477, 11.636500358581543, 11.635899543762207, 9.092700004577637, 10.57390022277832, 11.798999786376953, 11.519700050354004, 8.493499755859375, 9.644599914550781, 11.86139965057373, 10.900400161743164, 11.190600395202637, 11.496399879455566, 11.393500328063965, 10.113300323486328, 11.271400451660156, 10.966400146484375, 11.598899841308594, 11.1943998336792, 11.035099983215332, 10.89780044555664, 10.32859992980957, 10.954999923706055, 11.768600463867188, 11.575400352478027, 11.641200065612793, 11.346099853515625, 11.664600372314453, 11.527099609375, 10.859800338745117, 11.796099662780762, 11.964200019836426, 11.889599800109863, 11.559599876403809, 10.157400131225586, 10.583800315856934, 13.985799789428711, 13.72920036315918, 11.570799827575684, 10.452899932861328, 11.766200065612793, 11.682999610900879, 12.187399864196777, 10.754400253295898, 10.462800025939941, 11.942999839782715, 11.793100357055664, 8.735300064086914, 11.468199729919434, 11.599200248718262, 11.9891996383667, 10.67870044708252]"
