item_id,start,freq,target
T682,2014-12-29,W-SUN,"[12.274900436401367, 14.258899688720703, 13.96780014038086, 12.019000053405762, 15.344499588012695, 16.714500427246094, 16.533899307250977, 16.654699325561523, 15.17039966583252, 16.53420066833496, 16.343799591064453, 16.578899383544922, 16.864500045776367, 16.027000427246094, 16.927600860595703, 17.595800399780273, 13.783599853515625, 14.89840030670166, 14.954700469970703, 17.01449966430664, 15.582099914550781, 16.83300018310547, 18.37220001220703, 18.113100051879883, 17.15959930419922, 17.583900451660156, 14.97070026397705, 17.720500946044922, 17.497100830078125, 18.36359977722168, 18.01919937133789, 17.47319984436035, 17.480499267578125, 17.316099166870117, 16.280899047851562, 15.587499618530273, 17.54050064086914, 16.97319984436035, 16.64150047302246, 17.55030059814453, 16.460899353027344, 17.28499984741211, 15.987700462341309, 16.3533992767334, 16.799800872802734, 16.906999588012695, 17.075000762939453, 14.486300468444824, 16.563499450683594, 17.68670082092285, 18.51099967956543, 12.65939998626709, 13.841899871826172, 15.711000442504883, 16.645599365234375, 16.55699920654297, 14.424799919128418, 15.66450023651123, 15.736499786376953, 16.432600021362305, 16.158000946044922, 16.891199111938477, 17.188899993896484, 16.903900146484375, 16.55030059814453, 16.42289924621582, 16.665199279785156, 17.257699966430664, 16.806699752807617, 17.17300033569336, 17.150299072265625, 18.00429916381836, 17.651500701904297, 16.44569969177246, 18.033899307250977, 20.302099227905273, 17.958099365234375, 17.520599365234375, 15.491100311279297, 17.603900909423828, 17.418399810791016, 16.830699920654297, 17.76759910583496, 17.346500396728516, 18.093000411987305, 18.090299606323242, 17.72920036315918, 15.884099960327148, 17.634599685668945, 18.723899841308594, 17.395700454711914, 17.110700607299805, 17.239299774169922, 16.89109992980957, 17.542800903320312, 16.758499145507812]"
