item_id,start,freq,target
T382,2014-12-29,W-SUN,"[11.663000106811523, 13.175200462341309, 10.161299705505371, 11.959600448608398, 11.276800155639648, 12.059900283813477, 12.501199722290039, 13.329099655151367, 12.160300254821777, 13.221500396728516, 13.224699974060059, 12.663299560546875, 14.171899795532227, 13.518600463867188, 13.538399696350098, 13.325699806213379, 11.39579963684082, 13.373700141906738, 12.978899955749512, 13.504300117492676, 12.24590015411377, 12.989700317382812, 13.04419994354248, 13.556400299072266, 13.616999626159668, 13.308199882507324, 11.861300468444824, 12.999500274658203, 13.0871000289917, 12.953200340270996, 12.589799880981445, 13.214300155639648, 12.88379955291748, 13.31779956817627, 12.131400108337402, 12.251700401306152, 12.625300407409668, 13.398200035095215, 12.738300323486328, 13.2052001953125, 12.821399688720703, 14.360099792480469, 12.95199966430664, 10.157899856567383, 11.986100196838379, 12.309700012207031, 12.351099967956543, 10.703399658203125, 10.410599708557129, 12.092700004577637, 12.73390007019043, 10.208600044250488, 9.640899658203125, 11.516400337219238, 10.864299774169922, 11.094099998474121, 11.028599739074707, 12.426899909973145, 10.293100357055664, 12.415599822998047, 11.405900001525879, 11.780599594116211, 12.241800308227539, 13.144800186157227, 12.546500205993652, 11.710000038146973, 11.804200172424316, 12.303400039672852, 12.516599655151367, 12.228099822998047, 13.293399810791016, 13.423600196838379, 13.7568998336792, 12.499300003051758, 13.407400131225586, 13.575200080871582, 13.6943998336792, 12.814499855041504, 12.01729965209961, 12.622099876403809, 12.955300331115723, 12.1496000289917, 12.216899871826172, 12.682000160217285, 12.891799926757812, 12.635700225830078, 13.09119987487793, 11.309900283813477, 12.76609992980957, 13.159099578857422, 12.511300086975098, 12.846400260925293, 12.496600151062012, 12.082799911499023, 12.413000106811523, 11.911499977111816]"
