item_id,start,freq,target
T734,2014-12-29,W-SUN,"[5.73330020904541, 5.73330020904541, 5.73330020904541, 5.73330020904541, 5.73330020904541, 5.73330020904541, 5.73330020904541, 5.73330020904541, 5.1971001625061035, 5.735499858856201, 5.73330020904541, 5.73330020904541, 5.73330020904541, 5.73330020904541, 5.541900157928467, 5.73330020904541, 5.73330020904541, 5.73330020904541, 5.73330020904541, 5.73330020904541, 5.73330020904541, 5.73330020904541, 5.73330020904541, 5.73330020904541, 5.73330020904541, 5.73330020904541, 5.73330020904541, 5.73330020904541, 5.73330020904541, 5.73330020904541, 5.73330020904541, 5.73330020904541, 5.73330020904541, 5.73330020904541, 5.73330020904541, 5.73330020904541, 5.73330020904541, 5.73330020904541, 5.73330020904541, 5.73330020904541, 5.73330020904541, 5.73330020904541, 5.73330020904541, 5.725399971008301, 5.73330020904541, 5.73330020904541, 5.73330020904541, 5.73330020904541, 5.73330020904541, 5.73330020904541, 5.73330020904541, 5.73330020904541, 5.73330020904541, 5.73330020904541, 5.73330020904541, 5.73330020904541, 5.73330020904541, 5.73330020904541, 5.73330020904541, 5.73330020904541, 6.173699855804443, 6.66379976272583, 6.787700176239014, 6.9629998207092285, 7.063399791717529, 7.250899791717529, 7.134300231933594, 7.2221999168396, 7.224800109863281, 7.167600154876709, 7.264699935913086, 7.355500221252441, 7.387700080871582, 7.2418999671936035, 7.323200225830078, 7.355599880218506, 7.554999828338623, 7.5971999168396, 7.064000129699707, 7.472099781036377, 7.526500225067139, 7.102799892425537, 7.489999771118164, 7.636199951171875, 7.5619001388549805, 7.581600189208984, 7.484300136566162, 7.118500232696533, 7.398900032043457, 7.536799907684326, 5.888400077819824, 7.32889986038208, 7.402299880981445, 7.029200077056885, 7.36359977722168, 6.969399929046631]"
