item_id,start,freq,target
T525,2014-12-29,W-SUN,"[2.0703001022338867, 1.3423999547958374, 1.382099986076355, 1.3717000484466553, 1.4204000234603882, 1.2903000116348267, 1.402899980545044, 1.391800045967102, 1.2359000444412231, 1.4707000255584717, 1.589900016784668, 1.4622999429702759, 1.6800999641418457, 1.5508999824523926, 2.2195000648498535, 1.5326000452041626, 1.5670000314712524, 1.5217000246047974, 1.4490000009536743, 1.4297000169754028, 1.40910005569458, 1.4970999956130981, 1.5434000492095947, 1.7806999683380127, 2.44569993019104, 1.8569999933242798, 3.5174999237060547, 1.6892999410629272, 3.8868000507354736, 3.4755001068115234, 3.0188000202178955, 2.4024999141693115, 4.302199840545654, 1.5822999477386475, 1.5434999465942383, 4.220200061798096, 1.5824999809265137, 1.5645999908447266, 1.5644999742507935, 1.531999945640564, 1.5111000537872314, 3.447499990463257, 1.4677000045776367, 1.4397000074386597, 1.4120999574661255, 1.3789000511169434, 1.405500054359436, 1.3001999855041504, 1.3695000410079956, 1.3492000102996826, 1.3840999603271484, 1.2010999917984009, 1.2108999490737915, 1.3157999515533447, 1.2901999950408936, 1.3787000179290771, 1.2980999946594238, 1.4465999603271484, 1.4170000553131104, 1.4742000102996826, 1.3911000490188599, 1.2231999635696411, 1.1988999843597412, 1.23989999294281, 1.5469000339508057, 2.3076999187469482, 1.375499963760376, 3.5810999870300293, 1.5247999429702759, 1.5499999523162842, 1.5262999534606934, 1.6268999576568604, 1.5370999574661255, 5.612599849700928, 1.5750999450683594, 1.5635000467300415, 2.5957999229431152, 1.9829000234603882, 2.553999900817871, 1.5513999462127686, 1.742799997329712, 4.1743998527526855, 3.502000093460083, 1.5389000177383423, 2.2399001121520996, 1.613800048828125, 1.55840003490448, 4.507500171661377, 1.5470999479293823, 1.5995999574661255, 7.2083001136779785, 7.111299991607666, 2.182499885559082, 1.3221999406814575, 1.4068000316619873, 1.3095999956130981]"
