item_id,start,freq,target
T618,2014-12-29,W-SUN,"[13.06190013885498, 11.8125, 11.7052001953125, 11.9197998046875, 16.73069953918457, 16.541000366210938, 15.623499870300293, 17.129600524902344, 16.767499923706055, 16.393999099731445, 16.154399871826172, 18.90060043334961, 19.447200775146484, 16.190799713134766, 22.015300750732422, 26.080299377441406, 18.087099075317383, 20.000999450683594, 26.296499252319336, 19.49250030517578, 19.266199111938477, 19.560699462890625, 17.963300704956055, 21.44339942932129, 19.740299224853516, 20.00860023498535, 14.329999923706055, 24.483699798583984, 21.068099975585938, 23.59480094909668, 18.12019920349121, 20.83060073852539, 20.4424991607666, 23.91629981994629, 21.642099380493164, 19.5492000579834, 23.471900939941406, 24.43709945678711, 21.212099075317383, 21.324800491333008, 20.09869956970215, 19.81999969482422, 19.793100357055664, 17.48539924621582, 18.351200103759766, 16.898700714111328, 18.485700607299805, 13.52929973602295, 18.405399322509766, 21.108699798583984, 17.502899169921875, 10.051799774169922, 14.553199768066406, 12.369099617004395, 13.449899673461914, 12.199600219726562, 14.062199592590332, 13.831199645996094, 17.889999389648438, 15.245800018310547, 17.380300521850586, 15.608799934387207, 18.122699737548828, 19.68939971923828, 17.108800888061523, 19.958200454711914, 18.92930030822754, 22.40369987487793, 22.154199600219727, 17.656700134277344, 20.64590072631836, 15.774100303649902, 24.66819953918457, 17.973100662231445, 14.671500205993652, 24.21540069580078, 21.540599822998047, 21.118099212646484, 12.60770034790039, 19.162500381469727, 22.91469955444336, 22.709199905395508, 21.749300003051758, 17.9197998046875, 24.02079963684082, 21.756099700927734, 22.239099502563477, 16.67639923095703, 21.56220054626465, 25.726999282836914, 23.891000747680664, 23.550800323486328, 22.01759910583496, 18.217899322509766, 17.215999603271484, 19.688600540161133]"
