item_id,start,freq,target
T233,2014-12-29,W-SUN,"[4.664999961853027, 5.965799808502197, 3.7813000679016113, 5.579800128936768, 6.291500091552734, 6.400199890136719, 6.952499866485596, 6.5742998123168945, 6.0578999519348145, 6.144400119781494, 6.521200180053711, 6.594600200653076, 7.9766998291015625, 7.101900100708008, 7.3541998863220215, 8.305800437927246, 8.113100051879883, 8.187199592590332, 8.071499824523926, 8.098899841308594, 7.618899822235107, 8.309800148010254, 8.172900199890137, 8.28279972076416, 7.736700057983398, 5.653600215911865, 5.666999816894531, 5.2941999435424805, 6.877900123596191, 7.620500087738037, 7.895299911499023, 7.8744001388549805, 7.933899879455566, 8.075200080871582, 8.358699798583984, 8.106399536132812, 8.491800308227539, 8.648200035095215, 8.43280029296875, 8.519200325012207, 7.95359992980957, 8.08489990234375, 8.018500328063965, 8.400500297546387, 8.711600303649902, 9.225700378417969, 9.02180004119873, 7.590099811553955, 8.675999641418457, 8.6274995803833, 8.866499900817871, 7.189499855041504, 7.714099884033203, 8.802399635314941, 8.847800254821777, 8.843400001525879, 9.050299644470215, 9.169400215148926, 8.929400444030762, 9.12909984588623, 8.947600364685059, 9.019599914550781, 8.715800285339355, 8.339699745178223, 8.466099739074707, 7.972899913787842, 8.31309986114502, 8.82759952545166, 8.677000045776367, 8.790599822998047, 8.829700469970703, 8.813699722290039, 8.689800262451172, 8.669899940490723, 9.454400062561035, 9.045299530029297, 8.987000465393066, 8.309100151062012, 7.54040002822876, 8.673600196838379, 8.943400382995605, 8.865300178527832, 8.995499610900879, 8.774499893188477, 8.986000061035156, 9.09119987487793, 9.190600395202637, 7.966100215911865, 8.547800064086914, 9.505800247192383, 9.237299919128418, 8.490300178527832, 8.61359977722168, 8.520000457763672, 8.345000267028809, 8.374199867248535]"
