item_id,start,freq,target
T836,2015-01-18 00:00:00,W-SUN,"[7.700500011444092, 7.700500011444092, 7.700500011444092, 7.700500011444092, 7.700500011444092, 6.985899925231934, 7.702400207519531, 7.700500011444092, 7.700500011444092, 7.700500011444092, 7.700500011444092, 7.598499774932861, 7.700500011444092, 7.700500011444092, 7.700500011444092, 7.700500011444092, 7.700500011444092, 7.700500011444092, 7.700500011444092, 7.700500011444092, 7.700500011444092, 7.700500011444092, 7.700500011444092, 7.700500011444092, 7.700500011444092, 7.700500011444092, 7.700500011444092, 7.700500011444092, 7.700500011444092, 7.700500011444092, 7.700500011444092, 7.700500011444092, 7.700500011444092, 7.700500011444092, 7.700500011444092, 7.700500011444092, 7.700500011444092, 7.700500011444092, 7.700500011444092, 7.700500011444092, 7.690800189971924, 7.700500011444092, 7.700500011444092, 7.700500011444092, 7.700500011444092, 7.700500011444092, 7.700500011444092, 7.700500011444092, 7.700500011444092, 7.700500011444092, 7.700500011444092, 7.700500011444092, 7.700500011444092, 7.700500011444092, 7.700500011444092, 7.700500011444092, 7.700500011444092, 7.700500011444092, 7.700500011444092, 7.702400207519531, 7.700500011444092, 7.700500011444092, 7.700500011444092, 7.700500011444092, 7.700500011444092, 7.700500011444092, 8.058300018310547, 7.705599784851074, 9.863300323486328, 9.893899917602539, 10.186100006103516, 9.734100341796875, 10.413599967956543, 10.313799858093262, 10.208800315856934, 9.503700256347656, 9.866299629211426, 9.961099624633789, 10.378399848937988, 10.953200340270996, 10.224599838256836, 10.287099838256836, 10.504599571228027, 10.688199996948242, 9.305399894714355, 9.596699714660645, 10.001199722290039, 10.237700462341309, 8.129199981689453, 9.770999908447266]"
