item_id,start,freq,target
T791,2014-12-29,W-SUN,"[5.111499786376953, 4.1605000495910645, 6.139900207519531, 5.100399971008301, 9.368499755859375, 6.5756001472473145, 5.367199897766113, 6.19350004196167, 4.738500118255615, 5.86959981918335, 6.6057000160217285, 5.72160005569458, 5.287300109863281, 7.87939977645874, 7.3470001220703125, 6.761000156402588, 4.979700088500977, 4.413000106811523, 5.83459997177124, 5.373000144958496, 5.8917999267578125, 6.571100234985352, 4.934000015258789, 6.80810022354126, 5.008399963378906, 6.519100189208984, 6.143599987030029, 7.292600154876709, 9.853799819946289, 4.960599899291992, 5.743800163269043, 5.613399982452393, 3.3584001064300537, 3.32069993019104, 3.283799886703491, 3.409899950027466, 3.209700107574463, 3.256200075149536, 3.297300100326538, 3.2053000926971436, 3.1679000854492188, 3.247299909591675, 3.244800090789795, 3.0329999923706055, 3.0520999431610107, 3.0882999897003174, 3.271399974822998, 2.9690001010894775, 3.036400079727173, 2.9242000579833984, 3.1654999256134033, 3.0074000358581543, 2.6958000659942627, 2.8301000595092773, 2.9177000522613525, 2.855600118637085, 2.9321000576019287, 2.999799966812134, 3.184299945831299, 3.0527000427246094, 3.0752999782562256, 2.8947999477386475, 2.952199935913086, 3.2964999675750732, 3.452399969100952, 3.3041000366210938, 3.1695001125335693, 3.3010001182556152, 3.2618000507354736, 3.389899969100952, 3.3048999309539795, 3.3517000675201416, 3.3464999198913574, 3.5251998901367188, 3.4760000705718994, 3.4811999797821045, 3.4576001167297363, 3.398699998855591, 3.410799980163574, 3.4159998893737793, 3.7026000022888184, 5.909200191497803, 5.793099880218506, 5.647600173950195, 5.675899982452393, 5.689199924468994, 5.5640997886657715, 3.3089001178741455, 3.3886001110076904, 3.4626998901367188, 3.3322999477386475, 2.6947999000549316, 3.4022998809814453, 3.186199903488159, 3.3492000102996826, 2.88100004196167]"
