item_id,start,freq,target
T758,2014-12-29,W-SUN,"[9.195500373840332, 11.52869987487793, 10.715700149536133, 10.621399879455566, 11.346799850463867, 11.568599700927734, 11.26550006866455, 11.535300254821777, 10.469499588012695, 12.015399932861328, 11.803600311279297, 11.25790023803711, 11.428400039672852, 11.333900451660156, 11.156100273132324, 11.582099914550781, 11.34160041809082, 11.475000381469727, 11.519499778747559, 11.133299827575684, 10.422599792480469, 11.497099876403809, 11.63949966430664, 11.141400337219238, 11.562199592590332, 11.61400032043457, 10.067000389099121, 11.347399711608887, 11.357199668884277, 11.395400047302246, 11.110199928283691, 11.199000358581543, 11.330100059509277, 12.288999557495117, 11.752599716186523, 11.123499870300293, 12.41670036315918, 13.156200408935547, 12.543800354003906, 13.157500267028809, 12.018500328063965, 12.706600189208984, 12.223299980163574, 12.553600311279297, 12.37440013885498, 12.83650016784668, 11.70740032196045, 10.106399536132812, 11.55109977722168, 12.152999877929688, 11.369799613952637, 8.490500450134277, 8.951299667358398, 11.236599922180176, 10.827500343322754, 11.01710033416748, 10.660599708557129, 11.56089973449707, 11.140899658203125, 11.838500022888184, 12.064499855041504, 11.556400299072266, 11.252300262451172, 12.056500434875488, 11.061200141906738, 11.649800300598145, 11.555000305175781, 12.067700386047363, 11.996500015258789, 12.008299827575684, 12.180100440979004, 12.425600051879883, 12.190299987792969, 12.10830020904541, 11.747900009155273, 11.700900077819824, 11.67959976196289, 11.607099533081055, 10.341699600219727, 11.444000244140625, 11.870599746704102, 10.899900436401367, 11.391500473022461, 11.287099838256836, 11.496100425720215, 12.14169979095459, 12.428099632263184, 11.038200378417969, 12.77970027923584, 12.83180046081543, 13.534099578857422, 13.808500289916992, 12.946100234985352, 12.127900123596191, 12.767900466918945, 12.563199996948242]"
