item_id,start,freq,target
T145,2014-12-29,W-SUN,"[6.984099864959717, 6.451399803161621, 6.4807000160217285, 7.782599925994873, 8.669099807739258, 9.312000274658203, 8.078300476074219, 8.74269962310791, 7.9816999435424805, 9.787500381469727, 10.567700386047363, 10.587599754333496, 10.816699981689453, 9.748600006103516, 10.726200103759766, 10.537599563598633, 10.59589958190918, 10.420999526977539, 10.363200187683105, 10.423700332641602, 9.74839973449707, 10.88640022277832, 10.454700469970703, 10.538700103759766, 10.723600387573242, 10.680999755859375, 9.725799560546875, 11.0733003616333, 10.71969985961914, 10.426199913024902, 10.584699630737305, 10.784600257873535, 10.721799850463867, 11.221500396728516, 11.19320011138916, 10.142399787902832, 11.102700233459473, 10.967499732971191, 11.107799530029297, 11.139200210571289, 10.771400451660156, 11.121999740600586, 11.128800392150879, 10.974699974060059, 10.062600135803223, 10.641799926757812, 11.051799774169922, 9.054300308227539, 10.569899559020996, 10.508299827575684, 10.672800064086914, 8.274900436401367, 8.977100372314453, 10.02299976348877, 9.815500259399414, 10.228899955749512, 10.444100379943848, 10.604900360107422, 10.71780014038086, 10.397299766540527, 11.017800331115723, 10.847900390625, 11.335700035095215, 11.140800476074219, 11.98289966583252, 11.074999809265137, 10.720000267028809, 9.337900161743164, 9.66759967803955, 9.861100196838379, 10.367300033569336, 10.778200149536133, 10.835399627685547, 9.612000465393066, 10.157099723815918, 10.022000312805176, 10.141799926757812, 10.456500053405762, 9.241100311279297, 9.970800399780273, 10.388699531555176, 10.129899978637695, 9.775400161743164, 7.402299880981445, 9.883500099182129, 9.80780029296875, 9.420999526977539, 8.8681001663208, 9.712800025939941, 9.903499603271484, 9.70580005645752, 8.928099632263184, 9.141500473022461, 9.035599708557129, 8.945199966430664, 8.836299896240234]"
