item_id,start,freq,target
T188,2015-01-18 00:00:00,W-SUN,"[12.731100082397461, 14.43690013885498, 13.672200202941895, 12.699999809265137, 13.71660041809082, 11.933799743652344, 13.67020034790039, 13.805000305175781, 12.812999725341797, 14.237799644470215, 13.284799575805664, 13.770299911499023, 14.281399726867676, 11.247900009155273, 14.033699989318848, 14.081500053405762, 14.094900131225586, 12.623200416564941, 14.4306001663208, 13.964200019836426, 14.745699882507324, 14.411700248718262, 13.8951997756958, 12.21679973602295, 14.330900192260742, 14.131199836730957, 12.94159984588623, 14.33180046081543, 14.953300476074219, 14.690299987792969, 14.767200469970703, 11.052900314331055, 11.789400100708008, 14.035499572753906, 14.835599899291992, 12.658699989318848, 11.367500305175781, 8.891799926757812, 9.667400360107422, 9.287199974060059, 10.034600257873535, 9.464799880981445, 9.947099685668945, 9.43340015411377, 7.742199897766113, 10.11709976196289, 9.841500282287598, 9.3641996383667, 5.85890007019043, 7.30049991607666, 10.085700035095215, 8.908499717712402, 9.895099639892578, 10.65250015258789, 11.774299621582031, 9.000100135803223, 12.477299690246582, 12.093000411987305, 12.19849967956543, 11.456000328063965, 12.20300006866455, 11.959199905395508, 12.277999877929688, 11.451399803161621, 12.105299949645996, 12.37969970703125, 12.442299842834473, 12.135600090026855, 12.780400276184082, 12.25469970703125, 11.168000221252441, 12.763400077819824, 12.939200401306152, 10.071000099182129, 9.376700401306152, 7.813499927520752, 9.525400161743164, 10.900899887084961, 12.474499702453613, 9.768099784851074, 9.411999702453613, 9.99489974975586, 10.190400123596191, 10.736800193786621, 10.760600090026855, 12.846500396728516, 12.650199890136719, 13.50529956817627, 10.285799980163574, 12.534700393676758]"
