item_id,start,freq,target
T194,2015-02-01 00:00:00,W-SUN,"[5.73330020904541, 5.43179988861084, 5.919300079345703, 5.3119001388549805, 5.735499858856201, 5.73330020904541, 5.73330020904541, 5.73330020904541, 5.73330020904541, 5.541900157928467, 5.73330020904541, 5.73330020904541, 5.73330020904541, 5.73330020904541, 5.73330020904541, 5.73330020904541, 5.73330020904541, 5.73330020904541, 5.73330020904541, 5.73330020904541, 5.73330020904541, 5.73330020904541, 5.73330020904541, 5.73330020904541, 5.73330020904541, 5.73330020904541, 5.73330020904541, 5.73330020904541, 5.73330020904541, 5.73330020904541, 5.73330020904541, 5.975100040435791, 7.186699867248535, 6.429599761962891, 5.847799777984619, 6.060999870300293, 5.735099792480469, 6.776500225067139, 5.240699768066406, 5.781099796295166, 5.781199932098389, 5.7444000244140625, 5.3414998054504395, 5.731200218200684, 5.492199897766113, 5.0, 4.549699783325195, 5.474699974060059, 4.964300155639648, 5.395400047302246, 5.68120002746582, 5.5578999519348145, 5.536099910736084, 6.071800231933594, 5.231900215148926, 5.924300193786621, 5.435800075531006, 5.904200077056885, 6.801300048828125, 8.039199829101562, 6.640200138092041, 5.438799858093262, 7.89109992980957, 6.236999988555908, 7.327300071716309, 5.889999866485596, 10.69279956817627, 5.87470006942749, 11.406900405883789, 7.201700210571289, 8.023099899291992, 8.147000312805176, 12.736499786376953, 9.240900039672852, 9.078499794006348, 9.571200370788574, 11.947099685668945, 9.65429973602295, 9.134599685668945, 9.361300468444824, 8.078900337219238, 7.130000114440918, 9.303299903869629, 6.277500152587891, 7.0503997802734375, 7.327099800109863, 5.7270002365112305, 6.823599815368652, 7.020699977874756, 6.969099998474121]"
