item_id,start,freq,target
T712,2014-12-29,W-SUN,"[2.87280011177063, 3.889899969100952, 3.889899969100952, 3.889899969100952, 3.889899969100952, 3.889899969100952, 3.889899969100952, 3.889899969100952, 3.5253000259399414, 3.891200065612793, 3.889899969100952, 3.889899969100952, 3.889899969100952, 3.889899969100952, 4.422399997711182, 3.889899969100952, 3.889899969100952, 3.889899969100952, 3.889899969100952, 3.89490008354187, 4.853000164031982, 3.922499895095825, 4.343100070953369, 4.6331000328063965, 4.224299907684326, 4.516300201416016, 5.839600086212158, 4.406700134277344, 4.540599822998047, 4.5802998542785645, 5.012199878692627, 4.568600177764893, 4.417900085449219, 4.136600017547607, 3.9821999073028564, 6.073800086975098, 4.324399948120117, 4.165299892425537, 4.38700008392334, 4.065899848937988, 4.022500038146973, 4.45389986038208, 4.688000202178955, 3.601799964904785, 4.209199905395508, 3.7109999656677246, 4.526100158691406, 3.749300003051758, 3.7651000022888184, 3.52239990234375, 4.291900157928467, 3.6605000495910645, 3.2446000576019287, 3.3071000576019287, 3.5497000217437744, 3.4556000232696533, 3.0643999576568604, 3.6547000408172607, 4.043600082397461, 3.75570011138916, 3.686500072479248, 3.5013999938964844, 3.5957000255584717, 4.01039981842041, 4.696400165557861, 4.584700107574463, 4.497399806976318, 4.361599922180176, 4.093400001525879, 4.184000015258789, 5.284999847412109, 4.178400039672852, 4.467899799346924, 6.150700092315674, 4.3069000244140625, 5.230000019073486, 4.752399921417236, 5.5030999183654785, 6.1631999015808105, 5.3354997634887695, 4.896999835968018, 6.369200229644775, 5.208600044250488, 4.955399990081787, 5.183700084686279, 4.642499923706055, 4.344600200653076, 5.382400035858154, 4.446400165557861, 5.392399787902832, 4.718200206756592, 4.160799980163574, 5.0065999031066895, 4.6350998878479, 4.708799839019775, 3.7262001037597656]"
