item_id,start,freq,target
T438,2014-12-29,W-SUN,"[8.028499603271484, 9.628800392150879, 7.485300064086914, 9.926899909973145, 10.520500183105469, 10.75510025024414, 10.135499954223633, 10.384599685668945, 9.822699546813965, 11.64799976348877, 12.795000076293945, 11.597900390625, 10.70479965209961, 10.589400291442871, 11.073599815368652, 11.39050006866455, 10.743800163269043, 11.413299560546875, 11.680399894714355, 11.693300247192383, 9.524100303649902, 11.460000038146973, 11.415499687194824, 11.271200180053711, 11.03849983215332, 11.156900405883789, 9.81309986114502, 11.832599639892578, 11.302200317382812, 10.979299545288086, 11.55519962310791, 10.727299690246582, 10.962499618530273, 11.955599784851074, 12.081500053405762, 10.79170036315918, 13.598299980163574, 13.206999778747559, 12.255499839782715, 11.579999923706055, 12.346799850463867, 11.983799934387207, 12.471099853515625, 12.699199676513672, 12.29990005493164, 13.030500411987305, 12.211099624633789, 10.148799896240234, 11.292400360107422, 12.094200134277344, 11.991100311279297, 8.790300369262695, 9.5024995803833, 10.706500053405762, 11.117199897766113, 11.337599754333496, 11.66919994354248, 11.437600135803223, 11.402299880981445, 11.490599632263184, 12.280599594116211, 12.166999816894531, 12.50529956817627, 10.978799819946289, 11.460700035095215, 11.663000106811523, 11.440799713134766, 11.622400283813477, 12.181599617004395, 11.930999755859375, 11.333900451660156, 12.501799583435059, 12.257699966430664, 11.481800079345703, 11.987000465393066, 11.700200080871582, 12.584099769592285, 12.241299629211426, 9.934800148010254, 11.78689956665039, 11.731599807739258, 11.815099716186523, 11.344300270080566, 11.42020034790039, 11.977499961853027, 12.930999755859375, 12.940500259399414, 11.67199993133545, 12.772600173950195, 13.013199806213379, 13.866100311279297, 12.271599769592285, 12.315999984741211, 12.82979965209961, 12.599900245666504, 11.730600357055664]"
