item_id,start,freq,target
T458,2014-12-29,W-SUN,"[14.306400299072266, 20.688800811767578, 13.607999801635742, 18.001399993896484, 22.807100296020508, 22.75040054321289, 16.808700561523438, 20.058900833129883, 17.68720054626465, 23.89069938659668, 17.33060073852539, 10.299500465393066, 10.780400276184082, 10.240099906921387, 10.692000389099121, 10.662300109863281, 10.424599647521973, 10.82390022277832, 10.282699584960938, 10.748100280761719, 9.92590045928955, 10.800399780273438, 11.134200096130371, 11.152899742126465, 11.122900009155273, 10.942299842834473, 9.819499969482422, 10.853699684143066, 10.937299728393555, 10.944600105285645, 11.76159954071045, 10.89169979095459, 10.776599884033203, 11.269700050354004, 11.101200103759766, 10.47350025177002, 11.05519962310791, 11.178299903869629, 10.97249984741211, 10.759200096130371, 10.758999824523926, 11.035599708557129, 10.67710018157959, 10.602399826049805, 10.492400169372559, 17.234800338745117, 23.84939956665039, 21.013999938964844, 10.69379997253418, 10.810799598693848, 10.722100257873535, 8.709400177001953, 8.516400337219238, 9.961000442504883, 10.321399688720703, 10.325300216674805, 10.706399917602539, 10.724900245666504, 10.679499626159668, 10.673600196838379, 10.868800163269043, 10.514800071716309, 10.362600326538086, 10.359600067138672, 11.33180046081543, 11.097999572753906, 11.103300094604492, 11.470499992370605, 10.98900032043457, 11.192700386047363, 11.372900009155273, 11.515199661254883, 11.469599723815918, 10.982399940490723, 11.79640007019043, 11.671199798583984, 11.423700332641602, 11.541099548339844, 10.444899559020996, 11.266900062561035, 11.567899703979492, 11.574899673461914, 11.781000137329102, 11.722999572753906, 11.749799728393555, 12.116999626159668, 11.491499900817871, 10.62339973449707, 11.636500358581543, 11.997300148010254, 11.743300437927246, 10.81779956817627, 11.137900352478027, 10.905699729919434, 10.990699768066406, 10.791799545288086]"
