item_id,start,freq,target
T396,2014-12-29,W-SUN,"[5.460299968719482, 9.07979965209961, 7.8140997886657715, 7.2270002365112305, 8.539600372314453, 8.382200241088867, 7.961100101470947, 8.481200218200684, 8.271699905395508, 8.805500030517578, 8.247099876403809, 8.901399612426758, 8.067700386047363, 7.491300106048584, 8.714699745178223, 9.148300170898438, 8.927599906921387, 8.891799926757812, 8.48009967803955, 9.357399940490723, 8.072699546813965, 9.256400108337402, 9.481200218200684, 9.933099746704102, 9.278900146484375, 8.972299575805664, 7.249800205230713, 8.95680046081543, 9.931400299072266, 9.432100296020508, 8.60830020904541, 9.74429988861084, 9.324600219726562, 9.751799583435059, 9.758099555969238, 8.416500091552734, 9.09280014038086, 10.49269962310791, 9.45259952545166, 9.532099723815918, 9.467700004577637, 10.265299797058105, 10.08810043334961, 9.977299690246582, 9.931900024414062, 10.6048002243042, 9.903400421142578, 8.463299751281738, 9.515600204467773, 9.396499633789062, 8.098799705505371, 4.667099952697754, 6.365099906921387, 9.111800193786621, 8.03909969329834, 9.420499801635742, 8.96150016784668, 9.387499809265137, 8.9931001663208, 9.353400230407715, 9.516599655151367, 8.761300086975098, 8.878100395202637, 9.790200233459473, 8.820899963378906, 9.141300201416016, 8.739399909973145, 9.969099998474121, 9.934100151062012, 9.867300033569336, 10.144800186157227, 9.989500045776367, 9.672900199890137, 8.963800430297852, 10.333600044250488, 10.446499824523926, 9.29740047454834, 9.298299789428711, 7.086900234222412, 9.569999694824219, 10.207799911499023, 9.555800437927246, 9.240900039672852, 9.532899856567383, 8.999500274658203, 9.586400032043457, 9.932700157165527, 8.505800247192383, 10.15839958190918, 10.040900230407715, 10.616700172424316, 9.716099739074707, 10.121100425720215, 9.870400428771973, 10.564000129699707, 9.00529956817627]"
