item_id,start,freq,target
T430,2014-12-29,W-SUN,"[8.188899993896484, 10.907299995422363, 6.468200206756592, 10.212300300598145, 10.660300254821777, 9.296600341796875, 8.020299911499023, 11.48330020904541, 10.514800071716309, 11.643699645996094, 11.836999893188477, 11.880999565124512, 12.571000099182129, 11.94260025024414, 11.758899688720703, 11.9621000289917, 10.03219985961914, 11.892900466918945, 11.901700019836426, 12.236499786376953, 11.172300338745117, 12.061100006103516, 12.4552001953125, 12.750699996948242, 12.675800323486328, 12.593199729919434, 11.11620044708252, 12.432600021362305, 12.651100158691406, 11.72249984741211, 12.537799835205078, 12.250399589538574, 11.631999969482422, 12.853699684143066, 11.367199897766113, 11.250399589538574, 12.29520034790039, 12.585700035095215, 10.090299606323242, 12.752400398254395, 11.83080005645752, 14.191200256347656, 12.184000015258789, 11.988800048828125, 11.959799766540527, 12.280500411987305, 12.371700286865234, 10.608799934387207, 10.488300323486328, 12.089500427246094, 12.796899795532227, 10.06879997253418, 9.47659969329834, 11.477399826049805, 10.786999702453613, 11.048600196838379, 11.070500373840332, 12.451700210571289, 10.321100234985352, 12.484199523925781, 11.465800285339355, 11.75529956817627, 12.258099555969238, 13.222700119018555, 12.595199584960938, 11.712499618530273, 11.78030014038086, 12.35099983215332, 12.545100212097168, 12.25730037689209, 13.408300399780273, 13.512499809265137, 13.869099617004395, 12.52810001373291, 13.498200416564941, 13.677200317382812, 13.811800003051758, 12.873299598693848, 12.016599655151367, 12.65999984741211, 13.018500328063965, 12.251799583435059, 12.239700317382812, 12.737500190734863, 12.958000183105469, 12.694999694824219, 13.174300193786621, 11.264200210571289, 12.843000411987305, 13.234000205993652, 12.536299705505371, 12.918000221252441, 12.524499893188477, 12.086999893188477, 12.43809986114502, 11.89680004119873]"
