item_id,start,freq,target
T128,2014-12-29,W-SUN,"[3.7167000770568848, 4.680099964141846, 3.5601000785827637, 4.765600204467773, 4.351099967956543, 4.72760009765625, 4.155200004577637, 4.732500076293945, 3.8915998935699463, 4.610400199890137, 3.7437000274658203, 3.889899969100952, 4.1016998291015625, 5.435299873352051, 5.548500061035156, 5.500999927520752, 5.366199970245361, 5.426300048828125, 5.594699859619141, 5.609499931335449, 5.7895002365112305, 5.553100109100342, 5.747700214385986, 6.039400100708008, 5.986400127410889, 5.130899906158447, 5.8109002113342285, 5.879799842834473, 5.561800003051758, 4.951099872589111, 8.317099571228027, 8.416600227355957, 5.785799980163574, 9.195899963378906, 9.496600151062012, 9.114899635314941, 9.256199836730957, 9.109000205993652, 9.237700462341309, 8.356499671936035, 7.938799858093262, 8.078800201416016, 7.87060022354126, 7.3684000968933105, 7.901700019836426, 8.448599815368652, 8.343400001525879, 7.0903000831604, 8.976799964904785, 7.855500221252441, 7.45959997177124, 7.736199855804443, 7.40880012512207, 7.339099884033203, 7.452499866485596, 7.640200138092041, 7.859099864959717, 7.191100120544434, 7.407299995422363, 7.836900234222412, 7.221199989318848, 7.357900142669678, 7.598800182342529, 6.804800033569336, 8.903499603271484, 7.773099899291992, 6.933599948883057, 6.607800006866455, 7.445899963378906, 7.0777997970581055, 8.371800422668457, 8.164899826049805, 7.631499767303467, 6.1666998863220215, 6.432199954986572, 8.28950023651123, 7.492199897766113, 7.10099983215332, 6.003600120544434, 7.36870002746582, 5.463699817657471, 5.9882001876831055, 5.3155999183654785, 6.562900066375732, 4.722899913787842, 4.957099914550781, 4.773200035095215, 4.979300022125244, 9.338199615478516, 9.422699928283691, 9.488300323486328, 9.0108003616333, 9.211199760437012, 8.753999710083008, 9.205699920654297, 8.833200454711914]"
