item_id,start,freq,target
T28,2014-12-29,W-SUN,"[7.631199836730957, 8.603300094604492, 11.473699569702148, 10.221400260925293, 10.88010025024414, 11.093000411987305, 11.989999771118164, 11.382699966430664, 10.123499870300293, 12.202199935913086, 12.288399696350098, 13.141500473022461, 16.263700485229492, 13.025199890136719, 13.347299575805664, 13.487799644470215, 12.930700302124023, 9.57610034942627, 8.464599609375, 12.37600040435791, 12.722200393676758, 13.225099563598633, 13.737000465393066, 16.878700256347656, 17.1653995513916, 17.783100128173828, 16.58370018005371, 16.690799713134766, 13.029899597167969, 19.438600540161133, 18.07819938659668, 17.771299362182617, 17.808399200439453, 14.111900329589844, 15.342399597167969, 16.831600189208984, 12.786100387573242, 13.264200210571289, 12.847999572753906, 9.048999786376953, 8.773900032043457, 6.488800048828125, 7.832699775695801, 7.452499866485596, 8.315699577331543, 8.04259967803955, 7.979300022125244, 6.326499938964844, 6.983500003814697, 8.486100196838379, 8.735600471496582, 6.816100120544434, 7.29640007019043, 7.652100086212158, 7.736499786376953, 7.705900192260742, 7.852799892425537, 7.652699947357178, 7.672900199890137, 7.734000205993652, 7.479499816894531, 7.540500164031982, 7.906599998474121, 8.864100456237793, 9.659899711608887, 8.22249984741211, 7.90310001373291, 9.073200225830078, 8.877900123596191, 8.840100288391113, 8.398699760437012, 9.974200248718262, 8.139599800109863, 11.543399810791016, 8.818099975585938, 9.183500289916992, 8.656800270080566, 10.553799629211426, 10.026399612426758, 9.476400375366211, 9.810500144958496, 11.907400131225586, 10.103500366210938, 8.86620044708252, 9.399399757385254, 8.70300006866455, 8.07759952545166, 9.068699836730957, 7.785799980163574, 8.141400337219238, 8.418700218200684, 6.280600070953369, 8.860699653625488, 8.446599960327148, 8.012900352478027, 7.540599822998047]"
