item_id,start,freq,target
T461,2014-12-29,W-SUN,"[6.769199848175049, 8.673399925231934, 8.63640022277832, 7.329100131988525, 8.664400100708008, 7.478300094604492, 6.868899822235107, 9.68850040435791, 7.454100131988525, 8.040300369262695, 7.732999801635742, 8.392900466918945, 6.960700035095215, 7.401700019836426, 8.59160041809082, 9.669400215148926, 10.637900352478027, 8.490400314331055, 8.397700309753418, 9.411399841308594, 8.263500213623047, 8.761500358581543, 10.309599876403809, 7.530700206756592, 7.383299827575684, 6.992499828338623, 6.825799942016602, 8.227299690246582, 8.107500076293945, 8.139800071716309, 5.9085001945495605, 7.687099933624268, 7.534599781036377, 9.580300331115723, 9.574299812316895, 6.56820011138916, 7.3190999031066895, 8.886799812316895, 8.656599998474121, 6.758299827575684, 7.991799831390381, 11.567999839782715, 13.353899955749512, 13.06149959564209, 12.495400428771973, 13.410099983215332, 13.02970027923584, 9.17710018157959, 7.9019999504089355, 3.7002999782562256, 6.249599933624268, 4.763299942016602, 5.951900005340576, 7.281899929046631, 7.430099964141846, 7.521200180053711, 6.878799915313721, 6.652100086212158, 6.1616997718811035, 6.875500202178955, 6.417399883270264, 6.45550012588501, 6.815700054168701, 9.095999717712402, 8.022299766540527, 7.2453999519348145, 7.533199787139893, 8.042400360107422, 6.838399887084961, 8.55840015411377, 7.7067999839782715, 9.684300422668457, 8.556699752807617, 7.595900058746338, 8.953900337219238, 10.418399810791016, 8.32229995727539, 7.033699989318848, 5.736700057983398, 6.88670015335083, 7.094799995422363, 7.80649995803833, 6.594299793243408, 7.711599826812744, 6.923600196838379, 8.14739990234375, 7.4766998291015625, 6.4517998695373535, 7.337100028991699, 8.484100341796875, 7.479100227355957, 7.6031999588012695, 7.019999980926514, 6.525899887084961, 7.581600189208984, 6.104300022125244]"
