item_id,start,freq,target
T514,2014-12-29,W-SUN,"[7.262199878692627, 9.277400016784668, 8.975199699401855, 9.646900177001953, 9.958600044250488, 9.589300155639648, 9.141900062561035, 9.685700416564941, 9.347999572753906, 9.486300468444824, 9.423500061035156, 9.596799850463867, 9.043899536132812, 8.236900329589844, 9.946599960327148, 9.54990005493164, 9.265000343322754, 9.660599708557129, 9.716500282287598, 9.820599555969238, 8.795999526977539, 9.063799858093262, 9.737099647521973, 9.671799659729004, 9.41510009765625, 9.441100120544434, 8.263500213623047, 9.490599632263184, 9.340800285339355, 9.224100112915039, 9.38129997253418, 9.457599639892578, 9.775500297546387, 10.680500030517578, 9.769599914550781, 9.097599983215332, 10.217700004577637, 11.076499938964844, 10.525199890136719, 10.968400001525879, 10.163000106811523, 10.976699829101562, 11.03439998626709, 10.676600456237793, 10.337400436401367, 11.27810001373291, 11.136699676513672, 8.264100074768066, 10.809700012207031, 11.128199577331543, 10.575200080871582, 6.132800102233887, 6.831399917602539, 9.63949966430664, 8.839900016784668, 10.369099617004395, 9.265999794006348, 10.488800048828125, 9.688699722290039, 10.282099723815918, 11.245200157165527, 9.690299987792969, 10.264200210571289, 10.571900367736816, 10.255000114440918, 9.674500465393066, 9.746399879455566, 10.594300270080566, 10.23840045928955, 10.551799774169922, 10.853599548339844, 11.003100395202637, 10.736200332641602, 9.3681001663208, 10.557999610900879, 10.47819995880127, 10.521900177001953, 10.303600311279297, 8.363800048828125, 10.247300148010254, 10.529000282287598, 9.797100067138672, 9.47819995880127, 10.372099876403809, 9.804499626159668, 10.298500061035156, 11.316699981689453, 9.361700057983398, 11.069000244140625, 10.913200378417969, 11.204299926757812, 11.920000076293945, 10.444100379943848, 11.04259967803955, 11.535400390625, 10.586099624633789]"
