item_id,start,freq,target
T124,2014-12-29,W-SUN,"[8.581899642944336, 12.00570011138916, 8.412400245666504, 12.261500358581543, 12.47130012512207, 12.897299766540527, 12.579400062561035, 11.653200149536133, 12.354499816894531, 13.614100456237793, 13.973899841308594, 13.9753999710083, 13.167400360107422, 12.720399856567383, 13.32040023803711, 14.453300476074219, 14.102700233459473, 13.724800109863281, 15.484700202941895, 14.667400360107422, 14.068900108337402, 14.574899673461914, 13.725600242614746, 13.986000061035156, 13.45259952545166, 14.0649995803833, 11.849300384521484, 13.92080020904541, 14.21679973602295, 14.436100006103516, 14.150899887084961, 13.734600067138672, 12.444299697875977, 14.393600463867188, 13.501099586486816, 13.3125, 14.82229995727539, 14.337400436401367, 14.191699981689453, 14.377799987792969, 14.253800392150879, 14.48639965057373, 14.660599708557129, 13.92590045928955, 13.748600006103516, 14.166000366210938, 13.603099822998047, 11.612899780273438, 13.713000297546387, 14.349300384521484, 14.187100410461426, 9.79539966583252, 11.62399959564209, 14.14840030670166, 14.063300132751465, 13.565600395202637, 13.582200050354004, 13.771699905395508, 13.94480037689209, 13.924300193786621, 14.575300216674805, 14.753299713134766, 15.268199920654297, 13.414899826049805, 13.825799942016602, 13.770099639892578, 14.22029972076416, 14.296199798583984, 14.487500190734863, 14.365500450134277, 14.24940013885498, 14.711899757385254, 15.630999565124512, 13.366299629211426, 15.089799880981445, 14.8016996383667, 14.218500137329102, 14.193699836730957, 11.95680046081543, 13.976799964904785, 14.490799903869629, 14.41349983215332, 15.400300025939941, 14.196100234985352, 14.933799743652344, 14.531700134277344, 14.105299949645996, 13.321900367736816, 14.673700332641602, 15.425700187683105, 14.94729995727539, 14.657899856567383, 14.505399703979492, 14.753899574279785, 14.224200248718262, 14.796699523925781]"
