item_id,start,freq,target
T498,2014-12-29,W-SUN,"[8.203100204467773, 10.3548002243042, 10.530799865722656, 7.368000030517578, 10.180899620056152, 9.924699783325195, 6.651100158691406, 8.84570026397705, 7.272500038146973, 10.224800109863281, 10.401399612426758, 10.667799949645996, 11.1697998046875, 10.39799976348877, 10.774900436401367, 10.356800079345703, 5.235099792480469, 10.022500038146973, 10.291199684143066, 10.953900337219238, 9.523799896240234, 10.43910026550293, 10.41189956665039, 11.0447998046875, 11.007499694824219, 10.960599899291992, 9.299200057983398, 10.32509994506836, 10.703900337219238, 9.1048002243042, 10.899700164794922, 10.825400352478027, 10.084199905395508, 11.449999809265137, 8.697600364685059, 8.967100143432617, 10.645600318908691, 11.235400199890137, 5.585100173950195, 11.65060043334961, 9.972200393676758, 11.76099967956543, 11.247099876403809, 11.129199981689453, 10.737099647521973, 11.159600257873535, 11.789899826049805, 9.245400428771973, 6.8404998779296875, 11.425999641418457, 11.844599723815918, 9.307999610900879, 8.561400413513184, 10.937299728393555, 8.817899703979492, 10.050999641418457, 10.302399635314941, 11.25100040435791, 7.010000228881836, 11.812899589538574, 9.4443998336792, 11.171299934387207, 11.860600471496582, 11.501700401306152, 11.96780014038086, 10.799699783325195, 11.167699813842773, 11.305299758911133, 11.724800109863281, 11.219499588012695, 11.626199722290039, 11.767999649047852, 11.707799911499023, 11.786499977111816, 12.09000015258789, 13.155900001525879, 13.028300285339355, 11.910099983215332, 11.04889965057373, 12.00529956817627, 12.077699661254883, 11.618499755859375, 11.53499984741211, 12.326299667358398, 12.290900230407715, 12.368399620056152, 12.226900100708008, 10.950900077819824, 12.49530029296875, 12.753000259399414, 12.960800170898438, 12.584600448608398, 12.324199676513672, 11.643899917602539, 12.17300033569336, 11.951700210571289]"
