item_id,start,freq,target
T546,2014-12-29,W-SUN,"[4.013999938964844, 5.521699905395508, 4.554599761962891, 4.799300193786621, 4.817999839782715, 4.653600215911865, 4.486499786376953, 4.821800231933594, 4.763599872589111, 4.72760009765625, 4.853300094604492, 4.8140997886657715, 5.0792999267578125, 4.6757001876831055, 4.589900016784668, 4.88730001449585, 4.725800037384033, 4.701900005340576, 5.898399829864502, 4.912899971008301, 5.016300201416016, 4.624599933624268, 4.697400093078613, 4.623499870300293, 4.7881999015808105, 4.861400127410889, 4.523799896240234, 4.849999904632568, 4.771699905395508, 4.922699928283691, 5.984600067138672, 5.012599945068359, 4.732399940490723, 5.245800018310547, 4.5619001388549805, 4.6219000816345215, 4.94350004196167, 5.376800060272217, 5.228600025177002, 4.707399845123291, 4.677000045776367, 5.260499954223633, 6.027599811553955, 5.9822001457214355, 6.099899768829346, 6.125199794769287, 6.086900234222412, 5.580599784851074, 5.027100086212158, 6.063600063323975, 5.977799892425537, 5.210899829864502, 5.431600093841553, 6.004300117492676, 5.554100036621094, 5.850100040435791, 6.278200149536133, 7.52810001373291, 6.594099998474121, 7.106800079345703, 6.701099872589111, 7.093800067901611, 7.225800037384033, 7.274600028991699, 7.503900051116943, 7.064300060272217, 5.953400135040283, 4.787399768829346, 4.970200061798096, 4.523499965667725, 4.57889986038208, 4.615799903869629, 4.918099880218506, 4.2129998207092285, 4.6691999435424805, 4.794600009918213, 5.356599807739258, 5.600299835205078, 7.04449987411499, 8.713700294494629, 11.723799705505371, 11.03339958190918, 11.491100311279297, 11.510199546813965, 7.788899898529053, 7.5106000900268555, 4.531199932098389, 3.9439001083374023, 4.546800136566162, 4.938499927520752, 4.499499797821045, 4.447400093078613, 5.801199913024902, 5.649199962615967, 4.473100185394287, 4.981900215148926]"
