item_id,start,freq,target
T280,2014-12-29,W-SUN,"[6.207499980926514, 7.623799800872803, 9.932299613952637, 9.484399795532227, 10.585000038146973, 10.425999641418457, 10.30049991607666, 10.820599555969238, 9.99209976196289, 11.747099876403809, 11.10949993133545, 10.698599815368652, 12.114100456237793, 10.528300285339355, 10.740500450134277, 11.30150032043457, 11.540900230407715, 11.382599830627441, 11.614899635314941, 11.109800338745117, 10.379599571228027, 11.521499633789062, 11.563599586486816, 11.397700309753418, 11.45199966430664, 9.774900436401367, 11.786800384521484, 12.916000366210938, 13.569700241088867, 13.185500144958496, 12.871899604797363, 13.02340030670166, 12.046899795532227, 13.737000465393066, 9.336799621582031, 12.949899673461914, 14.387200355529785, 15.054699897766113, 9.963299751281738, 14.144100189208984, 13.560500144958496, 14.36460018157959, 13.753899574279785, 13.162799835205078, 11.65530014038086, 11.238300323486328, 10.775500297546387, 9.80739974975586, 11.13700008392334, 12.20199966430664, 10.899800300598145, 9.842700004577637, 10.571399688720703, 10.27340030670166, 9.770500183105469, 10.433099746704102, 11.947999954223633, 11.718299865722656, 11.047699928283691, 11.206199645996094, 11.797300338745117, 11.698399543762207, 10.348099708557129, 11.985199928283691, 11.492799758911133, 11.359100341796875, 11.807000160217285, 12.809000015258789, 12.65719985961914, 11.968500137329102, 11.958700180053711, 12.155799865722656, 11.849100112915039, 12.472299575805664, 12.904800415039062, 13.550600051879883, 13.093400001525879, 12.358599662780762, 10.457300186157227, 12.163700103759766, 12.973799705505371, 12.444999694824219, 12.67389965057373, 11.497300148010254, 12.047900199890137, 12.275899887084961, 13.195300102233887, 10.852299690246582, 14.694899559020996, 16.207300186157227, 16.867000579833984, 13.15999984741211, 13.95829963684082, 12.649999618530273, 13.99020004272461, 12.881400108337402]"
