item_id,start,freq,target
T366,2014-12-29,W-SUN,"[3.6442999839782715, 4.0015997886657715, 4.767600059509277, 4.2845001220703125, 5.132199764251709, 5.243100166320801, 5.135700225830078, 4.877799987792969, 4.810500144958496, 5.1697001457214355, 5.053800106048584, 5.422500133514404, 5.39300012588501, 5.302700042724609, 5.32390022277832, 5.5131001472473145, 5.564599990844727, 6.52269983291626, 7.235899925231934, 7.133200168609619, 6.803299903869629, 7.170199871063232, 7.229000091552734, 7.4756999015808105, 7.26230001449585, 7.142899990081787, 6.626699924468994, 7.3003997802734375, 7.188300132751465, 7.505499839782715, 7.152699947357178, 7.2600998878479, 7.118800163269043, 7.279099941253662, 7.237500190734863, 6.729899883270264, 7.2642998695373535, 7.381199836730957, 7.248300075531006, 7.333600044250488, 7.14109992980957, 7.347499847412109, 7.440499782562256, 7.203100204467773, 7.293099880218506, 7.33620023727417, 7.460899829864502, 7.13070011138916, 8.350899696350098, 9.822600364685059, 9.652999877929688, 8.378600120544434, 8.559100151062012, 9.399800300598145, 9.152899742126465, 9.279500007629395, 9.682900428771973, 9.541799545288086, 7.923399925231934, 9.809900283813477, 8.787599563598633, 9.102100372314453, 8.968799591064453, 9.539799690246582, 9.775500297546387, 9.28499984741211, 9.93589973449707, 9.842700004577637, 9.706100463867188, 10.040300369262695, 10.102299690246582, 9.996899604797363, 9.688799858093262, 7.242300033569336, 7.582600116729736, 7.552000045776367, 7.415200233459473, 7.56790018081665, 6.792099952697754, 8.093000411987305, 10.395500183105469, 10.120699882507324, 10.066699981689453, 7.7677998542785645, 10.249099731445312, 10.023300170898438, 9.999600410461426, 9.462200164794922, 10.157500267028809, 10.593099594116211, 9.972599983215332, 7.172500133514404, 9.755999565124512, 9.661499977111816, 9.722700119018555, 9.166500091552734]"
