item_id,start,freq,target
T816,2014-12-29,W-SUN,"[10.770099639892578, 12.508899688720703, 11.986900329589844, 11.755200386047363, 11.939599990844727, 12.511300086975098, 12.076499938964844, 12.582300186157227, 10.848999977111816, 12.85830020904541, 12.376199722290039, 12.887299537658691, 12.08530044555664, 11.44320011138916, 12.279000282287598, 12.428600311279297, 8.563199996948242, 12.597599983215332, 12.776300430297852, 13.001700401306152, 12.468500137329102, 13.505599975585938, 12.916199684143066, 12.648900032043457, 13.771400451660156, 13.379799842834473, 11.713299751281738, 13.814599990844727, 13.599200248718262, 14.28969955444336, 13.923700332641602, 13.7076997756958, 13.614800453186035, 13.32610034942627, 12.307000160217285, 12.934700012207031, 13.878700256347656, 14.191300392150879, 13.390399932861328, 14.63070011138916, 13.75160026550293, 14.697699546813965, 14.329500198364258, 14.505499839782715, 14.399999618530273, 14.377799987792969, 13.14330005645752, 12.29170036315918, 12.754300117492676, 15.39680004119873, 13.099100112915039, 10.688899993896484, 11.87600040435791, 13.466899871826172, 14.320699691772461, 13.926600456237793, 13.859100341796875, 13.967599868774414, 12.690600395202637, 12.55049991607666, 12.60099983215332, 13.668100357055664, 13.3100004196167, 12.73009967803955, 12.6427001953125, 12.525400161743164, 12.660499572753906, 12.884699821472168, 12.830400466918945, 12.80090045928955, 12.451600074768066, 13.553400039672852, 13.560799598693848, 12.905799865722656, 13.339799880981445, 13.929100036621094, 13.658100128173828, 13.700499534606934, 12.035900115966797, 13.784700393676758, 13.833700180053711, 12.987099647521973, 13.405699729919434, 13.546299934387207, 13.331199645996094, 13.701299667358398, 13.525899887084961, 13.090499877929688, 13.614399909973145, 14.110699653625488, 14.928500175476074, 14.447600364685059, 13.995800018310547, 11.19279956817627, 14.053500175476074, 13.550399780273438]"
