item_id,start,freq,target
T659,2015-02-08 00:00:00,W-SUN,"[[7.748000144958496, 7.941199779510498, 7.140200138092041, 8.065699577331543, 8.01159954071045, 8.194700241088867, 8.201000213623047, 7.956299781799316, 8.16569995880127, 8.372400283813477, 8.176400184631348, 8.40369987487793, 8.043899536132812, 7.962100028991699, 7.819200038909912, 8.34060001373291, 7.478099822998047, 8.749300003051758, 8.968500137329102, 8.89799976348877, 7.373300075531006, 8.237299919128418, 8.180500030517578, 8.125, 8.282699584960938, 8.009599685668945, 7.894400119781494, 8.049200057983398, 7.728099822998047, 7.641499996185303, 8.251999855041504, 8.156299591064453, 8.029800415039062, 8.14229965209961, 8.069499969482422, 8.19629955291748, 8.195099830627441, 8.034199714660645, 8.09689998626709, 8.462200164794922, 7.908999919891357, 7.210299968719482, 7.938600063323975, 8.415200233459473, 8.124899864196777, 6.742499828338623, 7.157800197601318, 7.913300037384033, 7.705599784851074, 10.6697998046875, 7.153299808502197, 7.954400062561035, 7.841700077056885, 8.081899642944336, 8.057999610900879, 6.911799907684326, 7.534200191497803, 8.017600059509277, 8.451000213623047, 8.010499954223633, 8.493499755859375, 8.355600357055664, 8.59689998626709, 8.680399894714355, 8.724900245666504, 8.980400085449219, 9.096400260925293, 8.222700119018555, 9.027299880981445, 9.418299674987793, 9.018400192260742, 9.102299690246582, 7.890399932861328, 8.838199615478516, 8.783300399780273, 8.589300155639648, 8.55519962310791, 8.505200386047363, 8.573399543762207, 8.530500411987305, 8.379400253295898, 7.731100082397461, 9.452400207519531, 8.758099555969238, 8.562600135803223, 8.746100425720215, 8.611599922180176, 8.300700187683105, 8.39210033416748, 8.417499542236328]]"
