item_id,start,freq,target
T527,2014-12-29,W-SUN,"[4.493599891662598, 4.968900203704834, 4.056099891662598, 5.16349983215332, 5.519800186157227, 5.620699882507324, 5.646299839019775, 5.769499778747559, 5.401700019836426, 5.797399997711182, 6.021500110626221, 6.18779993057251, 5.787300109863281, 5.698599815368652, 5.84119987487793, 6.20989990234375, 6.250899791717529, 6.524400234222412, 6.16510009765625, 5.9882001876831055, 6.196100234985352, 6.637199878692627, 6.25570011138916, 6.040299892425537, 6.161200046539307, 6.11460018157959, 5.7667999267578125, 5.877799987792969, 6.061600208282471, 5.90500020980835, 6.001500129699707, 5.96999979019165, 5.987500190734863, 6.729899883270264, 6.427000045776367, 6.564799785614014, 7.002900123596191, 6.778200149536133, 6.664100170135498, 6.346399784088135, 6.479899883270264, 6.666100025177002, 6.2683000564575195, 6.745299816131592, 6.081600189208984, 6.271699905395508, 6.071700096130371, 5.999000072479248, 5.94189977645874, 6.004700183868408, 5.9492998123168945, 5.462399959564209, 5.422100067138672, 5.8480000495910645, 6.0005998611450195, 5.853600025177002, 5.837100028991699, 6.432000160217285, 5.922500133514404, 5.872000217437744, 6.962500095367432, 6.021500110626221, 5.5954999923706055, 5.376500129699707, 6.260900020599365, 6.008200168609619, 5.896100044250488, 6.2083001136779785, 4.9344000816345215, 6.296800136566162, 6.0055999755859375, 6.5518999099731445, 6.032199859619141, 6.01609992980957, 6.33519983291626, 6.013000011444092, 6.486599922180176, 5.9781999588012695, 5.71150016784668, 5.896599769592285, 5.7546000480651855, 5.956900119781494, 5.551400184631348, 5.706699848175049, 5.372000217437744, 5.872600078582764, 6.69290018081665, 6.12529993057251, 6.627399921417236, 7.3805999755859375, 7.346399784088135, 6.902400016784668, 6.98799991607666, 6.88670015335083, 6.47730016708374, 6.407899856567383]"
