item_id,start,freq,target
T30,2015-01-04 00:00:00,W-SUN,"[6.830100059509277, 5.32859992980957, 6.558499813079834, 8.09749984741211, 6.674900054931641, 7.525199890136719, 8.122599601745605, 7.086299896240234, 8.094599723815918, 8.708900451660156, 8.853799819946289, 8.78689956665039, 7.559899806976318, 8.43120002746582, 8.904500007629395, 8.636699676513672, 8.780500411987305, 9.481900215148926, 9.485199928283691, 8.690899848937988, 8.930100440979004, 8.866600036621094, 9.274999618530273, 9.185500144958496, 8.781000137329102, 7.232800006866455, 8.01140022277832, 7.741700172424316, 7.806399822235107, 7.125199794769287, 7.5289998054504395, 6.566800117492676, 7.494200229644775, 7.156199932098389, 7.208199977874756, 7.346099853515625, 7.4369001388549805, 6.447199821472168, 8.408699989318848, 7.933700084686279, 8.39430046081543, 8.160099983215332, 8.031800270080566, 7.607699871063232, 8.500499725341797, 9.409299850463867, 8.478500366210938, 7.523399829864502, 9.354700088500977, 7.775899887084961, 8.10200023651123, 8.417799949645996, 8.77280044555664, 7.900100231170654, 8.543600082397461, 8.33650016784668, 8.175700187683105, 7.344799995422363, 7.778500080108643, 7.961699962615967, 7.764999866485596, 9.182299613952637, 8.670700073242188, 8.812899589538574, 8.439299583435059, 9.081399917602539, 9.451499938964844, 9.086799621582031, 9.39229965209961, 9.506199836730957, 10.509099960327148, 9.517200469970703, 9.711199760437012, 10.339200019836426, 9.110899925231934, 9.49940013885498, 8.92080020904541, 8.12440013885498, 9.71030044555664, 9.214900016784668, 9.329700469970703, 9.12660026550293, 8.825400352478027, 8.918700218200684, 9.395899772644043, 9.812399864196777, 8.798399925231934, 9.812299728393555, 10.42870044708252, 9.425700187683105]"
