item_id,start,freq,target
T572,2015-01-11 00:00:00,W-SUN,"[6.115900039672852, 5.128399848937988, 6.542399883270264, 6.4781999588012695, 4.768499851226807, 5.573200225830078, 4.859399795532227, 6.673900127410889, 6.831600189208984, 5.835999965667725, 6.787399768829346, 6.704100131988525, 6.815299987792969, 6.835100173950195, 4.5817999839782715, 6.774199962615967, 6.834799766540527, 6.836299896240234, 6.747499942779541, 6.76609992980957, 6.76200008392334, 6.790500164031982, 6.827000141143799, 6.828400135040283, 6.5690999031066895, 6.774799823760986, 6.744900226593018, 6.406799793243408, 6.681700229644775, 6.76039981842041, 6.275199890136719, 6.474800109863281, 5.148600101470947, 6.524600028991699, 6.719600200653076, 6.755199909210205, 5.025000095367432, 6.759200096130371, 6.412399768829346, 6.8333001136779785, 6.804100036621094, 6.817699909210205, 6.798399925231934, 6.85699987411499, 6.84250020980835, 5.172299861907959, 5.057499885559082, 6.807499885559082, 6.686699867248535, 6.301400184631348, 6.4506001472473145, 6.764900207519531, 6.468599796295166, 6.456600189208984, 9.512499809265137, 11.506699562072754, 12.497099876403809, 11.07450008392334, 9.67080020904541, 11.435999870300293, 15.56779956817627, 12.63010025024414, 11.672100067138672, 11.394200325012207, 12.847100257873535, 13.321800231933594, 11.671799659729004, 10.745100021362305, 11.639900207519531, 13.213500022888184, 14.002300262451172, 11.875100135803223, 11.501099586486816, 12.938300132751465, 12.223299980163574, 13.913100242614746, 10.731300354003906, 12.437999725341797, 14.460200309753418, 16.430599212646484, 14.646200180053711, 14.59589958190918, 14.984600067138672, 14.912500381469727, 13.000200271606445, 10.554400444030762, 10.554300308227539, 11.985699653625488, 13.0693998336792, 10.097800254821777]"
