item_id,start,freq,target
T110,2015-01-25 00:00:00,W-SUN,"[[11.6181001663208, 11.431300163269043, 11.262100219726562, 11.336999893188477, 11.261500358581543, 11.994600296020508, 11.744999885559082, 11.669400215148926, 11.994799613952637, 11.148599624633789, 12.13379955291748, 12.283100128173828, 12.149999618530273, 12.378000259399414, 12.039400100708008, 12.233599662780762, 10.832900047302246, 12.190799713134766, 12.269399642944336, 11.910200119018555, 12.293100357055664, 12.245699882507324, 9.952799797058105, 12.352299690246582, 12.262200355529785, 12.873600006103516, 11.835599899291992, 12.039799690246582, 11.945500373840332, 12.186800003051758, 11.963700294494629, 10.920999526977539, 12.496199607849121, 12.510299682617188, 11.550299644470215, 12.604299545288086, 11.766900062561035, 19.748600006103516, 22.945600509643555, 23.412599563598633, 22.806100845336914, 23.03499984741211, 20.938400268554688, 8.896100044250488, 9.989399909973145, 11.700900077819824, 10.622200012207031, 7.151299953460693, 9.394499778747559, 11.732500076293945, 10.834199905395508, 11.268400192260742, 11.679499626159668, 12.048800468444824, 11.326899528503418, 12.05720043182373, 13.534600257873535, 21.507400512695312, 21.67970085144043, 22.220199584960938, 22.6564998626709, 20.719499588012695, 22.382600784301758, 21.968900680541992, 22.9783992767334, 22.226600646972656, 22.64189910888672, 23.30470085144043, 12.195500373840332, 11.170100212097168, 12.650199890136719, 12.58430004119873, 12.608200073242188, 10.214500427246094, 19.020599365234375, 22.957399368286133, 23.640600204467773, 23.724899291992188, 20.88759994506836, 12.101400375366211, 12.797499656677246, 12.472000122070312, 12.501099586486816, 11.005999565124512, 13.211199760437012, 12.902099609375, 12.746800422668457, 11.03849983215332, 12.333900451660156, 12.151900291442871]]"
