item_id,start,freq,target
T276,2014-12-29,W-SUN,"[6.182199954986572, 7.872700214385986, 5.765399932861328, 7.448999881744385, 8.326899528503418, 8.342499732971191, 8.098799705505371, 8.510000228881836, 7.861199855804443, 8.69629955291748, 8.454000473022461, 9.112899780273438, 8.196499824523926, 7.86959981918335, 8.56089973449707, 8.666399955749512, 8.675200462341309, 8.987500190734863, 8.809900283813477, 8.691800117492676, 7.906599998474121, 8.639100074768066, 9.21619987487793, 8.530099868774414, 8.554800033569336, 8.840200424194336, 7.237500190734863, 8.69729995727539, 9.132399559020996, 8.633899688720703, 8.681500434875488, 8.22070026397705, 8.496700286865234, 8.773500442504883, 9.200699806213379, 8.602700233459473, 9.069299697875977, 9.171199798583984, 9.246700286865234, 8.921600341796875, 8.884599685668945, 8.945899963378906, 9.105899810791016, 9.291999816894531, 8.906499862670898, 9.131400108337402, 8.294699668884277, 7.750699996948242, 8.84630012512207, 10.151599884033203, 8.658100128173828, 6.5019001960754395, 8.15310001373291, 8.994999885559082, 8.929699897766113, 8.98490047454834, 9.604999542236328, 8.460100173950195, 8.538100242614746, 9.141500473022461, 9.160599708557129, 9.44159984588623, 9.039799690246582, 8.025500297546387, 8.43340015411377, 8.383600234985352, 9.285699844360352, 9.268799781799316, 9.331199645996094, 9.552599906921387, 9.094300270080566, 9.458399772644043, 9.186699867248535, 8.423700332641602, 9.384699821472168, 9.33899974822998, 9.270700454711914, 9.143199920654297, 7.401800155639648, 8.999600410461426, 9.00059986114502, 8.9552001953125, 8.849499702453613, 8.56820011138916, 9.188899993896484, 7.242400169372559, 7.439300060272217, 7.100599765777588, 7.8917999267578125, 7.884699821472168, 7.601500034332275, 8.312600135803223, 9.116999626159668, 9.631999969482422, 8.872599601745605, 8.975700378417969]"
