item_id,start,freq,target
T764,2014-12-29,W-SUN,"[6.5991997718811035, 8.654899597167969, 8.635199546813965, 7.96150016784668, 8.23270034790039, 7.938600063323975, 7.523600101470947, 8.259499549865723, 6.541999816894531, 8.317500114440918, 8.682499885559082, 8.166600227355957, 8.284299850463867, 8.426400184631348, 7.844399929046631, 8.253000259399414, 8.727299690246582, 8.03320026397705, 8.364800453186035, 7.428899765014648, 7.06820011138916, 8.046899795532227, 8.494600296020508, 8.288900375366211, 8.327199935913086, 8.053799629211426, 6.965799808502197, 7.737800121307373, 7.966800212860107, 8.032299995422363, 7.694799900054932, 7.735899925231934, 7.856599807739258, 8.515199661254883, 8.824999809265137, 8.246600151062012, 9.14430046081543, 9.849200248718262, 9.065799713134766, 9.270999908447266, 8.518799781799316, 9.1427001953125, 9.095999717712402, 9.312299728393555, 8.682999610900879, 9.121800422668457, 8.477999687194824, 7.3358001708984375, 8.526700019836426, 8.634400367736816, 7.604700088500977, 6.010799884796143, 6.883999824523926, 7.284299850463867, 7.90749979019165, 8.012800216674805, 7.229300022125244, 8.32610034942627, 7.784299850463867, 8.580300331115723, 9.572500228881836, 8.363300323486328, 7.154699802398682, 9.167200088500977, 8.434499740600586, 9.035699844360352, 8.650799751281738, 9.319899559020996, 9.838800430297852, 8.809599876403809, 9.592599868774414, 9.54539966583252, 9.678000450134277, 8.809499740600586, 10.07289981842041, 9.45419979095459, 9.422499656677246, 9.529899597167969, 7.622900009155273, 9.103899955749512, 8.843400001525879, 8.237799644470215, 8.790200233459473, 9.092900276184082, 9.09000015258789, 10.481900215148926, 10.389100074768066, 8.680399894714355, 10.628499984741211, 10.784799575805664, 10.503299713134766, 10.131400108337402, 9.775500297546387, 9.5423002243042, 10.052000045776367, 9.757699966430664]"
