item_id,start,freq,target
T726,2014-12-29,W-SUN,"[3.9040000438690186, 4.537499904632568, 4.800099849700928, 4.2596001625061035, 4.560200214385986, 4.270999908447266, 4.483500003814697, 4.400000095367432, 3.93530011177063, 4.657100200653076, 5.794000148773193, 5.16480016708374, 4.723400115966797, 5.715400218963623, 5.7382001876831055, 6.053500175476074, 5.710999965667725, 4.888800144195557, 4.384699821472168, 4.428800106048584, 4.311200141906738, 4.484499931335449, 4.124800205230713, 5.904099941253662, 5.9604997634887695, 6.021299839019775, 5.658299922943115, 5.876699924468994, 11.203900337219238, 4.799799919128418, 6.012899875640869, 5.889599800109863, 5.956999778747559, 5.912199974060059, 5.85129976272583, 5.8024001121521, 5.8968000411987305, 5.5381999015808105, 4.516600131988525, 5.971499919891357, 5.784999847412109, 5.969600200653076, 5.90749979019165, 5.833199977874756, 5.964099884033203, 5.841000080108643, 6.079100131988525, 5.53849983215332, 5.639699935913086, 5.943900108337402, 5.900700092315674, 5.347599983215332, 5.296599864959717, 5.731400012969971, 5.90369987487793, 5.8267998695373535, 5.943999767303467, 6.457099914550781, 6.047599792480469, 6.148200035095215, 5.9878997802734375, 5.592700004577637, 5.956500053405762, 5.314599990844727, 6.647299766540527, 6.54040002822876, 6.495299816131592, 6.482999801635742, 6.5817999839782715, 6.580999851226807, 6.651500225067139, 6.726399898529053, 6.7769999504089355, 6.5995001792907715, 6.962200164794922, 6.829400062561035, 6.815800189971924, 6.771200180053711, 6.483500003814697, 6.73960018157959, 6.766900062561035, 6.437900066375732, 6.6528000831604, 6.780200004577637, 6.735499858856201, 6.699399948120117, 7.194300174713135, 6.436699867248535, 6.483399868011475, 6.747099876403809, 6.62529993057251, 6.559599876403809, 6.636199951171875, 6.355299949645996, 6.612400054931641, 6.3491997718811035]"
