item_id,start,freq,target
T548,2015-01-04 00:00:00,W-SUN,"[11.550700187683105, 10.468899726867676, 9.821399688720703, 10.2746000289917, 9.977299690246582, 10.403499603271484, 10.890199661254883, 9.931099891662598, 10.840900421142578, 10.171199798583984, 10.79419994354248, 11.773200035095215, 10.272100448608398, 10.66919994354248, 10.907999992370605, 12.222000122070312, 10.85830020904541, 10.726900100708008, 11.914899826049805, 10.319999694824219, 11.362700462341309, 11.457099914550781, 11.65369987487793, 11.712800025939941, 10.873100280761719, 9.809100151062012, 11.606200218200684, 11.215700149536133, 11.106599807739258, 11.449199676513672, 11.027199745178223, 10.45740032196045, 11.863800048828125, 11.122900009155273, 10.041000366210938, 10.979299545288086, 11.370200157165527, 8.021900177001953, 10.724900245666504, 10.49489974975586, 10.770099639892578, 10.311699867248535, 10.417499542236328, 10.038900375366211, 10.401900291442871, 10.32610034942627, 9.000399589538574, 8.387299537658691, 10.180399894714355, 9.902600288391113, 8.183099746704102, 7.861000061035156, 9.49779987335205, 9.05739974975586, 9.843600273132324, 11.048700332641602, 11.84589958190918, 10.383399963378906, 11.93910026550293, 11.225899696350098, 10.305800437927246, 11.321000099182129, 11.397299766540527, 12.23270034790039, 10.953499794006348, 10.588600158691406, 12.450900077819824, 11.987600326538086, 12.1003999710083, 12.255599975585938, 12.552599906921387, 12.905799865722656, 12.734399795532227, 12.800600051879883, 12.92199993133545, 12.614999771118164, 12.087499618530273, 10.311200141906738, 11.741800308227539, 13.016599655151367, 11.014900207519531, 11.443499565124512, 12.080100059509277, 11.619999885559082, 12.027799606323242, 12.203200340270996, 9.778800010681152, 11.932499885559082, 12.259499549865723, 11.500499725341797]"
