item_id,start,freq,target
T297,2014-12-29,W-SUN,"[8.113200187683105, 8.113300323486328, 8.113200187683105, 8.11340045928955, 8.113200187683105, 8.113200187683105, 8.113200187683105, 8.113200187683105, 7.370699882507324, 8.11620044708252, 8.113200187683105, 8.113200187683105, 8.113200187683105, 8.113200187683105, 9.070899963378906, 8.113200187683105, 8.113200187683105, 8.113200187683105, 8.113200187683105, 8.113200187683105, 8.113200187683105, 8.113200187683105, 8.113200187683105, 8.113200187683105, 8.113200187683105, 8.113200187683105, 8.113200187683105, 8.113200187683105, 8.113200187683105, 8.113200187683105, 8.113200187683105, 8.113200187683105, 8.113200187683105, 8.113200187683105, 8.113200187683105, 8.113200187683105, 8.113200187683105, 8.113200187683105, 8.113200187683105, 8.113200187683105, 8.113200187683105, 8.113200187683105, 8.113200187683105, 8.098400115966797, 8.113200187683105, 8.113200187683105, 8.113200187683105, 8.113200187683105, 8.113200187683105, 14.648699760437012, 13.87909984588623, 12.765700340270996, 10.034799575805664, 11.437199592590332, 12.6427001953125, 11.352800369262695, 12.466300010681152, 12.429300308227539, 12.738100051879883, 13.899399757385254, 12.083800315856934, 11.030099868774414, 9.633000373840332, 10.338899612426758, 8.565799713134766, 10.811800003051758, 12.370800018310547, 13.202199935913086, 12.767600059509277, 13.923500061035156, 13.055000305175781, 13.567999839782715, 13.418800354003906, 14.58590030670166, 12.900099754333496, 13.658499717712402, 13.568099975585938, 12.879500389099121, 13.371299743652344, 13.55109977722168, 13.776900291442871, 13.839799880981445, 13.657999992370605, 13.669099807739258, 13.651800155639648, 13.544400215148926, 13.421099662780762, 11.942099571228027, 12.496199607849121, 13.518600463867188, 13.388400077819824, 9.970000267028809, 13.722999572753906, 13.166199684143066, 13.222599983215332, 12.161499977111816]"
