item_id,start,freq,target
T107,2015-01-18 00:00:00,W-SUN,"[5.73330020904541, 5.73330020904541, 5.73330020904541, 5.73330020904541, 5.73330020904541, 5.1971001625061035, 5.735499858856201, 5.73330020904541, 5.73330020904541, 5.73330020904541, 5.73330020904541, 5.541900157928467, 5.73330020904541, 5.73330020904541, 5.73330020904541, 5.73330020904541, 5.73330020904541, 5.73330020904541, 5.73330020904541, 5.73330020904541, 7.811299800872803, 8.135199546813965, 7.912300109863281, 8.29699993133545, 7.961699962615967, 8.276700019836426, 6.882900238037109, 9.92609977722168, 11.421799659729004, 9.614700317382812, 10.704999923706055, 10.69629955291748, 10.354999542236328, 7.829400062561035, 5.676000118255615, 6.267199993133545, 10.565799713134766, 10.724200248718262, 10.66100025177002, 10.567399978637695, 9.330100059509277, 10.261899948120117, 10.279199600219727, 12.031299591064453, 9.546699523925781, 9.806300163269043, 9.964500427246094, 11.359800338745117, 9.918899536132812, 8.366900444030762, 9.09160041809082, 9.82919979095459, 9.31659984588623, 9.008099555969238, 9.953499794006348, 10.54640007019043, 9.012499809265137, 8.597299575805664, 9.53320026397705, 9.44729995727539, 12.137999534606934, 12.531100273132324, 11.241399765014648, 10.603699684143066, 11.18690013885498, 11.131500244140625, 10.854599952697754, 11.74020004272461, 12.227800369262695, 11.36299991607666, 11.268500328063965, 8.995499610900879, 12.680500030517578, 8.596500396728516, 10.182000160217285, 11.264699935913086, 11.157400131225586, 8.725899696350098, 9.65429973602295, 7.96120023727417, 8.456899642944336, 8.273799896240234, 11.565199851989746, 11.2524995803833, 11.010499954223633, 11.121800422668457, 11.048500061035156, 10.924099922180176, 10.715800285339355, 10.632599830627441]"
