item_id,start,freq,target
T322,2014-12-29,W-SUN,"[4.4857001304626465, 5.743299961090088, 3.7704999446868896, 5.488699913024902, 5.805699825286865, 5.71589994430542, 5.691400051116943, 6.031599998474121, 5.699699878692627, 6.036499977111816, 6.11959981918335, 6.188899993896484, 6.228499889373779, 5.976500034332275, 5.916200160980225, 6.258900165557861, 6.144000053405762, 6.1407999992370605, 6.253200054168701, 6.375800132751465, 6.218299865722656, 6.279600143432617, 6.276100158691406, 6.575500011444092, 6.793300151824951, 6.309500217437744, 5.966599941253662, 6.379199981689453, 6.359099864959717, 6.378499984741211, 6.532400131225586, 5.598299980163574, 6.223199844360352, 5.9375, 6.025300025939941, 5.8632001876831055, 6.254899978637695, 6.240300178527832, 6.21750020980835, 6.368000030517578, 6.636300086975098, 6.219600200653076, 6.854000091552734, 6.082399845123291, 5.9253997802734375, 6.106299877166748, 6.038099765777588, 5.369900226593018, 5.881100177764893, 5.84119987487793, 7.091700077056885, 5.017300128936768, 5.00570011138916, 5.542399883270264, 5.589700222015381, 5.645999908447266, 5.7322001457214355, 5.779200077056885, 5.8282999992370605, 5.762199878692627, 5.795100212097168, 5.620699882507324, 5.651199817657471, 5.620100021362305, 6.118100166320801, 6.053599834442139, 5.861299991607666, 5.996600151062012, 6.006899833679199, 6.085599899291992, 6.067399978637695, 6.233799934387207, 6.169099807739258, 5.963699817657471, 6.582300186157227, 6.179999828338623, 6.188799858093262, 6.140600204467773, 5.892000198364258, 6.119200229644775, 6.199100017547607, 6.2729997634887695, 6.311600208282471, 6.220399856567383, 6.215199947357178, 6.651599884033203, 6.128600120544434, 6.448699951171875, 6.037099838256836, 6.288000106811523, 6.044000148773193, 5.872099876403809, 6.062900066375732, 5.888899803161621, 6.275300025939941, 5.626100063323975]"
