item_id,start,freq,target
T804,2014-12-29,W-SUN,"[9.49839973449707, 9.592700004577637, 5.192599773406982, 4.514500141143799, 12.472999572753906, 16.563899993896484, 10.514599800109863, 12.294400215148926, 9.76669979095459, 12.247900009155273, 12.599599838256836, 12.212599754333496, 13.1427001953125, 10.549699783325195, 11.540200233459473, 12.639200210571289, 10.157299995422363, 12.69379997253418, 16.56130027770996, 12.468500137329102, 14.346400260925293, 12.41569995880127, 14.744099617004395, 15.844799995422363, 12.89109992980957, 11.025799751281738, 9.321900367736816, 12.326199531555176, 12.68850040435791, 11.3503999710083, 10.781100273132324, 10.825699806213379, 11.611100196838379, 12.238699913024902, 10.773900032043457, 10.594200134277344, 11.291500091552734, 13.00160026550293, 12.925999641418457, 14.203800201416016, 14.017999649047852, 14.89009952545166, 15.027700424194336, 15.3326997756958, 13.931900024414062, 14.71560001373291, 12.311100006103516, 11.173999786376953, 10.147600173950195, 11.741800308227539, 9.943900108337402, 5.261899948120117, 9.465700149536133, 11.417699813842773, 10.396599769592285, 11.644200325012207, 10.303199768066406, 10.282699584960938, 10.014100074768066, 10.718600273132324, 10.868599891662598, 11.06980037689209, 10.440699577331543, 11.545499801635742, 10.965900421142578, 10.690799713134766, 10.774399757385254, 12.160300254821777, 12.120499610900879, 10.866700172424316, 10.069700241088867, 10.530500411987305, 10.286199569702148, 11.098999977111816, 13.0693998336792, 11.73289966583252, 11.54419994354248, 11.60569953918457, 9.097000122070312, 12.7052001953125, 12.042200088500977, 11.244099617004395, 11.851799964904785, 10.1806001663208, 11.345399856567383, 11.744799613952637, 12.150699615478516, 9.771699905395508, 12.13479995727539, 13.275300025939941, 12.522299766540527, 12.187700271606445, 11.336000442504883, 11.016900062561035, 10.087699890136719, 9.303500175476074]"
