item_id,start,freq,target
T541,2014-12-29,W-SUN,"[8.02970027923584, 10.291099548339844, 9.898500442504883, 9.344499588012695, 9.912599563598633, 10.054499626159668, 10.012100219726562, 10.07349967956543, 9.236000061035156, 10.40470027923584, 10.476699829101562, 10.811300277709961, 9.804900169372559, 9.567000389099121, 9.792499542236328, 10.32919979095459, 11.300000190734863, 10.604399681091309, 10.065500259399414, 11.046899795532227, 9.475099563598633, 10.56410026550293, 10.879599571228027, 8.690099716186523, 12.36870002746582, 10.887299537658691, 10.180800437927246, 12.019599914550781, 12.209199905395508, 11.325200080871582, 10.587599754333496, 9.791899681091309, 10.882599830627441, 11.47760009765625, 11.14579963684082, 10.504599571228027, 11.373800277709961, 11.515299797058105, 11.224300384521484, 10.953200340270996, 11.63290023803711, 12.195199966430664, 11.499500274658203, 11.740400314331055, 10.554699897766113, 11.634200096130371, 10.561200141906738, 9.37909984588623, 10.52299976348877, 11.914999961853027, 10.06190013885498, 7.5406999588012695, 9.379199981689453, 10.41510009765625, 10.573100090026855, 9.960399627685547, 9.906399726867676, 11.007599830627441, 10.11240005493164, 11.262800216674805, 10.766400337219238, 9.777199745178223, 9.407999992370605, 10.219400405883789, 10.347299575805664, 10.840700149536133, 10.897500038146973, 11.107500076293945, 11.326299667358398, 10.717700004577637, 10.461299896240234, 11.018400192260742, 10.973099708557129, 10.431500434875488, 11.412599563598633, 11.07229995727539, 10.98859977722168, 9.865500450134277, 8.32509994506836, 9.918600082397461, 10.607099533081055, 8.836600303649902, 10.081299781799316, 9.6628999710083, 9.844300270080566, 10.54069995880127, 9.967399597167969, 8.209099769592285, 9.390999794006348, 6.709099769592285, 13.578100204467773, 11.494999885559082, 12.60099983215332, 16.385700225830078, 16.21419906616211, 15.256500244140625]"
