item_id,start,freq,target
T245,2014-12-29,W-SUN,"[12.116000175476074, 13.248299598693848, 10.712400436401367, 12.43220043182373, 9.285300254821777, 8.64739990234375, 8.902099609375, 7.920400142669678, 5.881700038909912, 12.520000457763672, 9.327099800109863, 8.090399742126465, 9.984199523925781, 12.074999809265137, 9.027299880981445, 9.515000343322754, 13.071100234985352, 8.992300033569336, 7.99970006942749, 7.478700160980225, 7.151899814605713, 7.670000076293945, 5.913899898529053, 5.666500091552734, 5.723100185394287, 5.662300109863281, 5.467100143432617, 5.751100063323975, 5.659200191497803, 6.774600028991699, 7.668799877166748, 10.094400405883789, 9.079000473022461, 10.609299659729004, 8.137200355529785, 10.74120044708252, 11.490500450134277, 11.072199821472168, 16.153200149536133, 10.79740047454834, 9.214300155639648, 10.64900016784668, 11.43690013885498, 10.284000396728516, 9.854100227355957, 11.202500343322754, 10.398699760437012, 10.219300270080566, 9.08180046081543, 10.405599594116211, 13.592900276184082, 10.880399703979492, 13.270500183105469, 7.559999942779541, 12.259699821472168, 9.619600296020508, 12.16569995880127, 12.97070026397705, 9.799699783325195, 13.561800003051758, 9.5, 12.169300079345703, 11.275400161743164, 10.894399642944336, 10.218600273132324, 14.400199890136719, 11.164899826049805, 11.761500358581543, 10.796199798583984, 11.630499839782715, 11.906800270080566, 11.409199714660645, 13.88640022277832, 8.832799911499023, 11.10420036315918, 11.562199592590332, 11.84689998626709, 11.484800338745117, 9.612700462341309, 12.44849967956543, 11.791000366210938, 11.150300025939941, 10.725099563598633, 8.575499534606934, 13.789600372314453, 11.154199600219727, 10.767800331115723, 9.819000244140625, 12.227899551391602, 12.398200035095215, 11.720600128173828, 7.333600044250488, 8.445899963378906, 8.279500007629395, 7.5106000900268555, 3.2035999298095703]"
