item_id,start,freq,target
T211,2015-02-01 00:00:00,W-SUN,"[7.58620023727417, 7.436200141906738, 7.247799873352051, 6.922299861907959, 8.090399742126465, 7.739099979400635, 7.691100120544434, 8.259300231933594, 7.7006001472473145, 7.691999912261963, 7.778299808502197, 7.821700096130371, 8.458800315856934, 8.578100204467773, 8.309800148010254, 7.848700046539307, 8.307299613952637, 8.392800331115723, 8.406100273132324, 7.778299808502197, 8.834500312805176, 8.330400466918945, 8.72189998626709, 8.87339973449707, 7.985499858856201, 8.30780029296875, 8.372699737548828, 8.1225004196167, 8.42039966583252, 8.0600004196167, 8.398300170898438, 8.699000358581543, 9.774100303649902, 8.527199745178223, 8.744099617004395, 8.41349983215332, 8.943099975585938, 8.24899959564209, 9.053299903869629, 8.410300254821777, 8.271499633789062, 8.187299728393555, 7.113699913024902, 7.729000091552734, 8.263999938964844, 8.356599807739258, 6.791900157928467, 7.2245001792907715, 7.929900169372559, 7.60860013961792, 7.566699981689453, 7.987599849700928, 7.942599773406982, 7.5355000495910645, 8.036299705505371, 8.26550006866455, 7.820300102233887, 7.8429999351501465, 8.514100074768066, 8.370400428771973, 7.824399948120117, 8.203700065612793, 9.166299819946289, 8.72719955444336, 8.57699966430664, 8.584600448608398, 8.913100242614746, 8.785900115966797, 8.607199668884277, 8.824700355529785, 8.86050033569336, 8.906599998474121, 8.840700149536133, 8.037799835205078, 9.194000244140625, 8.88759994506836, 8.80780029296875, 8.874799728393555, 8.834099769592285, 8.851099967956543, 9.162599563598633, 9.230600357055664, 8.274999618530273, 9.059700012207031, 9.343400001525879, 9.902799606323242, 7.755000114440918, 9.15429973602295, 8.882699966430664, 8.796699523925781]"
