item_id,start,freq,target
T574,2014-12-29,W-SUN,"[11.539600372314453, 14.502900123596191, 10.293399810791016, 13.609100341796875, 15.852999687194824, 16.03219985961914, 13.540300369262695, 14.172699928283691, 13.014200210571289, 15.917499542236328, 16.91710090637207, 16.481700897216797, 15.783300399780273, 15.264699935913086, 16.00779914855957, 16.888500213623047, 16.34239959716797, 15.992500305175781, 15.798199653625488, 16.656400680541992, 16.483800888061523, 16.675100326538086, 16.226200103759766, 15.991299629211426, 16.230199813842773, 15.772600173950195, 15.336000442504883, 16.212200164794922, 15.726799964904785, 16.062599182128906, 15.914999961853027, 16.176599502563477, 13.42590045928955, 16.539199829101562, 16.79829978942871, 16.190099716186523, 17.465299606323242, 16.795400619506836, 14.194700241088867, 17.519100189208984, 16.116300582885742, 17.762399673461914, 17.00550079345703, 17.674100875854492, 17.065000534057617, 17.54949951171875, 16.932199478149414, 17.330299377441406, 14.17870044708252, 18.22610092163086, 14.888099670410156, 14.096799850463867, 14.941399574279785, 16.18950080871582, 17.07819938659668, 15.998900413513184, 17.183300018310547, 17.374799728393555, 13.50469970703125, 14.493900299072266, 15.045100212097168, 16.468700408935547, 16.08370018005371, 14.711799621582031, 16.061199188232422, 15.65369987487793, 16.07270050048828, 15.556400299072266, 15.916000366210938, 16.069900512695312, 15.909799575805664, 16.647499084472656, 16.582300186157227, 16.387100219726562, 16.229299545288086, 16.9237003326416, 16.364099502563477, 15.804300308227539, 14.90060043334961, 15.264300346374512, 16.879600524902344, 16.94860076904297, 16.503799438476562, 16.302499771118164, 17.043699264526367, 16.92919921875, 16.40019989013672, 16.318099975585938, 16.469200134277344, 16.99250030517578, 17.780099868774414, 15.989999771118164, 16.457199096679688, 18.287399291992188, 16.95989990234375, 16.656600952148438]"
