item_id,start,freq,target
T100,2014-12-29,W-SUN,"[6.18209981918335, 7.178599834442139, 7.142300128936768, 7.020400047302246, 7.039000034332275, 6.954500198364258, 7.18209981918335, 7.219699859619141, 6.458899974822998, 7.377200126647949, 7.405300140380859, 7.509399890899658, 7.621399879455566, 7.376800060272217, 7.594200134277344, 7.574999809265137, 7.6921000480651855, 7.583899974822998, 7.455900192260742, 7.442399978637695, 7.202000141143799, 7.630899906158447, 7.6072001457214355, 7.696499824523926, 7.809700012207031, 7.809700012207031, 7.062699794769287, 7.695300102233887, 7.656799793243408, 7.7270002365112305, 7.744200229644775, 7.656300067901611, 7.55620002746582, 7.555500030517578, 7.334199905395508, 7.127200126647949, 8.558300018310547, 9.08650016784668, 7.535399913787842, 7.506999969482422, 7.46019983291626, 7.600100040435791, 7.5183000564575195, 7.179699897766113, 7.483399868011475, 7.348100185394287, 7.9670000076293945, 8.354399681091309, 7.412799835205078, 7.521200180053711, 7.672699928283691, 6.563899993896484, 6.275700092315674, 7.598800182342529, 7.429599761962891, 8.014599800109863, 7.78380012512207, 8.012900352478027, 7.861100196838379, 8.114700317382812, 7.470799922943115, 7.018499851226807, 7.3206000328063965, 7.741300106048584, 8.02929973602295, 7.587800025939941, 7.490900039672852, 7.6915998458862305, 7.576499938964844, 7.663899898529053, 7.720900058746338, 7.987199783325195, 7.992499828338623, 7.522299766540527, 8.025300025939941, 8.19729995727539, 8.031100273132324, 8.06470012664795, 7.343599796295166, 8.025400161743164, 8.099499702453613, 7.473899841308594, 8.023099899291992, 7.895100116729736, 8.546600341796875, 7.974400043487549, 8.251700401306152, 7.706600189208984, 7.645299911499023, 8.293299674987793, 7.780700206756592, 7.810200214385986, 7.686600208282471, 7.308199882507324, 7.651500225067139, 7.375100135803223]"
