item_id,start,freq,target
T16,2014-12-29,W-SUN,"[9.905400276184082, 12.288399696350098, 8.921199798583984, 11.80049991607666, 13.095000267028809, 12.994600296020508, 12.737099647521973, 12.648500442504883, 11.278499603271484, 12.599200248718262, 13.531100273132324, 13.263099670410156, 12.523799896240234, 12.211899757385254, 12.947400093078613, 13.261899948120117, 13.297699928283691, 13.164999961853027, 13.702199935913086, 13.777199745178223, 13.688699722290039, 13.617899894714355, 13.25529956817627, 13.041600227355957, 13.040800094604492, 12.754300117492676, 12.232399940490723, 13.478400230407715, 13.244099617004395, 13.783300399780273, 12.99269962310791, 13.27340030670166, 13.343600273132324, 13.296799659729004, 13.227299690246582, 13.379500389099121, 13.845100402832031, 14.12030029296875, 13.967000007629395, 14.576600074768066, 13.722900390625, 14.57509994506836, 14.017600059509277, 14.764599800109863, 14.231200218200684, 14.464500427246094, 13.479399681091309, 14.536999702453613, 13.665300369262695, 15.24209976196289, 13.056300163269043, 11.037799835205078, 12.03909969329834, 13.261500358581543, 14.390299797058105, 13.27869987487793, 13.967499732971191, 14.604499816894531, 13.181699752807617, 12.354299545288086, 12.874300003051758, 13.227700233459473, 12.711799621582031, 13.302599906921387, 12.86050033569336, 12.673700332641602, 13.221799850463867, 13.058799743652344, 13.108799934387207, 13.22189998626709, 13.071200370788574, 14.264599800109863, 13.57289981842041, 13.217599868774414, 13.513199806213379, 14.170299530029297, 13.659600257873535, 13.119099617004395, 12.23859977722168, 13.486300468444824, 13.8572998046875, 14.062800407409668, 14.06760025024414, 13.7878999710083, 13.626500129699707, 14.059599876403809, 13.621500015258789, 14.137499809265137, 14.0447998046875, 14.50469970703125, 15.347900390625, 13.736000061035156, 14.3233003616333, 14.984000205993652, 14.4753999710083, 14.362600326538086]"
