item_id,start,freq,target
T480,2015-01-25 00:00:00,W-SUN,"[[12.09939956665039, 12.03969955444336, 12.153499603271484, 12.518199920654297, 11.413999557495117, 12.760700225830078, 13.225799560546875, 12.862899780273438, 13.149399757385254, 12.159899711608887, 13.017499923706055, 13.134300231933594, 13.009400367736816, 13.120699882507324, 13.202699661254883, 13.292699813842773, 12.642499923706055, 12.952699661254883, 13.014300346374512, 13.367899894714355, 13.227100372314453, 13.145400047302246, 12.419699668884277, 13.539600372314453, 13.458100318908691, 13.538599967956543, 13.656999588012695, 13.485600471496582, 13.19320011138916, 13.761199951171875, 13.353899955749512, 12.846799850463867, 13.616100311279297, 13.113800048828125, 13.646200180053711, 13.675000190734863, 13.000300407409668, 13.559499740600586, 13.509200096130371, 13.159899711608887, 13.201700210571289, 14.304699897766113, 14.027099609375, 11.837599754333496, 13.215999603271484, 13.948200225830078, 13.475000381469727, 11.321999549865723, 11.770299911499023, 12.961199760437012, 13.157999992370605, 13.215100288391113, 13.640800476074219, 13.063899993896484, 12.972200393676758, 13.209799766540527, 13.720000267028809, 13.187399864196777, 13.13599967956543, 13.255800247192383, 13.235699653625488, 13.25409984588623, 12.976400375366211, 12.104299545288086, 11.088500022888184, 12.668600082397461, 12.561100006103516, 12.701700210571289, 12.828900337219238, 13.15530014038086, 12.860300064086914, 12.814499855041504, 13.047200202941895, 13.34119987487793, 12.58080005645752, 12.9399995803833, 12.883700370788574, 13.761699676513672, 13.755000114440918, 13.415599822998047, 13.8774995803833, 13.46679973602295, 13.608599662780762, 12.29010009765625, 13.202500343322754, 13.768899917602539, 13.36460018157959, 12.884200096130371, 13.686400413513184, 13.544599533081055]]"
