item_id,start,freq,target
T127,2015-02-08 00:00:00,W-SUN,"[6.1392998695373535, 6.567200183868408, 5.747300148010254, 6.4096999168396, 6.523099899291992, 6.434700012207031, 6.496600151062012, 6.077199935913086, 6.385499954223633, 6.596099853515625, 6.4583001136779785, 6.5100998878479, 6.510499954223633, 6.473400115966797, 6.147299766540527, 6.407299995422363, 6.612500190734863, 6.630499839782715, 6.417600154876709, 4.551599979400635, 5.554299831390381, 5.07390022277832, 6.069200038909912, 5.94189977645874, 6.155600070953369, 4.494100093841553, 6.589099884033203, 6.036200046539307, 6.015500068664551, 5.754799842834473, 6.174699783325195, 6.279399871826172, 6.154799938201904, 6.537499904632568, 6.153900146484375, 6.90500020980835, 6.0665998458862305, 5.451700210571289, 5.55079984664917, 5.771699905395508, 5.145500183105469, 4.7982001304626465, 4.774499893188477, 4.576099872589111, 5.5630998611450195, 5.929999828338623, 6.117099761962891, 6.678400039672852, 7.018099784851074, 7.396299839019775, 6.977099895477295, 7.155900001525879, 7.652699947357178, 7.377799987792969, 7.098599910736084, 6.511000156402588, 6.470699787139893, 6.5868000984191895, 6.30079984664917, 6.422399997711182, 6.27869987487793, 8.68850040435791, 8.899499893188477, 6.35890007019043, 6.469900131225586, 6.8018999099731445, 6.496500015258789, 6.170899868011475, 6.59499979019165, 6.362400054931641, 6.462900161743164, 6.370500087738037, 5.932300090789795, 6.221399784088135, 6.425600051879883, 6.27869987487793, 6.430600166320801, 6.343400001525879, 6.249000072479248, 6.404799938201904, 6.500699996948242, 5.92549991607666, 6.537799835205078, 6.632699966430664, 6.4045000076293945, 6.384699821472168, 6.398799896240234, 6.249499797821045, 6.100200176239014, 6.1545000076293945]"
