item_id,start,freq,target
T777,2014-12-29,W-SUN,"[8.113200187683105, 8.375499725341797, 9.484800338745117, 9.107600212097168, 9.792099952697754, 10.930399894714355, 8.882699966430664, 9.493800163269043, 8.429900169372559, 9.644499778747559, 9.883199691772461, 9.703800201416016, 9.88479995727539, 9.882200241088867, 10.653300285339355, 10.513099670410156, 8.70419979095459, 10.242500305175781, 9.97249984741211, 10.419699668884277, 10.086299896240234, 10.267000198364258, 10.229999542236328, 10.497900009155273, 10.310999870300293, 8.113200187683105, 8.113200187683105, 8.113200187683105, 8.113200187683105, 8.113200187683105, 8.113200187683105, 8.113200187683105, 8.113200187683105, 8.113200187683105, 8.113200187683105, 8.113200187683105, 8.113200187683105, 8.113200187683105, 8.113200187683105, 8.113200187683105, 8.113200187683105, 8.113200187683105, 8.113200187683105, 8.098400115966797, 8.113200187683105, 8.113200187683105, 8.113200187683105, 8.113200187683105, 8.113200187683105, 11.73550033569336, 12.040399551391602, 11.038599967956543, 6.7505998611450195, 7.670599937438965, 7.921599864959717, 7.743500232696533, 8.480799674987793, 8.496899604797363, 8.911999702453613, 10.440299987792969, 8.436200141906738, 7.722400188446045, 7.490900039672852, 7.870200157165527, 7.7835001945495605, 7.560400009155273, 8.231499671936035, 8.867199897766113, 8.385600090026855, 8.767900466918945, 8.252799987792969, 8.534799575805664, 8.508700370788574, 9.050299644470215, 6.731100082397461, 6.221199989318848, 6.189599990844727, 6.151299953460693, 6.186500072479248, 6.197500228881836, 6.349999904632568, 6.129899978637695, 6.2332000732421875, 6.368299961090088, 6.420499801635742, 6.177199840545654, 6.3024001121521, 5.8618998527526855, 5.889800071716309, 6.22629976272583, 6.178500175476074, 6.061200141906738, 6.319300174713135, 6.1620001792907715, 6.184299945831299, 5.661099910736084]"
