item_id,start,freq,target
T79,2015-01-11 00:00:00,W-SUN,"[5.4045000076293945, 5.1595001220703125, 4.164000034332275, 5.801300048828125, 3.956899881362915, 4.093299865722656, 3.6695001125335693, 3.891200065612793, 3.889899969100952, 3.889899969100952, 3.889899969100952, 3.889899969100952, 4.013700008392334, 3.889899969100952, 3.889899969100952, 3.879199981689453, 4.059899806976318, 4.737299919128418, 3.9258999824523926, 3.677299976348877, 4.281300067901611, 4.0528998374938965, 3.9863998889923096, 4.303100109100342, 3.521899938583374, 4.718400001525879, 4.105299949645996, 4.025700092315674, 4.014200210571289, 4.065700054168701, 4.024400234222412, 4.172500133514404, 3.9821999073028564, 3.6656999588012695, 4.087699890136719, 4.053500175476074, 3.968600034713745, 4.0142998695373535, 3.9983999729156494, 4.0945000648498535, 4.212399959564209, 4.016300201416016, 4.052000045776367, 4.0320000648498535, 3.9932000637054443, 3.4779000282287598, 3.9925999641418457, 4.098800182342529, 3.939300060272217, 2.913599967956543, 3.3157999515533447, 4.040299892425537, 3.8545000553131104, 3.8784000873565674, 4.143099784851074, 3.966200113296509, 3.977299928665161, 3.942500114440918, 3.9807000160217285, 3.918299913406372, 3.9886999130249023, 4.500699996948242, 4.395400047302246, 4.507699966430664, 4.312300205230713, 4.407100200653076, 4.445300102233887, 4.458600044250488, 4.424200057983398, 4.484300136566162, 4.474999904632568, 4.5278000831604, 4.530600070953369, 4.434700012207031, 4.429599761962891, 4.464099884033203, 3.9161999225616455, 4.6350998878479, 4.556000232696533, 4.552199840545654, 4.708700180053711, 3.994999885559082, 4.303699970245361, 4.577199935913086, 4.342599868774414, 3.661099910736084, 4.376699924468994, 4.696700096130371, 4.896999835968018, 3.728300094604492]"
