item_id,start,freq,target
T782,2014-12-29,W-SUN,"[6.9959001541137695, 7.755000114440918, 6.142399787902832, 8.203900337219238, 9.733099937438965, 10.377699851989746, 8.916399955749512, 8.82509994506836, 8.762900352478027, 9.680000305175781, 10.368399620056152, 9.769000053405762, 9.449899673461914, 9.151399612426758, 9.802300453186035, 11.057100296020508, 11.74370002746582, 11.110899925231934, 13.06719970703125, 11.234000205993652, 10.615400314331055, 11.2746000289917, 11.628899574279785, 11.279800415039062, 10.964900016784668, 11.03380012512207, 10.191100120544434, 11.235400199890137, 10.898200035095215, 10.953399658203125, 10.936699867248535, 10.766599655151367, 10.013400077819824, 10.983400344848633, 10.607399940490723, 10.4621000289917, 12.0826997756958, 10.919300079345703, 11.249899864196777, 11.049699783325195, 11.103699684143066, 11.02810001373291, 11.411600112915039, 11.081100463867188, 11.344400405883789, 11.467000007629395, 11.004599571228027, 7.60230016708374, 10.198399543762207, 10.074700355529785, 10.425399780273438, 6.042200088500977, 8.039600372314453, 9.487000465393066, 9.385100364685059, 9.449000358581543, 8.941699981689453, 9.6766996383667, 8.608499526977539, 9.851799964904785, 9.537500381469727, 9.172699928283691, 9.415200233459473, 9.13290023803711, 9.280599594116211, 9.127099990844727, 9.287199974060059, 9.399299621582031, 9.557700157165527, 9.264900207519531, 9.541999816894531, 9.473600387573242, 10.449299812316895, 8.926199913024902, 9.672800064086914, 9.554900169372559, 9.389900207519531, 9.838199615478516, 8.557000160217285, 9.779899597167969, 10.163999557495117, 9.218999862670898, 9.557600021362305, 9.556599617004395, 9.621899604797363, 9.810600280761719, 9.958600044250488, 9.009200096130371, 10.445199966430664, 10.560600280761719, 10.459600448608398, 9.942899703979492, 10.513899803161621, 10.595600128173828, 10.348899841308594, 10.56410026550293]"
