item_id,start,freq,target
T33,2014-12-29,W-SUN,"[8.546799659729004, 10.651599884033203, 6.133299827575684, 9.853599548339844, 11.020700454711914, 11.144499778747559, 10.640899658203125, 10.944999694824219, 10.131799697875977, 11.575400352478027, 11.640600204467773, 11.659899711608887, 11.81089973449707, 10.696000099182129, 11.71969985961914, 11.739899635314941, 11.608799934387207, 11.243599891662598, 11.399499893188477, 11.55780029296875, 10.709099769592285, 11.705300331115723, 11.582599639892578, 11.650300025939941, 11.761500358581543, 11.788100242614746, 11.097900390625, 11.59529972076416, 11.710200309753418, 11.50570011138916, 11.726400375366211, 9.978500366210938, 11.340100288391113, 11.722900390625, 11.450900077819824, 11.090700149536133, 11.380999565124512, 11.41819953918457, 11.376399993896484, 11.439299583435059, 10.900699615478516, 11.477299690246582, 11.509699821472168, 11.094799995422363, 10.399299621582031, 11.31309986114502, 11.489899635314941, 9.650799751281738, 11.712499618530273, 11.0600004196167, 11.38700008392334, 9.757200241088867, 9.58430004119873, 10.77079963684082, 10.340999603271484, 10.836000442504883, 10.990400314331055, 10.95300006866455, 11.105199813842773, 11.182299613952637, 11.425299644470215, 9.756699562072754, 9.86050033569336, 10.515899658203125, 13.013699531555176, 11.371800422668457, 11.23330020904541, 11.489800453186035, 11.06029987335205, 11.314599990844727, 12.006400108337402, 11.765800476074219, 11.418100357055664, 11.149399757385254, 11.39330005645752, 11.334199905395508, 11.485300064086914, 11.802900314331055, 10.880999565124512, 11.200400352478027, 11.680399894714355, 11.346099853515625, 11.871500015258789, 11.755200386047363, 11.798700332641602, 11.188899993896484, 11.723699569702148, 10.939499855041504, 11.647100448608398, 11.458900451660156, 11.243599891662598, 11.100899696350098, 11.193099975585938, 10.901000022888184, 10.979900360107422, 10.551899909973145]"
