item_id,start,freq,target
T740,2014-12-29,W-SUN,"[5.241199970245361, 7.132699966430664, 6.311200141906738, 6.678100109100342, 7.292500019073486, 7.461400032043457, 6.469699859619141, 7.109099864959717, 6.306300163269043, 7.633800029754639, 7.792500019073486, 7.817800045013428, 7.156300067901611, 7.093699932098389, 7.735799789428711, 7.6016998291015625, 7.528900146484375, 7.8028998374938965, 7.689799785614014, 7.9156999588012695, 7.413899898529053, 7.679900169372559, 8.060799598693848, 7.826099872589111, 7.822299957275391, 7.432199954986572, 6.6732001304626465, 7.420300006866455, 7.613399982452393, 7.110000133514404, 7.685400009155273, 7.3225998878479, 6.8927998542785645, 8.002900123596191, 7.831500053405762, 7.726600170135498, 8.170599937438965, 7.892600059509277, 5.659900188446045, 8.315999984741211, 9.19729995727539, 9.02560043334961, 8.718500137329102, 7.277500152587891, 8.207099914550781, 8.17300033569336, 7.862800121307373, 6.430300235748291, 6.861400127410889, 8.261699676513672, 7.664400100708008, 6.532400131225586, 6.579599857330322, 7.443600177764893, 7.580399990081787, 7.080399990081787, 7.816699981689453, 7.84250020980835, 6.947299957275391, 8.337400436401367, 6.671899795532227, 7.791200160980225, 7.495800018310547, 7.747000217437744, 7.632999897003174, 7.299099922180176, 7.659800052642822, 7.593800067901611, 7.93779993057251, 7.801799774169922, 7.580100059509277, 7.4421000480651855, 7.801300048828125, 6.926599979400635, 7.461400032043457, 7.430799961090088, 7.319799900054932, 7.3053998947143555, 6.374899864196777, 7.190000057220459, 7.498000144958496, 7.148200035095215, 7.118100166320801, 7.156099796295166, 5.928400039672852, 5.414100170135498, 5.73330020904541, 5.73330020904541, 7.52839994430542, 8.60949993133545, 8.306500434875488, 8.295299530029297, 8.199999809265137, 8.61359977722168, 8.741999626159668, 7.826099872589111]"
