item_id,start,freq,target
T704,2014-12-29,W-SUN,"[5.679100036621094, 6.7058000564575195, 6.511099815368652, 6.7459001541137695, 6.811500072479248, 6.6631999015808105, 6.713600158691406, 6.880199909210205, 6.3460001945495605, 7.0696001052856445, 6.8867998123168945, 6.987100124359131, 6.976500034332275, 7.223599910736084, 7.127699851989746, 7.519000053405762, 7.269700050354004, 7.25600004196167, 7.3719000816345215, 7.175300121307373, 7.064000129699707, 7.11899995803833, 6.892000198364258, 7.699399948120117, 8.088299751281738, 7.709099769592285, 8.013400077819824, 7.628300189971924, 7.900700092315674, 7.503799915313721, 7.493500232696533, 7.63730001449585, 7.57390022277832, 7.314799785614014, 7.4303998947143555, 7.833899974822998, 8.338399887084961, 8.205300331115723, 7.813799858093262, 8.086999893188477, 7.7453999519348145, 8.08650016784668, 7.811100006103516, 7.4344000816345215, 7.1265997886657715, 7.052299976348877, 7.447299957275391, 7.311200141906738, 7.320499897003174, 7.225100040435791, 7.366199970245361, 5.994100093841553, 6.167600154876709, 6.676400184631348, 6.6631999015808105, 6.574999809265137, 6.400199890136719, 7.175300121307373, 6.90500020980835, 7.2241997718811035, 7.429599761962891, 6.762400150299072, 6.177000045776367, 6.116000175476074, 7.338799953460693, 7.436100006103516, 7.298600196838379, 7.764500141143799, 7.680600166320801, 7.818999767303467, 8.710700035095215, 7.926700115203857, 7.888800144195557, 7.859600067138672, 8.07699966430664, 8.099499702453613, 8.046199798583984, 8.068499565124512, 8.043499946594238, 8.317299842834473, 8.21090030670166, 7.641600131988525, 7.907899856567383, 8.335800170898438, 8.460399627685547, 8.557600021362305, 8.50879955291748, 8.147199630737305, 8.119600296020508, 8.866700172424316, 8.503499984741211, 8.446800231933594, 8.415200233459473, 7.93179988861084, 8.107500076293945, 7.907299995422363]"
