item_id,start,freq,target
T57,2015-02-01 00:00:00,W-SUN,"[17.320999145507812, 17.237199783325195, 17.73259925842285, 13.593000411987305, 11.003999710083008, 16.91349983215332, 15.238800048828125, 16.474899291992188, 11.151599884033203, 12.435600280761719, 14.640999794006348, 13.359299659729004, 15.455100059509277, 14.521300315856934, 12.38700008392334, 6.762800216674805, 10.953700065612793, 12.33240032196045, 16.559499740600586, 16.261699676513672, 11.389200210571289, 10.382100105285645, 12.270500183105469, 12.567700386047363, 12.309399604797363, 12.73859977722168, 12.969200134277344, 12.17590045928955, 11.857199668884277, 12.939200401306152, 12.299400329589844, 12.604000091552734, 14.542200088500977, 14.251899719238281, 13.441699981689453, 12.673600196838379, 13.080599784851074, 12.112299919128418, 15.291500091552734, 6.266200065612793, 12.967300415039062, 16.71269989013672, 9.29539966583252, 17.188400268554688, 13.046799659729004, 14.663299560546875, 13.265199661254883, 6.343699932098389, 13.697400093078613, 11.310099601745605, 16.05820083618164, 13.288599967956543, 14.849300384521484, 14.670499801635742, 15.494000434875488, 18.115299224853516, 11.727999687194824, 13.032299995422363, 13.989299774169922, 10.153800010681152, 9.149700164794922, 15.264800071716309, 16.207500457763672, 16.536100387573242, 13.073800086975098, 24.81170082092285, 20.658899307250977, 16.19700050354004, 12.001299858093262, 13.361100196838379, 12.768799781799316, 14.115300178527832, 14.057700157165527, 11.601799964904785, 13.720499992370605, 13.37909984588623, 13.779399871826172, 8.968899726867676, 11.97029972076416, 14.001199722290039, 13.456100463867188, 15.02869987487793, 16.11680030822754, 17.345600128173828, 16.191099166870117, 6.767600059509277, 7.5482001304626465, 6.961400032043457, 6.874800205230713, 6.945300102233887]"
