item_id,start,freq,target
T776,2014-12-29,W-SUN,"[7.700500011444092, 7.700500011444092, 7.70550012588501, 7.521599769592285, 7.700500011444092, 7.700500011444092, 7.700500011444092, 7.700500011444092, 6.985899925231934, 7.702400207519531, 7.700500011444092, 7.700500011444092, 7.700500011444092, 7.700500011444092, 7.598499774932861, 7.700500011444092, 7.700500011444092, 7.700500011444092, 7.700500011444092, 7.700500011444092, 7.700500011444092, 7.700500011444092, 7.700500011444092, 7.700500011444092, 7.700500011444092, 7.700500011444092, 7.700500011444092, 7.700500011444092, 7.700500011444092, 7.700500011444092, 7.700500011444092, 7.700500011444092, 7.700500011444092, 7.700500011444092, 7.700500011444092, 7.700500011444092, 7.700500011444092, 7.700500011444092, 7.700500011444092, 7.700500011444092, 7.700500011444092, 7.700500011444092, 7.828800201416016, 9.374300003051758, 8.213600158691406, 7.700500011444092, 7.700500011444092, 7.700500011444092, 7.700500011444092, 7.700500011444092, 7.700500011444092, 7.700500011444092, 11.836299896240234, 12.478400230407715, 12.992600440979004, 12.931699752807617, 12.706199645996094, 13.007200241088867, 12.848400115966797, 12.525199890136719, 11.321100234985352, 10.435999870300293, 10.05620002746582, 11.453100204467773, 7.22160005569458, 8.05620002746582, 7.710000038146973, 7.712900161743164, 7.143099784851074, 7.706099987030029, 8.003399848937988, 8.112899780273438, 8.077500343322754, 8.030200004577637, 8.13010025024414, 8.274399757385254, 10.116700172424316, 10.767600059509277, 9.639399528503418, 10.05270004272461, 11.39900016784668, 12.159700393676758, 12.151900291442871, 12.951700210571289, 11.864899635314941, 12.250900268554688, 12.055299758911133, 10.681300163269043, 10.192399978637695, 11.874899864196777, 11.361900329589844, 10.276900291442871, 9.9266996383667, 11.18850040435791, 10.92240047454834, 9.21660041809082]"
