item_id,start,freq,target
T180,2014-12-29,W-SUN,"[5.224299907684326, 6.10860013961792, 4.219099998474121, 6.339799880981445, 6.569499969482422, 6.429999828338623, 6.585899829864502, 6.713900089263916, 6.019999980926514, 6.997499942779541, 7.230400085449219, 8.77299976348877, 8.828900337219238, 8.659500122070312, 6.966300010681152, 7.216100215911865, 7.095900058746338, 7.20389986038208, 7.377500057220459, 7.239699840545654, 7.440700054168701, 7.634900093078613, 7.3368000984191895, 7.730000019073486, 7.797399997711182, 8.524299621582031, 7.513899803161621, 7.952600002288818, 8.244099617004395, 6.871399879455566, 8.604100227355957, 8.308899879455566, 7.873499870300293, 8.138799667358398, 7.997099876403809, 8.02239990234375, 8.083399772644043, 8.26039981842041, 8.04419994354248, 7.859600067138672, 7.622799873352051, 6.8815999031066895, 8.284299850463867, 8.197699546813965, 7.45959997177124, 8.146400451660156, 8.380499839782715, 7.954800128936768, 5.907299995422363, 7.984600067138672, 6.990200042724609, 8.331899642944336, 7.399600028991699, 7.790599822998047, 7.171800136566162, 7.365900039672852, 8.025099754333496, 8.195799827575684, 8.314200401306152, 6.863900184631348, 8.06350040435791, 7.850399971008301, 7.9653000831604, 6.725200176239014, 8.506400108337402, 7.848100185394287, 8.092900276184082, 8.033499717712402, 8.341699600219727, 8.240500450134277, 8.329899787902832, 8.470600128173828, 8.433199882507324, 8.65880012512207, 8.686599731445312, 9.194000244140625, 8.8641996383667, 8.853699684143066, 8.844900131225586, 7.335999965667725, 8.758899688720703, 7.071700096130371, 8.827400207519531, 8.624099731445312, 8.683099746704102, 8.563400268554688, 8.560999870300293, 8.202799797058105, 8.16569995880127, 7.676000118255615, 8.462599754333496, 8.181500434875488, 8.375300407409668, 8.03320026397705, 8.05049991607666, 6.952400207519531]"
