item_id,start,freq,target
T248,2014-12-29,W-SUN,"[9.050399780273438, 11.546099662780762, 7.853600025177002, 11.639900207519531, 12.763500213623047, 12.586999893188477, 12.09749984741211, 12.621199607849121, 11.621199607849121, 13.020299911499023, 13.143199920654297, 12.335100173950195, 12.630999565124512, 12.455100059509277, 12.894800186157227, 12.83590030670166, 13.070300102233887, 13.72130012512207, 13.277199745178223, 13.663299560546875, 12.538000106811523, 13.292499542236328, 14.13290023803711, 14.849100112915039, 14.438300132751465, 14.592399597167969, 12.341400146484375, 13.864500045776367, 13.281599998474121, 13.337699890136719, 14.10319995880127, 13.326000213623047, 13.317399978637695, 13.543899536132812, 13.496999740600586, 13.879599571228027, 13.87660026550293, 13.88029956817627, 13.308099746704102, 13.427599906921387, 13.171899795532227, 13.383099555969238, 13.859800338745117, 13.915200233459473, 13.618599891662598, 14.302200317382812, 14.199899673461914, 11.94629955291748, 13.560400009155273, 14.968299865722656, 15.987700462341309, 10.938199996948242, 11.294599533081055, 12.420100212097168, 13.728400230407715, 13.669699668884277, 13.992400169372559, 13.018899917602539, 13.801899909973145, 13.960000038146973, 13.900899887084961, 14.130800247192383, 14.368000030517578, 14.136199951171875, 14.255900382995605, 13.406999588012695, 13.601699829101562, 13.49530029296875, 13.300800323486328, 14.627400398254395, 14.234999656677246, 14.956899642944336, 15.181900024414062, 14.325400352478027, 15.165200233459473, 15.70199966430664, 15.088000297546387, 15.087599754333496, 12.674599647521973, 14.500200271606445, 14.901800155639648, 15.130000114440918, 14.963500022888184, 15.673299789428711, 14.725299835205078, 15.291999816894531, 14.769000053405762, 14.696200370788574, 14.983499526977539, 16.095300674438477, 15.6427001953125, 14.014200210571289, 14.738100051879883, 15.117300033569336, 15.646400451660156, 14.386500358581543]"
