item_id,start,freq,target
T236,2015-02-01 00:00:00,W-SUN,"[10.569899559020996, 10.447799682617188, 10.546099662780762, 10.873299598693848, 12.862700462341309, 12.02079963684082, 12.824799537658691, 12.865099906921387, 10.80840015411377, 13.10219955444336, 11.908100128173828, 12.158699989318848, 13.309800148010254, 11.899700164794922, 13.331100463867188, 10.520700454711914, 14.345199584960938, 13.376700401306152, 15.321000099182129, 15.466400146484375, 14.242600440979004, 10.467700004577637, 13.174799919128418, 12.490099906921387, 11.485699653625488, 14.530099868774414, 12.802399635314941, 12.958100318908691, 12.618000030517578, 13.904800415039062, 10.866100311279297, 12.218999862670898, 11.705100059509277, 11.162300109863281, 12.56820011138916, 11.9753999710083, 11.891400337219238, 11.303600311279297, 9.90060043334961, 10.214599609375, 11.197199821472168, 10.896699905395508, 9.111800193786621, 10.2052001953125, 10.723899841308594, 11.569899559020996, 9.115599632263184, 8.279800415039062, 9.652999877929688, 9.721799850463867, 9.909600257873535, 7.885499954223633, 9.752900123596191, 9.169599533081055, 9.893899917602539, 9.661600112915039, 9.218299865722656, 9.113800048828125, 9.711299896240234, 11.84630012512207, 11.591699600219727, 10.71399974822998, 11.406499862670898, 11.280699729919434, 12.273900032043457, 11.978899955749512, 15.383600234985352, 13.139300346374512, 11.970199584960938, 13.21049976348877, 13.086299896240234, 13.057100296020508, 11.744199752807617, 10.026200294494629, 12.486900329589844, 12.07859992980957, 11.853899955749512, 13.4197998046875, 13.30519962310791, 12.907099723815918, 12.98490047454834, 13.108599662780762, 11.48960018157959, 11.35200023651123, 13.760499954223633, 12.367799758911133, 11.601799964904785, 12.094799995422363, 11.328100204467773, 12.105799674987793]"
