item_id,start,freq,target
T436,2014-12-29,W-SUN,"[7.700500011444092, 7.700500011444092, 7.700500011444092, 7.700500011444092, 7.700500011444092, 7.700500011444092, 8.159899711608887, 10.233799934387207, 9.128399848937988, 11.067999839782715, 10.928400039672852, 10.219300270080566, 10.830699920654297, 10.517600059509277, 10.723999977111816, 11.029500007629395, 8.597399711608887, 10.846199989318848, 11.047200202941895, 11.3193998336792, 10.625200271606445, 10.901000022888184, 11.343700408935547, 11.669899940490723, 11.476099967956543, 12.105500221252441, 10.24209976196289, 11.495699882507324, 12.082799911499023, 11.402199745178223, 11.774800300598145, 11.671199798583984, 11.323399543762207, 12.51830005645752, 9.767000198364258, 10.708700180053711, 11.790499687194824, 12.982500076293945, 9.846400260925293, 11.666999816894531, 11.154500007629395, 7.843500137329102, 11.937199592590332, 12.645299911499023, 12.15470027923584, 12.709099769592285, 12.563899993896484, 9.122200012207031, 10.08240032196045, 12.886899948120117, 12.32509994506836, 8.561200141906738, 10.176199913024902, 11.439299583435059, 10.85219955444336, 11.232399940490723, 11.423199653625488, 11.300999641418457, 9.916199684143066, 11.375, 9.935099601745605, 9.688899993896484, 9.541500091552734, 9.449199676513672, 9.558600425720215, 8.441300392150879, 8.660499572753906, 9.920999526977539, 10.356200218200684, 10.167400360107422, 9.873900413513184, 10.393899917602539, 10.343999862670898, 9.46560001373291, 9.055999755859375, 8.424099922180176, 9.320500373840332, 8.646200180053711, 7.55049991607666, 8.60260009765625, 9.772100448608398, 9.252400398254395, 9.612099647521973, 8.969499588012695, 9.573399543762207, 10.515399932861328, 10.977299690246582, 8.742300033569336, 10.559900283813477, 10.576499938964844, 10.644100189208984, 9.17300033569336, 9.931300163269043, 9.680299758911133, 10.305899620056152, 9.453200340270996]"
