item_id,start,freq,target
T237,2014-12-29,W-SUN,"[5.623899936676025, 9.564599990844727, 8.520099639892578, 7.82480001449585, 8.891900062561035, 8.933600425720215, 8.550800323486328, 8.879599571228027, 8.711099624633789, 9.247099876403809, 9.292099952697754, 9.352399826049805, 9.274200439453125, 8.724200248718262, 10.662400245666504, 11.561699867248535, 10.484000205993652, 10.513799667358398, 10.626099586486816, 10.771400451660156, 9.465499877929688, 10.846199989318848, 9.709400177001953, 8.667799949645996, 8.818599700927734, 8.722200393676758, 7.267499923706055, 8.930999755859375, 8.475799560546875, 8.60949993133545, 8.089099884033203, 8.297800064086914, 8.04740047454834, 8.5556001663208, 8.666099548339844, 7.8256001472473145, 8.708900451660156, 9.145099639892578, 10.236200332641602, 10.753299713134766, 7.240300178527832, 7.355800151824951, 7.564300060272217, 7.7621002197265625, 7.427299976348877, 7.490600109100342, 6.831500053405762, 6.012800216674805, 7.1682000160217285, 7.28849983215332, 6.358500003814697, 4.185100078582764, 5.725299835205078, 7.272299766540527, 6.579400062561035, 6.978899955749512, 7.334799766540527, 7.366700172424316, 7.08519983291626, 7.218800067901611, 7.369100093841553, 6.433199882507324, 6.546999931335449, 6.350399971008301, 6.7846999168396, 6.9593000411987305, 6.933000087738037, 7.5609002113342285, 7.630099773406982, 7.310299873352051, 7.170300006866455, 7.385799884796143, 7.626500129699707, 6.650199890136719, 7.484899997711182, 7.591800212860107, 7.581299781799316, 7.4085001945495605, 5.961299896240234, 7.240699768066406, 7.5370001792907715, 7.310999870300293, 7.3379998207092285, 7.070000171661377, 7.215099811553955, 7.283999919891357, 7.179100036621094, 6.203499794006348, 7.444799900054932, 7.535099983215332, 7.761000156402588, 6.540299892425537, 7.625699996948242, 7.274700164794922, 7.649700164794922, 7.110199928283691]"
