item_id,start,freq,target
T254,2014-12-29,W-SUN,"[7.740300178527832, 10.244500160217285, 9.847299575805664, 9.520999908447266, 9.654600143432617, 10.118599891662598, 10.245400428771973, 9.854299545288086, 9.380999565124512, 10.239700317382812, 10.187600135803223, 10.650799751281738, 9.927000045776367, 9.332500457763672, 10.13640022277832, 11.042799949645996, 10.893799781799316, 10.747900009155273, 10.439000129699707, 10.31029987335205, 9.074399948120117, 10.785799980163574, 10.293000221252441, 10.151100158691406, 10.631600379943848, 8.239700317382812, 8.960700035095215, 10.660799980163574, 10.200900077819824, 10.757200241088867, 9.882800102233887, 10.385600090026855, 10.427599906921387, 10.471599578857422, 9.60200023651123, 9.549400329589844, 11.182900428771973, 11.330300331115723, 11.023699760437012, 10.702099800109863, 11.206700325012207, 11.786999702453613, 11.423199653625488, 11.048700332641602, 11.250300407409668, 11.155200004577637, 10.197600364685059, 8.766300201416016, 11.174200057983398, 12.029800415039062, 10.74470043182373, 7.3516998291015625, 8.555800437927246, 10.761099815368652, 10.079500198364258, 10.125300407409668, 9.342300415039062, 11.207099914550781, 10.20199966430664, 10.06149959564209, 10.413100242614746, 10.515999794006348, 10.815099716186523, 10.789299964904785, 9.786700248718262, 10.053199768066406, 10.739299774169922, 11.247200012207031, 10.943300247192383, 10.491100311279297, 10.570899963378906, 10.522299766540527, 11.299099922180176, 9.731499671936035, 10.857099533081055, 10.987099647521973, 11.129500389099121, 11.091099739074707, 9.049300193786621, 10.695599555969238, 11.056400299072266, 9.918100357055664, 10.497699737548828, 10.47249984741211, 11.020400047302246, 11.183899879455566, 10.851699829101562, 10.090200424194336, 11.539400100708008, 12.321000099182129, 13.04740047454834, 9.841099739074707, 12.904500007629395, 10.179499626159668, 10.522700309753418, 10.046099662780762]"
