item_id,start,freq,target
T741,2014-12-29,W-SUN,"[6.867400169372559, 8.562999725341797, 5.3242998123168945, 8.88230037689209, 9.003100395202637, 8.950200080871582, 8.923299789428711, 9.150400161743164, 8.361300468444824, 9.361000061035156, 9.385100364685059, 9.421500205993652, 9.409799575805664, 8.725899696350098, 9.326600074768066, 9.242600440979004, 9.234100341796875, 9.222900390625, 9.385600090026855, 9.390600204467773, 8.871399879455566, 9.421500205993652, 9.444299697875977, 9.501399993896484, 9.889699935913086, 9.744400024414062, 8.716500282287598, 9.36400032043457, 9.475899696350098, 9.438599586486816, 9.571700096130371, 9.482999801635742, 9.456600189208984, 9.60770034790039, 10.253499984741211, 8.712300300598145, 9.282600402832031, 9.358699798583984, 9.357000350952148, 10.085399627685547, 9.466300010681152, 9.609000205993652, 9.73840045928955, 9.793600082397461, 9.520299911499023, 9.7391996383667, 9.965299606323242, 8.421600341796875, 9.558099746704102, 9.687700271606445, 9.98740005493164, 7.8302998542785645, 6.127399921417236, 6.994900226593018, 7.447000026702881, 7.423600196838379, 7.462800025939941, 7.326700210571289, 8.8641996383667, 9.539999961853027, 9.443400382995605, 9.249300003051758, 8.04520034790039, 7.792200088500977, 7.75629997253418, 7.934299945831299, 8.617400169372559, 7.688000202178955, 9.05620002746582, 10.015800476074219, 9.814399719238281, 10.073399543762207, 9.684599876403809, 9.561699867248535, 9.996299743652344, 10.0516996383667, 10.445899963378906, 7.879199981689453, 6.786799907684326, 7.842400074005127, 8.101900100708008, 8.046199798583984, 7.851900100708008, 7.541800022125244, 8.034099578857422, 6.657400131225586, 6.401800155639648, 7.464399814605713, 8.195899963378906, 8.250100135803223, 8.318699836730957, 6.852200031280518, 7.9953999519348145, 7.747200012207031, 7.7453999519348145, 7.714000225067139]"
