item_id,start,freq,target
T790,2014-12-29,W-SUN,"[5.293099880218506, 5.494699954986572, 6.276400089263916, 6.360599994659424, 5.87060022354126, 5.67080020904541, 6.567500114440918, 6.067699909210205, 5.30049991607666, 8.446100234985352, 7.156400203704834, 7.117199897766113, 8.13700008392334, 7.741399765014648, 7.260000228881836, 8.059300422668457, 7.038400173187256, 7.1905999183654785, 7.777900218963623, 7.132999897003174, 8.21090030670166, 7.319499969482422, 7.48829984664917, 9.354499816894531, 9.615099906921387, 9.382499694824219, 9.253299713134766, 8.721599578857422, 9.399499893188477, 9.49530029296875, 9.901100158691406, 9.485400199890137, 9.746700286865234, 9.243399620056152, 8.928899765014648, 9.020099639892578, 7.622200012207031, 9.106200218200684, 8.383299827575684, 7.820400238037109, 8.661800384521484, 8.437399864196777, 8.299200057983398, 5.997799873352051, 7.865799903869629, 7.616300106048584, 9.310400009155273, 7.682799816131592, 8.046600341796875, 7.634099960327148, 10.67020034790039, 10.316499710083008, 6.270199775695801, 6.584000110626221, 8.870599746704102, 7.924300193786621, 6.816699981689453, 7.651500225067139, 9.099800109863281, 7.767000198364258, 7.662199974060059, 5.808199882507324, 7.420300006866455, 7.896100044250488, 10.017499923706055, 8.23740005493164, 7.929800033569336, 8.508099555969238, 7.774899959564209, 7.4421000480651855, 8.5024995803833, 7.934000015258789, 8.661399841308594, 9.711700439453125, 8.251199722290039, 9.527600288391113, 9.54170036315918, 9.050800323486328, 9.983400344848633, 8.425999641418457, 9.668299674987793, 9.196700096130371, 10.43850040435791, 9.512399673461914, 9.571700096130371, 8.103699684143066, 8.229299545288086, 9.117300033569336, 7.616600036621094, 8.241999626159668, 7.675000190734863, 7.774499893188477, 7.694699764251709, 6.96019983291626, 8.045599937438965, 6.785200119018555]"
