item_id,start,freq,target
T421,2015-01-25 00:00:00,W-SUN,"[[11.728099822998047, 11.932299613952637, 11.36139965057373, 11.567700386047363, 10.79539966583252, 12.245800018310547, 12.15530014038086, 12.577500343322754, 12.74839973449707, 11.366000175476074, 12.492799758911133, 12.405099868774414, 12.48169994354248, 12.05150032043457, 12.101400375366211, 12.182999610900879, 11.43120002746582, 12.487299919128418, 12.313899993896484, 12.39490032196045, 12.604399681091309, 12.5378999710083, 11.473899841308594, 12.456999778747559, 12.635899543762207, 11.929400444030762, 12.516500473022461, 12.71660041809082, 12.656399726867676, 13.417099952697754, 13.331500053405762, 12.494600296020508, 13.038800239562988, 13.008199691772461, 13.071900367736816, 13.267600059509277, 12.60770034790039, 13.008399963378906, 13.227100372314453, 12.718799591064453, 12.50570011138916, 12.856599807739258, 13.379500389099121, 10.594799995422363, 13.215800285339355, 12.522299766540527, 12.65530014038086, 9.916299819946289, 10.54800033569336, 12.08240032196045, 11.462400436401367, 12.164600372314453, 12.78849983215332, 12.606900215148926, 12.957599639892578, 12.909299850463867, 12.925000190734863, 12.595000267028809, 13.428400039672852, 12.679100036621094, 15.03219985961914, 13.28219985961914, 13.029600143432617, 11.522600173950195, 11.866100311279297, 12.217100143432617, 13.276800155639648, 13.389200210571289, 12.838600158691406, 11.856300354003906, 12.309499740600586, 12.154500007629395, 12.41409969329834, 12.794099807739258, 11.750100135803223, 9.207300186157227, 12.758099555969238, 12.432900428771973, 13.190699577331543, 12.356499671936035, 12.126299858093262, 12.166299819946289, 12.099699974060059, 11.68120002746582, 11.794599533081055, 11.526100158691406, 11.332599639892578, 10.9173002243042, 11.224499702453613, 11.022299766540527]]"
