item_id,start,freq,target
T95,2014-12-29,W-SUN,"[2.487499952316284, 3.4748001098632812, 2.802000045776367, 3.328200101852417, 3.6361000537872314, 3.627000093460083, 3.575000047683716, 3.742799997329712, 3.524199962615967, 3.7945001125335693, 3.6840999126434326, 3.555999994277954, 3.5485999584198, 3.3452000617980957, 3.8280999660491943, 3.6605000495910645, 3.575700044631958, 3.781599998474121, 4.496600151062012, 3.6593000888824463, 3.938499927520752, 3.664599895477295, 3.8010001182556152, 3.509000062942505, 3.6709001064300537, 3.6135001182556152, 3.0550999641418457, 3.8678998947143555, 3.6226999759674072, 3.817500114440918, 3.9042000770568848, 3.6930999755859375, 3.496000051498413, 3.618000030517578, 3.852299928665161, 3.5136001110076904, 3.9170000553131104, 3.8789000511169434, 3.9560000896453857, 4.031700134277344, 3.7546000480651855, 3.974600076675415, 3.9934000968933105, 3.928100109100342, 3.7332000732421875, 3.855799913406372, 3.4540998935699463, 2.8773000240325928, 3.6695001125335693, 3.585599899291992, 3.2583999633789062, 2.342099905014038, 2.9958999156951904, 3.558799982070923, 3.467900037765503, 3.491300106048584, 3.7163000106811523, 3.4779999256134033, 3.5659000873565674, 3.7016000747680664, 3.507699966430664, 3.5083999633789062, 3.289599895477295, 3.249500036239624, 3.4946000576019287, 3.4089999198913574, 3.238600015640259, 3.7335000038146973, 3.905100107192993, 3.686000108718872, 3.757499933242798, 4.053699970245361, 3.9058001041412354, 3.4788999557495117, 3.490299940109253, 3.7014000415802, 3.882200002670288, 4.165299892425537, 2.946199893951416, 3.9158999919891357, 3.8610000610351562, 3.7328999042510986, 3.6384999752044678, 4.786099910736084, 4.879000186920166, 5.46619987487793, 5.495299816131592, 5.1402997970581055, 4.595200061798096, 3.9655001163482666, 6.55810022354126, 5.61329984664917, 6.714099884033203, 5.383200168609619, 5.354800224304199, 5.371099948883057]"
