item_id,start,freq,target
T565,2014-12-29,W-SUN,"[5.389500141143799, 5.966300010681152, 3.65910005569458, 5.837100028991699, 6.760300159454346, 6.27370023727417, 6.393499851226807, 7.28849983215332, 5.646500110626221, 6.840700149536133, 5.099100112915039, 6.221499919891357, 6.236700057983398, 6.06689977645874, 6.060400009155273, 6.3979997634887695, 6.210599899291992, 7.042099952697754, 6.9105000495910645, 7.41379976272583, 6.126100063323975, 6.693600177764893, 6.650599956512451, 6.382999897003174, 6.304200172424316, 6.352099895477295, 6.110499858856201, 6.411300182342529, 6.597400188446045, 6.416800022125244, 6.512800216674805, 6.442599773406982, 7.645500183105469, 6.662199974060059, 7.751800060272217, 6.397799968719482, 6.780300140380859, 7.293600082397461, 5.139100074768066, 6.526700019836426, 6.61870002746582, 6.25029993057251, 4.587800025939941, 5.725399971008301, 5.281300067901611, 5.927299976348877, 5.442299842834473, 6.388599872589111, 6.41480016708374, 7.098299980163574, 6.213500022888184, 5.679699897766113, 6.349299907684326, 6.74429988861084, 6.673900127410889, 7.039899826049805, 7.220300197601318, 7.816199779510498, 7.098700046539307, 7.942599773406982, 7.055200099945068, 7.447199821472168, 7.287499904632568, 7.7245001792907715, 7.6020002365112305, 7.541999816894531, 7.49399995803833, 7.518400192260742, 7.479599952697754, 7.786499977111816, 7.236700057983398, 7.729800224304199, 8.115599632263184, 6.987500190734863, 8.408699989318848, 8.268099784851074, 8.036299705505371, 5.577899932861328, 8.162799835205078, 9.132200241088867, 8.70419979095459, 8.499300003051758, 8.67609977722168, 8.388400077819824, 7.2519001960754395, 7.410299777984619, 7.171500205993652, 6.814799785614014, 7.424900054931641, 6.792200088500977, 6.6128997802734375, 7.37060022354126, 6.2083001136779785, 7.537499904632568, 7.485099792480469, 6.468200206756592]"
