item_id,start,freq,target
T374,2014-12-29,W-SUN,"[4.366700172424316, 6.1092000007629395, 4.565100193023682, 5.738699913024902, 6.341100215911865, 6.394000053405762, 6.200200080871582, 6.511600017547607, 6.333600044250488, 6.649700164794922, 6.422299861907959, 6.421199798583984, 6.212200164794922, 5.630099773406982, 6.724299907684326, 6.3354997634887695, 6.399199962615967, 6.724899768829346, 7.829500198364258, 6.311800003051758, 6.7118000984191895, 6.569300174713135, 7.190199851989746, 6.551400184631348, 6.7993998527526855, 6.715000152587891, 5.303400039672852, 7.0883002281188965, 6.796000003814697, 7.11299991607666, 7.210400104522705, 6.720799922943115, 6.6427998542785645, 6.236800193786621, 6.805500030517578, 6.200399875640869, 7.40500020980835, 6.848400115966797, 7.048399925231934, 7.3850998878479, 6.634099960327148, 7.208399772644043, 7.517499923706055, 7.177999973297119, 6.486499786376953, 7.129499912261963, 6.059599876403809, 5.322299957275391, 6.620699882507324, 6.415900230407715, 5.748700141906738, 3.70989990234375, 5.264400005340576, 6.289700031280518, 6.093299865722656, 6.526100158691406, 6.787799835205078, 6.654099941253662, 6.796999931335449, 6.952600002288818, 6.969299793243408, 6.4721999168396, 6.145999908447266, 5.84499979019165, 6.30709981918335, 6.029300212860107, 6.133200168609619, 6.938499927520752, 7.1697998046875, 6.769800186157227, 6.8302001953125, 7.594399929046631, 7.3902997970581055, 6.235300064086914, 6.252500057220459, 6.926300048828125, 7.201300144195557, 7.830999851226807, 4.898600101470947, 7.40339994430542, 7.207699775695801, 6.910200119018555, 5.9222002029418945, 6.000100135803223, 6.099699974060059, 6.957499980926514, 6.929999828338623, 6.351900100708008, 7.63129997253418, 7.4054999351501465, 8.233699798583984, 6.925000190734863, 8.692000389099121, 6.579100131988525, 6.702199935913086, 6.68209981918335]"
