item_id,start,freq,target
T61,2015-01-18 00:00:00,W-SUN,"[[7.312900066375732, 8.174300193786621, 9.108699798583984, 8.848400115966797, 10.967900276184082, 9.102700233459473, 10.11769962310791, 10.322799682617188, 10.32409954071045, 10.530200004577637, 10.062199592590332, 10.242300033569336, 10.322400093078613, 10.34179973602295, 10.33530044555664, 11.101400375366211, 10.525300025939941, 10.515999794006348, 10.664199829101562, 10.906700134277344, 11.046699523925781, 10.62440013885498, 10.906800270080566, 9.711600303649902, 10.635199546813965, 10.986599922180176, 10.745100021362305, 10.762800216674805, 10.653900146484375, 11.284099578857422, 11.106200218200684, 10.6451997756958, 10.12279987335205, 10.758500099182129, 10.964300155639648, 10.466300010681152, 10.848699569702148, 11.206999778747559, 11.164600372314453, 10.929200172424316, 10.979299545288086, 10.839699745178223, 10.484999656677246, 10.953300476074219, 9.451700210571289, 10.528900146484375, 11.047599792480469, 11.132699966430664, 8.314599990844727, 8.528800010681152, 9.982600212097168, 10.817000389099121, 10.222999572753906, 10.369999885559082, 10.465299606323242, 10.293600082397461, 11.15250015258789, 10.589099884033203, 10.453399658203125, 11.02810001373291, 10.878600120544434, 10.597900390625, 10.750399589538574, 10.668299674987793, 11.100099563598633, 11.111800193786621, 11.364399909973145, 11.275199890136719, 11.789600372314453, 11.425100326538086, 11.023200035095215, 11.678199768066406, 12.25160026550293, 11.183199882507324, 11.527899742126465, 10.36340045928955, 11.732199668884277, 11.561300277709961, 11.956299781799316, 11.7701997756958, 11.422300338745117, 11.513099670410156, 11.711000442504883, 11.717499732971191, 10.343899726867676, 11.531800270080566, 12.330300331115723, 11.305100440979004, 8.689499855041504, 11.15719985961914]]"
