item_id,start,freq,target
T390,2014-12-29,W-SUN,"[2.9502999782562256, 4.74970006942749, 4.177199840545654, 3.9532999992370605, 4.1006999015808105, 4.175099849700928, 4.182300090789795, 4.605199813842773, 4.3053998947143555, 4.307400226593018, 3.9279000759124756, 3.8403000831604004, 4.114200115203857, 3.528899908065796, 4.023499965667725, 3.7523999214172363, 3.6844000816345215, 3.9347000122070312, 4.814599990844727, 3.795300006866455, 3.8945999145507812, 3.904900074005127, 3.958699941635132, 3.719399929046631, 4.114299774169922, 3.997499942779541, 3.136899948120117, 4.396399974822998, 4.112500190734863, 4.2006001472473145, 4.505000114440918, 4.375, 3.932499885559082, 4.360300064086914, 3.973099946975708, 4.063799858093262, 5.099599838256836, 4.062699794769287, 4.787199974060059, 4.594200134277344, 4.427700042724609, 4.417600154876709, 4.394000053405762, 5.914299964904785, 4.163599967956543, 5.025100231170654, 4.118000030517578, 3.409600019454956, 3.965399980545044, 4.150700092315674, 3.599100112915039, 2.3099000453948975, 3.1789000034332275, 4.182199954986572, 4.11959981918335, 3.994999885559082, 4.05079984664917, 3.781599998474121, 4.285600185394287, 4.549200057983398, 4.412199974060059, 4.027299880981445, 3.4844000339508057, 4.090000152587891, 4.059999942779541, 3.6849000453948975, 3.5952000617980957, 3.91129994392395, 4.236599922180176, 3.5237998962402344, 3.5218000411987305, 3.917099952697754, 4.19320011138916, 3.4911999702453613, 3.683300018310547, 3.974100112915039, 4.547500133514404, 4.698400020599365, 3.0281999111175537, 4.204599857330322, 5.610300064086914, 5.228499889373779, 4.797599792480469, 4.738100051879883, 3.6289000511169434, 3.9470999240875244, 3.8845999240875244, 3.2688000202178955, 4.1975998878479, 4.238999843597412, 5.151700019836426, 4.022500038146973, 5.804699897766113, 5.002999782562256, 3.7035999298095703, 4.3302998542785645]"
