item_id,start,freq,target
T855,2015-02-08 00:00:00,W-SUN,"[4.414299964904785, 4.680500030517578, 3.9697000980377197, 4.377099990844727, 4.582900047302246, 4.369200229644775, 4.5030999183654785, 4.137400150299072, 4.378900051116943, 4.452499866485596, 4.5640997886657715, 4.450699806213379, 4.502799987792969, 4.827700138092041, 4.420100212097168, 4.549200057983398, 4.59499979019165, 4.687900066375732, 4.547100067138672, 4.642199993133545, 4.174799919128418, 4.677199840545654, 4.612299919128418, 4.582499980926514, 4.506899833679199, 4.498499870300293, 5.0447998046875, 4.840000152587891, 4.700200080871582, 4.277500152587891, 4.714600086212158, 4.2480998039245605, 4.366199970245361, 4.648799896240234, 4.294899940490723, 4.807000160217285, 4.291900157928467, 4.688799858093262, 4.779799938201904, 5.589399814605713, 4.740799903869629, 4.36299991607666, 4.866600036621094, 4.8632001876831055, 5.079100131988525, 3.706899881362915, 3.8606998920440674, 4.573800086975098, 4.263700008392334, 4.210400104522705, 4.471199989318848, 5.015399932861328, 4.558800220489502, 5.29640007019043, 4.358699798583984, 4.250400066375732, 4.209199905395508, 4.405600070953369, 4.5370001792907715, 3.419600009918213, 4.451499938964844, 4.733799934387207, 4.894899845123291, 4.4319000244140625, 4.620299816131592, 4.883500099182129, 4.8572998046875, 4.275400161743164, 4.532899856567383, 4.792099952697754, 4.378900051116943, 4.5482001304626465, 4.261499881744385, 4.6579999923706055, 4.589700222015381, 3.510200023651123, 4.1479997634887695, 4.348299980163574, 3.872499942779541, 4.1596999168396, 4.251399993896484, 3.407900094985962, 3.983599901199341, 4.349299907684326, 3.841900110244751, 3.6605000495910645, 3.868499994277954, 3.932300090789795, 3.395699977874756, 4.373199939727783]"
