item_id,start,freq,target
T451,2014-12-29,W-SUN,"[6.229300022125244, 8.301400184631348, 8.687399864196777, 8.409899711608887, 8.94279956817627, 8.829400062561035, 8.928999900817871, 8.991800308227539, 8.152899742126465, 9.196399688720703, 9.251199722290039, 9.190799713134766, 9.582500457763672, 9.560600280761719, 9.398799896240234, 9.572600364685059, 9.802599906921387, 9.511799812316895, 9.607500076293945, 9.854900360107422, 9.615300178527832, 9.494099617004395, 9.600299835205078, 9.898500442504883, 9.772100448608398, 9.825300216674805, 9.301899909973145, 10.33810043334961, 9.658699989318848, 9.733200073242188, 9.76039981842041, 9.637800216674805, 9.500800132751465, 9.665200233459473, 9.792099952697754, 9.333200454711914, 9.310799598693848, 9.688799858093262, 9.378800392150879, 9.410300254821777, 9.148099899291992, 9.108599662780762, 9.131799697875977, 8.875499725341797, 9.12969970703125, 8.67650032043457, 9.22700023651123, 8.688799858093262, 9.021900177001953, 9.167400360107422, 9.655699729919434, 8.31760025024414, 8.211099624633789, 8.854399681091309, 8.982399940490723, 8.88029956817627, 9.101900100708008, 9.245400428771973, 8.944600105285645, 9.103099822998047, 9.192099571228027, 8.481100082397461, 8.809300422668457, 8.568099975585938, 9.938400268554688, 9.515000343322754, 9.365799903869629, 9.595100402832031, 9.461099624633789, 9.59630012512207, 9.63860034942627, 9.778900146484375, 10.049699783325195, 9.81190013885498, 10.069000244140625, 9.62030029296875, 9.800700187683105, 9.846799850463867, 9.44950008392334, 9.918899536132812, 9.826700210571289, 9.92199993133545, 10.115500450134277, 10.100799560546875, 10.167400360107422, 10.190799713134766, 9.86299991607666, 9.383899688720703, 9.700599670410156, 10.048500061035156, 10.077300071716309, 8.245699882507324, 9.88479995727539, 9.603899955749512, 9.785900115966797, 9.19279956817627]"
