item_id,start,freq,target
T359,2014-12-29,W-SUN,"[4.552499771118164, 6.4293999671936035, 6.382800102233887, 6.016900062561035, 6.412499904632568, 6.311800003051758, 6.511099815368652, 6.6595001220703125, 5.951499938964844, 6.729000091552734, 6.825200080871582, 7.603600025177002, 7.177000045776367, 7.058499813079834, 6.809299945831299, 7.08650016784668, 7.149899959564209, 7.069799900054932, 7.208199977874756, 7.25, 7.257900238037109, 7.0665998458862305, 7.18209981918335, 7.35230016708374, 7.288700103759766, 7.355599880218506, 6.895500183105469, 7.246200084686279, 7.351200103759766, 7.436800003051758, 7.402500152587891, 7.365699768066406, 7.2870001792907715, 7.244900226593018, 7.214799880981445, 7.0970001220703125, 7.212299823760986, 7.212699890136719, 7.173399925231934, 7.113399982452393, 7.041600227355957, 7.157599925994873, 7.160999774932861, 6.730400085449219, 6.895699977874756, 6.904099941253662, 7.205399990081787, 7.16510009765625, 6.821400165557861, 6.658199787139893, 7.070700168609619, 6.158599853515625, 5.906799793243408, 6.443299770355225, 6.533599853515625, 6.469900131225586, 6.6697998046875, 6.780600070953369, 7.541200160980225, 6.817999839782715, 6.8155999183654785, 6.4197998046875, 6.59499979019165, 7.083000183105469, 7.529900074005127, 7.213900089263916, 7.120299816131592, 7.319699764251709, 7.281099796295166, 7.398099899291992, 7.279300212860107, 7.448800086975098, 7.367400169372559, 7.491700172424316, 7.520100116729736, 7.605400085449219, 7.460400104522705, 7.513899803161621, 7.310100078582764, 7.474100112915039, 7.573400020599365, 7.575200080871582, 7.744800090789795, 7.640399932861328, 7.578800201416016, 7.571800231933594, 7.1057000160217285, 6.112500190734863, 6.674699783325195, 7.5019001960754395, 7.46999979019165, 5.980400085449219, 7.410900115966797, 6.784800052642822, 6.563899993896484, 6.357399940490723]"
