item_id,start,freq,target
T152,2014-12-29,W-SUN,"[7.110000133514404, 7.849899768829346, 7.327600002288818, 8.032500267028809, 10.416600227355957, 10.523200035095215, 8.72089958190918, 9.992199897766113, 9.085700035095215, 10.120200157165527, 10.118900299072266, 10.415300369262695, 9.872099876403809, 9.915300369262695, 10.074999809265137, 10.92549991607666, 10.592000007629395, 10.945500373840332, 10.891200065612793, 10.279600143432617, 10.05519962310791, 11.163900375366211, 10.604399681091309, 10.32859992980957, 10.562100410461426, 10.395099639892578, 9.843199729919434, 10.006199836730957, 10.43850040435791, 9.698200225830078, 10.137100219726562, 10.09119987487793, 10.220800399780273, 10.915599822998047, 10.690799713134766, 10.653800010681152, 11.49269962310791, 11.15250015258789, 11.175999641418457, 10.899100303649902, 11.011699676513672, 11.513699531555176, 10.737700462341309, 11.409000396728516, 10.322999954223633, 10.745699882507324, 10.833200454711914, 9.4975004196167, 10.376500129699707, 10.353099822998047, 10.191499710083008, 8.751999855041504, 9.195199966430664, 9.904600143432617, 10.15530014038086, 10.218700408935547, 10.246199607849121, 10.31470012664795, 10.161100387573242, 10.226400375366211, 10.378100395202637, 10.585399627685547, 10.390199661254883, 9.591899871826172, 10.56470012664795, 10.487299919128418, 10.842000007629395, 9.974200248718262, 9.970800399780273, 9.682700157165527, 9.876999855041504, 10.263799667358398, 10.111200332641602, 9.25529956817627, 10.003600120544434, 9.923600196838379, 10.181599617004395, 9.749699592590332, 9.349599838256836, 8.076299667358398, 9.673100471496582, 9.968700408935547, 9.533100128173828, 10.194000244140625, 11.05210018157959, 11.892900466918945, 12.423399925231934, 11.920100212097168, 12.759499549865723, 11.610600471496582, 11.557700157165527, 10.664999961853027, 11.137299537658691, 11.301400184631348, 10.806099891662598, 10.976499557495117]"
