item_id,start,freq,target
T795,2015-01-11 00:00:00,W-SUN,"[[9.186699867248535, 8.913800239562988, 8.92020034790039, 8.656100273132324, 8.776100158691406, 9.208499908447266, 8.272600173950195, 8.841699600219727, 9.217100143432617, 9.131400108337402, 9.672599792480469, 9.001299858093262, 9.221799850463867, 9.383299827575684, 8.605799674987793, 9.486900329589844, 9.023500442504883, 9.847700119018555, 8.44890022277832, 9.121000289916992, 9.149700164794922, 9.5649995803833, 9.605799674987793, 9.402299880981445, 8.246700286865234, 8.945300102233887, 9.124099731445312, 8.541899681091309, 9.194100379943848, 9.464699745178223, 9.414299964904785, 9.758700370788574, 8.764699935913086, 8.270899772644043, 9.31309986114502, 10.102499961853027, 6.929699897766113, 7.700500011444092, 7.700500011444092, 7.700500011444092, 7.700500011444092, 8.510299682617188, 9.352299690246582, 9.788399696350098, 10.16349983215332, 8.227999687194824, 9.150899887084961, 9.773099899291992, 10.092100143432617, 7.708000183105469, 7.297900199890137, 8.978099822998047, 8.309200286865234, 9.024200439453125, 8.565699577331543, 9.323399543762207, 8.943300247192383, 9.816300392150879, 7.827300071716309, 7.700500011444092, 7.702400207519531, 7.700500011444092, 7.700500011444092, 7.700500011444092, 7.700500011444092, 7.903500080108643, 9.32289981842041, 7.827499866485596, 7.888199806213379, 8.251999855041504, 8.351300239562988, 8.0447998046875, 9.501099586486816, 9.11139965057373, 8.056500434875488, 7.525400161743164, 6.292200088500977, 8.312199592590332, 8.089400291442871, 6.794300079345703, 7.2947998046875, 6.98330020904541, 8.17300033569336, 8.160300254821777, 8.801400184631348, 6.710999965667725, 7.430600166320801, 8.029399871826172, 7.983699798583984, 7.097300052642822]]"
