item_id,start,freq,target
T403,2014-12-29,W-SUN,"[8.341899871826172, 11.928600311279297, 7.627799987792969, 10.953800201416016, 12.903400421142578, 11.571000099182129, 10.928099632263184, 13.712699890136719, 11.105600357055664, 12.860600471496582, 12.080499649047852, 12.923500061035156, 10.445099830627441, 9.87909984588623, 12.116100311279297, 13.025799751281738, 12.148900032043457, 11.64780044555664, 11.620100021362305, 12.92609977722168, 11.097299575805664, 13.991700172424316, 13.012499809265137, 12.346699714660645, 11.110400199890137, 11.939800262451172, 10.411399841308594, 12.110400199890137, 12.739999771118164, 11.807100296020508, 11.246800422668457, 11.97719955444336, 11.987899780273438, 14.550399780273438, 14.915399551391602, 11.950900077819824, 14.798800468444824, 13.931900024414062, 14.523500442504883, 13.836899757385254, 13.146599769592285, 13.357099533081055, 13.827799797058105, 10.9443998336792, 11.57129955291748, 12.260100364685059, 11.93239974975586, 9.069600105285645, 7.391200065612793, 13.100000381469727, 10.959199905395508, 5.301199913024902, 6.942299842834473, 10.908599853515625, 9.717599868774414, 13.23799991607666, 10.999099731445312, 11.144200325012207, 11.335100173950195, 11.481599807739258, 11.164199829101562, 10.385499954223633, 12.223299980163574, 11.123000144958496, 11.228099822998047, 11.086299896240234, 11.653499603271484, 12.34160041809082, 12.018199920654297, 13.482799530029297, 12.274100303649902, 14.108099937438965, 13.452699661254883, 10.870599746704102, 13.945699691772461, 14.821900367736816, 12.889399528503418, 12.622400283813477, 9.480299949645996, 12.002900123596191, 12.19379997253418, 13.695500373840332, 12.649999618530273, 12.291000366210938, 12.666999816894531, 13.715999603271484, 13.187999725341797, 10.762200355529785, 13.10319995880127, 14.493000030517578, 14.337400436401367, 13.9266996383667, 12.652600288391113, 11.670999526977539, 12.333600044250488, 10.642499923706055]"
