item_id,start,freq,target
T657,2015-01-11 00:00:00,W-SUN,"[[6.034999847412109, 5.686100006103516, 5.561100006103516, 4.6066999435424805, 4.615900039672852, 4.8302001953125, 4.188300132751465, 4.821499824523926, 4.696899890899658, 4.937900066375732, 4.920499801635742, 4.71150016784668, 4.7789998054504395, 4.8144001960754395, 4.7596001625061035, 4.918000221252441, 4.7342000007629395, 4.748899936676025, 4.572999954223633, 4.85860013961792, 4.908699989318848, 4.9720001220703125, 5.080399990081787, 5.185299873352051, 4.661399841308594, 4.973400115966797, 12.273900032043457, 5.250100135803223, 5.194200038909912, 4.97790002822876, 5.234899997711182, 4.993599891662598, 4.769599914550781, 4.795499801635742, 4.937300205230713, 5.045000076293945, 4.815299987792969, 4.894700050354004, 4.813300132751465, 4.956500053405762, 4.876800060272217, 4.764100074768066, 4.935400009155273, 4.694499969482422, 5.0746002197265625, 4.404600143432617, 4.703199863433838, 4.770699977874756, 4.8379998207092285, 4.160999774932861, 4.007500171661377, 4.513000011444092, 4.78439998626709, 4.69320011138916, 4.097799777984619, 4.581500053405762, 4.585899829864502, 4.758299827575684, 4.384300231933594, 3.469599962234497, 4.031300067901611, 3.989300012588501, 4.813600063323975, 4.679800033569336, 4.728700160980225, 4.856400012969971, 4.837399959564209, 4.848599910736084, 4.9222002029418945, 5.0904998779296875, 5.188199996948242, 4.850100040435791, 5.769599914550781, 5.210299968719482, 5.251999855041504, 5.14769983291626, 4.657100200653076, 5.0578999519348145, 5.096499919891357, 4.736599922180176, 5.0320000648498535, 5.39139986038208, 5.077600002288818, 4.99370002746582, 6.329599857330322, 4.706699848175049, 4.990300178527832, 5.186500072479248, 4.956699848175049, 4.9822998046875]]"
