item_id,start,freq,target
T671,2014-12-29,W-SUN,"[3.750999927520752, 4.395199775695801, 4.383299827575684, 4.4156999588012695, 4.68120002746582, 4.701399803161621, 4.599999904632568, 4.680699825286865, 4.329800128936768, 4.388700008392334, 5.072700023651123, 5.203999996185303, 4.960400104522705, 4.869999885559082, 5.150899887084961, 5.26639986038208, 6.167900085449219, 5.113500118255615, 5.151899814605713, 5.183499813079834, 4.548399925231934, 5.200500011444092, 5.129899978637695, 4.976900100708008, 5.158899784088135, 6.843299865722656, 6.516900062561035, 6.866300106048584, 7.0553998947143555, 8.975099563598633, 5.561999797821045, 5.832200050354004, 4.789599895477295, 4.76609992980957, 5.83489990234375, 5.529699802398682, 5.938600063323975, 6.063199996948242, 5.750500202178955, 6.003499984741211, 5.874300003051758, 5.999300003051758, 5.968500137329102, 5.996399879455566, 5.851600170135498, 6.176400184631348, 5.163899898529053, 5.3256001472473145, 4.895500183105469, 5.610199928283691, 5.143099784851074, 3.67330002784729, 4.43310022354126, 5.104100227355957, 5.67140007019043, 5.09689998626709, 4.893599987030029, 5.317200183868408, 5.213900089263916, 5.148600101470947, 5.083199977874756, 4.786200046539307, 5.2179999351501465, 4.921599864959717, 4.755499839782715, 5.021500110626221, 6.142899990081787, 5.1656999588012695, 5.065400123596191, 5.105899810791016, 5.076900005340576, 5.3246002197265625, 5.440400123596191, 4.691500186920166, 5.1828999519348145, 4.36329984664917, 6.161300182342529, 6.085400104522705, 5.489999771118164, 5.03000020980835, 5.049300193786621, 4.925000190734863, 4.948200225830078, 4.96589994430542, 5.173399925231934, 6.275899887084961, 6.17140007019043, 5.763400077819824, 5.120500087738037, 6.311999797821045, 6.200900077819824, 6.204699993133545, 6.460899829864502, 6.286399841308594, 5.964200019836426, 6.173600196838379]"
