item_id,start,freq,target
T583,2014-12-29,W-SUN,"[7.691100120544434, 9.367199897766113, 11.258099555969238, 11.290800094604492, 11.287099838256836, 12.528599739074707, 10.79800033569336, 11.21780014038086, 9.967499732971191, 10.996399879455566, 11.235199928283691, 11.547900199890137, 11.31470012664795, 11.22350025177002, 12.0625, 11.96660041809082, 10.927599906921387, 11.692500114440918, 11.316100120544434, 11.943599700927734, 11.364999771118164, 11.652000427246094, 11.581000328063965, 11.981800079345703, 11.389900207519531, 9.1850004196167, 8.999799728393555, 10.073399543762207, 10.11769962310791, 9.33240032196045, 9.597900390625, 9.268600463867188, 8.923800468444824, 8.86870002746582, 8.609999656677246, 8.698599815368652, 8.714099884033203, 9.032299995422363, 8.781700134277344, 9.532299995422363, 9.293299674987793, 10.823800086975098, 11.673399925231934, 10.8725004196167, 11.095499992370605, 8.877699851989746, 12.094499588012695, 10.30739974975586, 9.56760025024414, 11.320300102233887, 11.883199691772461, 9.859600067138672, 8.07349967956543, 8.938300132751465, 9.91510009765625, 9.492600440979004, 9.631400108337402, 9.6225004196167, 9.648900032043457, 11.135000228881836, 8.089699745178223, 7.337399959564209, 7.396399974822998, 7.7555999755859375, 8.065400123596191, 7.905700206756592, 9.291099548339844, 9.621399879455566, 9.401100158691406, 9.650099754333496, 9.363200187683105, 9.593400001525879, 9.69320011138916, 9.74429988861084, 7.709400177001953, 7.1579999923706055, 8.75570011138916, 9.00220012664795, 10.144100189208984, 10.609199523925781, 11.064599990844727, 10.893899917602539, 10.801600456237793, 11.101900100708008, 11.004199981689453, 10.793800354003906, 11.002099990844727, 9.810799598693848, 10.947600364685059, 10.834099769592285, 10.623000144958496, 8.218099594116211, 11.11340045928955, 10.330400466918945, 10.758299827575684, 9.806900024414062]"
