item_id,start,freq,target
T428,2015-02-08 00:00:00,W-SUN,"[13.859999656677246, 14.92590045928955, 13.195300102233887, 14.375800132751465, 14.165800094604492, 14.460800170898438, 14.021100044250488, 14.16919994354248, 13.791000366210938, 11.624799728393555, 15.02910041809082, 14.604599952697754, 14.421600341796875, 13.750699996948242, 13.14229965209961, 14.119600296020508, 11.615699768066406, 15.919500350952148, 15.212499618530273, 14.210100173950195, 12.082599639892578, 13.710800170898438, 14.368000030517578, 14.111599922180176, 15.65880012512207, 14.402899742126465, 14.179900169372559, 15.23069953918457, 14.83080005645752, 14.073699951171875, 15.009300231933594, 15.458399772644043, 15.14109992980957, 14.82349967956543, 14.755399703979492, 15.610699653625488, 15.334400177001953, 14.464400291442871, 14.064800262451172, 15.274499893188477, 14.767800331115723, 11.173100471496582, 14.486800193786621, 15.492600440979004, 15.237500190734863, 11.058500289916992, 10.279800415039062, 13.055100440979004, 13.781700134277344, 13.760000228881836, 14.746199607849121, 15.498200416564941, 14.41819953918457, 15.18529987335205, 14.839599609375, 14.370499610900879, 14.790599822998047, 14.28849983215332, 14.51140022277832, 14.576299667358398, 14.455100059509277, 15.365900039672852, 15.1673002243042, 14.64210033416748, 15.381600379943848, 15.49209976196289, 15.952199935913086, 14.840399742126465, 15.73330020904541, 16.23349952697754, 15.319700241088867, 14.757699966430664, 13.071599960327148, 14.973999977111816, 15.05720043182373, 15.501399993896484, 15.849499702453613, 15.427800178527832, 15.336600303649902, 16.212600708007812, 15.694000244140625, 13.375900268554688, 15.788200378417969, 16.032800674438477, 15.571499824523926, 15.688199996948242, 16.372800827026367, 15.709099769592285, 15.229100227355957, 15.165399551391602]"
