item_id,start,freq,target
T629,2014-12-29,W-SUN,"[10.390600204467773, 13.438699722290039, 8.941900253295898, 10.255900382995605, 10.542499542236328, 10.586999893188477, 12.224699974060059, 15.976699829101562, 14.317399978637695, 15.829299926757812, 15.989100456237793, 15.7322998046875, 15.86929988861084, 15.022100448608398, 15.580400466918945, 15.37600040435791, 15.144100189208984, 15.403499603271484, 16.617399215698242, 15.64680004119873, 15.407600402832031, 15.549400329589844, 16.014400482177734, 16.53190040588379, 15.548299789428711, 15.54069995880127, 13.246899604797363, 14.970600128173828, 15.698599815368652, 15.34280014038086, 16.04159927368164, 15.413599967956543, 15.364999771118164, 16.45479965209961, 15.92609977722168, 14.652400016784668, 15.758999824523926, 16.141700744628906, 15.861800193786621, 16.262100219726562, 16.012300491333008, 16.853200912475586, 16.413400650024414, 15.543299674987793, 15.49590015411377, 16.240999221801758, 16.50550079345703, 12.974200248718262, 16.129100799560547, 16.9689998626709, 16.09819984436035, 11.75730037689209, 11.11970043182373, 14.160400390625, 14.615099906921387, 15.671899795532227, 15.527099609375, 16.38450050354004, 13.554300308227539, 16.266300201416016, 16.20319938659668, 15.294300079345703, 15.948100090026855, 15.746299743652344, 15.696599960327148, 16.65049934387207, 15.802300453186035, 18.67650032043457, 15.973999977111816, 16.36440086364746, 16.551799774169922, 17.294099807739258, 16.517900466918945, 16.77669906616211, 17.10930061340332, 17.702699661254883, 16.85569953918457, 16.365800857543945, 14.410300254821777, 15.92300033569336, 16.372400283813477, 17.03529930114746, 17.408199310302734, 16.381500244140625, 16.606199264526367, 17.509899139404297, 16.939699172973633, 14.709099769592285, 16.621200561523438, 17.21980094909668, 16.425899505615234, 17.00670051574707, 17.50279998779297, 16.27669906616211, 16.934200286865234, 15.779500007629395]"
