item_id,start,freq,target
T317,2014-12-29,W-SUN,"[12.26360034942627, 14.320199966430664, 14.067000389099121, 14.043999671936035, 14.552000045776367, 14.414600372314453, 14.742300033569336, 15.072699546813965, 14.169400215148926, 15.44219970703125, 14.696900367736816, 15.653499603271484, 16.155799865722656, 15.083600044250488, 15.518600463867188, 15.399399757385254, 13.384599685668945, 15.105500221252441, 15.670900344848633, 16.265300750732422, 13.71500015258789, 15.442299842834473, 16.5137996673584, 14.839799880981445, 16.03619956970215, 15.769499778747559, 13.853099822998047, 17.605899810791016, 17.189699172973633, 16.594600677490234, 16.449100494384766, 16.14189910888672, 16.152000427246094, 16.798200607299805, 14.836000442504883, 14.284700393676758, 16.92140007019043, 18.14620018005371, 16.656400680541992, 16.701099395751953, 16.73430061340332, 17.0132999420166, 16.23270034790039, 17.65530014038086, 16.164100646972656, 17.604799270629883, 16.912399291992188, 13.62559986114502, 15.784600257873535, 17.225799560546875, 17.497600555419922, 11.456500053405762, 11.929499626159668, 14.720499992370605, 14.610600471496582, 14.575200080871582, 14.623800277709961, 17.171600341796875, 16.483600616455078, 16.798799514770508, 15.737799644470215, 15.599800109863281, 15.548299789428711, 15.746700286865234, 16.1343994140625, 16.132600784301758, 16.537599563598633, 19.89859962463379, 17.357200622558594, 16.693899154663086, 18.853200912475586, 17.593700408935547, 18.410600662231445, 16.675100326538086, 17.962900161743164, 17.71139907836914, 18.21820068359375, 17.996400833129883, 15.277000427246094, 17.683900833129883, 18.749399185180664, 16.79199981689453, 19.025800704956055, 18.08679962158203, 17.3080997467041, 19.32699966430664, 19.524499893188477, 16.195999145507812, 19.100299835205078, 19.997800827026367, 19.361600875854492, 19.341400146484375, 19.128000259399414, 17.8528995513916, 17.942899703979492, 18.08370018005371]"
