item_id,start,freq,target
T715,2014-12-29,W-SUN,"[2.4326999187469482, 2.979599952697754, 2.285799980163574, 3.0097999572753906, 3.2286999225616455, 3.0906999111175537, 3.158600091934204, 3.204400062561035, 2.9100000858306885, 3.395400047302246, 3.424099922180176, 3.530100107192993, 3.5316998958587646, 3.3884999752044678, 3.598400115966797, 3.5467000007629395, 3.5308001041412354, 3.5132999420166016, 3.539900064468384, 3.5271999835968018, 3.509700059890747, 3.680999994277954, 3.654400110244751, 3.636199951171875, 3.724100112915039, 3.7047998905181885, 3.5606000423431396, 3.7780001163482666, 3.859600067138672, 3.846299886703491, 4.347899913787842, 3.8440001010894775, 3.8766000270843506, 3.788100004196167, 3.776599884033203, 3.75, 3.7669999599456787, 3.7751998901367188, 3.7558999061584473, 4.007699966430664, 4.436399936676025, 8.193599700927734, 8.126299858093262, 7.6819000244140625, 7.451399803161621, 7.441800117492676, 7.723100185394287, 7.2729997634887695, 5.556000232696533, 6.836699962615967, 6.315899848937988, 6.2600998878479, 6.18179988861084, 6.9984002113342285, 4.60290002822876, 3.3066999912261963, 3.2871999740600586, 3.4256999492645264, 3.3682000637054443, 3.3415000438690186, 3.3757998943328857, 3.0234999656677246, 3.265399932861328, 3.1807000637054443, 3.6370999813079834, 3.535900115966797, 3.472100019454956, 3.643899917602539, 3.556999921798706, 3.6257998943328857, 3.6312999725341797, 3.7172999382019043, 3.6844000816345215, 3.748800039291382, 3.758500099182129, 3.7727999687194824, 3.8001999855041504, 3.7813000679016113, 3.6463000774383545, 3.987499952316284, 3.7629001140594482, 3.817500114440918, 3.8842999935150146, 3.772200107574463, 3.8153998851776123, 3.7544000148773193, 3.7188000679016113, 3.7528998851776123, 3.6473000049591064, 3.75600004196167, 3.768399953842163, 3.5629000663757324, 3.67930006980896, 3.3889999389648438, 3.4126999378204346, 3.276599884033203]"
