item_id,start,freq,target
T376,2014-12-29,W-SUN,"[7.4375, 9.510499954223633, 9.592900276184082, 9.060600280761719, 8.277600288391113, 9.132399559020996, 9.621399879455566, 9.240099906921387, 8.672699928283691, 8.928899765014648, 9.517499923706055, 9.344599723815918, 10.589500427246094, 9.779899597167969, 9.577799797058105, 8.95989990234375, 9.203100204467773, 9.517800331115723, 9.20680046081543, 10.589599609375, 8.625699996948242, 9.446100234985352, 9.506400108337402, 10.371600151062012, 10.418399810791016, 9.95199966430664, 7.998199939727783, 8.677900314331055, 9.138799667358398, 8.941800117492676, 9.466099739074707, 10.20989990234375, 9.567899703979492, 9.724699974060059, 9.226099967956543, 8.67080020904541, 8.839500427246094, 9.882699966430664, 9.999500274658203, 10.425200462341309, 10.060400009155273, 10.396300315856934, 10.177300453186035, 10.40839958190918, 9.747699737548828, 10.353799819946289, 11.471199989318848, 8.298500061035156, 10.51039981842041, 10.249199867248535, 10.774900436401367, 8.494799613952637, 7.184800148010254, 9.626399993896484, 9.09630012512207, 9.94729995727539, 8.903900146484375, 9.639399528503418, 9.553500175476074, 8.655599594116211, 9.55370044708252, 9.68970012664795, 9.312700271606445, 8.69729995727539, 7.700500011444092, 7.700500011444092, 8.666299819946289, 10.020500183105469, 10.67609977722168, 9.599200248718262, 10.273200035095215, 9.592100143432617, 10.183899879455566, 9.769700050354004, 9.857199668884277, 10.390800476074219, 10.956600189208984, 9.612299919128418, 8.852100372314453, 9.263699531555176, 10.048299789428711, 9.494999885559082, 8.861000061035156, 8.053799629211426, 7.700500011444092, 8.92020034790039, 10.575900077819824, 9.33080005645752, 11.133500099182129, 11.068499565124512, 10.462699890136719, 11.751700401306152, 10.542900085449219, 10.680500030517578, 10.986800193786621, 9.918600082397461]"
