item_id,start,freq,target
T819,2014-12-29,W-SUN,"[8.000399589538574, 9.406599998474121, 8.878199577331543, 8.499899864196777, 9.245400428771973, 9.382699966430664, 8.342300415039062, 8.967000007629395, 7.992800235748291, 9.534099578857422, 9.576899528503418, 9.253600120544434, 9.323200225830078, 9.286800384521484, 9.262399673461914, 9.018699645996094, 8.515399932861328, 9.336700439453125, 9.368800163269043, 9.286600112915039, 8.750399589538574, 9.308600425720215, 9.343299865722656, 9.121700286865234, 9.436599731445312, 9.40820026397705, 8.54990005493164, 9.303199768066406, 9.295000076293945, 9.114700317382812, 9.150799751281738, 9.163100242614746, 9.02299976348877, 9.788700103759766, 9.425700187683105, 9.000499725341797, 9.678199768066406, 10.16469955444336, 8.850099563598633, 10.148300170898438, 9.302399635314941, 10.331600189208984, 10.059399604797363, 10.181900024414062, 10.151700019836426, 10.42710018157959, 9.886199951171875, 8.955300331115723, 8.663299560546875, 10.162699699401855, 9.698800086975098, 8.078700065612793, 8.253199577331543, 9.53219985961914, 9.28339958190918, 9.339900016784668, 9.19379997253418, 9.817899703979492, 8.761300086975098, 9.940600395202637, 9.522100448608398, 9.54069995880127, 9.234100341796875, 9.770400047302246, 9.173999786376953, 9.343000411987305, 9.364999771118164, 9.541899681091309, 9.594900131225586, 9.61520004272461, 9.711999893188477, 9.827799797058105, 9.718999862670898, 9.666099548339844, 9.506699562072754, 9.412599563598633, 9.465900421142578, 9.379799842834473, 8.72070026397705, 9.332300186157227, 9.535799980163574, 8.927900314331055, 9.189499855041504, 9.171099662780762, 9.318499565124512, 9.63070011138916, 9.865500450134277, 8.356200218200684, 7.491000175476074, 7.9629998207092285, 9.198100090026855, 8.859299659729004, 8.452699661254883, 7.911900043487549, 8.069999694824219, 7.553699970245361]"
