item_id,start,freq,target
T17,2014-12-29,W-SUN,"[4.902299880981445, 5.711699962615967, 4.445899963378906, 5.786499977111816, 5.926799774169922, 5.841599941253662, 6.03879976272583, 6.171899795532227, 5.5559000968933105, 6.530700206756592, 6.479400157928467, 6.617000102996826, 6.593299865722656, 6.5671000480651855, 6.774700164794922, 7.960599899291992, 7.934000015258789, 8.187999725341797, 8.97700023651123, 8.983200073242188, 9.073599815368652, 9.027700424194336, 9.289199829101562, 4.00029993057251, 3.889899969100952, 3.889899969100952, 3.889899969100952, 3.889899969100952, 3.889899969100952, 3.919800043106079, 9.569000244140625, 8.835100173950195, 9.309399604797363, 9.195500373840332, 8.775500297546387, 8.240400314331055, 8.137700080871582, 8.350299835205078, 8.112799644470215, 8.284199714660645, 8.166199684143066, 8.07859992980957, 8.357399940490723, 8.029500007629395, 7.1315999031066895, 7.833399772644043, 8.017900466918945, 7.116000175476074, 3.4233999252319336, 3.889899969100952, 3.889899969100952, 7.785399913787842, 6.997499942779541, 7.156799793243408, 6.673099994659424, 7.421999931335449, 7.555099964141846, 7.6834001541137695, 7.725500106811523, 7.736000061035156, 7.849899768829346, 7.3979997634887695, 7.790999889373779, 7.200799942016602, 8.200400352478027, 8.086000442504883, 8.027199745178223, 8.130999565124512, 8.01140022277832, 8.047200202941895, 8.173700332641602, 8.264100074768066, 8.398799896240234, 8.684900283813477, 6.627699851989746, 7.773399829864502, 7.73330020904541, 7.764699935913086, 7.755199909210205, 8.592700004577637, 8.720399856567383, 8.63599967956543, 9.221500396728516, 8.93809986114502, 8.722900390625, 8.639399528503418, 8.291000366210938, 8.43809986114502, 8.116900444030762, 8.501799583435059, 8.39799976348877, 8.144599914550781, 8.400899887084961, 7.974400043487549, 6.767399787902832, 6.972300052642822]"
