item_id,start,freq,target
T783,2014-12-29,W-SUN,"[8.456700325012207, 9.992899894714355, 10.269000053405762, 9.707599639892578, 10.174799919128418, 10.381400108337402, 10.001399993896484, 10.6427001953125, 9.329099655151367, 10.100899696350098, 10.40880012512207, 10.29069995880127, 10.027400016784668, 9.499199867248535, 9.792400360107422, 9.92770004272461, 10.096500396728516, 10.462699890136719, 11.482600212097168, 10.383500099182129, 9.49020004272461, 10.460000038146973, 10.644700050354004, 10.336899757385254, 10.467300415039062, 10.460100173950195, 9.425700187683105, 10.420299530029297, 10.46150016784668, 10.221400260925293, 10.216400146484375, 10.041899681091309, 10.073699951171875, 10.169300079345703, 9.260600090026855, 9.571100234985352, 10.848899841308594, 10.183500289916992, 10.138299942016602, 10.170999526977539, 10.36970043182373, 10.213600158691406, 10.43970012664795, 10.109299659729004, 10.46720027923584, 10.403599739074707, 10.1274995803833, 8.919500350952148, 10.08549976348877, 10.78219985961914, 10.345399856567383, 7.689700126647949, 8.240900039672852, 9.713399887084961, 9.397899627685547, 9.57960033416748, 8.839099884033203, 9.464400291442871, 9.65820026397705, 10.560799598693848, 10.60319995880127, 9.833900451660156, 10.004899978637695, 9.973299980163574, 9.945699691772461, 9.893799781799316, 9.95989990234375, 10.13599967956543, 10.24779987335205, 9.93340015411377, 10.214799880981445, 10.165399551391602, 11.212200164794922, 9.648900032043457, 10.818400382995605, 10.2431001663208, 10.038599967956543, 10.577099800109863, 9.066900253295898, 10.520899772644043, 10.847999572753906, 9.509400367736816, 9.959400177001953, 10.0649995803833, 10.141400337219238, 10.30739974975586, 10.450900077819824, 9.279899597167969, 10.118800163269043, 10.818099975585938, 10.062600135803223, 9.99020004272461, 10.236900329589844, 10.003899574279785, 10.400799751281738, 10.156000137329102]"
