item_id,start,freq,target
T397,2015-01-18 00:00:00,W-SUN,"[7.321300029754639, 7.390600204467773, 7.23960018157959, 7.527200222015381, 7.461299896240234, 6.721099853515625, 7.5096001625061035, 7.628699779510498, 7.754199981689453, 6.553699970245361, 7.548600196838379, 7.5218000411987305, 7.159200191497803, 7.648099899291992, 7.859499931335449, 7.658699989318848, 7.776899814605713, 7.632999897003174, 8.190999984741211, 7.916999816894531, 8.150300025939941, 8.381500244140625, 8.229000091552734, 8.486499786376953, 8.219300270080566, 8.466899871826172, 8.425399780273438, 8.645700454711914, 8.368499755859375, 8.366100311279297, 7.429699897766113, 9.295900344848633, 9.206899642944336, 10.057700157165527, 9.139699935913086, 7.036200046539307, 9.072400093078613, 7.805699825286865, 7.808000087738037, 5.73330020904541, 5.725399971008301, 5.73330020904541, 6.053699970245361, 8.1850004196167, 7.89739990234375, 8.274999618530273, 8.100899696350098, 8.69480037689209, 8.579899787902832, 7.596700191497803, 7.984799861907959, 9.179699897766113, 7.857399940490723, 7.3414998054504395, 8.192000389099121, 8.404999732971191, 8.468999862670898, 7.972799777984619, 7.462600231170654, 7.347799777984619, 7.803400039672852, 8.663700103759766, 8.104399681091309, 8.067999839782715, 8.151900291442871, 8.103799819946289, 7.928400039672852, 7.922399997711182, 7.963200092315674, 8.165900230407715, 9.209799766540527, 8.543800354003906, 8.787599563598633, 8.338500022888184, 8.641900062561035, 8.940299987792969, 8.194499969482422, 8.72249984741211, 8.192899703979492, 9.605299949645996, 9.161399841308594, 8.575400352478027, 8.44729995727539, 8.780400276184082, 8.727999687194824, 8.32450008392334, 9.956500053405762, 8.526800155639648, 8.779800415039062, 8.65369987487793]"
