item_id,start,freq,target
T320,2014-12-29,W-SUN,"[5.401299953460693, 9.062800407409668, 8.673100471496582, 8.076299667358398, 9.689800262451172, 9.279999732971191, 8.853099822998047, 9.35200023651123, 9.090299606323242, 9.281599998474121, 9.1850004196167, 9.162199974060059, 9.313799858093262, 8.709799766540527, 8.628600120544434, 9.456000328063965, 8.911399841308594, 10.48289966583252, 10.003499984741211, 10.037500381469727, 9.80780029296875, 10.634499549865723, 11.56980037689209, 11.975600242614746, 11.738499641418457, 11.393400192260742, 9.501799583435059, 11.579500198364258, 11.829000473022461, 10.202400207519531, 10.935600280761719, 11.062100410461426, 10.560799598693848, 8.974800109863281, 9.002099990844727, 7.921599864959717, 8.869500160217285, 9.915499687194824, 8.986300468444824, 8.416999816894531, 7.827899932861328, 8.794699668884277, 8.937199592590332, 10.373800277709961, 11.448699951171875, 11.71310043334961, 10.526300430297852, 8.104499816894531, 9.678999900817871, 11.150500297546387, 8.87090015411377, 6.017000198364258, 7.301300048828125, 10.036700248718262, 9.190699577331543, 10.29319953918457, 9.968099594116211, 10.17870044708252, 9.302300453186035, 10.415300369262695, 9.956000328063965, 8.362899780273438, 8.845499992370605, 9.377099990844727, 9.04520034790039, 9.153200149536133, 9.359100341796875, 9.601799964904785, 9.896499633789062, 9.861499786376953, 10.140800476074219, 9.896699905395508, 10.159799575805664, 8.598899841308594, 9.934000015258789, 10.023500442504883, 10.008399963378906, 10.592499732971191, 8.402199745178223, 10.515600204467773, 11.038700103759766, 10.588700294494629, 10.725799560546875, 9.952199935913086, 10.038700103759766, 10.652799606323242, 11.102700233459473, 9.160499572753906, 10.935799598693848, 11.046299934387207, 11.482099533081055, 9.500800132751465, 10.939200401306152, 11.066699981689453, 10.993900299072266, 10.144499778747559]"
