item_id,start,freq,target
T441,2015-01-11 00:00:00,W-SUN,"[7.738800048828125, 7.644499778747559, 7.723499774932861, 7.42609977722168, 7.703499794006348, 7.76609992980957, 6.9654998779296875, 7.928199768066406, 7.9704999923706055, 8.378499984741211, 8.205400466918945, 8.074000358581543, 7.9492998123168945, 8.02180004119873, 7.952300071716309, 8.06980037689209, 8.07040023803711, 8.083999633789062, 7.767399787902832, 8.14900016784668, 8.087200164794922, 8.19950008392334, 8.364999771118164, 8.531499862670898, 7.771500110626221, 8.033900260925293, 8.262900352478027, 8.277099609375, 8.309300422668457, 8.170000076293945, 8.178600311279297, 8.257599830627441, 7.902100086212158, 7.837399959564209, 8.1496000289917, 8.229999542236328, 6.505899906158447, 7.749499797821045, 7.618800163269043, 7.744800090789795, 7.634200096130371, 7.467899799346924, 7.478300094604492, 7.580399990081787, 7.708399772644043, 6.839000225067139, 7.543900012969971, 7.615099906921387, 7.777699947357178, 6.5868000984191895, 6.386000156402588, 7.161200046539307, 7.378499984741211, 7.303299903869629, 7.347899913787842, 7.295199871063232, 8.089099884033203, 7.509799957275391, 7.532100200653076, 7.174099922180176, 7.560400009155273, 8.035099983215332, 8.349200248718262, 8.22760009765625, 7.928199768066406, 8.120699882507324, 8.235099792480469, 8.185700416564941, 8.243300437927246, 8.342100143432617, 8.47659969329834, 8.002300262451172, 8.348999977111816, 8.44890022277832, 7.16510009765625, 7.997799873352051, 7.491000175476074, 7.82480001449585, 7.8308000564575195, 7.788400173187256, 7.805799961090088, 8.099200248718262, 8.889300346374512, 8.93970012664795, 8.847200393676758, 7.85290002822876, 8.751899719238281, 8.918600082397461, 9.09469985961914, 8.31719970703125]"
