item_id,start,freq,target
T689,2014-12-29,W-SUN,"[10.6318998336792, 12.002699851989746, 11.536499977111816, 11.61240005493164, 11.771900177001953, 16.648700714111328, 11.968400001525879, 12.668899536132812, 11.586199760437012, 12.067299842834473, 12.161399841308594, 11.71090030670166, 11.731499671936035, 10.105400085449219, 11.542799949645996, 12.253899574279785, 11.136199951171875, 12.4576997756958, 11.690799713134766, 11.946100234985352, 8.827500343322754, 11.962400436401367, 14.491000175476074, 11.625, 14.13659954071045, 9.001999855041504, 10.402099609375, 13.774999618530273, 13.874099731445312, 11.480899810791016, 10.050100326538086, 12.08810043334961, 12.15719985961914, 13.903400421142578, 12.07409954071045, 11.713600158691406, 15.560700416564941, 15.141900062561035, 13.059100151062012, 13.559599876403809, 13.02810001373291, 14.236300468444824, 14.422699928283691, 14.697799682617188, 13.327799797058105, 14.122200012207031, 11.805899620056152, 10.684200286865234, 10.70479965209961, 13.52810001373291, 11.543999671936035, 7.6153998374938965, 9.20829963684082, 13.298500061035156, 11.36870002746582, 12.898900032043457, 11.423600196838379, 12.642399787902832, 9.395500183105469, 11.496999740600586, 11.611599922180176, 12.70300006866455, 11.991700172424316, 13.490699768066406, 12.325599670410156, 12.297499656677246, 12.40880012512207, 14.305999755859375, 13.739500045776367, 12.32509994506836, 10.924099922180176, 13.378700256347656, 10.523099899291992, 10.106200218200684, 11.271599769592285, 12.93910026550293, 11.568300247192383, 11.291299819946289, 8.640999794006348, 14.716899871826172, 13.596500396728516, 12.525699615478516, 13.52750015258789, 11.67590045928955, 12.876700401306152, 13.5378999710083, 13.830400466918945, 11.215200424194336, 13.828800201416016, 15.170499801635742, 14.498499870300293, 13.721199989318848, 13.162599563598633, 12.650500297546387, 12.655799865722656, 12.872599601745605]"
