item_id,start,freq,target
T88,2014-12-29,W-SUN,"[10.24530029296875, 14.967599868774414, 9.884599685668945, 12.555700302124023, 15.66919994354248, 14.917400360107422, 12.053199768066406, 13.567700386047363, 12.800299644470215, 16.744800567626953, 16.428199768066406, 16.866199493408203, 17.124799728393555, 15.015199661254883, 16.457700729370117, 16.267499923706055, 16.528600692749023, 16.605100631713867, 12.785400390625, 13.244999885559082, 11.484700202941895, 13.512900352478027, 13.319999694824219, 14.997699737548828, 15.277600288391113, 14.144100189208984, 11.487099647521973, 13.474499702453613, 13.20300006866455, 12.38070011138916, 12.009499549865723, 13.821800231933594, 13.677599906921387, 11.211400032043457, 14.519000053405762, 11.904000282287598, 11.874199867248535, 12.438699722290039, 14.019200325012207, 13.820599555969238, 12.089300155639648, 12.784299850463867, 12.60319995880127, 10.049799919128418, 11.566900253295898, 12.449799537658691, 12.28439998626709, 10.522000312805176, 11.711400032043457, 12.049699783325195, 12.40999984741211, 10.06779956817627, 9.82919979095459, 11.21560001373291, 11.186699867248535, 11.595499992370605, 11.57509994506836, 12.128399848937988, 11.85159969329834, 11.741900444030762, 11.770000457763672, 11.476400375366211, 12.333700180053711, 12.263999938964844, 12.809700012207031, 12.79520034790039, 11.978599548339844, 12.267000198364258, 12.535900115966797, 12.926199913024902, 13.072699546813965, 15.006099700927734, 13.699999809265137, 12.39900016784668, 13.407999992370605, 13.586700439453125, 13.378800392150879, 12.918399810791016, 11.225299835205078, 13.097200393676758, 13.067700386047363, 12.788399696350098, 13.670499801635742, 13.90410041809082, 13.517999649047852, 13.606900215148926, 13.745499610900879, 12.747900009155273, 12.814900398254395, 14.072999954223633, 13.353099822998047, 12.377300262451172, 12.80090045928955, 12.28849983215332, 13.094499588012695, 12.153900146484375]"
