item_id,start,freq,target
T292,2014-12-29,W-SUN,"[5.6433000564575195, 6.595399856567383, 3.9363999366760254, 6.526299953460693, 7.540500164031982, 7.078800201416016, 7.073299884796143, 7.377900123596191, 6.4232001304626465, 7.427599906921387, 7.239299774169922, 7.208600044250488, 6.885900020599365, 6.655200004577637, 7.179599761962891, 7.271900177001953, 7.44950008392334, 7.378499984741211, 7.293600082397461, 7.319799900054932, 6.68720006942749, 7.676199913024902, 7.336299896240234, 7.457300186157227, 9.527199745178223, 7.1269001960754395, 6.652599811553955, 7.766600131988525, 7.496200084686279, 7.30810022354126, 7.269700050354004, 7.346700191497803, 7.867099761962891, 7.679699897766113, 7.937099933624268, 7.031300067901611, 7.724800109863281, 8.13700008392334, 7.582499980926514, 7.6168999671936035, 7.411799907684326, 8.199000358581543, 8.088199615478516, 7.844600200653076, 7.51039981842041, 8.123800277709961, 8.427300453186035, 6.646699905395508, 7.749800205230713, 7.832900047302246, 7.6793999671936035, 6.269999980926514, 6.934299945831299, 7.41379976272583, 7.437399864196777, 7.6305999755859375, 8.013299942016602, 8.212200164794922, 7.594799995422363, 8.140899658203125, 8.03219985961914, 7.506800174713135, 7.551199913024902, 7.992400169372559, 8.276599884033203, 7.865200042724609, 7.706099987030029, 8.08489990234375, 7.7652997970581055, 7.9766998291015625, 7.985199928283691, 8.360199928283691, 8.005499839782715, 7.371699810028076, 8.410200119018555, 8.029000282287598, 8.117199897766113, 9.177800178527832, 7.9857001304626465, 9.242500305175781, 8.204299926757812, 8.460599899291992, 9.602999687194824, 8.258600234985352, 9.18690013885498, 8.902299880981445, 8.49530029296875, 7.8719000816345215, 9.09060001373291, 8.866499900817871, 8.765800476074219, 8.989500045776367, 8.770700454711914, 8.483599662780762, 8.618399620056152, 8.619400024414062]"
