item_id,start,freq,target
T603,2014-12-29,W-SUN,"[7.798099994659424, 10.629599571228027, 6.593800067901611, 9.439499855041504, 11.531100273132324, 11.826399803161621, 8.838899612426758, 9.620100021362305, 8.349300384521484, 11.23799991607666, 11.302399635314941, 11.270400047302246, 10.706899642944336, 10.081999778747559, 11.05720043182373, 11.608799934387207, 12.10669994354248, 12.666099548339844, 11.056900024414062, 11.386099815368652, 10.775899887084961, 11.76609992980957, 10.987799644470215, 10.240099906921387, 10.350799560546875, 10.35890007019043, 10.425000190734863, 11.956500053405762, 10.708700180053711, 10.336199760437012, 11.078700065612793, 10.640399932861328, 11.384400367736816, 11.451000213623047, 11.52079963684082, 10.376199722290039, 11.410400390625, 11.471500396728516, 9.787500381469727, 12.76669979095459, 12.962800025939941, 11.665300369262695, 11.93970012664795, 11.487000465393066, 12.178000450134277, 11.721699714660645, 11.241299629211426, 11.337400436401367, 11.192700386047363, 12.582099914550781, 11.704899787902832, 9.299799919128418, 10.262700080871582, 10.944199562072754, 11.52649974822998, 11.259900093078613, 11.864999771118164, 12.124699592590332, 10.861000061035156, 14.23900032043457, 12.361700057983398, 11.669500350952148, 12.285499572753906, 11.809200286865234, 11.277400016784668, 11.334099769592285, 11.420499801635742, 12.522500038146973, 11.709500312805176, 11.794400215148926, 11.019800186157227, 13.121600151062012, 13.701600074768066, 10.108099937438965, 12.666799545288086, 11.571200370788574, 12.08430004119873, 11.077899932861328, 9.435400009155273, 12.61139965057373, 10.768600463867188, 10.388999938964844, 10.190899848937988, 12.007399559020996, 11.760199546813965, 11.593999862670898, 12.845800399780273, 11.6358003616333, 13.571000099182129, 12.469099998474121, 13.012100219726562, 15.861599922180176, 11.379199981689453, 12.768899917602539, 11.045299530029297, 11.604100227355957]"
