item_id,start,freq,target
T419,2014-12-29,W-SUN,"[7.754700183868408, 11.712800025939941, 10.563799858093262, 11.293999671936035, 8.165300369262695, 12.588700294494629, 7.179599761962891, 9.877400398254395, 10.746899604797363, 12.06719970703125, 12.04800033569336, 11.243499755859375, 12.803400039672852, 11.488100051879883, 11.428299903869629, 12.733499526977539, 9.714900016784668, 12.356100082397461, 12.657500267028809, 13.435199737548828, 11.028200149536133, 11.962499618530273, 10.846199989318848, 10.01990032196045, 10.839799880981445, 10.270299911499023, 8.376799583435059, 9.650500297546387, 10.109299659729004, 9.937899589538574, 9.336899757385254, 9.666500091552734, 9.276200294494629, 10.035499572753906, 8.737899780273438, 9.287799835205078, 10.50879955291748, 11.321100234985352, 10.32390022277832, 12.023900032043457, 10.395700454711914, 11.045299530029297, 10.315099716186523, 10.15250015258789, 8.353300094604492, 8.113200187683105, 8.113200187683105, 8.113200187683105, 8.113200187683105, 8.113200187683105, 8.113200187683105, 8.113200187683105, 8.113200187683105, 8.113200187683105, 8.113200187683105, 8.113200187683105, 14.687000274658203, 18.843000411987305, 12.927000045776367, 19.1968994140625, 15.621600151062012, 14.174599647521973, 14.395400047302246, 14.9197998046875, 14.379899978637695, 14.76830005645752, 14.368399620056152, 14.880000114440918, 14.938300132751465, 15.031900405883789, 15.255200386047363, 15.048999786376953, 15.354700088500977, 13.286100387573242, 15.127300262451172, 15.455699920654297, 15.1850004196167, 15.672499656677246, 11.657999992370605, 15.771300315856934, 15.693900108337402, 15.295000076293945, 15.009599685668945, 15.35319995880127, 14.975299835205078, 14.654199600219727, 15.784000396728516, 13.12090015411377, 15.202899932861328, 15.875, 15.932499885559082, 13.270500183105469, 15.792699813842773, 15.946800231933594, 15.968400001525879, 14.663599967956543]"
