item_id,start,freq,target
T641,2014-12-29,W-SUN,"[8.389100074768066, 10.768099784851074, 8.133700370788574, 10.921099662780762, 12.217100143432617, 11.769200325012207, 11.384499549865723, 11.556099891662598, 10.622400283813477, 12.410699844360352, 11.280500411987305, 13.220800399780273, 12.135000228881836, 13.769700050354004, 11.748600006103516, 12.494400024414062, 12.128299713134766, 11.62720012664795, 11.618499755859375, 11.79259967803955, 11.084699630737305, 11.838500022888184, 13.184599876403809, 12.09589958190918, 12.54699993133545, 12.56190013885498, 10.60219955444336, 12.32800006866455, 12.810400009155273, 12.296099662780762, 12.82859992980957, 11.857399940490723, 14.346699714660645, 12.948699951171875, 12.92140007019043, 12.113300323486328, 12.983099937438965, 13.57960033416748, 12.208600044250488, 12.436400413513184, 12.896300315856934, 13.388099670410156, 12.892800331115723, 12.993599891662598, 12.581299781799316, 13.174300193786621, 12.76729965209961, 11.23289966583252, 11.981499671936035, 12.967599868774414, 14.487600326538086, 9.194199562072754, 9.746800422668457, 10.996199607849121, 11.465200424194336, 11.847599983215332, 12.347999572753906, 12.39780044555664, 13.017000198364258, 13.871399879455566, 12.806300163269043, 12.526000022888184, 11.964300155639648, 12.639200210571289, 12.140899658203125, 12.170599937438965, 12.870699882507324, 13.05720043182373, 13.01729965209961, 13.202400207519531, 13.313300132751465, 13.110099792480469, 12.487099647521973, 12.710100173950195, 13.3548002243042, 12.43220043182373, 13.2431001663208, 13.688699722290039, 11.800100326538086, 13.791399955749512, 13.247400283813477, 12.67650032043457, 13.359700202941895, 13.738300323486328, 13.9753999710083, 13.686800003051758, 13.572999954223633, 13.404899597167969, 16.74370002746582, 17.548099517822266, 17.145000457763672, 14.870400428771973, 16.303800582885742, 15.772100448608398, 14.947799682617188, 15.112899780273438]"
