item_id,start,freq,target
T519,2015-01-04 00:00:00,W-SUN,"[[7.581200122833252, 10.360300064086914, 6.945300102233887, 9.46049976348877, 10.056400299072266, 10.744600296020508, 9.763799667358398, 9.735400199890137, 9.025899887084961, 10.446200370788574, 10.660200119018555, 10.931500434875488, 10.802200317382812, 10.657600402832031, 10.969200134277344, 10.086400032043457, 11.062600135803223, 11.517200469970703, 11.527799606323242, 11.394000053405762, 10.878199577331543, 11.495100021362305, 11.097800254821777, 12.016599655151367, 12.285200119018555, 11.528800010681152, 10.277799606323242, 11.128899574279785, 11.48289966583252, 11.199700355529785, 10.92199993133545, 11.024999618530273, 9.840100288391113, 11.490599632263184, 11.394800186157227, 9.645999908447266, 12.41759967803955, 10.878999710083008, 10.252799987792969, 11.494600296020508, 10.229100227355957, 12.270999908447266, 11.671699523925781, 12.19890022277832, 11.531000137329102, 12.27910041809082, 11.428799629211426, 10.104599952697754, 10.50570011138916, 11.274399757385254, 8.293100357055664, 8.027899742126465, 8.964699745178223, 11.270999908447266, 10.533499717712402, 11.467599868774414, 11.342700004577637, 10.20300006866455, 9.572600364685059, 9.905699729919434, 8.587200164794922, 9.913399696350098, 9.901200294494629, 8.416899681091309, 10.50220012664795, 10.053899765014648, 10.037199974060059, 10.628499984741211, 9.306300163269043, 10.14780044555664, 10.43019962310791, 10.239899635314941, 10.810999870300293, 9.716699600219727, 10.797800064086914, 10.780799865722656, 10.649800300598145, 10.423299789428711, 8.775899887084961, 9.75, 10.084099769592285, 9.25570011138916, 10.214300155639648, 9.836999893188477, 9.961099624633789, 10.191900253295898, 9.934599876403809, 8.76550006866455, 10.263500213623047, 10.250800132751465]]"
