item_id,start,freq,target
T314,2014-12-29,W-SUN,"[6.0792999267578125, 7.185299873352051, 8.916199684143066, 6.9355998039245605, 7.794000148773193, 8.696800231933594, 8.763199806213379, 10.440299987792969, 8.71679973602295, 9.724800109863281, 9.864399909973145, 9.89050006866455, 10.102100372314453, 9.675000190734863, 9.869799613952637, 9.906000137329102, 9.92039966583252, 9.928299903869629, 10.653499603271484, 10.08530044555664, 10.177200317382812, 10.238300323486328, 10.425100326538086, 10.58430004119873, 10.233799934387207, 10.515000343322754, 9.5600004196167, 10.248900413513184, 10.609600067138672, 10.343199729919434, 10.3725004196167, 10.258099555969238, 10.943499565124512, 10.686699867248535, 10.24940013885498, 9.946599960327148, 10.345100402832031, 10.49429988861084, 10.085800170898438, 10.394100189208984, 10.685600280761719, 10.668700218200684, 10.481399536132812, 10.478400230407715, 10.36970043182373, 10.075300216674805, 10.474499702453613, 9.191300392150879, 10.118399620056152, 10.518899917602539, 10.703800201416016, 8.053000450134277, 8.252699851989746, 9.534700393676758, 10.345000267028809, 9.792900085449219, 9.942399978637695, 9.968099594116211, 9.854399681091309, 10.683500289916992, 10.128800392150879, 9.952899932861328, 10.514900207519531, 10.371600151062012, 10.143799781799316, 10.248900413513184, 10.178899765014648, 10.646400451660156, 10.596199989318848, 10.78219985961914, 10.713299751281738, 11.104100227355957, 10.662099838256836, 10.611200332641602, 10.251799583435059, 10.86989974975586, 10.05090045928955, 10.750699996948242, 9.35890007019043, 10.732000350952148, 10.55840015411377, 10.743900299072266, 10.592399597167969, 10.453900337219238, 10.491399765014648, 10.519000053405762, 10.458900451660156, 9.246899604797363, 10.411199569702148, 10.761699676513672, 10.065400123596191, 8.072600364685059, 10.19480037689209, 9.984100341796875, 9.814399719238281, 8.938300132751465]"
