item_id,start,freq,target
T690,2014-12-29,W-SUN,"[6.985899925231934, 8.788000106811523, 5.988500118255615, 8.67140007019043, 9.303000450134277, 9.780200004577637, 9.283100128173828, 9.687399864196777, 8.681300163269043, 9.957200050354004, 10.046699523925781, 9.829899787902832, 9.41759967803955, 8.968999862670898, 8.62600040435791, 10.991100311279297, 9.865300178527832, 9.306300163269043, 11.15060043334961, 9.565699577331543, 8.932100296020508, 9.59179973602295, 9.785799980163574, 9.564299583435059, 9.223099708557129, 9.295000076293945, 8.56779956817627, 9.573800086975098, 9.251199722290039, 9.215399742126465, 9.246800422668457, 9.160699844360352, 9.126999855041504, 9.374099731445312, 9.019599914550781, 8.843299865722656, 10.339400291442871, 9.259400367736816, 9.524200439453125, 9.421099662780762, 9.535900115966797, 9.315699577331543, 9.609800338745117, 9.333100318908691, 9.458200454711914, 9.613100051879883, 9.262499809265137, 8.176199913024902, 9.204999923706055, 9.69629955291748, 9.250100135803223, 6.8805999755859375, 7.60099983215332, 9.186300277709961, 8.859000205993652, 9.382200241088867, 8.91919994354248, 9.423999786376953, 9.145700454711914, 9.718799591064453, 9.645899772644043, 8.956500053405762, 9.220600128173828, 8.736499786376953, 9.009400367736816, 8.873900413513184, 9.074899673461914, 9.51099967956543, 9.264599800109863, 9.125300407409668, 9.346799850463867, 6.714799880981445, 10.501099586486816, 8.787799835205078, 9.824399948120117, 9.239899635314941, 9.280099868774414, 9.534600257873535, 8.21720027923584, 8.977299690246582, 9.925600051879883, 9.221599578857422, 9.373100280761719, 9.105199813842773, 8.162099838256836, 9.490699768066406, 9.470100402832031, 7.8470001220703125, 8.216500282287598, 9.888799667358398, 7.822999954223633, 8.212300300598145, 9.441300392150879, 9.60219955444336, 9.013199806213379, 9.494000434875488]"
