item_id,start,freq,target
T159,2014-12-29,W-SUN,"[6.594299793243408, 8.889100074768066, 6.779200077056885, 8.814900398254395, 8.908300399780273, 9.076299667358398, 8.610300064086914, 8.456700325012207, 7.651800155639648, 9.476200103759766, 8.918700218200684, 8.937999725341797, 8.301400184631348, 9.994500160217285, 9.23859977722168, 9.535099983215332, 9.009599685668945, 9.189000129699707, 9.357099533081055, 8.712400436401367, 8.36240005493164, 8.91409969329834, 8.591500282287598, 8.237500190734863, 8.284099578857422, 8.496399879455566, 7.4039998054504395, 8.959699630737305, 8.73270034790039, 8.653400421142578, 8.312800407409668, 8.220999717712402, 8.227999687194824, 9.261300086975098, 9.065699577331543, 8.257399559020996, 9.424400329589844, 9.543299674987793, 8.917799949645996, 9.376500129699707, 8.803799629211426, 9.269599914550781, 9.424099922180176, 9.272000312805176, 8.88949966430664, 9.11240005493164, 8.784600257873535, 7.505300045013428, 8.704000473022461, 9.545999526977539, 8.719300270080566, 6.186699867248535, 7.486100196838379, 8.952899932861328, 8.89799976348877, 8.862899780273438, 8.749699592590332, 8.651200294494629, 8.525899887084961, 8.700300216674805, 8.988499641418457, 9.086999893188477, 9.500399589538574, 8.268699645996094, 8.503499984741211, 8.548299789428711, 9.03969955444336, 8.989800453186035, 9.018400192260742, 9.04640007019043, 9.094599723815918, 9.050999641418457, 9.399999618530273, 8.370599746704102, 9.284700393676758, 9.09749984741211, 8.569199562072754, 8.67609977722168, 7.552499771118164, 8.83549976348877, 8.661800384521484, 8.762999534606934, 9.165200233459473, 8.698399543762207, 9.2076997756958, 9.21090030670166, 9.452099800109863, 8.61400032043457, 9.47089958190918, 9.65719985961914, 9.85200023651123, 9.326899528503418, 9.340900421142578, 9.43690013885498, 9.496999740600586, 9.745599746704102]"
