item_id,start,freq,target
T443,2015-01-25 00:00:00,W-SUN,"[9.348400115966797, 9.18970012664795, 9.083499908447266, 9.182700157165527, 9.14430046081543, 9.709600448608398, 9.613200187683105, 9.479100227355957, 9.71090030670166, 9.045900344848633, 9.816100120544434, 10.026900291442871, 9.871000289916992, 10.046299934387207, 9.808899879455566, 9.90410041809082, 8.794899940490723, 9.834600448608398, 9.967900276184082, 9.8149995803833, 10.121999740600586, 10.032899856567383, 8.146200180053711, 10.204999923706055, 10.110300064086914, 10.583600044250488, 9.808300018310547, 9.948100090026855, 9.819899559020996, 10.04580020904541, 9.927900314331055, 9.025199890136719, 10.17650032043457, 10.207099914550781, 9.913200378417969, 10.221599578857422, 9.570899963378906, 10.059000015258789, 9.848999977111816, 10.14009952545166, 9.947600364685059, 9.90429973602295, 8.831199645996094, 6.349400043487549, 8.075599670410156, 6.767199993133545, 6.38700008392334, 4.397500038146973, 5.661499977111816, 7.096199989318848, 6.570099830627441, 6.690299987792969, 7.361100196838379, 9.5625, 9.142399787902832, 9.693699836730957, 9.751899719238281, 9.186599731445312, 9.201399803161621, 9.586000442504883, 9.794599533081055, 9.695599555969238, 9.625100135803223, 9.895299911499023, 9.923100471496582, 9.64739990234375, 9.773799896240234, 10.108099937438965, 9.84939956665039, 9.002799987792969, 10.303199768066406, 10.230600357055664, 10.19260025024414, 10.39109992980957, 7.976600170135498, 9.954899787902832, 10.294400215148926, 10.553099632263184, 10.199899673461914, 9.922100067138672, 10.318499565124512, 9.968299865722656, 10.05720043182373, 8.798800468444824, 10.47439956665039, 10.297800064086914, 10.204299926757812, 8.935400009155273, 9.879300117492676, 9.572199821472168]"
