item_id,start,freq,target
T386,2015-02-01 00:00:00,W-SUN,"[10.904999732971191, 10.643699645996094, 10.865900039672852, 10.297200202941895, 10.272100448608398, 10.14780044555664, 9.722700119018555, 9.565600395202637, 8.60319995880127, 9.4552001953125, 9.262700080871582, 9.606399536132812, 10.718999862670898, 9.961999893188477, 10.2253999710083, 9.221500396728516, 10.637700080871582, 10.078399658203125, 10.545299530029297, 10.752099990844727, 10.899900436401367, 9.378700256347656, 10.460800170898438, 10.285799980163574, 10.209699630737305, 10.759200096130371, 10.878299713134766, 9.961899757385254, 10.421699523925781, 10.483799934387207, 9.586899757385254, 10.75730037689209, 10.913000106811523, 9.729299545288086, 12.205599784851074, 10.70460033416748, 10.583200454711914, 9.154999732971191, 8.884200096130371, 8.713000297546387, 8.902799606323242, 9.132800102233887, 8.078800201416016, 8.398900032043457, 8.969900131225586, 8.724699974060059, 7.468900203704834, 7.7170000076293945, 8.618200302124023, 8.49470043182373, 8.700200080871582, 9.110300064086914, 9.115500450134277, 8.517600059509277, 7.9492998123168945, 9.16450023651123, 8.422699928283691, 8.497400283813477, 8.08530044555664, 8.936599731445312, 8.793999671936035, 7.9903998374938965, 8.0625, 8.18179988861084, 8.233099937438965, 8.360600471496582, 8.803099632263184, 8.096799850463867, 8.774100303649902, 9.462499618530273, 9.191499710083008, 8.873600006103516, 9.082900047302246, 8.064800262451172, 9.095600128173828, 9.231200218200684, 9.183799743652344, 9.174799919128418, 9.277899742126465, 9.229599952697754, 9.179699897766113, 9.071800231933594, 8.328300476074219, 9.600299835205078, 11.347000122070312, 10.701000213623047, 10.563400268554688, 10.858499526977539, 10.447099685668945, 10.244400024414062]"
