item_id,start,freq,target
T277,2014-12-29,W-SUN,"[8.196900367736816, 10.070799827575684, 9.433199882507324, 8.941399574279785, 9.422499656677246, 9.344799995422363, 7.8171000480651855, 8.9399995803833, 7.940800189971924, 9.232399940490723, 9.456500053405762, 9.751199722290039, 8.966899871826172, 8.730600357055664, 9.222999572753906, 9.574700355529785, 7.740900039672852, 10.922900199890137, 8.410900115966797, 8.131600379943848, 7.408100128173828, 7.930099964141846, 8.763799667358398, 8.009400367736816, 8.380499839782715, 9.6673002243042, 6.913099765777588, 7.970699787139893, 8.386500358581543, 7.44980001449585, 7.416100025177002, 7.894999980926514, 7.82289981842041, 8.449999809265137, 7.909299850463867, 6.753699779510498, 8.325300216674805, 9.593700408935547, 7.737500190734863, 8.626099586486816, 7.058700084686279, 9.069899559020996, 8.624500274658203, 8.997200012207031, 8.571599960327148, 9.204999923706055, 7.6545000076293945, 7.136099815368652, 7.986700057983398, 9.606599807739258, 9.525300025939941, 6.34689998626709, 8.344599723815918, 11.262200355529785, 10.000499725341797, 10.719300270080566, 11.132499694824219, 10.9891996383667, 9.679400444030762, 11.125200271606445, 11.06309986114502, 10.740400314331055, 10.29800033569336, 10.4483003616333, 10.649299621582031, 9.969400405883789, 10.386799812316895, 11.241900444030762, 11.618300437927246, 11.16100025177002, 11.074299812316895, 11.391900062561035, 11.948399543762207, 10.72719955444336, 11.750900268554688, 11.5447998046875, 11.983200073242188, 12.165599822998047, 9.059499740600586, 13.083000183105469, 12.584699630737305, 12.690600395202637, 12.083000183105469, 12.327400207519531, 11.848299980163574, 12.119400024414062, 11.566699981689453, 11.278300285339355, 13.0556001663208, 13.828700065612793, 12.644200325012207, 9.110899925231934, 10.958999633789062, 10.312000274658203, 10.55739974975586, 10.227899551391602]"
