item_id,start,freq,target
T300,2014-12-29,W-SUN,"[8.2391996383667, 13.592300415039062, 8.792099952697754, 14.094900131225586, 25.219900131225586, 24.845800399780273, 14.718299865722656, 17.59709930419922, 17.093399047851562, 20.394699096679688, 19.427000045776367, 19.265399932861328, 20.525800704956055, 19.11319923400879, 19.17169952392578, 20.315399169921875, 19.668800354003906, 19.768600463867188, 21.480199813842773, 20.206199645996094, 18.89459991455078, 18.85759925842285, 21.090999603271484, 18.84760093688965, 20.519800186157227, 19.592199325561523, 16.65850067138672, 21.33799934387207, 20.928600311279297, 19.645099639892578, 19.19930076599121, 19.03809928894043, 19.292800903320312, 20.373600006103516, 20.283700942993164, 19.086299896240234, 20.888500213623047, 21.07979965209961, 19.877500534057617, 20.293899536132812, 20.770599365234375, 21.81719970703125, 20.357999801635742, 20.903099060058594, 20.225000381469727, 21.929899215698242, 21.82830047607422, 19.373600006103516, 19.753000259399414, 22.407100677490234, 20.980199813842773, 16.012300491333008, 16.943500518798828, 18.967599868774414, 18.762300491333008, 19.690799713134766, 20.064199447631836, 16.64240074157715, 19.221599578857422, 20.415800094604492, 19.799699783325195, 20.459299087524414, 19.8164005279541, 18.39780044555664, 19.408599853515625, 19.769699096679688, 20.63759994506836, 21.804100036621094, 21.241199493408203, 20.63170051574707, 22.19029998779297, 21.66819953918457, 21.29159927368164, 19.255199432373047, 22.042299270629883, 21.09830093383789, 22.677200317382812, 20.693700790405273, 18.43000030517578, 21.067800521850586, 20.590099334716797, 21.522499084472656, 21.67770004272461, 20.71969985961914, 19.12579917907715, 20.44070053100586, 21.8164005279541, 19.90920066833496, 22.2632999420166, 22.25819969177246, 23.002500534057617, 21.387500762939453, 20.577800750732422, 20.620800018310547, 19.77869987487793, 20.74920082092285]"
