item_id,start,freq,target
T476,2014-12-29,W-SUN,"[10.906100273132324, 15.930299758911133, 10.526300430297852, 13.01140022277832, 15.859100341796875, 14.025699615478516, 14.839799880981445, 15.104599952697754, 13.350799560546875, 18.322900772094727, 17.27519989013672, 17.914499282836914, 16.747600555419922, 14.915499687194824, 17.529300689697266, 17.577299118041992, 17.44569969177246, 16.62849998474121, 18.377700805664062, 18.75779914855957, 15.60569953918457, 18.32670021057129, 18.538400650024414, 19.381900787353516, 18.6919002532959, 19.272499084472656, 15.102399826049805, 19.099000930786133, 18.59819984436035, 20.7268009185791, 16.69409942626953, 19.542299270629883, 16.741899490356445, 16.5314998626709, 15.04699993133545, 11.52810001373291, 14.321900367736816, 14.702699661254883, 15.935799598693848, 13.239399909973145, 12.332200050354004, 13.181400299072266, 14.139399528503418, 14.245400428771973, 15.142800331115723, 15.68019962310791, 15.69629955291748, 9.165800094604492, 14.578499794006348, 15.61709976196289, 17.128700256347656, 12.596799850463867, 11.648799896240234, 13.300100326538086, 16.113500595092773, 13.31190013885498, 15.598199844360352, 12.862000465393066, 15.551400184631348, 15.522700309753418, 13.177300453186035, 12.499799728393555, 17.57819938659668, 14.97599983215332, 15.840100288391113, 16.684099197387695, 13.06719970703125, 14.226900100708008, 15.504599571228027, 11.682299613952637, 14.101699829101562, 13.13010025024414, 14.128299713134766, 11.835200309753418, 13.917900085449219, 14.946599960327148, 13.390899658203125, 13.971599578857422, 13.57040023803711, 16.03190040588379, 19.203100204467773, 16.854999542236328, 20.343000411987305, 17.34440040588379, 20.15839958190918, 12.74470043182373, 16.105600357055664, 16.642099380493164, 15.774399757385254, 17.102699279785156, 16.093599319458008, 15.834400177001953, 16.715200424194336, 15.218000411987305, 17.391799926757812, 14.23270034790039]"
