item_id,start,freq,target
T41,2015-01-11 00:00:00,W-SUN,"[6.506999969482422, 5.962399959564209, 6.8618998527526855, 6.811699867248535, 6.250400066375732, 6.549799919128418, 5.978899955749512, 6.851399898529053, 6.910600185394287, 6.526400089263916, 6.9868998527526855, 6.718699932098389, 6.930699825286865, 7.031099796295166, 6.191999912261963, 7.119500160217285, 7.092599868774414, 7.145999908447266, 6.485099792480469, 7.144400119781494, 7.554999828338623, 7.0868000984191895, 7.381499767303467, 7.460899829864502, 6.231299877166748, 7.561399936676025, 7.368899822235107, 7.195499897003174, 7.0416998863220215, 7.290800094604492, 6.408999919891357, 6.551300048828125, 6.419400215148926, 6.190299987792969, 6.751500129699707, 6.640999794006348, 6.3927998542785645, 6.603799819946289, 6.059100151062012, 7.029600143432617, 7.330599784851074, 7.043499946594238, 7.1859002113342285, 6.868299961090088, 6.232999801635742, 5.735199928283691, 6.5980000495910645, 6.627200126647949, 6.090199947357178, 4.0954999923706055, 5.217800140380859, 6.6545000076293945, 6.141600131988525, 6.441400051116943, 7.360499858856201, 6.628600120544434, 6.528299808502197, 6.797800064086914, 6.5725998878479, 6.65910005569458, 6.153299808502197, 6.609499931335449, 6.478499889373779, 6.448500156402588, 6.204400062561035, 7.02209997177124, 6.754199981689453, 6.679999828338623, 6.511000156402588, 6.967299938201904, 7.101500034332275, 6.581299781799316, 6.775000095367432, 6.907800197601318, 6.837800025939941, 6.947800159454346, 5.52810001373291, 6.565299987792969, 7.1528000831604, 6.79610013961792, 6.662399768829346, 6.4095001220703125, 6.776299953460693, 7.094799995422363, 6.618000030517578, 6.095099925994873, 7.1869001388549805, 6.928899765014648, 7.375100135803223, 5.611100196838379]"
