item_id,start,freq,target
T287,2014-12-29,W-SUN,"[7.700500011444092, 7.700500011444092, 7.700500011444092, 7.700500011444092, 7.700500011444092, 7.700500011444092, 7.700500011444092, 7.700500011444092, 6.985899925231934, 7.702400207519531, 7.700500011444092, 7.700500011444092, 7.700500011444092, 7.700500011444092, 7.977799892425537, 7.700500011444092, 7.700500011444092, 7.728499889373779, 15.058099746704102, 15.472000122070312, 13.4798002243042, 13.633199691772461, 15.598199844360352, 15.155699729919434, 14.649700164794922, 16.323699951171875, 13.101400375366211, 16.121299743652344, 14.743000030517578, 13.586799621582031, 12.077199935913086, 14.736300468444824, 10.403400421142578, 11.076899528503418, 15.783900260925293, 14.644100189208984, 8.945500373840332, 10.355899810791016, 7.7291998863220215, 15.270099639892578, 14.253899574279785, 15.927800178527832, 15.269700050354004, 12.281700134277344, 15.262900352478027, 15.6048002243042, 15.071399688720703, 13.128600120544434, 11.568300247192383, 17.171100616455078, 15.532699584960938, 11.291500091552734, 12.037300109863281, 13.570799827575684, 13.62720012664795, 14.287199974060059, 15.548700332641602, 15.29010009765625, 10.951700210571289, 13.16450023651123, 14.214300155639648, 13.35669994354248, 15.427900314331055, 13.413599967956543, 15.439499855041504, 14.263500213623047, 15.240099906921387, 15.786700248718262, 15.89430046081543, 16.06060028076172, 15.425800323486328, 17.55150032043457, 17.602100372314453, 15.604499816894531, 17.02899932861328, 17.106399536132812, 17.679000854492188, 15.944100379943848, 13.985400199890137, 16.220699310302734, 16.124000549316406, 15.461400032043457, 18.061599731445312, 16.5531005859375, 15.96090030670166, 17.256900787353516, 16.828399658203125, 14.932499885559082, 16.411399841308594, 16.212499618530273, 17.559200286865234, 16.365299224853516, 16.159900665283203, 16.860000610351562, 16.200300216674805, 15.947199821472168]"
