item_id,start,freq,target
T699,2014-12-29,W-SUN,"[4.7571001052856445, 6.206200122833252, 5.6666998863220215, 5.670599937438965, 5.79010009765625, 5.630099773406982, 5.80049991607666, 5.840099811553955, 5.297100067138672, 5.82390022277832, 5.900300025939941, 5.806700229644775, 5.717299938201904, 5.895199775695801, 5.894599914550781, 5.961699962615967, 5.842700004577637, 5.920100212097168, 6.023499965667725, 5.914000034332275, 5.800600051879883, 6.054699897766113, 6.166600227355957, 6.497000217437744, 6.52839994430542, 6.644400119781494, 6.230599880218506, 6.451399803161621, 6.461400032043457, 6.314000129699707, 6.136199951171875, 6.372000217437744, 6.69350004196167, 6.418300151824951, 6.3333001136779785, 6.507599830627441, 7.4583001136779785, 7.1041998863220215, 7.119800090789795, 6.973199844360352, 7.1392998695373535, 6.794300079345703, 7.264400005340576, 6.387700080871582, 6.488999843597412, 6.434500217437744, 7.073200225830078, 5.677800178527832, 6.480299949645996, 6.471199989318848, 6.929900169372559, 5.1132001876831055, 5.313399791717529, 6.072800159454346, 5.865300178527832, 6.122399806976318, 5.764999866485596, 6.652699947357178, 6.245299816131592, 6.3190999031066895, 6.69290018081665, 6.381999969482422, 6.139999866485596, 6.829599857330322, 6.892300128936768, 6.565999984741211, 6.755099773406982, 6.900300025939941, 6.861199855804443, 7.314300060272217, 7.688399791717529, 6.815499782562256, 7.047299861907959, 7.046999931335449, 7.024799823760986, 7.292900085449219, 7.01140022277832, 7.113699913024902, 7.309999942779541, 7.307300090789795, 7.443999767303467, 6.9899001121521, 7.4303998947143555, 7.657199859619141, 8.010100364685059, 7.587299823760986, 7.732100009918213, 7.615900039672852, 7.87529993057251, 8.551600456237793, 8.114500045776367, 8.427900314331055, 7.996200084686279, 7.153900146484375, 8.23390007019043, 7.430099964141846]"
