item_id,start,freq,target
T467,2015-01-11 00:00:00,W-SUN,"[[9.339500427246094, 9.34850025177002, 10.174699783325195, 10.355199813842773, 10.391500473022461, 12.857999801635742, 12.047100067138672, 13.484800338745117, 13.612500190734863, 13.76509952545166, 14.663800239562988, 13.255900382995605, 13.536999702453613, 14.16759967803955, 13.40429973602295, 13.612000465393066, 15.015800476074219, 13.536499977111816, 13.106900215148926, 13.682700157165527, 14.484600067138672, 13.479999542236328, 14.28279972076416, 13.882800102233887, 12.124300003051758, 13.691800117492676, 13.86970043182373, 13.858799934387207, 14.378000259399414, 13.785900115966797, 14.984399795532227, 14.227499961853027, 14.19379997253418, 13.409500122070312, 14.426400184631348, 14.853300094604492, 13.984999656677246, 14.485899925231934, 14.198599815368652, 14.446999549865723, 14.282600402832031, 14.679800033569336, 13.883700370788574, 14.962900161743164, 14.344799995422363, 12.178500175476074, 13.631400108337402, 14.331000328063965, 14.797900199890137, 10.298399925231934, 11.585000038146973, 13.309499740600586, 13.327799797058105, 13.751399993896484, 14.135899543762207, 14.269399642944336, 12.936800003051758, 15.080499649047852, 14.609399795532227, 13.456999778747559, 13.345399856567383, 13.244999885559082, 13.510000228881836, 13.592000007629395, 14.171500205993652, 14.042799949645996, 14.823800086975098, 14.582500457763672, 14.756600379943848, 14.468600273132324, 14.856300354003906, 14.737500190734863, 15.576399803161621, 14.254199981689453, 15.302800178527832, 15.211799621582031, 12.074799537658691, 14.722599983215332, 14.347700119018555, 13.817000389099121, 15.147600173950195, 14.817000389099121, 15.185600280761719, 14.970000267028809, 14.613200187683105, 13.270500183105469, 15.39229965209961, 16.327199935913086, 15.306699752807617, 15.27649974822998]]"
