item_id,start,freq,target
T306,2014-12-29,W-SUN,"[9.551799774169922, 11.458499908447266, 8.316800117492676, 11.151599884033203, 11.67240047454834, 14.550299644470215, 13.482999801635742, 12.832300186157227, 12.392999649047852, 8.082300186157227, 10.646200180053711, 15.537400245666504, 14.19629955291748, 11.869500160217285, 12.269000053405762, 12.037699699401855, 10.84060001373291, 11.070899963378906, 10.50879955291748, 9.594300270080566, 10.232199668884277, 9.530900001525879, 10.513500213623047, 11.412099838256836, 11.501199722290039, 10.39009952545166, 9.035499572753906, 10.866100311279297, 9.781299591064453, 11.42609977722168, 9.823200225830078, 10.696900367736816, 8.614700317382812, 11.051199913024902, 10.12969970703125, 11.166299819946289, 11.951399803161621, 11.811200141906738, 8.11620044708252, 11.480999946594238, 11.017600059509277, 8.988900184631348, 11.722800254821777, 11.554900169372559, 10.572099685668945, 10.654199600219727, 10.920100212097168, 9.38949966430664, 9.491700172424316, 13.360600471496582, 11.994999885559082, 7.945199966430664, 8.064200401306152, 9.530599594116211, 10.553299903869629, 9.238100051879883, 10.482399940490723, 8.904399871826172, 8.764200210571289, 8.03279972076416, 8.899200439453125, 9.960399627685547, 10.422800064086914, 10.287599563598633, 11.593799591064453, 11.08549976348877, 13.388899803161621, 12.284799575805664, 13.590399742126465, 12.258199691772461, 14.141300201416016, 13.684700012207031, 15.018199920654297, 12.860099792480469, 12.745499610900879, 15.47089958190918, 12.239899635314941, 14.421799659729004, 10.331700325012207, 14.090800285339355, 12.222800254821777, 13.523799896240234, 14.922599792480469, 13.036700248718262, 14.395999908447266, 15.440400123596191, 14.625800132751465, 13.667400360107422, 14.384099960327148, 16.248699188232422, 14.86460018157959, 14.32979965209961, 14.59749984741211, 15.514699935913086, 12.98069953918457, 14.383199691772461]"
