item_id,start,freq,target
T19,2014-12-29,W-SUN,"[5.836999893188477, 6.3850998878479, 4.2754998207092285, 6.657899856567383, 7.327199935913086, 6.98390007019043, 6.9004998207092285, 7.333099842071533, 6.339600086212158, 7.48769998550415, 7.3302001953125, 7.127799987792969, 7.1082000732421875, 6.823299884796143, 7.198999881744385, 7.2459001541137695, 7.314599990844727, 7.2266998291015625, 7.350299835205078, 7.186299800872803, 6.76609992980957, 7.322400093078613, 7.279900074005127, 7.1585001945495605, 9.547200202941895, 7.182000160217285, 6.718500137329102, 7.28410005569458, 7.2855000495910645, 7.206999778747559, 7.249199867248535, 7.228300094604492, 7.789599895477295, 7.4274001121521, 7.3302998542785645, 7.008399963378906, 7.510200023651123, 8.448100090026855, 7.468299865722656, 7.451099872589111, 7.154300212860107, 7.579999923706055, 7.517600059509277, 7.493100166320801, 7.2906999588012695, 7.552700042724609, 7.6645002365112305, 6.798399925231934, 7.478000164031982, 7.582399845123291, 7.709799766540527, 6.563700199127197, 6.439799785614014, 7.193900108337402, 7.137599945068359, 7.340799808502197, 7.879300117492676, 7.666100025177002, 7.560200214385986, 8.371999740600586, 7.583499908447266, 7.3790998458862305, 7.373300075531006, 8.00510025024414, 7.646399974822998, 7.650899887084961, 7.546199798583984, 7.742000102996826, 7.497700214385986, 7.737800121307373, 6.172999858856201, 8.80109977722168, 7.632900238037109, 7.22790002822876, 7.747200012207031, 7.811800003051758, 7.649199962615967, 7.9008002281188965, 7.212399959564209, 8.344499588012695, 7.7932000160217285, 7.762800216674805, 8.075900077819824, 7.751200199127197, 8.013299942016602, 8.133700370788574, 7.888299942016602, 7.3557000160217285, 8.611599922180176, 7.851399898529053, 7.995800018310547, 7.770899772644043, 8.08180046081543, 7.748600006103516, 7.768799781799316, 7.881999969482422]"
