item_id,start,freq,target
T129,2014-12-29,W-SUN,"[3.3252999782562256, 4.048399925231934, 4.927599906921387, 4.765100002288818, 5.204400062561035, 5.577099800109863, 5.277699947357178, 5.39900016784668, 4.897900104522705, 6.132299900054932, 5.072199821472168, 4.998799800872803, 5.098999977111816, 4.955100059509277, 5.326900005340576, 5.439899921417236, 5.527299880981445, 5.368500232696533, 6.528200149536133, 5.3403000831604, 4.848800182342529, 5.205599784851074, 5.5065999031066895, 5.314899921417236, 5.420199871063232, 5.551400184631348, 4.751299858093262, 5.385499954223633, 5.264999866485596, 5.3572001457214355, 5.381899833679199, 5.173299789428711, 5.383299827575684, 6.1528000831604, 5.780399799346924, 6.232999801635742, 6.63539981842041, 8.42199993133545, 6.808000087738037, 6.647299766540527, 5.912499904632568, 5.719600200653076, 5.5767998695373535, 6.7307000160217285, 5.638500213623047, 5.749100208282471, 5.334000110626221, 5.0065999031066895, 5.1255998611450195, 5.17579984664917, 5.24399995803833, 4.242700099945068, 4.48769998550415, 5.286399841308594, 4.845399856567383, 4.947999954223633, 5.543600082397461, 5.356500148773193, 5.161200046539307, 5.739299774169922, 5.833000183105469, 5.6381001472473145, 5.417699813842773, 5.712500095367432, 5.309599876403809, 5.315700054168701, 5.506800174713135, 6.349299907684326, 7.122900009155273, 6.077700138092041, 5.778600215911865, 6.985899925231934, 6.344399929046631, 6.23799991607666, 5.930799961090088, 5.9096999168396, 6.274799823760986, 6.054599761962891, 4.981400012969971, 6.0792999267578125, 5.854899883270264, 5.612500190734863, 5.554100036621094, 5.2891998291015625, 5.403600215911865, 6.2804999351501465, 6.877200126647949, 6.110000133514404, 7.245100021362305, 7.103899955749512, 8.250100135803223, 6.435500144958496, 6.273799896240234, 6.37529993057251, 6.047999858856201, 6.006400108337402]"
