item_id,start,freq,target
T173,2014-12-29,W-SUN,"[5.42579984664917, 7.080699920654297, 6.958899974822998, 6.386000156402588, 6.746300220489502, 6.424300193786621, 6.591899871826172, 7.3053998947143555, 5.910900115966797, 6.76200008392334, 6.5671000480651855, 6.781899929046631, 7.010900020599365, 6.139599800109863, 6.633600234985352, 7.5644001960754395, 6.990600109100342, 7.210700035095215, 7.000400066375732, 7.050099849700928, 6.222099781036377, 7.178400039672852, 7.416600227355957, 7.5019001960754395, 7.839900016784668, 7.421199798583984, 6.269999980926514, 7.215000152587891, 7.329800128936768, 7.048900127410889, 7.149099826812744, 6.8109002113342285, 6.980000019073486, 7.37470006942749, 6.791100025177002, 6.307799816131592, 5.749100208282471, 6.662700176239014, 6.641600131988525, 7.19950008392334, 6.313199996948242, 7.447400093078613, 7.069900035858154, 7.072000026702881, 7.326399803161621, 7.376100063323975, 7.361599922180176, 6.09089994430542, 6.476900100708008, 7.819499969482422, 7.876399993896484, 5.390900135040283, 5.196800231933594, 6.6203999519348145, 6.5792999267578125, 6.645400047302246, 6.544600009918213, 7.092400074005127, 6.565199851989746, 7.514900207519531, 7.197999954223633, 7.190000057220459, 7.645199775695801, 7.295199871063232, 7.769599914550781, 7.170499801635742, 6.623899936676025, 7.375899791717529, 7.019000053405762, 7.5883002281188965, 7.461900234222412, 7.886199951171875, 7.558899879455566, 7.113699913024902, 7.703999996185303, 7.545499801635742, 7.519400119781494, 7.476200103759766, 6.549900054931641, 7.192599773406982, 7.405399799346924, 7.1793999671936035, 7.095799922943115, 7.378900051116943, 7.477200031280518, 7.878699779510498, 7.646500110626221, 6.904200077056885, 7.776800155639648, 8.444700241088867, 8.304800033569336, 7.91949987411499, 7.475299835205078, 6.821000099182129, 7.543399810791016, 7.1508002281188965]"
