item_id,start,freq,target
T44,2014-12-29,W-SUN,"[6.627600193023682, 7.867800235748291, 8.54889965057373, 8.458000183105469, 8.141799926757812, 13.27750015258789, 13.819600105285645, 14.89900016784668, 12.619400024414062, 12.85509967803955, 13.749899864196777, 12.936300277709961, 12.471599578857422, 11.606499671936035, 13.51550006866455, 15.10420036315918, 13.09119987487793, 13.910599708557129, 14.111499786376953, 13.76200008392334, 12.262700080871582, 14.394200325012207, 14.053899765014648, 14.630900382995605, 14.021100044250488, 14.029899597167969, 11.148799896240234, 14.770000457763672, 13.291299819946289, 13.282999992370605, 13.965900421142578, 12.097999572753906, 13.10099983215332, 13.728699684143066, 12.359299659729004, 12.403599739074707, 13.632200241088867, 13.652700424194336, 12.837599754333496, 12.316499710083008, 13.07979965209961, 12.996700286865234, 12.563199996948242, 13.71660041809082, 12.599100112915039, 15.036399841308594, 13.815500259399414, 12.114800453186035, 13.963299751281738, 14.958499908447266, 14.655699729919434, 8.537799835205078, 9.751899719238281, 13.081500053405762, 12.815299987792969, 13.484100341796875, 13.399900436401367, 13.458999633789062, 13.521499633789062, 15.031700134277344, 13.7391996383667, 13.539999961853027, 13.83549976348877, 14.485899925231934, 14.211700439453125, 12.175000190734863, 13.028800010681152, 14.89169979095459, 14.443900108337402, 14.448200225830078, 14.457099914550781, 14.737000465393066, 14.016799926757812, 13.753199577331543, 14.310199737548828, 13.181400299072266, 12.951199531555176, 13.28969955444336, 12.230999946594238, 13.718799591064453, 13.607099533081055, 12.92710018157959, 12.580900192260742, 12.952799797058105, 13.677399635314941, 12.991299629211426, 14.1274995803833, 12.192299842834473, 13.364399909973145, 14.378199577331543, 12.683899879455566, 13.352700233459473, 12.719400405883789, 12.739299774169922, 12.436699867248535, 12.746700286865234]"
