item_id,start,freq,target
T849,2014-12-29,W-SUN,"[6.837299823760986, 9.03339958190918, 5.1234002113342285, 8.544899940490723, 8.3858003616333, 8.437399864196777, 8.491600036621094, 9.262700080871582, 7.868800163269043, 9.178600311279297, 9.339300155639648, 8.794500350952148, 9.555100440979004, 8.39430046081543, 10.378800392150879, 9.531999588012695, 9.062999725341797, 8.952699661254883, 8.432600021362305, 9.342599868774414, 8.796500205993652, 9.686699867248535, 9.194700241088867, 9.050999641418457, 9.627099990844727, 9.11970043182373, 8.536600112915039, 9.0826997756958, 8.681900024414062, 8.832300186157227, 9.270899772644043, 8.560500144958496, 8.930000305175781, 9.441699981689453, 9.466400146484375, 8.795999526977539, 8.376999855041504, 8.694600105285645, 8.638299942016602, 8.701299667358398, 7.813799858093262, 8.994600296020508, 8.532600402832031, 9.25979995727539, 8.497900009155273, 9.754599571228027, 9.165900230407715, 7.343400001525879, 8.891900062561035, 9.73270034790039, 9.465299606323242, 7.662499904632568, 7.490799903869629, 8.643600463867188, 8.477800369262695, 8.758199691772461, 8.351799964904785, 8.758399963378906, 8.955699920654297, 8.77810001373291, 9.66819953918457, 8.359700202941895, 8.576600074768066, 8.258500099182129, 8.985199928283691, 8.437600135803223, 7.727499961853027, 8.603699684143066, 8.136099815368652, 9.045700073242188, 8.722800254821777, 8.343299865722656, 8.2322998046875, 8.361499786376953, 8.67710018157959, 7.678400039672852, 8.315899848937988, 8.588399887084961, 8.148099899291992, 8.496600151062012, 8.38379955291748, 10.83430004119873, 8.461299896240234, 8.606100082397461, 8.518199920654297, 8.734199523925781, 9.588700294494629, 8.492400169372559, 9.06820011138916, 9.557499885559082, 8.788999557495117, 8.337300300598145, 8.560500144958496, 8.420000076293945, 8.413999557495117, 8.547699928283691]"
