item_id,start,freq,target
T384,2014-12-29,W-SUN,"[5.112599849700928, 6.851500034332275, 4.88670015335083, 6.57420015335083, 7.214300155639648, 7.328400135040283, 7.646100044250488, 7.886099815368652, 6.797500133514404, 7.587399959564209, 7.981800079345703, 7.454400062561035, 7.622099876403809, 7.526000022888184, 7.711999893188477, 8.562800407409668, 8.104399681091309, 7.860000133514404, 7.731100082397461, 8.712300300598145, 8.659500122070312, 8.258700370788574, 8.266200065612793, 9.423600196838379, 7.970399856567383, 8.176899909973145, 8.068699836730957, 8.106200218200684, 8.25, 8.194899559020996, 8.107500076293945, 8.062100410461426, 7.833799839019775, 8.213600158691406, 7.855899810791016, 7.454999923706055, 7.966000080108643, 7.966700077056885, 7.654799938201904, 8.216500282287598, 8.422499656677246, 8.719599723815918, 8.606399536132812, 8.052800178527832, 7.953800201416016, 8.644100189208984, 9.189800262451172, 7.814499855041504, 8.258000373840332, 8.453200340270996, 8.690500259399414, 6.948400020599365, 6.973199844360352, 8.083399772644043, 8.529600143432617, 8.381600379943848, 8.31350040435791, 8.047499656677246, 8.46090030670166, 8.493599891662598, 8.130999565124512, 8.315299987792969, 8.022100448608398, 9.089200019836426, 8.180299758911133, 8.163599967956543, 7.951600074768066, 8.086600303649902, 8.506600379943848, 8.168700218200684, 8.906700134277344, 8.769200325012207, 7.933599948883057, 8.836000442504883, 8.485300064086914, 8.941200256347656, 9.75220012664795, 9.208800315856934, 6.382900238037109, 7.234399795532227, 7.275599956512451, 7.240600109100342, 5.509399890899658, 5.282899856567383, 5.700399875640869, 6.054299831390381, 7.917099952697754, 6.791299819946289, 5.946700096130371, 8.357099533081055, 7.61899995803833, 8.27560043334961, 7.318399906158447, 6.999300003051758, 7.210700035095215, 8.016900062561035]"
