item_id,start,freq,target
T43,2014-12-29,W-SUN,"[6.743899822235107, 7.337500095367432, 7.322999954223633, 5.876999855041504, 5.825300216674805, 6.895899772644043, 5.1682000160217285, 5.789700031280518, 5.293000221252441, 5.735499858856201, 5.73330020904541, 5.73330020904541, 5.73330020904541, 5.73330020904541, 5.950699806213379, 5.73330020904541, 5.73330020904541, 5.73330020904541, 5.73330020904541, 5.73330020904541, 5.73330020904541, 5.73330020904541, 5.73330020904541, 5.73330020904541, 5.73330020904541, 5.73330020904541, 5.73330020904541, 5.73330020904541, 5.73330020904541, 5.73330020904541, 5.73330020904541, 5.73330020904541, 5.73330020904541, 5.73330020904541, 5.73330020904541, 5.73330020904541, 5.73330020904541, 5.73330020904541, 5.73330020904541, 5.73330020904541, 5.73330020904541, 5.73330020904541, 5.73330020904541, 5.725399971008301, 5.73330020904541, 5.73330020904541, 5.73330020904541, 5.73330020904541, 5.73330020904541, 5.73330020904541, 5.73330020904541, 5.73330020904541, 5.73330020904541, 5.73330020904541, 5.73330020904541, 5.73330020904541, 5.73330020904541, 5.73330020904541, 5.73330020904541, 5.73330020904541, 5.73330020904541, 5.73330020904541, 5.735499858856201, 5.73330020904541, 5.73330020904541, 5.73330020904541, 5.73330020904541, 5.73330020904541, 5.73330020904541, 5.73330020904541, 5.73330020904541, 5.73330020904541, 5.73330020904541, 5.73330020904541, 5.73330020904541, 5.73330020904541, 5.73330020904541, 5.7342000007629395, 6.8942999839782715, 7.607699871063232, 7.685999870300293, 7.545000076293945, 7.788000106811523, 7.654099941253662, 7.490799903869629, 7.51039981842041, 7.520199775695801, 6.795000076293945, 7.450399875640869, 7.692500114440918, 7.587399959564209, 4.950399875640869, 7.428199768066406, 7.393400192260742, 6.257199764251709, 4.560400009155273]"
