item_id,start,freq,target
T619,2014-12-29,W-SUN,"[4.869100093841553, 7.554699897766113, 7.095300197601318, 6.924200057983398, 6.965199947357178, 6.678100109100342, 6.639999866485596, 6.868599891662598, 6.128600120544434, 6.877500057220459, 7.049799919128418, 7.118899822235107, 6.937099933624268, 6.429200172424316, 7.283400058746338, 7.202300071716309, 6.998899936676025, 7.109600067138672, 7.334700107574463, 7.360899925231934, 6.643499851226807, 7.107600212097168, 8.241600036621094, 7.863500118255615, 7.6707000732421875, 8.24020004272461, 6.202499866485596, 7.172999858856201, 7.184999942779541, 7.337699890136719, 7.052199840545654, 7.02269983291626, 7.177700042724609, 7.506800174713135, 6.931000232696533, 6.847099781036377, 7.365300178527832, 7.368899822235107, 7.086400032043457, 6.9720001220703125, 6.830900192260742, 7.229700088500977, 7.659299850463867, 7.273799896240234, 7.402900218963623, 7.596799850463867, 7.1118998527526855, 6.556099891662598, 7.5254998207092285, 7.840400218963623, 6.863699913024902, 4.643599987030029, 5.587900161743164, 7.395199775695801, 6.971499919891357, 7.29449987411499, 7.202000141143799, 7.136000156402588, 6.964099884033203, 7.23799991607666, 7.524899959564209, 7.343100070953369, 7.19320011138916, 7.519100189208984, 7.052499771118164, 6.968400001525879, 6.80079984664917, 7.626699924468994, 8.274399757385254, 7.587600231170654, 7.611599922180176, 7.7657999992370605, 7.662700176239014, 6.977700233459473, 7.434599876403809, 7.366000175476074, 7.1596999168396, 7.388500213623047, 6.105899810791016, 7.333499908447266, 7.762800216674805, 8.003800392150879, 7.365099906921387, 7.772200107574463, 7.12060022354126, 7.716300010681152, 7.410299777984619, 6.587800025939941, 7.399499893188477, 8.114800453186035, 8.031100273132324, 6.560200214385986, 7.336100101470947, 7.379199981689453, 7.030099868774414, 7.296599864959717]"
