item_id,start,freq,target
T578,2014-12-29,W-SUN,"[6.336299896240234, 8.10509967803955, 6.94789981842041, 8.39680004119873, 8.159199714660645, 7.8643999099731445, 5.674600124359131, 6.821899890899658, 6.01200008392334, 8.08810043334961, 8.67389965057373, 8.843899726867676, 7.831999778747559, 8.18809986114502, 4.279900074005127, 3.889899969100952, 8.371199607849121, 8.899399757385254, 8.732999801635742, 8.85219955444336, 8.834600448608398, 9.299799919128418, 9.284600257873535, 7.955699920654297, 8.733400344848633, 8.296500205993652, 8.477999687194824, 5.468200206756592, 5.553599834442139, 3.6250998973846436, 10.20580005645752, 10.136500358581543, 9.67140007019043, 9.725000381469727, 9.44540023803711, 9.520700454711914, 8.89490032196045, 9.454500198364258, 8.875300407409668, 9.018199920654297, 9.107099533081055, 8.699600219726562, 9.037099838256836, 8.278900146484375, 8.875100135803223, 7.4253997802734375, 8.547800064086914, 8.435099601745605, 8.157099723815918, 5.43209981918335, 3.889899969100952, 8.518199920654297, 8.0693998336792, 8.318900108337402, 7.559500217437744, 7.6143999099731445, 8.286700248718262, 8.506500244140625, 5.713900089263916, 6.444799900054932, 7.337800025939941, 8.078300476074219, 8.334699630737305, 6.727499961853027, 8.616000175476074, 7.895699977874756, 8.920900344848633, 8.624199867248535, 8.98390007019043, 8.396400451660156, 9.038100242614746, 9.125499725341797, 8.99120044708252, 7.864099979400635, 6.2657999992370605, 8.3016996383667, 8.74839973449707, 9.041199684143066, 8.708700180053711, 8.068900108337402, 8.236000061035156, 7.7941999435424805, 9.266900062561035, 8.190999984741211, 9.206000328063965, 9.171199798583984, 8.96049976348877, 7.630899906158447, 7.69379997253418, 8.289899826049805, 7.7845001220703125, 7.778600215911865, 7.818600177764893, 7.26639986038208, 7.458700180053711, 7.170899868011475]"
