item_id,start,freq,target
T736,2014-12-29,W-SUN,"[3.936500072479248, 3.999300003051758, 3.2520999908447266, 4.766900062561035, 4.110499858856201, 4.07859992980957, 4.831299781799316, 4.46150016784668, 4.21619987487793, 4.27239990234375, 4.271200180053711, 4.33459997177124, 4.283999919891357, 4.17519998550415, 4.8333001136779785, 4.281799793243408, 4.292300224304199, 4.349999904632568, 4.387599945068359, 4.354599952697754, 4.228400230407715, 4.3703999519348145, 4.413899898529053, 4.379799842834473, 4.423299789428711, 4.434899806976318, 4.074999809265137, 4.364099979400635, 4.346499919891357, 4.496399879455566, 4.380199909210205, 4.374100208282471, 5.243500232696533, 4.388700008392334, 4.672399997711182, 4.359099864959717, 4.382199764251709, 4.399499893188477, 5.006999969482422, 4.49970006942749, 4.406499862670898, 4.349100112915039, 4.39769983291626, 4.280200004577637, 4.346099853515625, 4.392499923706055, 4.424300193786621, 4.092599868774414, 4.922999858856201, 4.392499923706055, 4.841599941253662, 3.976599931716919, 3.8513998985290527, 4.1194000244140625, 4.38640022277832, 4.45989990234375, 4.318999767303467, 4.251800060272217, 5.326300144195557, 4.8520002365112305, 4.6031999588012695, 4.240600109100342, 4.340199947357178, 4.680099964141846, 4.446599960327148, 4.6219000816345215, 4.380099773406982, 4.518700122833252, 4.481200218200684, 4.54640007019043, 4.4918999671936035, 4.520699977874756, 4.47629976272583, 4.375199794769287, 4.561600208282471, 4.61959981918335, 4.619699954986572, 4.519800186157227, 4.268799781799316, 4.472099781036377, 4.580100059509277, 4.5671000480651855, 4.597099781036377, 4.575500011444092, 4.565400123596191, 4.548299789428711, 4.526500225067139, 4.3403000831604, 4.663000106811523, 4.6707000732421875, 4.706500053405762, 4.501399993896484, 4.546899795532227, 4.438499927520752, 4.441699981689453, 4.424699783325195]"
