item_id,start,freq,target
T224,2014-12-29,W-SUN,"[5.386499881744385, 5.572000026702881, 5.141499996185303, 6.342899799346924, 7.405799865722656, 6.151400089263916, 5.572500228881836, 7.1554999351501465, 6.588900089263916, 8.331700325012207, 8.229499816894531, 7.3109002113342285, 8.541600227355957, 8.069899559020996, 8.269200325012207, 8.290499687194824, 6.728700160980225, 8.25879955291748, 8.640399932861328, 8.48840045928955, 8.166899681091309, 8.424200057983398, 8.320699691772461, 8.7475004196167, 8.73069953918457, 8.463500022888184, 8.184800148010254, 8.355899810791016, 8.727499961853027, 8.11400032043457, 8.291000366210938, 8.366499900817871, 7.8109002113342285, 8.376700401306152, 6.934000015258789, 8.314599990844727, 8.678600311279297, 9.54640007019043, 7.312699794769287, 9.175200462341309, 8.572999954223633, 8.73840045928955, 8.490400314331055, 9.959400177001953, 8.150899887084961, 6.086999893188477, 5.73330020904541, 6.20359992980957, 5.26609992980957, 5.73330020904541, 5.73330020904541, 5.73330020904541, 5.73330020904541, 7.557199954986572, 7.592100143432617, 6.093500137329102, 5.73330020904541, 5.73330020904541, 7.0854997634887695, 6.491099834442139, 5.73330020904541, 8.061699867248535, 7.863800048828125, 8.253100395202637, 7.561200141906738, 5.73330020904541, 5.73330020904541, 6.355100154876709, 9.129400253295898, 8.356900215148926, 8.411299705505371, 9.12339973449707, 8.491600036621094, 8.659700393676758, 8.900400161743164, 8.663299560546875, 7.166399955749512, 6.264100074768066, 6.113100051879883, 6.921500205993652, 6.616700172424316, 6.389599800109863, 6.5320000648498535, 6.20989990234375, 6.336699962615967, 6.474400043487549, 6.803599834442139, 6.57390022277832, 9.300999641418457, 9.673500061035156, 9.800399780273438, 5.216000080108643, 6.2754998207092285, 5.999100208282471, 4.748700141906738, 8.196999549865723]"
