item_id,start,freq,target
T521,2014-12-29,W-SUN,"[6.430099964141846, 7.192999839782715, 7.243100166320801, 7.221399784088135, 7.105000019073486, 6.958700180053711, 7.034900188446045, 7.129000186920166, 6.559999942779541, 7.101900100708008, 7.319799900054932, 7.38539981842041, 7.488100051879883, 7.4475998878479, 7.678299903869629, 7.718999862670898, 7.485499858856201, 7.4654998779296875, 7.5416998863220215, 7.5121002197265625, 7.3414998054504395, 7.767399787902832, 7.929599761962891, 6.6971001625061035, 8.40470027923584, 8.57509994506836, 8.40839958190918, 8.36340045928955, 8.58329963684082, 8.393600463867188, 8.659799575805664, 8.451600074768066, 8.224900245666504, 7.796199798583984, 7.700500011444092, 7.700500011444092, 7.700500011444092, 7.700500011444092, 7.682199954986572, 8.144599914550781, 7.973400115966797, 8.128800392150879, 7.794400215148926, 7.40310001373291, 7.665800094604492, 7.713799953460693, 7.860199928283691, 7.646699905395508, 7.553599834442139, 7.928699970245361, 8.122200012207031, 7.586299896240234, 7.445799827575684, 7.714099884033203, 7.981100082397461, 7.696400165557861, 7.263299942016602, 7.7718000411987305, 7.736000061035156, 7.277599811553955, 7.000500202178955, 6.759900093078613, 6.871399879455566, 6.784299850463867, 7.013299942016602, 7.233500003814697, 7.0055999755859375, 6.742599964141846, 6.828999996185303, 7.029200077056885, 7.019400119781494, 7.41510009765625, 6.861800193786621, 8.43970012664795, 6.671999931335449, 7.424799919128418, 7.429100036621094, 8.637800216674805, 7.779600143432617, 7.177199840545654, 8.411299705505371, 8.815699577331543, 10.652400016784668, 9.139100074768066, 9.25510025024414, 8.865099906921387, 7.865499973297119, 6.4969000816345215, 6.248499870300293, 6.523099899291992, 6.201499938964844, 6.105999946594238, 6.829500198364258, 6.282599925994873, 6.277500152587891, 6.064499855041504]"
