item_id,start,freq,target
T576,2015-01-25 00:00:00,W-SUN,"[3.803499937057495, 4.096399784088135, 5.531700134277344, 6.129000186920166, 8.250399589538574, 8.824199676513672, 9.106900215148926, 9.360099792480469, 9.165499687194824, 9.075900077819824, 9.019800186157227, 9.474699974060059, 6.791299819946289, 9.181400299072266, 9.099599838256836, 9.356300354003906, 9.06760025024414, 9.81719970703125, 9.370100021362305, 9.728400230407715, 10.679900169372559, 9.661700248718262, 10.047300338745117, 10.048399925231934, 10.355799674987793, 10.731100082397461, 10.853899955749512, 9.853400230407715, 9.492300033569336, 9.690400123596191, 8.925200462341309, 8.873200416564941, 9.576899528503418, 9.738200187683105, 8.251999855041504, 8.053000450134277, 8.081299781799316, 7.997399806976318, 7.947500228881836, 7.714099884033203, 8.083100318908691, 8.166099548339844, 8.576600074768066, 6.941199779510498, 7.9070000648498535, 8.064000129699707, 8.574000358581543, 6.719099998474121, 5.82289981842041, 6.520400047302246, 7.02810001373291, 7.269999980926514, 6.499100208282471, 6.890500068664551, 6.896699905395508, 7.370200157165527, 6.408100128173828, 6.348100185394287, 5.240699768066406, 5.2195000648498535, 7.06790018081665, 6.842800140380859, 7.310500144958496, 6.564899921417236, 6.491399765014648, 9.028400421142578, 6.502699851989746, 7.591899871826172, 7.719900131225586, 7.708700180053711, 7.094799995422363, 7.4710001945495605, 7.653600215911865, 7.314499855041504, 6.813399791717529, 7.160699844360352, 7.423399925231934, 6.799600124359131, 7.15749979019165, 6.918000221252441, 7.297100067138672, 7.377600193023682, 7.500699996948242, 7.1996002197265625, 7.492800235748291, 7.542200088500977, 7.6645002365112305, 7.722700119018555, 7.841800212860107, 7.030399799346924]"
