item_id,start,freq,target
T177,2014-12-29,W-SUN,"[2.9897000789642334, 3.9382998943328857, 2.816499948501587, 3.7223000526428223, 3.5576999187469482, 4.441400051116943, 3.7567999362945557, 4.097300052642822, 3.543100118637085, 4.058700084686279, 4.177800178527832, 4.156799793243408, 4.244800090789795, 4.06790018081665, 4.151599884033203, 4.185699939727783, 4.188799858093262, 4.1427998542785645, 4.233399868011475, 4.302999973297119, 4.095099925994873, 4.212299823760986, 4.281599998474121, 4.308199882507324, 4.347499847412109, 4.378799915313721, 3.9795000553131104, 4.923799991607666, 4.852700233459473, 4.189700126647949, 4.496600151062012, 4.405399799346924, 5.523900032043457, 4.351900100708008, 4.25629997253418, 4.13040018081665, 4.307600021362305, 4.303299903869629, 4.273200035095215, 4.251800060272217, 4.199900150299072, 4.263000011444092, 4.209199905395508, 4.0680999755859375, 4.066999912261963, 4.156799793243408, 4.249599933624268, 3.775099992752075, 4.067500114440918, 4.000199794769287, 4.752299785614014, 3.4518001079559326, 3.477299928665161, 3.768399953842163, 3.8104000091552734, 3.8541998863220215, 3.985300064086914, 4.044400215148926, 4.321100234985352, 5.124000072479248, 4.1072998046875, 3.8664000034332275, 3.970599889755249, 4.4994001388549805, 4.2845001220703125, 4.236199855804443, 4.099999904632568, 4.130899906158447, 4.167099952697754, 4.231599807739258, 4.224999904632568, 4.426599979400635, 4.263899803161621, 4.253600120544434, 4.311500072479248, 4.381400108337402, 4.443999767303467, 4.460100173950195, 4.141499996185303, 4.344699859619141, 4.381999969482422, 4.468400001525879, 4.5096001625061035, 4.415900230407715, 4.429100036621094, 4.359499931335449, 4.357500076293945, 4.156599998474121, 4.261000156402588, 4.418399810791016, 4.042699813842773, 4.186500072479248, 4.323800086975098, 4.099800109863281, 4.117499828338623, 4.0406999588012695]"
