item_id,start,freq,target
T247,2014-12-29,W-SUN,"[4.410399913787842, 5.679800033569336, 7.231500148773193, 6.506800174713135, 7.12060022354126, 7.707099914550781, 6.42609977722168, 6.154799938201904, 6.407899856567383, 6.963500022888184, 7.124899864196777, 6.8917999267578125, 7.260499954223633, 6.323999881744385, 6.320099830627441, 7.2357001304626465, 6.960999965667725, 6.891600131988525, 6.683300018310547, 7.375199794769287, 6.342199802398682, 7.3317999839782715, 7.64709997177124, 7.634099960327148, 8.098099708557129, 7.507699966430664, 5.570499897003174, 7.47160005569458, 7.621500015258789, 7.5254998207092285, 7.627799987792969, 7.264800071716309, 7.641200065612793, 7.800300121307373, 8.73069953918457, 6.688199996948242, 7.621699810028076, 7.567500114440918, 7.085899829864502, 8.235300064086914, 6.62939977645874, 7.259300231933594, 6.966400146484375, 7.338900089263916, 7.50029993057251, 7.842299938201904, 6.540299892425537, 7.30679988861084, 8.184800148010254, 8.182700157165527, 7.258900165557861, 4.006700038909912, 5.9217000007629395, 8.623100280761719, 7.05620002746582, 8.148300170898438, 7.8190999031066895, 7.104700088500977, 7.399499893188477, 6.540800094604492, 7.0731000900268555, 7.219399929046631, 7.367199897766113, 7.361499786376953, 6.867400169372559, 6.576600074768066, 6.528900146484375, 6.879199981689453, 7.341599941253662, 7.461900234222412, 7.667099952697754, 7.604499816894531, 8.12559986114502, 6.429200172424316, 7.91949987411499, 6.964000225067139, 7.089000225067139, 7.62939977645874, 5.497000217437744, 6.859499931335449, 7.9670000076293945, 7.967899799346924, 7.1234002113342285, 7.82919979095459, 7.872399806976318, 8.25220012664795, 8.124799728393555, 6.573699951171875, 7.80109977722168, 8.394100189208984, 7.677800178527832, 6.532400131225586, 7.417399883270264, 7.673099994659424, 6.817599773406982, 7.705900192260742]"
