item_id,start,freq,target
T298,2014-12-29,W-SUN,"[7.094399929046631, 7.688600063323975, 7.268700122833252, 8.43120002746582, 9.229999542236328, 10.070599555969238, 8.554300308227539, 9.30679988861084, 8.417400360107422, 12.779600143432617, 10.984999656677246, 11.590399742126465, 9.956700325012207, 10.520000457763672, 11.188799858093262, 11.154600143432617, 10.78969955444336, 11.013999938964844, 11.344300270080566, 10.955499649047852, 10.560999870300293, 10.736599922180176, 11.101099967956543, 11.218999862670898, 11.309399604797363, 11.161700248718262, 9.561800003051758, 11.491299629211426, 10.641799926757812, 13.001199722290039, 10.289199829101562, 12.589099884033203, 10.522700309753418, 10.889699935913086, 13.550999641418457, 10.531100273132324, 11.886500358581543, 12.903900146484375, 11.53600025177002, 11.672800064086914, 10.854299545288086, 11.148200035095215, 12.158900260925293, 11.754799842834473, 10.500100135803223, 11.33240032196045, 10.331899642944336, 9.425600051879883, 11.122699737548828, 11.369099617004395, 10.68529987335205, 8.833499908447266, 9.000900268554688, 9.926799774169922, 10.194299697875977, 10.265700340270996, 11.752300262451172, 10.44159984588623, 11.915300369262695, 11.353500366210938, 12.14330005645752, 9.917900085449219, 10.208900451660156, 8.869400024414062, 10.085100173950195, 10.94849967956543, 11.138799667358398, 9.177499771118164, 11.27910041809082, 9.946200370788574, 11.225799560546875, 9.724800109863281, 11.327099800109863, 9.25510025024414, 9.871399879455566, 10.705100059509277, 9.97070026397705, 10.131099700927734, 8.668499946594238, 9.464699745178223, 10.371899604797363, 8.52299976348877, 11.535900115966797, 8.443699836730957, 8.25059986114502, 8.712699890136719, 10.721699714660645, 11.070899963378906, 11.39009952545166, 11.885199546813965, 11.057100296020508, 10.84570026397705, 11.533699989318848, 11.412099838256836, 11.075400352478027, 10.366399765014648]"
