item_id,start,freq,target
T760,2015-01-25 00:00:00,W-SUN,"[[9.093899726867676, 9.32610034942627, 9.029399871826172, 9.234700202941895, 8.366700172424316, 9.248700141906738, 9.234700202941895, 9.326600074768066, 9.459400177001953, 9.401599884033203, 9.873900413513184, 9.467399597167969, 9.500499725341797, 9.487299919128418, 9.45259952545166, 9.475199699401855, 8.574399948120117, 9.589300155639648, 9.55679988861084, 9.523900032043457, 9.382599830627441, 9.495699882507324, 7.563199996948242, 9.494500160217285, 9.43910026550293, 9.395500183105469, 8.057499885559082, 9.668999671936035, 9.530500411987305, 9.910099983215332, 9.274299621582031, 8.376500129699707, 9.454000473022461, 9.735400199890137, 9.196200370788574, 9.372200012207031, 9.144399642944336, 9.916099548339844, 9.278400421142578, 9.149999618530273, 9.304499626159668, 9.182100296020508, 9.077699661254883, 7.921999931335449, 9.096500396728516, 9.993000030517578, 9.031499862670898, 6.577700138092041, 7.569699764251709, 9.196800231933594, 8.895299911499023, 9.292799949645996, 8.601200103759766, 9.420499801635742, 9.086899757385254, 9.235300064086914, 9.29259967803955, 9.034600257873535, 9.08329963684082, 9.411299705505371, 9.171500205993652, 9.434599876403809, 9.447500228881836, 9.353799819946289, 9.482600212097168, 9.538999557495117, 9.439800262451172, 9.912699699401855, 9.979999542236328, 8.760100364685059, 9.689900398254395, 9.446499824523926, 9.31089973449707, 9.74839973449707, 8.213299751281738, 9.405900001525879, 9.556500434875488, 8.825699806213379, 9.24530029296875, 9.406399726867676, 9.51669979095459, 9.729399681091309, 9.588500022888184, 8.342100143432617, 9.218000411987305, 9.754199981689453, 10.044899940490723, 9.650699615478516, 9.638899803161621, 8.48840045928955]]"
