item_id,start,freq,target
T207,2015-02-01 00:00:00,W-SUN,"[7.090000152587891, 7.2204999923706055, 7.761099815368652, 6.421800136566162, 7.161399841308594, 7.059800148010254, 7.116099834442139, 7.419400215148926, 6.771599769592285, 7.144599914550781, 7.828700065612793, 7.422900199890137, 7.614699840545654, 7.4105000495910645, 7.468400001525879, 6.628499984741211, 7.5192999839782715, 6.823800086975098, 7.24459981918335, 7.541299819946289, 7.168600082397461, 6.283999919891357, 7.214000225067139, 7.174600124359131, 6.942699909210205, 7.1184000968933105, 6.790200233459473, 7.001999855041504, 5.690100193023682, 6.883800029754639, 6.730000019073486, 6.592400074005127, 7.429500102996826, 7.92579984664917, 7.990099906921387, 8.292400360107422, 8.433500289916992, 7.552999973297119, 7.526000022888184, 7.293300151824951, 7.413300037384033, 7.476200103759766, 6.190499782562256, 7.2982001304626465, 8.068699836730957, 8.307299613952637, 5.74370002746582, 5.570899963378906, 7.142000198364258, 7.7480998039245605, 7.53439998626709, 7.182799816131592, 7.153900146484375, 7.112500190734863, 7.437900066375732, 7.489999771118164, 7.130799770355225, 8.417900085449219, 7.832300186157227, 8.60770034790039, 7.904699802398682, 8.251700401306152, 8.54699993133545, 7.0432000160217285, 7.830900192260742, 7.7596001625061035, 9.144100189208984, 7.809299945831299, 7.649700164794922, 8.706999778747559, 8.465800285339355, 8.464799880981445, 8.006799697875977, 6.838699817657471, 7.848100185394287, 9.07129955291748, 7.390399932861328, 8.015800476074219, 8.127300262451172, 9.014200210571289, 9.85830020904541, 7.9710001945495605, 8.231300354003906, 8.905799865722656, 8.831399917602539, 8.566200256347656, 7.769899845123291, 7.402299880981445, 7.4116997718811035, 7.867400169372559]"
