item_id,start,freq,target
T140,2014-12-29,W-SUN,"[6.051000118255615, 9.925800323486328, 9.413100242614746, 8.709099769592285, 10.283699989318848, 10.500399589538574, 9.968600273132324, 10.324999809265137, 9.806300163269043, 10.297900199890137, 10.277000427246094, 10.511699676513672, 10.222200393676758, 9.103500366210938, 9.801799774169922, 10.081100463867188, 9.831700325012207, 10.331399917602539, 9.191300392150879, 10.100099563598633, 9.278599739074707, 10.062100410461426, 10.524499893188477, 10.192099571228027, 10.201000213623047, 10.289799690246582, 8.551300048828125, 10.03689956665039, 10.00879955291748, 9.860400199890137, 9.004899978637695, 10.010700225830078, 10.320199966430664, 11.199899673461914, 10.443900108337402, 9.144200325012207, 10.679800033569336, 11.522199630737305, 10.784199714660645, 10.991499900817871, 10.730600357055664, 11.1181001663208, 12.017999649047852, 11.418299674987793, 11.11620044708252, 11.97439956665039, 11.121500015258789, 8.69159984588623, 10.903400421142578, 11.150099754333496, 9.729900360107422, 5.7540998458862305, 7.231200218200684, 10.136300086975098, 9.35990047454834, 10.720800399780273, 10.402999877929688, 10.745800018310547, 10.504199981689453, 10.639200210571289, 9.26259994506836, 12.285400390625, 12.550800323486328, 11.937999725341797, 11.070799827575684, 10.887499809265137, 11.353500366210938, 11.8641996383667, 12.191399574279785, 11.42650032043457, 12.242300033569336, 11.903599739074707, 12.025500297546387, 9.209400177001953, 10.933799743652344, 10.980199813842773, 10.534199714660645, 10.527400016784668, 8.340800285339355, 10.710200309753418, 10.860099792480469, 10.50730037689209, 10.27280044555664, 10.126199722290039, 10.178000450134277, 10.54069995880127, 11.163700103759766, 8.920900344848633, 11.291999816894531, 13.715200424194336, 14.288999557495117, 12.29069995880127, 11.183099746704102, 11.079400062561035, 11.315600395202637, 10.55720043182373]"
