item_id,start,freq,target
T341,2014-12-29,W-SUN,"[6.519199848175049, 7.304299831390381, 7.202700138092041, 6.7657999992370605, 7.695799827575684, 7.236400127410889, 7.398399829864502, 7.6016998291015625, 6.669400215148926, 7.633299827575684, 8.264699935913086, 7.6981000900268555, 7.650400161743164, 7.824399948120117, 7.726500034332275, 8.136699676513672, 7.80019998550415, 7.913599967956543, 7.946899890899658, 7.887800216674805, 7.566699981689453, 7.960100173950195, 7.997200012207031, 7.909800052642822, 7.981200218200684, 7.931700229644775, 7.081299781799316, 7.291500091552734, 7.873799800872803, 7.934299945831299, 7.700900077819824, 7.756999969482422, 7.941800117492676, 8.001999855041504, 8.01259994506836, 7.537499904632568, 8.0556001663208, 8.084699630737305, 7.976500034332275, 8.001700401306152, 8.050200462341309, 8.077899932861328, 8.047900199890137, 7.827099800109863, 8.096099853515625, 8.01099967956543, 8.32800006866455, 6.415599822998047, 8.103699684143066, 8.255900382995605, 8.335800170898438, 6.36870002746582, 6.682600021362305, 7.450500011444092, 7.423500061035156, 7.4842000007629395, 7.625199794769287, 7.68310022354126, 7.68720006942749, 7.7104997634887695, 7.995100021362305, 7.561699867248535, 7.7220001220703125, 8.192999839782715, 7.9695000648498535, 7.765900135040283, 7.877500057220459, 8.320699691772461, 8.169899940490723, 8.00570011138916, 8.09570026397705, 8.07859992980957, 8.24370002746582, 7.758999824523926, 7.989799976348877, 8.141300201416016, 8.053199768066406, 8.136500358581543, 7.417600154876709, 8.044699668884277, 9.03969955444336, 8.037500381469727, 8.113699913024902, 8.107399940490723, 8.097999572753906, 8.18690013885498, 8.030400276184082, 7.548999786376953, 8.477800369262695, 8.32229995727539, 8.30679988861084, 7.039299964904785, 8.230999946594238, 7.919000148773193, 8.226200103759766, 7.498199939727783]"
