item_id,start,freq,target
T345,2014-12-29,W-SUN,"[8.071200370788574, 11.897700309753418, 10.993200302124023, 10.847200393676758, 11.496600151062012, 10.959400177001953, 11.754799842834473, 12.294599533081055, 11.3951997756958, 11.572600364685059, 11.60260009765625, 11.326000213623047, 11.052800178527832, 10.86709976196289, 11.793499946594238, 11.891300201416016, 12.020500183105469, 11.906200408935547, 11.865599632263184, 11.700499534606934, 10.743800163269043, 11.32289981842041, 12.40939998626709, 11.42710018157959, 11.820300102233887, 11.642999649047852, 9.797300338745117, 11.904899597167969, 11.429800033569336, 11.903800010681152, 11.286399841308594, 11.41189956665039, 11.4266996383667, 12.019800186157227, 12.64009952545166, 11.17389965057373, 12.416899681091309, 12.491900444030762, 12.745599746704102, 12.594200134277344, 12.015899658203125, 12.834099769592285, 12.605500221252441, 12.832300186157227, 12.128399848937988, 12.559000015258789, 11.397700309753418, 10.077899932861328, 12.104299545288086, 11.582599639892578, 10.755999565124512, 7.524400234222412, 9.582300186157227, 12.01259994506836, 11.298399925231934, 11.849300384521484, 12.254599571228027, 11.749899864196777, 12.228899955749512, 11.918299674987793, 12.609000205993652, 11.822500228881836, 11.355600357055664, 9.744099617004395, 9.54699993133545, 10.388299942016602, 9.628800392150879, 10.017399787902832, 11.168100357055664, 12.618599891662598, 12.20930004119873, 12.407699584960938, 12.73270034790039, 11.73449993133545, 12.4197998046875, 12.525400161743164, 12.861599922180176, 12.219499588012695, 9.937999725341797, 12.390999794006348, 12.596400260925293, 12.678000450134277, 12.528400421142578, 11.749600410461426, 12.338199615478516, 12.980899810791016, 12.694999694824219, 10.98330020904541, 12.884699821472168, 12.829299926757812, 13.815199851989746, 11.40410041809082, 13.27400016784668, 13.29419994354248, 13.1875, 12.708600044250488]"
