item_id,start,freq,target
T351,2014-12-29,W-SUN,"[11.326800346374512, 13.881400108337402, 13.384699821472168, 13.266200065612793, 12.976099967956543, 12.187600135803223, 13.116999626159668, 12.748000144958496, 11.912699699401855, 13.240799903869629, 14.174599647521973, 13.393199920654297, 14.093999862670898, 13.059100151062012, 13.395299911499023, 13.027799606323242, 13.467599868774414, 13.681300163269043, 13.707799911499023, 13.729499816894531, 11.6225004196167, 11.201700210571289, 11.68690013885498, 12.83489990234375, 13.672300338745117, 13.489399909973145, 12.473099708557129, 12.465700149536133, 14.33430004119873, 14.356100082397461, 14.05370044708252, 14.212400436401367, 14.011300086975098, 11.598699569702148, 13.755000114440918, 13.299599647521973, 14.2121000289917, 14.029899597167969, 14.255999565124512, 14.494500160217285, 13.936300277709961, 14.663599967956543, 13.596799850463867, 13.823699951171875, 14.232099533081055, 14.751799583435059, 15.114800453186035, 12.225700378417969, 12.23169994354248, 13.624199867248535, 14.18529987335205, 11.578900337219238, 12.047300338745117, 12.172699928283691, 11.362899780273438, 13.33549976348877, 11.473600387573242, 13.57759952545166, 13.59850025177002, 14.168899536132812, 14.290200233459473, 11.43340015411377, 10.859600067138672, 14.504500389099121, 13.866399765014648, 13.285799980163574, 11.152400016784668, 12.588299751281738, 11.488800048828125, 13.010000228881836, 13.347800254821777, 12.894200325012207, 13.455699920654297, 13.223600387573242, 13.322500228881836, 12.829500198364258, 13.565299987792969, 13.03689956665039, 12.701800346374512, 13.125399589538574, 13.424200057983398, 13.36240005493164, 13.208000183105469, 13.14210033416748, 13.933600425720215, 14.113300323486328, 12.916999816894531, 12.123499870300293, 12.740099906921387, 13.179100036621094, 12.358799934387207, 12.854900360107422, 13.425999641418457, 12.979299545288086, 13.842100143432617, 12.048600196838379]"
