item_id,start,freq,target
T22,2014-12-29,W-SUN,"[7.700500011444092, 7.700500011444092, 7.700500011444092, 7.700500011444092, 7.700500011444092, 7.700500011444092, 8.27280044555664, 10.312399864196777, 9.7391996383667, 10.795100212097168, 10.545499801635742, 10.821900367736816, 10.491900444030762, 9.951499938964844, 10.135700225830078, 10.624099731445312, 9.945099830627441, 10.65149974822998, 10.900099754333496, 11.28279972076416, 10.312100410461426, 10.70930004119873, 11.524100303649902, 11.474800109863281, 11.11620044708252, 11.997699737548828, 9.36520004272461, 11.128999710083008, 11.996199607849121, 12.003000259399414, 11.68340015411377, 11.482199668884277, 11.628199577331543, 13.025400161743164, 11.937700271606445, 10.64050006866455, 11.537300109863281, 13.163000106811523, 11.524999618530273, 11.133600234985352, 11.328700065612793, 7.084099769592285, 11.660599708557129, 12.649399757385254, 11.885000228881836, 12.783900260925293, 12.53030014038086, 9.596400260925293, 12.000800132751465, 13.050600051879883, 12.224900245666504, 6.778800010681152, 8.994500160217285, 10.893400192260742, 10.527099609375, 11.123700141906738, 10.973400115966797, 10.835200309753418, 10.841400146484375, 11.00570011138916, 11.788299560546875, 10.31350040435791, 10.62660026550293, 11.634900093078613, 11.002799987792969, 10.038800239562988, 10.28849983215332, 11.355600357055664, 11.611000061035156, 11.846799850463867, 11.367899894714355, 11.93910026550293, 12.557600021362305, 10.815299987792969, 11.87339973449707, 11.93179988861084, 11.897100448608398, 11.557100296020508, 9.223899841308594, 11.278300285339355, 12.121000289916992, 11.808500289916992, 11.450799942016602, 11.25100040435791, 11.84630012512207, 12.16759967803955, 13.014100074768066, 9.979700088500977, 12.72920036315918, 11.295900344848633, 13.880900382995605, 12.294599533081055, 13.91919994354248, 14.410400390625, 14.711199760437012, 13.837599754333496]"
