item_id,start,freq,target
T515,2014-12-29,W-SUN,"[6.819799900054932, 9.223799705505371, 7.719299793243408, 7.63539981842041, 7.8815999031066895, 7.979100227355957, 8.05370044708252, 8.459799766540527, 8.230299949645996, 8.315199851989746, 7.307400226593018, 7.076700210571289, 7.90310001373291, 6.8516998291015625, 8.060099601745605, 8.79419994354248, 7.883800029754639, 9.260100364685059, 9.738499641418457, 8.20479965209961, 7.194699764251709, 7.994999885559082, 9.451700210571289, 7.726900100708008, 8.576800346374512, 9.039199829101562, 6.630799770355225, 8.819299697875977, 8.531299591064453, 9.035699844360352, 7.708899974822998, 7.159999847412109, 7.710100173950195, 8.302200317382812, 7.980999946594238, 7.891499996185303, 8.432000160217285, 9.747599601745605, 8.751299858093262, 9.786199569702148, 9.235300064086914, 9.25529956817627, 8.502599716186523, 9.325400352478027, 8.806599617004395, 9.391200065612793, 7.778200149536133, 6.927599906921387, 7.665800094604492, 6.8358001708984375, 6.585000038146973, 4.736400127410889, 5.633699893951416, 8.237299919128418, 7.66540002822876, 7.919000148773193, 7.515600204467773, 8.125, 7.750999927520752, 8.396300315856934, 9.00730037689209, 8.06309986114502, 7.260799884796143, 8.334099769592285, 6.675600051879883, 8.300800323486328, 7.427299976348877, 8.940600395202637, 9.26930046081543, 8.814800262451172, 7.797299861907959, 10.304200172424316, 9.300100326538086, 8.7568998336792, 8.702099800109863, 9.252099990844727, 8.966300010681152, 8.38070011138916, 6.225599765777588, 9.01039981842041, 9.244999885559082, 8.218099594116211, 7.8881001472473145, 7.666900157928467, 7.924300193786621, 8.495599746704102, 8.54259967803955, 7.881899833679199, 8.906599998474121, 8.707500457763672, 10.398900032043457, 10.056900024414062, 9.397700309753418, 9.085800170898438, 9.066699981689453, 8.352299690246582]"
