item_id,start,freq,target
T633,2014-12-29,W-SUN,"[7.824100017547607, 14.96780014038086, 10.223400115966797, 10.84850025177002, 12.576000213623047, 13.648699760437012, 13.222200393676758, 14.208000183105469, 13.752599716186523, 13.201199531555176, 12.544500350952148, 15.490500450134277, 15.333999633789062, 12.686200141906738, 17.643999099731445, 20.731000900268555, 14.997599601745605, 15.370100021362305, 22.420799255371094, 14.548999786376953, 15.060199737548828, 15.086400032043457, 15.094499588012695, 17.20669937133789, 14.265600204467773, 16.515100479125977, 11.38700008392334, 20.53700065612793, 16.158899307250977, 18.354299545288086, 13.287500381469727, 16.513700485229492, 15.057900428771973, 18.676000595092773, 17.93950080871582, 15.520500183105469, 18.61520004272461, 21.611900329589844, 17.36050033569336, 17.83690071105957, 15.64900016784668, 15.74370002746582, 16.66010093688965, 14.422699928283691, 13.508700370788574, 14.741999626159668, 14.154000282287598, 11.680800437927246, 14.642900466918945, 16.968700408935547, 14.42650032043457, 7.47130012512207, 11.345800399780273, 10.255200386047363, 11.550600051879883, 10.452799797058105, 12.349300384521484, 10.659600257873535, 14.679400444030762, 12.383899688720703, 14.591099739074707, 12.756600379943848, 14.705499649047852, 15.779000282287598, 12.620400428771973, 14.812600135803223, 15.124500274658203, 17.24340057373047, 17.959199905395508, 13.421699523925781, 16.108400344848633, 11.744099617004395, 19.042800903320312, 13.112299919128418, 10.569000244140625, 19.167800903320312, 14.286999702453613, 16.84709930419922, 8.021599769592285, 13.125499725341797, 17.316499710083008, 16.817699432373047, 16.97640037536621, 12.55049991607666, 18.746599197387695, 16.689199447631836, 18.186399459838867, 14.583200454711914, 17.62350082397461, 21.51729965209961, 18.585599899291992, 18.71809959411621, 17.82309913635254, 14.508399963378906, 14.013199806213379, 16.19070053100586]"
