item_id,start,freq,target
T608,2015-01-11 00:00:00,W-SUN,"[[5.601200103759766, 7.946100234985352, 7.663599967956543, 7.814499855041504, 7.786099910736084, 7.757999897003174, 7.274400234222412, 7.899199962615967, 7.561200141906738, 7.600500106811523, 8.174799919128418, 8.119999885559082, 8.389399528503418, 8.263400077819824, 7.7418999671936035, 9.808699607849121, 9.683600425720215, 8.208000183105469, 8.335000038146973, 8.095199584960938, 8.307499885559082, 8.551300048828125, 8.144100189208984, 7.7515997886657715, 8.114299774169922, 8.086400032043457, 7.847700119018555, 8.424599647521973, 9.406200408935547, 10.663000106811523, 9.15429973602295, 9.303400039672852, 11.189499855041504, 11.234999656677246, 11.09060001373291, 12.339799880981445, 8.63539981842041, 10.226300239562988, 10.128399848937988, 9.704999923706055, 10.456600189208984, 10.62279987335205, 11.099699974060059, 10.409700393676758, 6.363800048828125, 6.555300235748291, 7.375400066375732, 8.679300308227539, 8.235300064086914, 6.283199787139893, 16.670900344848633, 33.702999114990234, 33.944698333740234, 32.97779846191406, 31.81220054626465, 32.89059829711914, 18.635000228881836, 21.22410011291504, 26.17799949645996, 31.930400848388672, 32.71310043334961, 30.685400009155273, 33.368099212646484, 29.607200622558594, 33.554298400878906, 40.942298889160156, 29.01919937133789, 22.36050033569336, 6.553899765014648, 6.556300163269043, 6.564000129699707, 6.406099796295166, 6.688499927520752, 7.3404998779296875, 8.523500442504883, 7.606900215148926, 7.436100006103516, 7.809700012207031, 7.733500003814697, 7.333799839019775, 8.866499900817871, 7.743000030517578, 8.18809986114502, 8.142200469970703, 7.857100009918213, 7.880799770355225, 7.771900177001953, 7.925600051879883, 7.844200134277344, 8.121199607849121]]"
