item_id,start,freq,target
T604,2014-12-29,W-SUN,"[3.889899969100952, 3.889899969100952, 3.889899969100952, 3.889899969100952, 3.889899969100952, 3.889899969100952, 3.889899969100952, 3.889899969100952, 3.5253000259399414, 3.891200065612793, 3.889899969100952, 3.889899969100952, 4.064700126647949, 5.104400157928467, 4.921299934387207, 4.797500133514404, 4.797500133514404, 4.662099838256836, 3.889899969100952, 3.889899969100952, 3.889899969100952, 3.889899969100952, 3.889899969100952, 3.889899969100952, 3.889899969100952, 3.889899969100952, 3.889899969100952, 3.889899969100952, 3.889899969100952, 3.889899969100952, 3.889899969100952, 3.889899969100952, 3.889899969100952, 3.889899969100952, 3.889899969100952, 3.889899969100952, 3.889899969100952, 3.889899969100952, 3.889899969100952, 3.889899969100952, 3.889899969100952, 3.889899969100952, 3.889899969100952, 3.8847999572753906, 3.889899969100952, 3.889899969100952, 3.889899969100952, 3.889899969100952, 3.889899969100952, 3.889899969100952, 3.889899969100952, 3.889899969100952, 3.889899969100952, 3.889899969100952, 3.889899969100952, 3.889899969100952, 3.889899969100952, 3.889899969100952, 3.890399932861328, 3.889899969100952, 3.889899969100952, 3.889899969100952, 3.891200065612793, 3.889899969100952, 5.202300071716309, 8.497200012207031, 8.914199829101562, 8.575900077819824, 8.915300369262695, 8.736800193786621, 8.991000175476074, 9.313899993896484, 9.450900077819824, 9.299799919128418, 9.412699699401855, 9.482799530029297, 9.454899787902832, 9.4891996383667, 9.326499938964844, 9.343999862670898, 9.419599533081055, 8.826600074768066, 8.986100196838379, 9.357999801635742, 4.900400161743164, 3.889899969100952, 3.889899969100952, 8.36240005493164, 9.307900428771973, 9.098099708557129, 8.614999771118164, 8.574299812316895, 8.745699882507324, 8.51360034942627, 8.58240032196045, 8.611900329589844]"
