item_id,start,freq,target
T342,2015-01-04 00:00:00,W-SUN,"[[6.9095001220703125, 6.460299968719482, 6.698999881744385, 7.196899890899658, 7.313300132751465, 6.225599765777588, 7.032700061798096, 6.294600009918213, 7.269899845123291, 7.466599941253662, 6.531599998474121, 6.646299839019775, 6.300099849700928, 6.515600204467773, 6.434100151062012, 6.3780999183654785, 6.357100009918213, 6.515699863433838, 6.434500217437744, 6.404399871826172, 6.627200126647949, 6.565999984741211, 6.669099807739258, 6.716100215911865, 6.781700134277344, 6.3572001457214355, 6.574100017547607, 6.827400207519531, 6.774899959564209, 6.736800193786621, 6.7195000648498535, 6.46999979019165, 6.526899814605713, 6.739500045776367, 6.409999847412109, 6.493500232696533, 6.576700210571289, 6.621699810028076, 6.493299961090088, 6.537600040435791, 6.6031999588012695, 6.560200214385986, 6.822500228881836, 6.317200183868408, 6.470799922943115, 6.729300022125244, 6.0894999504089355, 6.293700218200684, 6.309700012207031, 6.689899921417236, 6.493800163269043, 5.7027997970581055, 6.21750020980835, 6.090400218963623, 6.249499797821045, 6.366099834442139, 6.5019001960754395, 6.535699844360352, 6.523499965667725, 6.426499843597412, 5.730899810791016, 5.885900020599365, 6.1417999267578125, 7.13070011138916, 6.672900199890137, 6.520299911499023, 6.598299980163574, 6.24399995803833, 6.033100128173828, 6.782700061798096, 6.247700214385986, 5.899199962615967, 5.951499938964844, 5.9654998779296875, 6.109399795532227, 6.093500137329102, 6.17549991607666, 5.99370002746582, 5.9232001304626465, 6.077899932861328, 6.2316999435424805, 5.696700096130371, 6.452899932861328, 6.230899810791016, 6.214700222015381, 5.975500106811523, 6.962100028991699, 7.740300178527832, 8.373900413513184, 8.07409954071045]]"
