item_id,start,freq,target
T771,2014-12-29,W-SUN,"[9.496500015258789, 12.174300193786621, 11.121199607849121, 11.229100227355957, 12.036999702453613, 10.665800094604492, 11.605500221252441, 14.091400146484375, 11.622099876403809, 11.624600410461426, 12.110099792480469, 12.55109977722168, 11.470499992370605, 10.953399658203125, 11.836999893188477, 12.563300132751465, 11.331500053405762, 11.677300453186035, 13.42959976196289, 12.59179973602295, 12.320699691772461, 13.438799858093262, 12.244199752807617, 11.685799598693848, 11.104900360107422, 11.545100212097168, 9.455900192260742, 11.420499801635742, 11.946700096130371, 11.713500022888184, 11.378700256347656, 11.544500350952148, 12.058099746704102, 12.11769962310791, 11.690099716186523, 9.785400390625, 11.84630012512207, 11.756600379943848, 12.080599784851074, 11.32229995727539, 11.006799697875977, 11.115599632263184, 11.90250015258789, 11.933600425720215, 11.845800399780273, 13.169099807739258, 12.869600296020508, 9.773599624633789, 11.556599617004395, 14.20110034942627, 11.335800170898438, 7.511000156402588, 9.067399978637695, 10.650099754333496, 11.68529987335205, 11.824299812316895, 11.286800384521484, 10.688699722290039, 10.893199920654297, 10.072999954223633, 10.449799537658691, 10.329400062561035, 12.353500366210938, 12.809900283813477, 11.59280014038086, 10.97439956665039, 10.27400016784668, 11.36870002746582, 10.818099975585938, 11.758600234985352, 11.887499809265137, 12.6628999710083, 12.885199546813965, 10.224800109863281, 12.678400039672852, 12.453100204467773, 11.859800338745117, 10.901599884033203, 9.244099617004395, 10.381799697875977, 11.429499626159668, 10.775099754333496, 11.338299751281738, 10.99370002746582, 10.750300407409668, 11.798700332641602, 10.00059986114502, 9.070300102233887, 11.05210018157959, 11.457599639892578, 10.37279987335205, 11.049699783325195, 10.6673002243042, 10.252300262451172, 11.065099716186523, 10.658699989318848]"
