item_id,start,freq,target
T343,2015-01-11 00:00:00,W-SUN,"[[6.144599914550781, 9.561400413513184, 9.967100143432617, 9.72070026397705, 10.442700386047363, 10.505499839782715, 9.884499549865723, 10.652799606323242, 10.587200164794922, 10.675200462341309, 11.283100128173828, 10.148599624633789, 10.547499656677246, 10.699600219726562, 10.470000267028809, 10.500900268554688, 10.2746000289917, 11.660599708557129, 10.42080020904541, 11.058300018310547, 11.571700096130371, 11.461899757385254, 11.495499610900879, 10.775300025939941, 9.676199913024902, 10.612299919128418, 10.5201997756958, 10.9798002243042, 11.388500213623047, 10.91349983215332, 10.428899765014648, 11.233799934387207, 11.267600059509277, 10.184300422668457, 11.010100364685059, 11.359199523925781, 10.767999649047852, 11.270600318908691, 10.933500289916992, 12.48069953918457, 10.995200157165527, 11.097299575805664, 11.044500350952148, 11.536199569702148, 11.724800109863281, 9.124699592590332, 11.20009994506836, 11.443699836730957, 12.13700008392334, 8.438599586486816, 7.778500080108643, 9.964799880981445, 10.017999649047852, 10.00220012664795, 11.336199760437012, 11.28950023651123, 10.466699600219727, 10.824899673461914, 10.890000343322754, 10.915200233459473, 10.759900093078613, 10.036700248718262, 11.861100196838379, 10.775300025939941, 10.35509967803955, 11.904600143432617, 11.414199829101562, 11.3193998336792, 9.141799926757812, 11.011300086975098, 11.157500267028809, 12.041799545288086, 11.549400329589844, 11.612099647521973, 12.025699615478516, 11.488300323486328, 10.137999534606934, 10.968799591064453, 11.845100402832031, 10.65530014038086, 10.396499633789062, 11.364100456237793, 11.381699562072754, 11.300299644470215, 11.686699867248535, 9.405400276184082, 11.389300346374512, 9.852299690246582, 10.328800201416016, 11.127699851989746]]"
