item_id,start,freq,target
T272,2014-12-29,W-SUN,"[8.60420036315918, 9.117400169372559, 12.25409984588623, 11.638500213623047, 13.719599723815918, 12.885100364685059, 12.865900039672852, 12.990900039672852, 11.974499702453613, 13.60669994354248, 13.093099594116211, 12.993599891662598, 13.339799880981445, 12.399499893188477, 12.975700378417969, 13.186699867248535, 13.032699584960938, 12.728300094604492, 12.978400230407715, 12.572600364685059, 11.980899810791016, 12.833200454711914, 13.57610034942627, 12.96660041809082, 12.680800437927246, 13.022000312805176, 11.468099594116211, 13.191800117492676, 13.030799865722656, 13.038200378417969, 12.606900215148926, 12.574199676513672, 12.693699836730957, 13.00979995727539, 12.911999702453613, 12.723999977111816, 13.906800270080566, 13.65060043334961, 13.249600410461426, 13.292099952697754, 13.102800369262695, 13.309300422668457, 13.434499740600586, 13.718600273132324, 12.975500106811523, 12.54580020904541, 12.86620044708252, 11.178799629211426, 12.89210033416748, 13.295100212097168, 12.197999954223633, 9.467399597167969, 10.583000183105469, 12.249099731445312, 12.46780014038086, 12.501799583435059, 12.826199531555176, 12.569000244140625, 12.87440013885498, 12.899900436401367, 13.804300308227539, 12.979399681091309, 12.343600273132324, 13.199000358581543, 12.652999877929688, 12.301199913024902, 13.326499938964844, 13.298100471496582, 13.191399574279785, 12.871899604797363, 13.652899742126465, 13.298299789428711, 13.672599792480469, 13.155799865722656, 14.052200317382812, 13.565799713134766, 14.036600112915039, 14.07129955291748, 11.71310043334961, 14.078300476074219, 13.81820011138916, 13.809599876403809, 13.512299537658691, 14.503800392150879, 14.284899711608887, 13.279899597167969, 13.520400047302246, 12.219799995422363, 13.757499694824219, 14.427499771118164, 14.069299697875977, 11.152799606323242, 14.10159969329834, 13.106800079345703, 13.585399627685547, 12.387399673461914]"
