item_id,start,freq,target
T251,2014-12-29,W-SUN,"[7.108699798583984, 10.313599586486816, 9.586799621582031, 7.7428998947143555, 10.094099998474121, 9.766900062561035, 10.598400115966797, 12.258600234985352, 10.817000389099121, 11.898200035095215, 12.003600120544434, 11.834400177001953, 11.971599578857422, 11.577699661254883, 11.358599662780762, 11.316699981689453, 10.718099594116211, 11.286999702453613, 11.65719985961914, 11.793399810791016, 11.22659969329834, 11.275099754333496, 11.703100204467773, 12.216899871826172, 11.201299667358398, 11.625200271606445, 9.520400047302246, 11.07289981842041, 11.419400215148926, 11.111200332641602, 11.888999938964844, 11.362899780273438, 11.734100341796875, 12.20740032196045, 11.731100082397461, 10.79259967803955, 11.470100402832031, 12.229399681091309, 11.521100044250488, 12.029999732971191, 11.96310043334961, 12.330699920654297, 12.185500144958496, 11.484000205993652, 11.29539966583252, 11.870499610900879, 12.058600425720215, 10.264800071716309, 11.429200172424316, 12.685400009155273, 12.169599533081055, 8.581199645996094, 8.052200317382812, 10.343299865722656, 10.64739990234375, 11.338600158691406, 11.606200218200684, 11.861200332641602, 11.09630012512207, 12.472399711608887, 11.764699935913086, 10.968199729919434, 11.169099807739258, 10.801199913024902, 11.849499702453613, 11.992899894714355, 11.459400177001953, 12.201600074768066, 11.803600311279297, 11.565099716186523, 12.10990047454834, 12.374600410461426, 12.195199966430664, 12.449299812316895, 13.500800132751465, 14.349800109863281, 13.89430046081543, 13.131600379943848, 11.834699630737305, 12.920700073242188, 13.209500312805176, 13.67590045928955, 13.59119987487793, 12.954299926757812, 13.239100456237793, 14.002699851989746, 13.734000205993652, 11.918600082397461, 13.508899688720703, 14.334400177001953, 13.582200050354004, 11.956000328063965, 14.938300132751465, 13.915499687194824, 14.426300048828125, 12.776599884033203]"
