item_id,start,freq,target
T745,2014-12-29,W-SUN,"[7.41540002822876, 8.102700233459473, 8.980500221252441, 8.34220027923584, 8.352999687194824, 7.951399803161621, 8.771499633789062, 8.542400360107422, 7.377900123596191, 8.638500213623047, 8.5423002243042, 8.469499588012695, 8.748800277709961, 8.618800163269043, 8.664600372314453, 8.86359977722168, 8.539999961853027, 8.633999824523926, 8.669400215148926, 8.544300079345703, 8.9552001953125, 8.71150016784668, 8.661199569702148, 9.595100402832031, 9.53499984741211, 9.404800415039062, 10.292400360107422, 9.349699974060059, 9.998900413513184, 9.990699768066406, 10.173100471496582, 9.703700065612793, 9.350799560546875, 9.194299697875977, 8.902899742126465, 9.638400077819824, 8.86460018157959, 9.430500030517578, 9.027899742126465, 8.645700454711914, 8.807600021362305, 8.743499755859375, 8.531599998474121, 8.34220027923584, 8.564200401306152, 8.246800422668457, 9.828399658203125, 9.480899810791016, 9.049599647521973, 8.605199813842773, 10.254599571228027, 9.47659969329834, 7.72599983215332, 8.258700370788574, 9.394100189208984, 8.957500457763672, 8.520400047302246, 8.579899787902832, 9.383899688720703, 9.177499771118164, 9.062800407409668, 8.428799629211426, 8.955100059509277, 8.800800323486328, 10.039299964904785, 8.957799911499023, 8.725700378417969, 9.164400100708008, 8.937600135803223, 8.84160041809082, 8.953200340270996, 8.894800186157227, 9.404399871826172, 9.717000007629395, 9.333499908447266, 10.03969955444336, 9.801899909973145, 9.670000076293945, 10.742799758911133, 9.293600082397461, 9.840700149536133, 9.336700439453125, 9.859399795532227, 9.305899620056152, 9.456399917602539, 9.157999992370605, 9.170299530029297, 9.039400100708008, 8.91670036315918, 9.240599632263184, 8.849900245666504, 8.88539981842041, 8.937800407409668, 8.489500045776367, 8.947099685668945, 8.565699577331543]"
