item_id,start,freq,target
T780,2014-12-29,W-SUN,"[7.321800231933594, 8.424500465393066, 8.305000305175781, 8.98270034790039, 8.354100227355957, 8.605899810791016, 8.526599884033203, 8.74120044708252, 7.968900203704834, 8.88290023803711, 9.1225004196167, 8.956899642944336, 8.656000137329102, 8.320199966430664, 8.581199645996094, 8.961600303649902, 8.397100448608398, 9.238800048828125, 8.935400009155273, 8.934900283813477, 8.378999710083008, 8.855400085449219, 9.034299850463867, 8.803999900817871, 8.398599624633789, 8.335800170898438, 7.725299835205078, 8.97599983215332, 8.654999732971191, 8.394100189208984, 8.578900337219238, 8.654600143432617, 8.456700325012207, 9.0246000289917, 7.860899925231934, 9.029800415039062, 9.56779956817627, 9.700300216674805, 9.342700004577637, 9.470800399780273, 9.086799621582031, 9.318099975585938, 9.380200386047363, 9.509599685668945, 9.457500457763672, 9.97439956665039, 9.038299560546875, 8.066900253295898, 9.13479995727539, 9.610300064086914, 9.211000442504883, 7.216700077056885, 8.07699966430664, 8.812399864196777, 8.955599784851074, 9.126999855041504, 9.234399795532227, 9.373600006103516, 9.229700088500977, 9.289799690246582, 9.23799991607666, 8.280099868774414, 8.555500030517578, 9.088000297546387, 8.785599708557129, 8.779800415039062, 8.973400115966797, 10.041399955749512, 9.597299575805664, 9.520899772644043, 9.253199577331543, 9.913700103759766, 9.555299758911133, 9.729499816894531, 9.79990005493164, 9.22700023651123, 9.371299743652344, 9.116499900817871, 8.326800346374512, 9.10789966583252, 9.20580005645752, 9.183699607849121, 9.181500434875488, 9.568400382995605, 9.755599975585938, 10.07450008392334, 10.413200378417969, 9.396200180053711, 10.171699523925781, 10.329500198364258, 10.538100242614746, 10.13659954071045, 9.66510009765625, 10.38230037689209, 10.21969985961914, 9.207500457763672]"
