item_id,start,freq,target
T588,2014-12-29,W-SUN,"[4.578499794006348, 5.995500087738037, 5.455999851226807, 5.309999942779541, 5.406000137329102, 5.29610013961792, 5.820000171661377, 5.611999988555908, 5.0391998291015625, 5.483699798583984, 5.507299900054932, 5.754000186920166, 6.128799915313721, 5.917699813842773, 5.983099937438965, 5.63700008392334, 6.282700061798096, 5.651199817657471, 5.702099800109863, 6.652100086212158, 5.665999889373779, 6.012599945068359, 6.297699928283691, 6.546899795532227, 6.487199783325195, 5.893599987030029, 5.422500133514404, 6.814499855041504, 5.790800094604492, 6.315800189971924, 5.684700012207031, 5.640900135040283, 5.6082000732421875, 6.113500118255615, 5.555699825286865, 5.375100135803223, 6.007199764251709, 6.083799839019775, 5.613699913024902, 5.767300128936768, 5.532599925994873, 5.521599769592285, 5.570499897003174, 5.402699947357178, 5.8119001388549805, 5.729599952697754, 5.6996002197265625, 5.067999839782715, 5.924099922180176, 6.297100067138672, 5.648200035095215, 4.940899848937988, 4.6296000480651855, 5.231900215148926, 5.747200012207031, 5.287700176239014, 5.226799964904785, 5.670300006866455, 5.289400100708008, 5.666100025177002, 5.591300010681152, 5.606200218200684, 6.050600051879883, 5.789100170135498, 6.097400188446045, 5.654399871826172, 5.6427998542785645, 7.1427001953125, 6.7729997634887695, 6.76230001449585, 5.9355998039245605, 6.22790002822876, 6.053699970245361, 5.885700225830078, 6.638199806213379, 6.601799964904785, 5.894700050354004, 5.999599933624268, 5.793300151824951, 5.894000053405762, 5.8394999504089355, 5.455999851226807, 5.991499900817871, 5.750500202178955, 6.3144001960754395, 5.707300186157227, 5.878399848937988, 5.273799896240234, 5.601900100708008, 6.026800155639648, 5.577899932861328, 5.667300224304199, 5.633500099182129, 4.882699966430664, 5.576200008392334, 5.394599914550781]"
