item_id,start,freq,target
T805,2014-12-29,W-SUN,"[12.766900062561035, 15.21399974822998, 15.10789966583252, 14.372099876403809, 15.107099533081055, 15.769000053405762, 14.481499671936035, 15.998900413513184, 14.51830005645752, 17.04129981994629, 16.51259994506836, 17.2101993560791, 16.632600784301758, 14.632499694824219, 16.643199920654297, 17.68910026550293, 16.017799377441406, 16.214000701904297, 16.361400604248047, 15.925100326538086, 15.881999969482422, 16.448299407958984, 17.14069938659668, 17.158700942993164, 16.16360092163086, 16.774999618530273, 14.35509967803955, 16.467199325561523, 16.977399826049805, 16.393600463867188, 16.487300872802734, 16.413999557495117, 16.547100067138672, 17.896299362182617, 15.404399871826172, 15.71780014038086, 17.884000778198242, 17.533199310302734, 13.128299713134766, 16.642900466918945, 16.561899185180664, 16.665800094604492, 16.78030014038086, 16.56730079650879, 16.461999893188477, 16.533199310302734, 16.818700790405273, 12.946999549865723, 14.259400367736816, 17.82040023803711, 18.025400161743164, 10.83650016784668, 11.28600025177002, 14.797599792480469, 14.973099708557129, 15.425000190734863, 14.173800468444824, 16.2593994140625, 13.833100318908691, 15.446200370788574, 15.187600135803223, 15.041500091552734, 15.45740032196045, 15.089599609375, 15.515600204467773, 14.813899993896484, 15.17870044708252, 16.074199676513672, 15.898099899291992, 15.560700416564941, 16.10219955444336, 17.053300857543945, 17.872800827026367, 15.601799964904785, 17.42639923095703, 18.46419906616211, 16.906099319458008, 17.2091007232666, 14.312000274658203, 17.378999710083008, 17.022499084472656, 16.540599822998047, 17.096500396728516, 16.727699279785156, 17.141199111938477, 17.679899215698242, 17.28350067138672, 15.747900009155273, 17.51759910583496, 19.07080078125, 18.23870086669922, 18.40760040283203, 17.748600006103516, 16.098400115966797, 15.685799598693848, 15.551400184631348]"
