item_id,start,freq,target
T89,2015-01-11 00:00:00,W-SUN,"[9.150300025939941, 9.150699615478516, 9.150699615478516, 9.150699615478516, 9.150699615478516, 9.150699615478516, 8.301799774169922, 9.153599739074707, 9.150699615478516, 9.150699615478516, 9.150699615478516, 9.150699615478516, 9.486499786376953, 9.150699615478516, 9.150699615478516, 9.150699615478516, 9.150699615478516, 9.150699615478516, 9.150699615478516, 9.150699615478516, 9.150699615478516, 9.150699615478516, 9.150699615478516, 9.150699615478516, 9.150699615478516, 9.150699615478516, 9.150699615478516, 9.150699615478516, 9.150699615478516, 9.150699615478516, 9.150699615478516, 9.150699615478516, 9.150699615478516, 9.150699615478516, 9.150699615478516, 9.150699615478516, 9.150699615478516, 9.150699615478516, 9.150699615478516, 9.150699615478516, 9.150699615478516, 9.13539981842041, 9.150699615478516, 9.150699615478516, 9.150699615478516, 9.150699615478516, 8.668700218200684, 8.354599952697754, 9.06760025024414, 6.696499824523926, 7.065499782562256, 7.736499786376953, 7.800899982452393, 7.962299823760986, 7.882199764251709, 7.9191999435424805, 7.931300163269043, 7.257699966430664, 7.085899829864502, 7.713900089263916, 7.821199893951416, 7.551499843597412, 7.741300106048584, 8.225000381469727, 7.839200019836426, 8.447400093078613, 7.759300231933594, 8.094400405883789, 7.70359992980957, 7.962900161743164, 8.048100471496582, 7.670899868011475, 8.793299674987793, 8.19789981842041, 8.793399810791016, 9.651900291442871, 8.784299850463867, 9.574299812316895, 10.052200317382812, 10.207200050354004, 10.487799644470215, 10.501199722290039, 10.060500144958496, 10.049799919128418, 10.090100288391113, 10.108200073242188, 9.542699813842773, 10.678000450134277, 9.686599731445312, 9.622400283813477]"
