item_id,start,freq,target
T349,2014-12-29,W-SUN,"[7.700500011444092, 7.700500011444092, 7.700500011444092, 7.700500011444092, 7.700500011444092, 7.700500011444092, 8.122300148010254, 8.644000053405762, 7.9191999435424805, 8.733400344848633, 9.035400390625, 8.728400230407715, 8.878899574279785, 8.633099555969238, 9.018799781799316, 8.909199714660645, 8.750699996948242, 9.174799919128418, 9.235799789428711, 8.55150032043457, 8.483099937438965, 9.225700378417969, 8.498000144958496, 11.780099868774414, 14.270400047302246, 14.326000213623047, 12.535300254821777, 14.241800308227539, 13.718999862670898, 13.07349967956543, 12.387700080871582, 13.60159969329834, 13.181599617004395, 13.644000053405762, 10.373200416564941, 12.514599800109863, 13.818300247192383, 14.165800094604492, 10.636799812316895, 13.871999740600586, 13.086400032043457, 13.944000244140625, 13.828300476074219, 13.807900428771973, 14.14210033416748, 13.766900062561035, 12.600099563598633, 10.898300170898438, 12.081500053405762, 12.513099670410156, 12.52400016784668, 9.243499755859375, 10.317700386047363, 12.51099967956543, 11.826000213623047, 11.937000274658203, 12.193400382995605, 12.276000022888184, 12.116299629211426, 12.321000099182129, 12.161100387573242, 10.369199752807617, 11.047699928283691, 11.446900367736816, 12.034600257873535, 12.047900199890137, 12.237799644470215, 13.064499855041504, 12.559100151062012, 12.804100036621094, 12.530400276184082, 12.957300186157227, 12.62559986114502, 11.934100151062012, 12.856100082397461, 13.031700134277344, 12.726200103759766, 12.700799942016602, 11.261300086975098, 12.842599868774414, 13.482500076293945, 10.153599739074707, 10.253399848937988, 9.909000396728516, 9.970499992370605, 10.12969970703125, 10.49020004272461, 8.748700141906738, 9.930899620056152, 10.3725004196167, 10.433699607849121, 8.416000366210938, 10.056300163269043, 10.041500091552734, 10.095000267028809, 9.579400062561035]"
