item_id,start,freq,target
T505,2014-12-29,W-SUN,"[5.651899814605713, 6.566500186920166, 6.139900207519531, 6.825099945068359, 6.46750020980835, 6.426799774169922, 6.19980001449585, 6.435400009155273, 5.7571001052856445, 6.088600158691406, 6.730400085449219, 6.485300064086914, 6.476099967956543, 6.4756999015808105, 6.62529993057251, 6.706200122833252, 8.549699783325195, 6.4654998779296875, 6.660699844360352, 6.642099857330322, 6.249800205230713, 6.599599838256836, 6.6219000816345215, 6.645699977874756, 6.701000213623047, 6.674699783325195, 6.407199859619141, 6.660099983215332, 6.717100143432617, 6.608399868011475, 6.954899787902832, 6.741199970245361, 6.56279993057251, 6.616700172424316, 6.439700126647949, 6.3267998695373535, 6.6178998947143555, 6.717299938201904, 6.4004998207092285, 6.6006999015808105, 6.46619987487793, 6.595099925994873, 6.4868998527526855, 6.55019998550415, 6.68779993057251, 6.388000011444092, 6.5335001945495605, 5.946400165557861, 6.253200054168701, 6.690000057220459, 6.802499771118164, 5.923600196838379, 6.018099784851074, 6.392099857330322, 6.548900127410889, 6.522200107574463, 5.922100067138672, 6.454500198364258, 6.2733001708984375, 6.551799774169922, 6.42080020904541, 6.7733001708984375, 6.815100193023682, 6.911600112915039, 6.530200004577637, 6.593100070953369, 6.775100231170654, 6.664899826049805, 6.598100185394287, 6.617400169372559, 6.577099800109863, 6.728600025177002, 6.823400020599365, 6.530799865722656, 6.79010009765625, 7.064300060272217, 6.501500129699707, 6.4394001960754395, 6.234600067138672, 6.708399772644043, 6.618500232696533, 5.962800025939941, 6.671299934387207, 6.729100227355957, 6.639599800109863, 6.633900165557861, 6.528800010681152, 6.093200206756592, 6.082699775695801, 7.259399890899658, 7.06790018081665, 7.019599914550781, 7.167600154876709, 7.0391998291015625, 7.244800090789795, 7.017300128936768]"
