item_id,start,freq,target
T738,2014-12-29,W-SUN,"[13.689399719238281, 15.988800048828125, 13.059599876403809, 18.214599609375, 13.737199783325195, 10.751899719238281, 12.92020034790039, 10.288399696350098, 7.8755998611450195, 10.874799728393555, 11.043700218200684, 8.948200225830078, 10.730199813842773, 10.32699966430664, 11.168000221252441, 11.889900207519531, 12.916299819946289, 11.840800285339355, 12.196100234985352, 11.912500381469727, 11.146900177001953, 12.376399993896484, 11.539999961853027, 12.117799758911133, 12.215200424194336, 11.830100059509277, 11.199700355529785, 11.782699584960938, 12.2253999710083, 10.909700393676758, 11.820099830627441, 11.563899993896484, 10.299500465393066, 12.090499877929688, 11.475899696350098, 10.683600425720215, 12.354000091552734, 11.212499618530273, 7.2846999168396, 11.220199584960938, 10.409899711608887, 11.11620044708252, 11.251099586486816, 11.11139965057373, 11.008399963378906, 11.118499755859375, 11.003100395202637, 7.390699863433838, 7.662099838256836, 11.30459976196289, 11.298800468444824, 9.663200378417969, 9.786499977111816, 15.16819953918457, 8.875499725341797, 20.497100830078125, 13.687100410461426, 17.244300842285156, 18.430599212646484, 19.37820053100586, 11.269700050354004, 11.160599708557129, 11.291600227355957, 11.381400108337402, 11.405599594116211, 8.078800201416016, 8.719099998474121, 19.07360076904297, 20.672300338745117, 15.405699729919434, 8.676600456237793, 10.15719985961914, 21.927200317382812, 7.837699890136719, 11.346799850463867, 15.52079963684082, 14.338899612426758, 11.17609977722168, 7.344399929046631, 7.886199951171875, 8.398799896240234, 7.326600074768066, 7.637599945068359, 7.2241997718811035, 7.486499786376953, 8.411999702453613, 10.074600219726562, 10.593500137329102, 11.732099533081055, 9.35219955444336, 12.809900283813477, 10.379899978637695, 12.028300285339355, 9.233499526977539, 8.263199806213379, 14.229900360107422]"
