item_id,start,freq,target
T828,2014-12-29,W-SUN,"[7.591599941253662, 9.925299644470215, 9.165900230407715, 9.351699829101562, 9.222200393676758, 9.567899703979492, 9.174400329589844, 9.589300155639648, 9.174799919128418, 9.736599922180176, 9.660099983215332, 9.963800430297852, 9.828499794006348, 9.143699645996094, 9.788599967956543, 9.820699691772461, 9.62600040435791, 10.233799934387207, 9.969099998474121, 10.162300109863281, 8.772600173950195, 10.05090045928955, 10.325900077819824, 9.651800155639648, 10.23639965057373, 10.399200439453125, 8.281800270080566, 10.902999877929688, 10.339099884033203, 10.427000045776367, 9.577300071716309, 10.861800193786621, 9.923299789428711, 10.102700233459473, 10.041899681091309, 9.137999534606934, 10.515899658203125, 10.207300186157227, 9.950200080871582, 10.312600135803223, 9.766900062561035, 10.178999900817871, 10.17549991607666, 10.417699813842773, 10.332599639892578, 10.281000137329102, 9.366900444030762, 7.820099830627441, 9.327400207519531, 9.788200378417969, 9.287300109863281, 6.208199977874756, 7.886600017547607, 9.534899711608887, 9.10890007019043, 9.468000411987305, 9.699399948120117, 9.476200103759766, 8.33899974822998, 10.840299606323242, 9.98289966583252, 9.509599685668945, 8.64780044555664, 8.468400001525879, 10.334099769592285, 10.17490005493164, 10.328300476074219, 9.811100006103516, 9.749699592590332, 9.072199821472168, 10.621700286865234, 9.805899620056152, 9.649499893188477, 9.108799934387207, 9.725600242614746, 10.1072998046875, 10.277899742126465, 10.399800300598145, 8.302599906921387, 10.05049991607666, 10.665900230407715, 10.176400184631348, 9.937800407409668, 9.531399726867676, 9.194100379943848, 11.037400245666504, 10.907999992370605, 9.709099769592285, 11.316399574279785, 10.325599670410156, 10.635100364685059, 10.319299697875977, 10.05840015411377, 9.895700454711914, 9.198399543762207, 9.987199783325195]"
