item_id,start,freq,target
T410,2014-12-29,W-SUN,"[5.8607001304626465, 7.464900016784668, 9.341400146484375, 8.90250015258789, 10.074000358581543, 10.257800102233887, 10.00879955291748, 10.074299812316895, 9.46619987487793, 10.320799827575684, 10.238300323486328, 10.249099731445312, 10.382599830627441, 9.704899787902832, 10.261199951171875, 10.329999923706055, 10.171799659729004, 10.48740005493164, 10.418499946594238, 10.540499687194824, 9.405599594116211, 10.323200225830078, 10.603400230407715, 10.436800003051758, 10.321800231933594, 10.842300415039062, 8.924699783325195, 10.718099594116211, 10.643199920654297, 10.587499618530273, 10.46090030670166, 10.399100303649902, 10.499199867248535, 10.46679973602295, 10.847900390625, 9.467399597167969, 10.445199966430664, 10.377799987792969, 10.12559986114502, 10.398200035095215, 10.242899894714355, 10.531399726867676, 11.084199905395508, 10.457500457763672, 10.310400009155273, 10.206000328063965, 10.081199645996094, 8.492600440979004, 10.124699592590332, 11.114100456237793, 10.112600326538086, 6.362800121307373, 7.801499843597412, 9.897000312805176, 9.536299705505371, 10.139800071716309, 10.462499618530273, 10.256999969482422, 10.123200416564941, 10.181099891662598, 10.31089973449707, 10.141799926757812, 9.880399703979492, 10.27649974822998, 10.441100120544434, 10.228500366210938, 10.285099983215332, 10.296799659729004, 10.510000228881836, 10.357399940490723, 10.506699562072754, 10.781700134277344, 10.281100273132324, 9.465999603271484, 10.860899925231934, 10.72659969329834, 10.66189956665039, 10.842700004577637, 8.94279956817627, 10.433600425720215, 10.801600456237793, 10.737000465393066, 10.883299827575684, 10.759200096130371, 10.748299598693848, 10.763899803161621, 11.534500122070312, 9.48840045928955, 10.963800430297852, 11.779000282287598, 11.677599906921387, 8.642800331115723, 10.382499694824219, 8.467399597167969, 12.12279987335205, 11.781800270080566]"
