item_id,start,freq,target
T532,2014-12-29,W-SUN,"[11.560199737548828, 14.600700378417969, 14.539199829101562, 12.168100357055664, 16.565200805664062, 16.299100875854492, 13.792099952697754, 14.214300155639648, 13.429699897766113, 14.984000205993652, 15.080400466918945, 15.189599990844727, 16.046199798583984, 15.011099815368652, 14.830100059509277, 15.844799995422363, 15.804200172424316, 15.279600143432617, 15.78689956665039, 15.276100158691406, 14.041399955749512, 14.871600151062012, 15.921299934387207, 14.823200225830078, 16.006399154663086, 15.384699821472168, 13.102999687194824, 15.188799858093262, 15.132599830627441, 15.128800392150879, 15.256500244140625, 14.969099998474121, 15.626099586486816, 15.420299530029297, 14.917699813842773, 14.649299621582031, 16.126699447631836, 16.707000732421875, 15.64229965209961, 16.182600021362305, 16.272600173950195, 16.664400100708008, 15.777299880981445, 16.056100845336914, 15.824799537658691, 16.29330062866211, 16.170700073242188, 13.635700225830078, 15.321700096130371, 16.32110023498535, 16.201200485229492, 11.230500221252441, 12.628600120544434, 14.736700057983398, 14.799799919128418, 15.312199592590332, 14.180399894714355, 15.645099639892578, 15.257200241088867, 16.020299911499023, 14.974599838256836, 14.091099739074707, 13.548399925231934, 14.860799789428711, 13.59689998626709, 15.213000297546387, 15.768600463867188, 16.768999099731445, 16.314800262451172, 15.607000350952148, 16.53700065612793, 16.341699600219727, 16.374900817871094, 15.604399681091309, 16.598800659179688, 16.147899627685547, 16.69260025024414, 15.164400100708008, 15.302900314331055, 17.06089973449707, 17.02630043029785, 16.225000381469727, 17.00860023498535, 17.097400665283203, 18.261999130249023, 18.869699478149414, 19.334400177001953, 17.661100387573242, 19.64229965209961, 19.89539909362793, 19.037099838256836, 19.67169952392578, 18.968299865722656, 18.780399322509766, 19.684499740600586, 19.423500061035156]"
