item_id,start,freq,target
T581,2015-01-04 00:00:00,W-SUN,"[10.6806001663208, 7.2332000732421875, 9.24269962310791, 11.110699653625488, 9.742899894714355, 8.482799530029297, 12.0802001953125, 9.113300323486328, 10.917099952697754, 9.823800086975098, 10.928899765014648, 8.569899559020996, 8.301400184631348, 10.285699844360352, 11.415300369262695, 11.071700096130371, 10.121999740600586, 10.274299621582031, 11.553600311279297, 10.111100196838379, 11.882499694824219, 11.717900276184082, 9.93179988861084, 9.13640022277832, 9.63379955291748, 8.652400016784668, 10.246500015258789, 10.899399757385254, 9.631099700927734, 9.096599578857422, 10.155500411987305, 9.022500038146973, 12.693300247192383, 12.79319953918457, 9.440299987792969, 11.875399589538574, 11.819199562072754, 11.391799926757812, 10.637299537658691, 10.626500129699707, 12.46720027923584, 13.031800270080566, 9.376299858093262, 8.251999855041504, 8.794400215148926, 8.558600425720215, 6.317999839782715, 7.584099769592285, 16.86520004272461, 13.668800354003906, 8.635199546813965, 10.228899955749512, 13.315199851989746, 11.562000274658203, 13.453900337219238, 13.050800323486328, 12.386300086975098, 7.129300117492676, 11.616299629211426, 12.482199668884277, 14.821700096130371, 14.460200309753418, 14.115500450134277, 13.485099792480469, 11.907600402832031, 13.66450023651123, 14.059700012207031, 13.32699966430664, 14.97659969329834, 13.842900276184082, 16.022199630737305, 15.236900329589844, 13.1628999710083, 15.824299812316895, 17.247600555419922, 14.732399940490723, 13.87969970703125, 11.383600234985352, 13.465499877929688, 13.603400230407715, 14.77970027923584, 9.222299575805664, 13.01729965209961, 10.42870044708252, 11.5871000289917, 10.816900253295898, 8.915300369262695, 10.825699806213379, 12.307100296020508, 11.675700187683105]"
