item_id,start,freq,target
T137,2014-12-29,W-SUN,"[5.924699783325195, 6.8649001121521, 4.7357001304626465, 7.087200164794922, 7.421599864959717, 7.298500061035156, 7.451000213623047, 7.6280999183654785, 6.868500232696533, 7.897500038146973, 7.964200019836426, 8.098799705505371, 8.23289966583252, 8.013199806213379, 7.3221001625061035, 8.1358003616333, 8.05620002746582, 8.227899551391602, 8.205300331115723, 8.147500038146973, 8.212800025939941, 8.340999603271484, 8.115599632263184, 8.489999771118164, 8.571100234985352, 8.81980037689209, 8.526000022888184, 8.07800006866455, 8.638999938964844, 6.557799816131592, 8.558099746704102, 7.8140997886657715, 8.138400077819824, 7.328100204467773, 7.271399974822998, 7.381999969482422, 7.230000019073486, 7.4380998611450195, 7.182700157165527, 7.020999908447266, 6.946599960327148, 6.992499828338623, 7.171999931335449, 6.637499809265137, 6.133600234985352, 6.933700084686279, 6.6940999031066895, 5.718200206756592, 3.11299991607666, 3.889899969100952, 3.889899969100952, 7.280099868774414, 5.888500213623047, 6.379499912261963, 5.629199981689453, 6.55079984664917, 6.5346999168396, 7.190999984741211, 7.031899929046631, 6.760799884796143, 6.751100063323975, 6.434100151062012, 6.619200229644775, 6.427499771118164, 7.6427001953125, 7.144499778747559, 6.858799934387207, 7.0920000076293945, 7.057199954986572, 7.200500011444092, 7.271699905395508, 7.394499778747559, 7.282899856567383, 7.879000186920166, 6.827199935913086, 8.746600151062012, 8.347399711608887, 8.437100410461426, 8.584699630737305, 7.920300006866455, 8.58650016784668, 7.8592000007629395, 8.047499656677246, 7.735300064086914, 7.730000019073486, 7.529099941253662, 7.548999786376953, 7.400899887084961, 7.063499927520752, 7.712500095367432, 7.280900001525879, 7.046000003814697, 7.184700012207031, 6.843999862670898, 6.1006999015808105, 7.347899913787842]"
