item_id,start,freq,target
T591,2014-12-29,W-SUN,"[11.579299926757812, 13.860400199890137, 13.534600257873535, 13.19909954071045, 13.846400260925293, 14.17770004272461, 13.86050033569336, 14.155799865722656, 12.697699546813965, 13.955499649047852, 13.755399703979492, 13.740300178527832, 14.063799858093262, 13.282600402832031, 13.844200134277344, 14.185500144958496, 14.429100036621094, 14.111900329589844, 14.800999641418457, 14.291799545288086, 12.733499526977539, 14.171799659729004, 14.350799560546875, 14.029800415039062, 14.013899803161621, 14.070599555969238, 12.5423002243042, 14.049799919128418, 14.099200248718262, 14.313699722290039, 14.107799530029297, 14.143099784851074, 13.83240032196045, 14.189599990844727, 12.84570026397705, 12.71500015258789, 13.99489974975586, 13.894499778747559, 13.661399841308594, 13.956299781799316, 13.614299774169922, 13.976099967956543, 14.052000045776367, 13.692999839782715, 13.801899909973145, 13.630000114440918, 13.361100196838379, 11.666999816894531, 13.656499862670898, 14.450799942016602, 13.906499862670898, 9.646599769592285, 11.748700141906738, 13.666199684143066, 13.178600311279297, 13.840900421142578, 12.763099670410156, 13.541000366210938, 13.388999938964844, 14.088399887084961, 14.042699813842773, 12.281499862670898, 13.109199523925781, 13.425200462341309, 10.923299789428711, 13.580300331115723, 13.866900444030762, 13.870400428771973, 14.027199745178223, 13.82509994506836, 13.790399551391602, 13.661299705505371, 14.548299789428711, 13.041799545288086, 13.848199844360352, 13.963899612426758, 14.100600242614746, 14.412799835205078, 12.23740005493164, 14.228500366210938, 14.383000373840332, 13.116600036621094, 13.93120002746582, 14.396900177001953, 14.310799598693848, 14.376899719238281, 14.085599899291992, 12.886500358581543, 14.222299575805664, 14.312800407409668, 13.995200157165527, 14.423299789428711, 14.096799850463867, 13.766500473022461, 14.182100296020508, 13.678500175476074]"
