item_id,start,freq,target
T223,2015-02-01 00:00:00,W-SUN,"[12.097800254821777, 11.42140007019043, 11.663399696350098, 10.690899848937988, 13.79259967803955, 12.407600402832031, 12.271599769592285, 11.294599533081055, 11.983099937438965, 14.281499862670898, 12.485899925231934, 11.997099876403809, 12.268500328063965, 12.377699851989746, 12.058300018310547, 11.872900009155273, 12.002099990844727, 12.809900283813477, 11.791899681091309, 12.20479965209961, 12.042799949645996, 11.190400123596191, 12.118399620056152, 12.050600051879883, 12.503700256347656, 11.53030014038086, 12.952500343322754, 11.726400375366211, 11.866499900817871, 13.5826997756958, 12.10949993133545, 13.244600296020508, 13.03380012512207, 12.849499702453613, 12.854399681091309, 12.238200187683105, 12.684300422668457, 13.24470043182373, 12.892900466918945, 11.927000045776367, 12.846699714660645, 12.174300193786621, 11.016799926757812, 12.640800476074219, 12.659899711608887, 11.971799850463867, 9.99779987335205, 10.800100326538086, 11.658300399780273, 11.833399772644043, 11.690299987792969, 12.749199867248535, 12.218799591064453, 12.984100341796875, 12.668800354003906, 12.812000274658203, 11.975299835205078, 12.163200378417969, 11.566399574279785, 11.254400253295898, 12.452300071716309, 12.514599800109863, 12.957599639892578, 13.05109977722168, 13.062700271606445, 13.230799674987793, 12.25160026550293, 13.229000091552734, 11.69159984588623, 12.866900444030762, 12.520700454711914, 11.879300117492676, 12.778200149536133, 11.087499618530273, 12.326199531555176, 13.587300300598145, 12.486700057983398, 12.915800094604492, 12.14009952545166, 12.481800079345703, 12.853599548339844, 10.434100151062012, 9.65719985961914, 10.407899856567383, 10.647500038146973, 10.19260025024414, 9.914999961853027, 10.651900291442871, 8.58650016784668, 10.415499687194824]"
