item_id,start,freq,target
T307,2014-12-29,W-SUN,"[4.76639986038208, 5.793600082397461, 5.854499816894531, 6.180799961090088, 6.487299919128418, 6.439199924468994, 6.378699779510498, 6.593299865722656, 6.054999828338623, 6.530399799346924, 6.048099994659424, 6.245200157165527, 6.04640007019043, 5.6153998374938965, 7.1230998039245605, 6.765500068664551, 6.6930999755859375, 6.826099872589111, 6.4274001121521, 6.937900066375732, 6.133399963378906, 6.453999996185303, 6.671000003814697, 6.718500137329102, 6.2769999504089355, 5.895199775695801, 5.360899925231934, 6.027100086212158, 6.560400009155273, 5.623499870300293, 6.234399795532227, 6.811299800872803, 7.375999927520752, 6.762700080871582, 6.1666998863220215, 5.71619987487793, 6.189899921417236, 7.303400039672852, 6.565400123596191, 6.5640997886657715, 6.066500186920166, 7.326900005340576, 6.986400127410889, 7.0605998039245605, 6.868199825286865, 7.365600109100342, 6.77810001373291, 5.875999927520752, 6.531700134277344, 6.537600040435791, 5.630099773406982, 4.0192999839782715, 4.713699817657471, 6.543900012969971, 5.907700061798096, 6.929100036621094, 6.261199951171875, 6.527200222015381, 6.104400157928467, 6.5619001388549805, 7.070499897003174, 6.331200122833252, 6.0071001052856445, 7.418799877166748, 6.835599899291992, 6.827600002288818, 6.777699947357178, 7.25439977645874, 7.347099781036377, 7.383800029754639, 7.548799991607666, 7.444300174713135, 7.233399868011475, 6.691100120544434, 7.522200107574463, 7.6118998527526855, 6.925899982452393, 6.9953999519348145, 5.676400184631348, 7.017499923706055, 7.311100006103516, 6.964600086212158, 6.841599941253662, 6.882999897003174, 6.866199970245361, 7.059299945831299, 7.322700023651123, 6.424799919128418, 7.442500114440918, 7.371099948883057, 7.705599784851074, 6.52269983291626, 7.554900169372559, 7.31820011138916, 7.7357001304626465, 6.908599853515625]"
