item_id,start,freq,target
T170,2015-01-18 00:00:00,W-SUN,"[8.835000038146973, 9.589699745178223, 9.719599723815918, 9.170900344848633, 9.180000305175781, 8.994500160217285, 9.746800422668457, 10.094799995422363, 9.660099983215332, 9.212400436401367, 8.772100448608398, 9.194299697875977, 10.074999809265137, 9.645099639892578, 10.029000282287598, 9.792499542236328, 9.99269962310791, 8.987099647521973, 9.682000160217285, 9.955400466918945, 9.329400062561035, 8.77340030670166, 8.889900207519531, 8.061800003051758, 9.892499923706055, 8.1875, 8.478599548339844, 7.327400207519531, 7.078100204467773, 8.464799880981445, 7.791900157928467, 8.446599960327148, 8.081500053405762, 7.327899932861328, 10.483200073242188, 8.765999794006348, 10.34179973602295, 9.682600021362305, 10.342100143432617, 9.848199844360352, 10.330900192260742, 9.94260025024414, 10.295700073242188, 9.30840015411377, 8.87720012664795, 8.67020034790039, 10.564599990844727, 8.923500061035156, 7.784800052642822, 9.019800186157227, 9.929100036621094, 9.712300300598145, 9.76830005645752, 10.074899673461914, 10.007100105285645, 8.722800254821777, 9.326199531555176, 9.811400413513184, 10.429900169372559, 9.831000328063965, 9.524100303649902, 9.401399612426758, 9.364399909973145, 9.980999946594238, 9.753100395202637, 9.753299713134766, 9.568099975585938, 9.616100311279297, 9.740900039672852, 9.588600158691406, 9.259900093078613, 9.644000053405762, 9.268600463867188, 8.676799774169922, 8.804699897766113, 7.984300136566162, 8.83180046081543, 8.567999839782715, 8.908900260925293, 9.061699867248535, 8.523300170898438, 8.914299964904785, 9.200599670410156, 9.181500434875488, 8.479999542236328, 9.206600189208984, 9.54539966583252, 9.507699966430664, 9.154000282287598, 9.487299919128418]"
