item_id,start,freq,target
T636,2014-12-29,W-SUN,"[8.028599739074707, 11.494799613952637, 6.591400146484375, 11.120800018310547, 12.599499702453613, 11.737799644470215, 13.340900421142578, 15.005800247192383, 12.204700469970703, 12.406700134277344, 10.423999786376953, 12.49489974975586, 11.07289981842041, 12.45300006866455, 12.25979995727539, 12.098999977111816, 13.104700088500977, 12.593199729919434, 13.785699844360352, 12.661700248718262, 12.472100257873535, 12.923600196838379, 12.53950023651123, 14.14050006866455, 12.53320026397705, 12.56190013885498, 10.72920036315918, 11.523799896240234, 12.655200004577637, 12.60990047454834, 13.32699966430664, 12.562800407409668, 14.000100135803223, 13.934499740600586, 12.708800315856934, 11.659299850463867, 13.302300453186035, 13.510700225830078, 12.701800346374512, 13.318599700927734, 13.625900268554688, 14.237899780273438, 13.234800338745117, 13.048399925231934, 12.992799758911133, 13.895899772644043, 14.468500137329102, 10.426400184631348, 13.656100273132324, 15.056300163269043, 14.82919979095459, 8.63129997253418, 7.862800121307373, 11.150500297546387, 11.974699974060059, 13.04539966583252, 12.765700340270996, 13.4197998046875, 12.561300277709961, 14.465700149536133, 13.684200286865234, 13.601200103759766, 14.170100212097168, 14.543600082397461, 12.489999771118164, 13.81779956817627, 13.575200080871582, 14.611000061035156, 13.80519962310791, 13.95580005645752, 14.158300399780273, 14.734800338745117, 13.356499671936035, 13.236800193786621, 14.169899940490723, 15.336700439453125, 14.194000244140625, 13.485799789428711, 11.791999816894531, 12.90719985961914, 14.939299583435059, 14.387100219726562, 14.79889965057373, 14.197799682617188, 13.605799674987793, 14.814000129699707, 14.384300231933594, 12.13539981842041, 13.553199768066406, 14.041600227355957, 12.565999984741211, 10.348299980163574, 12.69219970703125, 11.598899841308594, 12.924400329589844, 10.789299964904785]"
