item_id,start,freq,target
T586,2015-02-08 00:00:00,W-SUN,"[15.427200317382812, 15.643400192260742, 14.157999992370605, 15.545100212097168, 15.434700012207031, 15.343600273132324, 15.665499687194824, 14.79889965057373, 15.416799545288086, 15.566300392150879, 15.348299980163574, 15.692099571228027, 16.5216007232666, 15.854299545288086, 14.053400039672852, 15.621100425720215, 15.906800270080566, 15.429800033569336, 15.605600357055664, 15.998800277709961, 13.913200378417969, 15.562299728393555, 15.554300308227539, 15.788900375366211, 15.700300216674805, 15.604399681091309, 15.335800170898438, 15.66569995880127, 14.162099838256836, 13.989899635314941, 15.525500297546387, 15.352299690246582, 15.182100296020508, 15.429499626159668, 15.151200294494629, 15.461000442504883, 15.511199951171875, 15.096400260925293, 15.422900199890137, 15.243200302124023, 15.040900230407715, 12.855199813842773, 15.173299789428711, 16.11680030822754, 15.551400184631348, 10.720000267028809, 12.705499649047852, 15.076600074768066, 14.552300453186035, 15.235199928283691, 14.144100189208984, 15.109100341796875, 14.859199523925781, 15.63599967956543, 15.52340030670166, 15.26360034942627, 15.324999809265137, 15.488900184631348, 10.99940013885498, 13.155900001525879, 13.14109992980957, 13.114899635314941, 13.249899864196777, 12.979299545288086, 12.964599609375, 12.95110034942627, 14.64780044555664, 13.95479965209961, 14.819700241088867, 15.500699996948242, 15.574799537658691, 15.924599647521973, 13.572400093078613, 15.696399688720703, 15.913900375366211, 14.529500007629395, 15.342000007629395, 15.872400283813477, 15.790300369262695, 15.85260009765625, 15.520600318908691, 14.193599700927734, 15.597100257873535, 15.880599975585938, 15.475099563598633, 15.695199966430664, 15.536700248718262, 15.164299964904785, 15.975500106811523, 15.183799743652344]"
