item_id,start,freq,target
T667,2015-01-11 00:00:00,W-SUN,"[7.0543999671936035, 8.690600395202637, 9.979299545288086, 8.99370002746582, 7.761199951171875, 9.449600219726562, 7.848599910736084, 9.669400215148926, 9.470199584960938, 9.39490032196045, 9.515899658203125, 9.06820011138916, 8.76449966430664, 8.859399795532227, 7.1992998123168945, 8.666500091552734, 8.381500244140625, 8.520000457763672, 8.292900085449219, 8.499699592590332, 8.572099685668945, 8.341099739074707, 6.685299873352051, 7.871200084686279, 7.74429988861084, 8.582900047302246, 8.536800384521484, 8.037799835205078, 5.73330020904541, 5.73330020904541, 5.73330020904541, 5.73330020904541, 5.73330020904541, 5.73330020904541, 5.73330020904541, 5.73330020904541, 5.73330020904541, 5.73330020904541, 5.73330020904541, 5.73330020904541, 5.73330020904541, 5.725399971008301, 5.73330020904541, 5.73330020904541, 5.73330020904541, 5.73330020904541, 5.73330020904541, 5.73330020904541, 5.73330020904541, 5.73330020904541, 5.73330020904541, 5.73330020904541, 5.73330020904541, 5.73330020904541, 5.73330020904541, 5.73330020904541, 5.734000205993652, 5.73330020904541, 5.73330020904541, 5.73330020904541, 5.735499858856201, 5.73330020904541, 5.73330020904541, 5.73330020904541, 7.805799961090088, 8.464300155639648, 8.855899810791016, 8.621199607849121, 8.771599769592285, 8.67650032043457, 8.630399703979492, 8.344099998474121, 8.564800262451172, 8.587400436401367, 8.801400184631348, 8.635100364685059, 8.754899978637695, 9.987500190734863, 10.100299835205078, 7.830100059509277, 6.916999816894531, 10.014900207519531, 10.09000015258789, 10.370400428771973, 10.568099975585938, 9.588800430297852, 10.678999900817871, 10.319100379943848, 10.008299827575684, 10.041199684143066]"
