item_id,start,freq,target
T169,2014-12-29,W-SUN,"[7.700500011444092, 8.525699615478516, 8.665599822998047, 8.097800254821777, 8.892000198364258, 8.86620044708252, 8.11709976196289, 8.508299827575684, 7.456200122833252, 9.139100074768066, 9.465200424194336, 9.194999694824219, 9.342000007629395, 9.243399620056152, 9.34570026397705, 11.33899974822998, 10.904000282287598, 15.17240047454834, 16.540000915527344, 16.502599716186523, 13.954500198364258, 13.512800216674805, 13.60569953918457, 14.125, 12.204899787902832, 13.963500022888184, 12.366100311279297, 12.033100128173828, 12.395000457763672, 12.001099586486816, 11.692700386047363, 11.283300399780273, 11.23799991607666, 13.225899696350098, 11.450499534606934, 12.16569995880127, 11.865500450134277, 12.56149959564209, 11.715999603271484, 12.196999549865723, 13.53279972076416, 13.872900009155273, 12.151700019836426, 12.678299903869629, 15.500699996948242, 14.91100025177002, 17.583599090576172, 13.354599952697754, 13.260499954223633, 15.35830020904541, 16.29210090637207, 11.640199661254883, 13.561599731445312, 15.593099594116211, 11.777700424194336, 14.463000297546387, 14.452400207519531, 14.022899627685547, 14.641200065612793, 14.419599533081055, 11.990900039672852, 12.942999839782715, 12.344400405883789, 12.776200294494629, 14.073800086975098, 15.47350025177002, 11.771900177001953, 13.498800277709961, 13.826800346374512, 14.347399711608887, 11.764800071716309, 12.845999717712402, 14.932999610900879, 12.036600112915039, 13.623299598693848, 13.695300102233887, 13.016900062561035, 11.748200416564941, 12.281399726867676, 10.847900390625, 8.179800033569336, 12.990099906921387, 12.209199905395508, 11.730899810791016, 12.540499687194824, 13.859600067138672, 12.635100364685059, 11.853799819946289, 12.596799850463867, 12.971099853515625, 13.629799842834473, 9.626500129699707, 13.168899536132812, 14.323200225830078, 15.624600410461426, 13.980899810791016]"
