item_id,start,freq,target
T487,2014-12-29,W-SUN,"[4.1468000411987305, 4.424200057983398, 4.589799880981445, 4.143499851226807, 3.997499942779541, 3.7616000175476074, 4.0584001541137695, 3.8510000705718994, 3.8129000663757324, 3.963099956512451, 4.53439998626709, 4.1554999351501465, 4.295100212097168, 4.345399856567383, 4.335899829864502, 4.16379976272583, 4.106200218200684, 4.55079984664917, 4.2718000411987305, 4.7692999839782715, 4.504799842834473, 5.124199867248535, 4.554800033569336, 4.861499786376953, 4.933499813079834, 4.374800205230713, 4.237500190734863, 5.038700103759766, 5.10290002822876, 4.30810022354126, 4.341400146484375, 4.938799858093262, 4.605999946594238, 5.003900051116943, 4.988399982452393, 4.895400047302246, 4.923799991607666, 4.907599925994873, 4.847400188446045, 4.984600067138672, 5.009900093078613, 5.041200160980225, 5.010700225830078, 4.594699859619141, 4.253200054168701, 3.80430006980896, 4.690700054168701, 4.2418999671936035, 4.353899955749512, 4.352700233459473, 4.356299877166748, 4.227799892425537, 3.522900104522705, 4.090700149536133, 3.6839001178741455, 3.539299964904785, 3.8206000328063965, 4.148200035095215, 5.419899940490723, 7.249800205230713, 6.402699947357178, 6.9309000968933105, 7.074900150299072, 7.01609992980957, 5.130199909210205, 5.1371002197265625, 5.08459997177124, 5.125999927520752, 5.095799922943115, 5.112599849700928, 5.1645002365112305, 5.343500137329102, 5.364200115203857, 5.189499855041504, 5.406799793243408, 5.617400169372559, 5.552299976348877, 5.672399997711182, 5.061299800872803, 5.524600028991699, 5.401700019836426, 5.007500171661377, 5.398600101470947, 5.483699798583984, 5.537099838256836, 5.537700176239014, 5.32859992980957, 5.162600040435791, 5.3242998123168945, 5.412199974060059, 5.318999767303467, 5.488100051879883, 5.271399974822998, 5.067800045013428, 5.1992998123168945, 5.014200210571289]"
