item_id,start,freq,target
T106,2014-12-29,W-SUN,"[5.489500045776367, 8.042499542236328, 7.368100166320801, 6.48829984664917, 7.706900119781494, 9.088199615478516, 7.51669979095459, 8.344900131225586, 6.659200191497803, 9.208399772644043, 9.160599708557129, 7.523200035095215, 7.351500034332275, 8.25059986114502, 8.121199607849121, 8.053099632263184, 5.642399787902832, 8.786399841308594, 8.744099617004395, 8.943099975585938, 8.131999969482422, 9.142000198364258, 10.886199951171875, 10.853599548339844, 10.734399795532227, 10.492400169372559, 9.450200080871582, 10.96310043334961, 10.379199981689453, 11.089599609375, 11.13379955291748, 10.434100151062012, 10.571499824523926, 10.747300148010254, 10.638299942016602, 9.694199562072754, 10.86620044708252, 11.592300415039062, 10.87559986114502, 11.40470027923584, 11.472800254821777, 11.837800025939941, 11.689299583435059, 11.274100303649902, 10.686800003051758, 10.343299865722656, 9.821399688720703, 8.837800025939941, 9.986599922180176, 9.950599670410156, 8.212800025939941, 5.828100204467773, 7.177199840545654, 8.347599983215332, 7.529200077056885, 7.495200157165527, 8.667900085449219, 8.19729995727539, 6.252500057220459, 8.90250015258789, 7.872399806976318, 8.903200149536133, 8.826700210571289, 9.209199905395508, 8.794899940490723, 8.108499526977539, 8.652400016784668, 9.037599563598633, 9.513899803161621, 9.180100440979004, 9.419300079345703, 9.45300006866455, 9.525400161743164, 10.347000122070312, 11.316699981689453, 11.014100074768066, 11.152899742126465, 11.040800094604492, 9.56879997253418, 11.04699993133545, 11.546899795532227, 10.921500205993652, 11.222200393676758, 10.680800437927246, 11.214300155639648, 11.07800006866455, 10.748700141906738, 9.337400436401367, 10.921299934387207, 12.11989974975586, 10.553400039672852, 9.240599632263184, 11.150099754333496, 10.755399703979492, 11.219099998474121, 10.415599822998047]"
