item_id,start,freq,target
T246,2014-12-29,W-SUN,"[6.265999794006348, 7.667600154876709, 5.961100101470947, 7.792699813842773, 9.666799545288086, 8.268400192260742, 7.734000205993652, 8.780500411987305, 7.497399806976318, 9.088399887084961, 8.983200073242188, 10.18910026550293, 8.761500358581543, 8.111200332641602, 8.409799575805664, 8.96150016784668, 8.758199691772461, 8.772600173950195, 8.77810001373291, 8.689200401306152, 8.202799797058105, 8.262900352478027, 9.167400360107422, 7.978600025177002, 8.309800148010254, 9.028300285339355, 7.700799942016602, 7.9319000244140625, 8.410799980163574, 8.062100410461426, 8.29990005493164, 8.147199630737305, 8.161999702453613, 9.353699684143066, 9.579700469970703, 8.585399627685547, 9.565199851989746, 9.671099662780762, 9.143600463867188, 9.625100135803223, 9.134300231933594, 9.056400299072266, 10.082599639892578, 9.887499809265137, 8.572199821472168, 9.20110034942627, 9.155900001525879, 8.671899795532227, 9.02970027923584, 9.482099533081055, 9.232399940490723, 7.67579984664917, 9.27810001373291, 8.529000282287598, 8.490400314331055, 9.012999534606934, 8.212200164794922, 8.590299606323242, 8.97659969329834, 9.008999824523926, 8.893099784851074, 8.638500213623047, 8.411299705505371, 8.442899703979492, 8.479999542236328, 8.854900360107422, 8.128899574279785, 8.621399879455566, 9.284899711608887, 9.242899894714355, 9.294300079345703, 9.992300033569336, 9.62090015411377, 8.746600151062012, 9.791799545288086, 8.722599983215332, 8.705900192260742, 9.022600173950195, 8.451299667358398, 9.520000457763672, 11.111000061035156, 10.265000343322754, 8.886099815368652, 8.442000389099121, 9.894399642944336, 10.691200256347656, 11.482000350952148, 10.585800170898438, 12.487600326538086, 11.969499588012695, 12.044099807739258, 10.222599983215332, 10.204000473022461, 12.517600059509277, 11.115300178527832, 10.118900299072266]"
