item_id,start,freq,target
T424,2014-12-29,W-SUN,"[4.043399810791016, 4.5680999755859375, 5.297999858856201, 4.706699848175049, 5.572400093078613, 5.134200096130371, 4.920599937438965, 5.820899963378906, 4.8403000831604, 5.530900001525879, 5.626299858093262, 5.102200031280518, 5.381899833679199, 5.166600227355957, 6.019599914550781, 5.662600040435791, 4.288300037384033, 5.371300220489502, 5.929800033569336, 5.02269983291626, 3.6140999794006348, 3.7569000720977783, 5.54040002822876, 5.054599761962891, 5.561200141906738, 5.4629998207092285, 4.546999931335449, 4.739699840545654, 4.733699798583984, 4.964000225067139, 5.3516998291015625, 4.696000099182129, 4.868000030517578, 5.6875, 4.521999835968018, 4.470099925994873, 5.934899806976318, 6.515900135040283, 4.6778998374938965, 6.062699794769287, 5.490499973297119, 5.9893999099731445, 5.087900161743164, 6.648499965667725, 7.223299980163574, 7.3927998542785645, 8.235400199890137, 5.301199913024902, 6.418300151824951, 6.818999767303467, 6.184100151062012, 4.11899995803833, 4.3292999267578125, 5.897299766540527, 5.488399982452393, 6.604300022125244, 7.240499973297119, 6.616399765014648, 5.636099815368652, 6.711900234222412, 6.083399772644043, 6.349599838256836, 6.467299938201904, 7.4664998054504395, 6.010700225830078, 5.807600021362305, 5.563000202178955, 7.699399948120117, 7.044099807739258, 6.743299961090088, 6.977799892425537, 6.542399883270264, 6.791399955749512, 5.603000164031982, 6.544400215148926, 5.945899963378906, 6.208099842071533, 6.1132001876831055, 5.35830020904541, 5.654900074005127, 5.874800205230713, 5.520699977874756, 4.828100204467773, 5.19980001449585, 5.084700107574463, 5.812600135803223, 5.481900215148926, 5.434599876403809, 5.817299842834473, 6.41540002822876, 6.285799980163574, 4.494999885559082, 6.3933000564575195, 6.258200168609619, 6.964399814605713, 5.991399765014648]"
