item_id,start,freq,target
T413,2014-12-29,W-SUN,"[9.514399528503418, 11.749699592590332, 11.379599571228027, 10.692099571228027, 11.251199722290039, 11.172300338745117, 11.571800231933594, 11.511699676513672, 10.584400177001953, 11.853300094604492, 12.083600044250488, 12.911299705505371, 12.01990032196045, 10.86340045928955, 11.20259952545166, 11.753299713134766, 12.315999984741211, 11.996100425720215, 11.396900177001953, 12.508899688720703, 10.76609992980957, 12.035699844360352, 12.163100242614746, 13.486100196838379, 13.134300231933594, 11.308699607849121, 9.900099754333496, 12.366800308227539, 12.037300109863281, 13.357199668884277, 11.795700073242188, 13.130200386047363, 12.387100219726562, 14.348999977111816, 12.675399780273438, 13.367600440979004, 13.299799919128418, 14.553500175476074, 13.491900444030762, 15.18529987335205, 13.362700462341309, 14.797599792480469, 13.634300231933594, 14.039199829101562, 12.250900268554688, 13.45460033416748, 12.19480037689209, 10.578399658203125, 11.9931001663208, 13.796099662780762, 11.834600448608398, 8.75879955291748, 10.590399742126465, 11.949000358581543, 11.706500053405762, 11.493399620056152, 11.15779972076416, 12.408699989318848, 11.570099830627441, 11.213299751281738, 12.886899948120117, 13.678799629211426, 13.27970027923584, 10.615400314331055, 13.226099967956543, 12.34630012512207, 13.406200408935547, 13.635700225830078, 14.036199569702148, 13.86989974975586, 13.5826997756958, 13.386300086975098, 12.45300006866455, 12.623100280761719, 13.124899864196777, 13.629300117492676, 13.567999839782715, 13.431099891662598, 11.541299819946289, 13.555299758911133, 12.875100135803223, 11.028599739074707, 12.658699989318848, 13.458499908447266, 13.152400016784668, 13.148599624633789, 14.866100311279297, 13.357600212097168, 14.016300201416016, 15.668600082397461, 14.513099670410156, 13.608599662780762, 12.873900413513184, 13.54580020904541, 14.02180004119873, 12.57800006866455]"
