item_id,start,freq,target
T358,2015-01-04 00:00:00,W-SUN,"[7.383800029754639, 7.42609977722168, 7.303199768066406, 7.349400043487549, 7.236999988555908, 7.404699802398682, 7.506100177764893, 6.74970006942749, 7.618299961090088, 7.564799785614014, 7.856900215148926, 7.911499977111816, 7.561299800872803, 7.8850998878479, 7.922299861907959, 9.637499809265137, 8.039799690246582, 7.694499969482422, 7.733699798583984, 7.284200191497803, 7.893799781799316, 7.935100078582764, 8.003199577331543, 8.098400115966797, 8.111599922180176, 7.357100009918213, 7.989500045776367, 8.716699600219727, 7.977700233459473, 7.950200080871582, 7.945499897003174, 7.962699890136719, 7.953400135040283, 7.591400146484375, 7.472599983215332, 7.500699996948242, 9.315400123596191, 7.280200004577637, 7.843900203704834, 7.717800140380859, 7.820099830627441, 7.815400123596191, 7.497700214385986, 7.6915998458862305, 7.557000160217285, 7.722700119018555, 6.932300090789795, 7.632999897003174, 7.98960018157959, 8.01509952545166, 6.700200080871582, 6.529600143432617, 7.421599864959717, 7.5096001625061035, 7.273099899291992, 6.884500026702881, 7.518400192260742, 7.46750020980835, 7.663700103759766, 7.517000198364258, 7.081299781799316, 8.073100090026855, 7.667900085449219, 7.2846999168396, 7.7241997718811035, 7.628399848937988, 7.910399913787842, 8.666600227355957, 7.8572001457214355, 7.917099952697754, 8.174599647521973, 8.258600234985352, 7.797699928283691, 8.35830020904541, 8.640999794006348, 8.370100021362305, 8.447400093078613, 7.493100166320801, 8.279000282287598, 8.29990005493164, 7.036499977111816, 8.165399551391602, 8.119799613952637, 8.292200088500977, 8.012999534606934, 8.04170036315918, 7.296500205993652, 7.91349983215332, 8.031200408935547, 7.9274001121521]"
