item_id,start,freq,target
T493,2015-02-08 00:00:00,W-SUN,"[5.264900207519531, 5.229599952697754, 4.8471999168396, 5.376500129699707, 5.451300144195557, 5.495299816131592, 5.742199897766113, 5.661200046539307, 5.856800079345703, 5.856200218200684, 5.84119987487793, 5.852700233459473, 5.971099853515625, 6.008200168609619, 5.759300231933594, 5.8927001953125, 5.863699913024902, 5.890999794006348, 5.94379997253418, 5.831099987030029, 5.572199821472168, 5.807799816131592, 5.706200122833252, 5.7743000984191895, 5.764400005340576, 5.743100166320801, 5.869100093841553, 5.874499797821045, 5.977799892425537, 5.670100212097168, 5.8632001876831055, 5.554900169372559, 5.614699840545654, 5.802999973297119, 5.562099933624268, 5.797800064086914, 5.5177001953125, 5.715799808502197, 5.78249979019165, 5.968400001525879, 5.796299934387207, 5.435999870300293, 5.6194000244140625, 5.857699871063232, 5.804500102996826, 5.297299861907959, 5.2266998291015625, 5.644100189208984, 5.721099853515625, 5.579800128936768, 5.733099937438965, 5.746099948883057, 5.696400165557861, 5.655700206756592, 5.485499858856201, 5.652299880981445, 5.60230016708374, 5.506499767303467, 5.619999885559082, 5.084000110626221, 5.7032999992370605, 5.6072998046875, 5.929800033569336, 5.983099937438965, 6.192299842834473, 6.180300235748291, 6.2245001792907715, 5.733799934387207, 5.638999938964844, 6.121699810028076, 5.9857001304626465, 6.085000038146973, 5.951399803161621, 6.0441999435424805, 6.116099834442139, 5.311800003051758, 6.065400123596191, 6.094699859619141, 6.6946001052856445, 5.7652997970581055, 5.944200038909912, 5.4558000564575195, 5.617400169372559, 5.6596999168396, 5.156099796295166, 5.485099792480469, 5.6041998863220215, 5.635499954223633, 5.228899955749512, 5.715199947357178]"
