item_id,start,freq,target
T101,2014-12-29,W-SUN,"[4.08050012588501, 7.688000202178955, 5.728300094604492, 5.146599769592285, 5.894199848175049, 5.444900035858154, 5.610199928283691, 6.075399875640869, 5.3709001541137695, 5.613699913024902, 5.721799850463867, 5.587600231170654, 5.529200077056885, 5.387499809265137, 5.863100051879883, 5.772600173950195, 5.455999851226807, 5.550000190734863, 5.979899883270264, 5.9344000816345215, 4.4899001121521, 4.238100051879883, 5.57889986038208, 5.8394999504089355, 5.758699893951416, 5.612500190734863, 5.079999923706055, 5.716400146484375, 5.597300052642822, 5.459700107574463, 5.492599964141846, 5.6149001121521, 5.572700023651123, 5.7947001457214355, 5.556700229644775, 5.443900108337402, 6.031700134277344, 6.449699878692627, 5.701900005340576, 6.136600017547607, 5.949399948120117, 5.3460001945495605, 5.167600154876709, 5.651599884033203, 5.0954999923706055, 4.926499843597412, 5.73330020904541, 5.73330020904541, 5.73330020904541, 5.73330020904541, 5.73330020904541, 5.73330020904541, 5.73330020904541, 5.73330020904541, 5.73330020904541, 5.73330020904541, 5.73330020904541, 5.73330020904541, 5.73330020904541, 5.73330020904541, 5.73330020904541, 5.73330020904541, 5.735499858856201, 5.73330020904541, 5.73330020904541, 5.73330020904541, 5.73330020904541, 5.73330020904541, 5.73330020904541, 5.73330020904541, 5.73330020904541, 5.73330020904541, 5.964200019836426, 5.633500099182129, 6.527900218963623, 6.1092000007629395, 6.214300155639648, 6.280600070953369, 5.383800029754639, 5.815499782562256, 6.035699844360352, 5.714900016784668, 4.859099864959717, 6.177999973297119, 5.162899971008301, 6.016900062561035, 4.3383002281188965, 5.734300136566162, 5.8684000968933105, 6.547900199890137, 6.346399784088135, 5.26200008392334, 6.514800071716309, 6.309899806976318, 7.098199844360352, 6.052000045776367]"
