item_id,start,freq,target
T662,2014-12-29,W-SUN,"[7.384500026702881, 9.128399848937988, 6.28849983215332, 9.229900360107422, 10.60949993133545, 10.430100440979004, 9.801600456237793, 10.61989974975586, 9.434900283813477, 10.54259967803955, 10.11929988861084, 10.188799858093262, 10.374600410461426, 10.074799537658691, 10.632499694824219, 10.88379955291748, 10.983099937438965, 10.358599662780762, 10.35990047454834, 10.42240047454834, 10.0516996383667, 10.22760009765625, 10.383600234985352, 10.26710033416748, 10.76140022277832, 10.659700393676758, 9.789899826049805, 10.264800071716309, 11.041399955749512, 11.194000244140625, 10.79800033569336, 10.964099884033203, 10.881400108337402, 11.283599853515625, 10.941300392150879, 11.861300468444824, 11.26099967956543, 10.326199531555176, 10.686800003051758, 10.980799674987793, 10.748700141906738, 8.013699531555176, 10.463899612426758, 10.156900405883789, 8.777700424194336, 4.804900169372559, 5.73330020904541, 5.73330020904541, 5.73330020904541, 5.73330020904541, 5.73330020904541, 5.73330020904541, 5.73330020904541, 5.73330020904541, 5.73330020904541, 8.758399963378906, 11.035900115966797, 10.367199897766113, 10.633199691772461, 10.474300384521484, 9.190600395202637, 10.544500350952148, 9.581500053405762, 9.920900344848633, 10.51990032196045, 11.002300262451172, 11.148099899291992, 11.552200317382812, 11.426600456237793, 11.59570026397705, 11.581600189208984, 11.602499961853027, 11.35159969329834, 10.5802001953125, 11.415800094604492, 11.074899673461914, 11.572500228881836, 11.016300201416016, 10.445300102233887, 11.417400360107422, 11.324999809265137, 11.877900123596191, 11.732799530029297, 12.043499946594238, 11.718600273132324, 12.249300003051758, 12.448399543762207, 11.317700386047363, 13.013099670410156, 11.789600372314453, 9.904500007629395, 11.53969955444336, 12.00730037689209, 10.801600456237793, 4.938499927520752, 5.73330020904541]"
