item_id,start,freq,target
T203,2015-01-18 00:00:00,W-SUN,"[[11.150799751281738, 13.061400413513184, 13.115400314331055, 11.788900375366211, 13.265000343322754, 12.029999732971191, 13.480400085449219, 14.074299812316895, 13.572500228881836, 14.104100227355957, 13.170599937438965, 13.588500022888184, 13.545999526977539, 13.439900398254395, 13.603400230407715, 13.843199729919434, 13.562700271606445, 12.918499946594238, 13.988900184631348, 13.464099884033203, 13.922200202941895, 13.683500289916992, 14.1003999710083, 12.823200225830078, 13.91510009765625, 13.032600402832031, 13.062000274658203, 12.744600296020508, 12.687999725341797, 12.487000465393066, 12.980400085449219, 12.534199714660645, 12.014100074768066, 12.729299545288086, 12.668299674987793, 12.885600090026855, 12.869199752807617, 12.712400436401367, 13.189900398254395, 12.988300323486328, 12.317399978637695, 12.455100059509277, 12.916199684143066, 13.614999771118164, 11.136300086975098, 12.445599555969238, 13.01710033416748, 12.769000053405762, 10.589200019836426, 10.871299743652344, 12.326499938964844, 12.118499755859375, 12.516400337219238, 12.531700134277344, 12.086799621582031, 12.226499557495117, 12.211000442504883, 12.856900215148926, 12.182499885559082, 12.35420036315918, 12.922699928283691, 12.62090015411377, 12.4399995803833, 11.936300277709961, 12.776599884033203, 12.903499603271484, 12.47070026397705, 12.556300163269043, 12.830499649047852, 13.060099601745605, 12.452899932861328, 12.821100234985352, 12.437299728393555, 12.777899742126465, 12.76039981842041, 12.07919979095459, 12.603500366210938, 12.823800086975098, 12.742600440979004, 13.209099769592285, 13.515600204467773, 14.976400375366211, 14.093199729919434, 12.916799545288086, 11.90530014038086, 12.720600128173828, 12.98639965057373, 12.390299797058105, 12.867799758911133, 13.242899894714355]]"
