item_id,start,freq,target
T765,2015-01-04 00:00:00,W-SUN,"[6.5665998458862305, 6.431099891662598, 7.23199987411499, 6.5971999168396, 6.574100017547607, 7.225599765777588, 6.872000217437744, 6.5447001457214355, 6.598199844360352, 6.6992998123168945, 6.66510009765625, 6.687600135803223, 6.697000026702881, 6.786200046539307, 7.209400177001953, 7.183000087738037, 7.166500091552734, 7.118299961090088, 7.0782999992370605, 6.58050012588501, 7.226099967956543, 7.2505998611450195, 7.107800006866455, 6.946499824523926, 7.389100074768066, 6.697400093078613, 7.158899784088135, 7.1255998611450195, 7.164100170135498, 7.2221999168396, 7.187600135803223, 7.203700065612793, 7.4070000648498535, 7.231299877166748, 6.948500156402588, 7.541800022125244, 7.51669979095459, 7.400000095367432, 7.438499927520752, 7.262599945068359, 7.4293999671936035, 7.3094000816345215, 7.326200008392334, 7.289700031280518, 7.700099945068359, 7.311200141906738, 6.709499835968018, 7.4045000076293945, 7.58620023727417, 7.492499828338623, 6.410099983215332, 6.3815999031066895, 7.197999954223633, 7.072500228881836, 7.266300201416016, 6.741499900817871, 7.58489990234375, 6.71120023727417, 7.583099842071533, 7.589900016784668, 7.2027997970581055, 7.231299877166748, 7.4822001457214355, 7.45550012588501, 7.579899787902832, 7.769999980926514, 7.860499858856201, 7.651899814605713, 7.7434000968933105, 7.8917999267578125, 7.732100009918213, 7.774799823760986, 7.375500202178955, 7.80049991607666, 7.712200164794922, 7.750999927520752, 7.753799915313721, 7.157199859619141, 7.6869001388549805, 7.692399978637695, 7.239099979400635, 7.541900157928467, 7.827300071716309, 8.018400192260742, 7.889400005340576, 8.027799606323242, 7.15339994430542, 7.943299770355225, 8.009099960327148, 8.016200065612793]"
