item_id,start,freq,target
T406,2014-12-29,W-SUN,"[4.195400238037109, 5.588900089263916, 4.073599815368652, 5.269899845123291, 5.597700119018555, 5.659200191497803, 5.492800235748291, 5.7677998542785645, 5.11899995803833, 6.687900066375732, 5.8242998123168945, 5.909200191497803, 5.8171000480651855, 5.614200115203857, 5.85129976272583, 6.005000114440918, 5.827600002288818, 5.780600070953369, 5.887199878692627, 5.948500156402588, 6.149899959564209, 6.112599849700928, 6.296500205993652, 5.92579984664917, 5.958600044250488, 5.964399814605713, 5.759500026702881, 6.237100124359131, 6.18149995803833, 6.196899890899658, 6.42519998550415, 6.405200004577637, 6.180200099945068, 6.2083001136779785, 6.159999847412109, 6.1006999015808105, 6.403500080108643, 6.4217000007629395, 6.1757001876831055, 6.211699962615967, 6.379499912261963, 6.280099868774414, 6.373000144958496, 6.887499809265137, 6.5447001457214355, 6.781599998474121, 6.575300216674805, 5.500199794769287, 6.079500198364258, 5.966800212860107, 5.970200061798096, 4.949900150299072, 5.146100044250488, 5.639900207519531, 5.962399959564209, 5.744800090789795, 6.209700107574463, 5.9953999519348145, 5.912799835205078, 5.890900135040283, 6.44290018081665, 4.984600067138672, 5.821199893951416, 5.657599925994873, 6.085999965667725, 6.140900135040283, 6.145500183105469, 6.0756001472473145, 6.108500003814697, 6.1579999923706055, 6.13539981842041, 6.298699855804443, 6.416200160980225, 6.133399963378906, 6.31279993057251, 6.262499809265137, 6.385200023651123, 6.513999938964844, 5.961299896240234, 6.2829999923706055, 6.283100128173828, 6.444499969482422, 6.444799900054932, 6.402400016784668, 6.384699821472168, 6.357100009918213, 6.324100017547607, 6.513199806213379, 6.601200103759766, 6.690800189971924, 6.532599925994873, 6.277400016784668, 6.469900131225586, 6.242599964141846, 6.353000164031982, 6.4131999015808105]"
