item_id,start,freq,target
T721,2014-12-29,W-SUN,"[2.4082000255584717, 2.77810001373291, 2.3297998905181885, 2.90310001373291, 3.0875000953674316, 2.9876999855041504, 3.071899890899658, 3.1340999603271484, 2.888200044631958, 3.2848000526428223, 3.3405001163482666, 3.4014999866485596, 3.448199987411499, 3.337899923324585, 8.53320026397705, 3.434999942779541, 3.4330999851226807, 3.441200017929077, 3.5215001106262207, 3.5204999446868896, 3.4579999446868896, 3.520699977874756, 3.5873000621795654, 3.631200075149536, 3.7014000415802, 3.527600049972534, 3.507499933242798, 3.6294000148773193, 3.7190001010894775, 3.691200017929077, 3.81469988822937, 3.74180006980896, 3.6761999130249023, 3.5717999935150146, 3.4853999614715576, 3.5460000038146973, 3.5589001178741455, 3.626499891281128, 3.467400074005127, 3.4477999210357666, 3.748699903488159, 6.48199987411499, 6.084700107574463, 6.391200065612793, 6.378300189971924, 6.268400192260742, 6.518400192260742, 5.754799842834473, 5.069300174713135, 6.1682000160217285, 5.576000213623047, 5.689300060272217, 5.486999988555908, 5.990300178527832, 4.14169979095459, 3.0864999294281006, 3.088200092315674, 3.1963000297546387, 3.176300048828125, 3.202899932861328, 3.2102999687194824, 2.9440999031066895, 3.1135001182556152, 3.0460000038146973, 3.4918999671936035, 3.4077999591827393, 3.3652000427246094, 3.432499885559082, 3.362600088119507, 3.4047999382019043, 3.41129994392395, 3.477299928665161, 3.5445001125335693, 3.408799886703491, 3.5272998809814453, 3.593600034713745, 3.646399974822998, 3.53410005569458, 3.452899932861328, 3.5734000205993652, 3.6637001037597656, 3.628999948501587, 3.6531999111175537, 3.6296000480651855, 3.666800022125244, 3.6331000328063965, 3.506999969482422, 3.361799955368042, 3.6277999877929688, 3.4207000732421875, 3.4526000022888184, 3.2767999172210693, 3.419600009918213, 3.112799882888794, 3.192699909210205, 3.134000062942505]"
