item_id,start,freq,target
T175,2014-12-29,W-SUN,"[4.656499862670898, 3.927000045776367, 5.142600059509277, 3.501300096511841, 3.145900011062622, 3.8540000915527344, 2.8963000774383545, 3.132999897003174, 3.669300079345703, 3.3498001098632812, 4.307600021362305, 5.259900093078613, 4.7683000564575195, 4.835599899291992, 4.697000026702881, 5.264900207519531, 3.7548999786376953, 3.2439000606536865, 3.3975000381469727, 3.2901999950408936, 3.1005001068115234, 3.256200075149536, 3.397200107574463, 3.444200038909912, 3.3584001064300537, 3.336400032043457, 2.8703999519348145, 3.3053998947143555, 3.522200107574463, 3.429800033569336, 3.2899999618530273, 3.2962000370025635, 3.328200101852417, 3.0413999557495117, 5.166999816894531, 3.4542999267578125, 5.079100131988525, 3.0174999237060547, 3.889899969100952, 3.898099899291992, 4.095300197601318, 5.339200019836426, 4.906300067901611, 4.308899879455566, 5.417799949645996, 5.459400177001953, 5.412300109863281, 5.041100025177002, 3.895900011062622, 3.889899969100952, 3.889899969100952, 3.889899969100952, 3.7288999557495117, 5.295300006866455, 5.084700107574463, 3.890700101852417, 6.417699813842773, 7.645599842071533, 5.416600227355957, 6.348100185394287, 6.5329999923706055, 7.640200138092041, 7.507999897003174, 6.427599906921387, 7.159200191497803, 6.824699878692627, 7.121300220489502, 4.7546000480651855, 6.853400230407715, 3.2734999656677246, 3.3489999771118164, 3.3817999362945557, 3.3938000202178955, 3.086899995803833, 4.83459997177124, 7.652599811553955, 7.582300186157227, 7.52839994430542, 6.422299861907959, 7.261199951171875, 7.088699817657471, 7.614799976348877, 7.7835001945495605, 7.646699905395508, 7.315299987792969, 3.747499942779541, 3.091099977493286, 2.75, 3.434999942779541, 3.2994000911712646, 3.202699899673462, 3.1280999183654785, 3.1679000854492188, 3.3471999168395996, 3.1387999057769775, 3.4235999584198]"
