item_id,start,freq,target
T446,2015-01-04 00:00:00,W-SUN,"[[7.511600017547607, 8.987700462341309, 8.641900062561035, 8.937899589538574, 9.694600105285645, 10.03439998626709, 8.924200057983398, 9.279800415039062, 9.099900245666504, 9.474200248718262, 9.048399925231934, 9.27649974822998, 8.800399780273438, 8.22719955444336, 8.921899795532227, 9.682299613952637, 8.628299713134766, 9.44890022277832, 9.875699996948242, 9.786299705505371, 7.853400230407715, 9.609700202941895, 10.364800453186035, 9.964799880981445, 10.308099746704102, 9.658300399780273, 6.924799919128418, 9.445500373840332, 10.003299713134766, 9.931900024414062, 9.153300285339355, 9.03950023651123, 9.269599914550781, 10.547300338745117, 8.916299819946289, 8.02299976348877, 9.696200370788574, 12.033599853515625, 10.36240005493164, 10.319499969482422, 9.416099548339844, 12.100199699401855, 16.88089942932129, 18.51740074157715, 11.370800018310547, 11.392200469970703, 10.139900207519531, 7.167399883270264, 8.006400108337402, 11.52810001373291, 10.017399787902832, 6.146200180053711, 7.980500221252441, 11.137399673461914, 9.080499649047852, 23.673200607299805, 28.802200317382812, 30.425800323486328, 29.292800903320312, 30.959400177001953, 28.08799934387207, 26.96269989013672, 25.93790054321289, 26.448699951171875, 27.033100128173828, 25.770200729370117, 24.0841007232666, 26.230899810791016, 27.349599838256836, 26.144899368286133, 24.707300186157227, 27.64929962158203, 24.697799682617188, 25.430200576782227, 30.908599853515625, 29.918500900268555, 30.112600326538086, 30.282499313354492, 27.699600219726562, 30.45680046081543, 31.048799514770508, 30.768199920654297, 28.4822998046875, 29.696699142456055, 28.250099182128906, 28.034799575805664, 29.180200576782227, 27.99720001220703, 29.25119972229004, 30.773500442504883]]"
