item_id,start,freq,target
T691,2014-12-29,W-SUN,"[8.013799667358398, 11.070599555969238, 5.778299808502197, 9.392200469970703, 10.479599952697754, 9.561400413513184, 9.487099647521973, 11.248900413513184, 9.791799545288086, 11.411499977111816, 12.163299560546875, 13.131600379943848, 12.204299926757812, 11.36970043182373, 9.99470043182373, 11.964900016784668, 12.47029972076416, 12.136099815368652, 13.862099647521973, 12.771699905395508, 12.152199745178223, 11.093299865722656, 12.638999938964844, 13.050800323486328, 12.271400451660156, 12.436300277709961, 10.462200164794922, 12.289199829101562, 12.877599716186523, 12.857399940490723, 12.44540023803711, 12.533100128173828, 12.592900276184082, 12.802399635314941, 11.655699729919434, 10.41349983215332, 12.45829963684082, 12.798500061035156, 12.423800468444824, 12.02400016784668, 12.016900062561035, 12.182299613952637, 12.26550006866455, 11.760899543762207, 12.256600379943848, 12.89169979095459, 12.626500129699707, 9.50570011138916, 11.723600387573242, 13.586000442504883, 12.091899871826172, 7.334700107574463, 8.411600112915039, 11.184700012207031, 10.738200187683105, 12.065699577331543, 11.554200172424316, 11.733699798583984, 11.590299606323242, 11.891599655151367, 11.93019962310791, 11.191200256347656, 12.354000091552734, 13.038000106811523, 11.427900314331055, 10.69260025024414, 10.521300315856934, 11.248800277709961, 10.965900421142578, 11.494799613952637, 11.263999938964844, 7.664000034332275, 12.120599746704102, 10.259200096130371, 12.253000259399414, 12.533499717712402, 11.48490047454834, 11.550399780273438, 9.403599739074707, 10.150699615478516, 11.277400016784668, 11.496000289916992, 11.836099624633789, 11.230299949645996, 9.521599769592285, 11.898900032043457, 10.85830020904541, 8.329500198364258, 9.088000297546387, 11.16469955444336, 7.681700229644775, 9.944199562072754, 10.925600051879883, 10.722299575805664, 10.90470027923584, 10.948200225830078]"
