item_id,start,freq,target
T46,2014-12-29,W-SUN,"[7.76669979095459, 8.36989974975586, 8.532999992370605, 4.468100070953369, 4.832499980926514, 9.127799987792969, 4.374199867248535, 8.182299613952637, 7.0858001708984375, 10.11989974975586, 11.347299575805664, 10.209400177001953, 11.280099868774414, 8.999600410461426, 10.584699630737305, 10.505000114440918, 11.435600280761719, 9.455499649047852, 10.795499801635742, 9.315899848937988, 11.461700439453125, 8.728899955749512, 8.992899894714355, 9.878600120544434, 10.538599967956543, 10.336299896240234, 9.327899932861328, 11.037300109863281, 11.363300323486328, 12.445699691772461, 10.277700424194336, 8.831000328063965, 11.265800476074219, 8.785400390625, 8.396100044250488, 12.348699569702148, 8.745599746704102, 9.41670036315918, 10.622900009155273, 10.462699890136719, 6.354000091552734, 12.01930046081543, 11.705100059509277, 9.714599609375, 9.185400009155273, 9.43239974975586, 8.766599655151367, 7.238399982452393, 8.915900230407715, 9.21090030670166, 7.460999965667725, 5.991000175476074, 7.768199920654297, 8.681599617004395, 8.048999786376953, 8.45580005645752, 7.912300109863281, 8.746000289916992, 9.11050033569336, 10.211999893188477, 9.14739990234375, 7.538300037384033, 7.990300178527832, 10.285499572753906, 11.63599967956543, 10.70680046081543, 8.967399597167969, 10.437399864196777, 9.081100463867188, 10.023599624633789, 7.97130012512207, 10.048199653625488, 8.273699760437012, 10.6628999710083, 8.307299613952637, 10.636799812316895, 8.382100105285645, 7.63730001449585, 8.781000137329102, 9.404399871826172, 10.958999633789062, 9.821100234985352, 7.446499824523926, 5.7220001220703125, 7.793799877166748, 9.291799545288086, 9.147299766540527, 9.507800102233887, 8.311200141906738, 10.241000175476074, 10.000399589538574, 5.420499801635742, 9.689200401306152, 8.624899864196777, 9.63640022277832, 6.033299922943115]"
