item_id,start,freq,target
T470,2014-12-29,W-SUN,"[7.679200172424316, 10.110799789428711, 7.691699981689453, 9.934300422668457, 10.484199523925781, 11.679300308227539, 10.405599594116211, 10.839300155639648, 9.984199523925781, 13.102100372314453, 11.54699993133545, 12.295700073242188, 10.65310001373291, 10.847299575805664, 12.037400245666504, 11.837400436401367, 11.444600105285645, 11.766400337219238, 12.383500099182129, 11.889699935913086, 11.142399787902832, 11.713000297546387, 11.492500305175781, 11.486599922180176, 11.548600196838379, 11.512200355529785, 9.592599868774414, 11.334699630737305, 10.60949993133545, 13.190799713134766, 10.09119987487793, 10.790300369262695, 9.927800178527832, 9.45829963684082, 11.130499839782715, 8.889100074768066, 10.064000129699707, 10.814499855041504, 9.57960033416748, 9.000200271606445, 8.824600219726562, 9.219200134277344, 10.135299682617188, 9.776599884033203, 8.827400207519531, 9.595000267028809, 8.711400032043457, 8.070699691772461, 9.296699523925781, 9.501999855041504, 9.512100219726562, 7.828199863433838, 7.693999767303467, 8.421799659729004, 8.796099662780762, 8.684100151062012, 9.601400375366211, 8.73550033569336, 9.817399978637695, 9.428000450134277, 10.021400451660156, 8.854999542236328, 9.416099548339844, 8.6673002243042, 9.040200233459473, 9.375399589538574, 9.170100212097168, 9.784299850463867, 10.71560001373291, 9.192500114440918, 10.385700225830078, 9.026900291442871, 10.520000457763672, 8.689900398254395, 9.421099662780762, 9.226799964904785, 9.457599639892578, 9.423299789428711, 8.29640007019043, 8.86989974975586, 9.597200393676758, 9.47350025177002, 10.652999877929688, 9.145700454711914, 11.04319953918457, 11.02929973602295, 11.557700157165527, 11.340100288391113, 11.101099967956543, 11.837300300598145, 10.851499557495117, 10.410499572753906, 11.3125, 11.000900268554688, 11.093199729919434, 10.5733003616333]"
