item_id,start,freq,target
T663,2015-01-25 00:00:00,W-SUN,"[7.815299987792969, 7.6753997802734375, 6.127600193023682, 7.071199893951416, 6.460599899291992, 6.855100154876709, 5.73330020904541, 5.73330020904541, 5.73330020904541, 5.73330020904541, 5.950699806213379, 5.73330020904541, 5.73330020904541, 5.73330020904541, 5.73330020904541, 5.73330020904541, 5.73330020904541, 5.73330020904541, 5.73330020904541, 5.73330020904541, 5.73330020904541, 5.73330020904541, 5.73330020904541, 5.73330020904541, 5.73330020904541, 5.73330020904541, 5.73330020904541, 5.73330020904541, 5.73330020904541, 5.73330020904541, 5.73330020904541, 5.73330020904541, 5.73330020904541, 5.73330020904541, 6.984499931335449, 13.68120002746582, 12.630599975585938, 13.562000274658203, 13.793499946594238, 13.62559986114502, 13.291099548339844, 13.39490032196045, 13.371100425720215, 12.02400016784668, 9.7923002243042, 13.699399948120117, 11.418499946594238, 11.072500228881836, 11.46500015258789, 12.624799728393555, 11.936699867248535, 11.829899787902832, 13.338500022888184, 13.104599952697754, 8.856200218200684, 10.46500015258789, 10.787400245666504, 10.786100387573242, 13.36460018157959, 10.611900329589844, 13.392900466918945, 12.936100006103516, 13.346599578857422, 13.358499526977539, 13.617899894714355, 13.599900245666504, 13.079099655151367, 13.532999992370605, 13.487799644470215, 12.096799850463867, 12.98490047454834, 12.945199966430664, 13.609600067138672, 13.471799850463867, 12.462200164794922, 13.22029972076416, 13.456500053405762, 13.38659954071045, 13.573800086975098, 13.55780029296875, 13.866800308227539, 14.229599952697754, 13.827899932861328, 12.265700340270996, 13.600199699401855, 12.904999732971191, 13.514900207519531, 12.978500366210938, 13.642200469970703, 13.014399528503418]"
