item_id,start,freq,target
T229,2014-12-29,W-SUN,"[5.927299976348877, 6.343299865722656, 8.241999626159668, 6.950500011444092, 8.97700023651123, 8.927599906921387, 7.042900085449219, 8.84749984741211, 8.243200302124023, 9.594599723815918, 9.015899658203125, 7.8790998458862305, 8.161999702453613, 6.852399826049805, 8.456999778747559, 9.667699813842773, 7.371799945831299, 9.694700241088867, 9.287599563598633, 7.830999851226807, 9.188599586486816, 6.360000133514404, 7.5644001960754395, 7.645899772644043, 7.555500030517578, 8.339099884033203, 6.195099830627441, 8.253000259399414, 7.6645002365112305, 7.923399925231934, 7.422100067138672, 6.9492998123168945, 7.087100028991699, 8.846099853515625, 6.97730016708374, 7.376299858093262, 8.43179988861084, 10.373499870300293, 8.433699607849121, 10.074700355529785, 9.133500099182129, 9.53339958190918, 9.445300102233887, 9.762999534606934, 8.730400085449219, 8.95419979095459, 7.553800106048584, 6.277500152587891, 7.048399925231934, 7.699399948120117, 6.485599994659424, 5.24370002746582, 7.416200160980225, 8.932100296020508, 7.908199787139893, 7.7179999351501465, 8.706700325012207, 8.35669994354248, 6.622399806976318, 8.362099647521973, 9.078499794006348, 8.303500175476074, 7.696000099182129, 8.871000289916992, 7.335299968719482, 6.964000225067139, 9.121999740600586, 8.976400375366211, 10.8371000289917, 8.515000343322754, 8.377799987792969, 8.412400245666504, 8.462599754333496, 10.169599533081055, 9.191200256347656, 9.344599723815918, 7.861499786376953, 6.566699981689453, 4.350900173187256, 6.206500053405762, 6.537700176239014, 5.690400123596191, 5.72790002822876, 4.743199825286865, 4.755899906158447, 6.002600193023682, 6.091300010681152, 5.655099868774414, 7.027100086212158, 6.564000129699707, 8.114700317382812, 6.9344000816345215, 7.2683000564575195, 7.69290018081665, 7.488100051879883, 7.593599796295166]"
