item_id,start,freq,target
T329,2014-12-29,W-SUN,"[6.291900157928467, 8.552499771118164, 4.850200176239014, 8.666999816894531, 9.837900161743164, 9.575200080871582, 9.223699569702148, 10.300200462341309, 9.406800270080566, 10.404899597167969, 10.299599647521973, 11.336199760437012, 9.31980037689209, 9.530500411987305, 14.287099838256836, 12.869600296020508, 11.571499824523926, 12.673800468444824, 10.103400230407715, 10.780200004577637, 9.594099998474121, 11.253299713134766, 10.621899604797363, 11.433199882507324, 11.758099555969238, 12.145600318908691, 9.819199562072754, 10.61050033569336, 11.289899826049805, 11.901700019836426, 11.228599548339844, 10.503899574279785, 8.46030044555664, 11.044500350952148, 10.620200157165527, 9.398300170898438, 11.062100410461426, 8.06659984588623, 11.002400398254395, 11.046799659729004, 10.48960018157959, 11.041099548339844, 11.022299766540527, 10.307000160217285, 10.172300338745117, 11.0733003616333, 10.615300178527832, 8.315500259399414, 9.948599815368652, 9.691399574279785, 8.930800437927246, 6.240300178527832, 6.6956000328063965, 7.2469000816345215, 5.791399955749512, 6.941800117492676, 9.32040023803711, 9.832500457763672, 9.214799880981445, 9.788900375366211, 9.304900169372559, 8.931300163269043, 9.031200408935547, 7.756700038909912, 9.852299690246582, 9.464900016784668, 9.402299880981445, 10.081500053405762, 9.546500205993652, 10.124699592590332, 9.88290023803711, 10.641799926757812, 10.332300186157227, 9.026800155639648, 10.83240032196045, 10.703300476074219, 10.517600059509277, 10.716300010681152, 8.871299743652344, 10.58489990234375, 10.781499862670898, 10.895999908447266, 10.862000465393066, 10.610699653625488, 10.880999565124512, 10.705599784851074, 10.423399925231934, 9.250900268554688, 10.410099983215332, 10.706600189208984, 10.662400245666504, 10.546299934387207, 10.249500274658203, 10.220100402832031, 10.001199722290039, 10.052499771118164]"
