item_id,start,freq,target
T815,2014-12-29,W-SUN,"[9.201199531555176, 11.309599876403809, 10.654500007629395, 11.7298002243042, 12.358799934387207, 13.843700408935547, 13.068900108337402, 13.523300170898438, 13.244400024414062, 14.364399909973145, 14.95009994506836, 15.117300033569336, 14.893199920654297, 13.078300476074219, 14.181400299072266, 15.065899848937988, 14.336799621582031, 14.906800270080566, 18.92180061340332, 16.81559944152832, 17.59630012512207, 15.603899955749512, 14.67650032043457, 15.470399856567383, 14.499300003051758, 15.290200233459473, 13.323699951171875, 15.28380012512207, 15.245100021362305, 16.263599395751953, 15.678199768066406, 14.690600395202637, 15.680399894714355, 15.431300163269043, 14.118499755859375, 14.756400108337402, 15.639100074768066, 15.012900352478027, 14.94729995727539, 15.835700035095215, 15.99120044708252, 16.12820053100586, 15.987299919128418, 15.063599586486816, 16.978599548339844, 15.536999702453613, 14.496600151062012, 12.038599967956543, 14.661700248718262, 15.2701997756958, 16.586599349975586, 10.150300025939941, 12.628700256347656, 15.794899940490723, 15.122599601745605, 14.526300430297852, 14.461899757385254, 15.35219955444336, 15.136899948120117, 14.346400260925293, 15.706199645996094, 16.230199813842773, 15.839200019836426, 15.965299606323242, 15.618900299072266, 14.417799949645996, 15.348099708557129, 15.72760009765625, 15.132399559020996, 16.083499908447266, 15.59630012512207, 15.283100128173828, 17.39579963684082, 14.763799667358398, 15.728799819946289, 15.403400421142578, 15.168800354003906, 14.419400215148926, 12.51609992980957, 14.279399871826172, 15.557600021362305, 15.539400100708008, 16.50659942626953, 14.849200248718262, 15.147100448608398, 14.937100410461426, 14.228400230407715, 15.034600257873535, 15.476200103759766, 16.997499465942383, 15.781599998474121, 15.92710018157959, 15.558799743652344, 13.725099563598633, 15.022000312805176, 14.77280044555664]"
