item_id,start,freq,target
T503,2014-12-29,W-SUN,"[10.29010009765625, 11.806599617004395, 12.121000289916992, 11.927200317382812, 12.350299835205078, 12.189399719238281, 12.260700225830078, 12.426199913024902, 11.087800025939941, 12.465399742126465, 12.616499900817871, 12.5733003616333, 12.662599563598633, 12.233200073242188, 12.75409984588623, 12.6673002243042, 12.48270034790039, 12.561699867248535, 12.337599754333496, 12.73799991607666, 11.485600471496582, 12.536199569702148, 12.649900436401367, 12.738300323486328, 12.857199668884277, 12.944199562072754, 11.840399742126465, 12.527799606323242, 12.86929988861084, 12.729000091552734, 13.054499626159668, 12.614100456237793, 12.72130012512207, 13.016599655151367, 12.559900283813477, 12.226300239562988, 12.660400390625, 13.062399864196777, 12.574899673461914, 12.908499717712402, 12.797900199890137, 12.835800170898438, 12.63010025024414, 12.585599899291992, 12.188199996948242, 12.210100173950195, 12.33489990234375, 10.74209976196289, 11.970000267028809, 12.47719955444336, 12.275799751281738, 10.0201997756958, 10.471400260925293, 12.002699851989746, 11.99209976196289, 12.15369987487793, 11.434399604797363, 12.636799812316895, 12.285900115966797, 12.53950023651123, 12.74020004272461, 12.329999923706055, 12.479499816894531, 12.59630012512207, 12.588299751281738, 12.858699798583984, 12.817000389099121, 13.246600151062012, 12.895600318908691, 13.307600021362305, 12.949399948120117, 13.85949993133545, 13.093199729919434, 12.411999702453613, 12.913800239562988, 13.026000022888184, 13.170499801635742, 12.965900421142578, 11.809000015258789, 12.631999969482422, 13.035799980163574, 12.280799865722656, 12.8016996383667, 12.664600372314453, 13.082799911499023, 13.033900260925293, 13.05210018157959, 12.125, 12.890700340270996, 15.189499855041504, 16.030500411987305, 16.09709930419922, 16.3356990814209, 15.524800300598145, 10.499300003051758, 13.076199531555176]"
