item_id,start,freq,target
T166,2014-12-29,W-SUN,"[7.700500011444092, 7.700500011444092, 7.700500011444092, 7.700500011444092, 7.700500011444092, 7.700500011444092, 7.700500011444092, 7.700500011444092, 6.985899925231934, 7.702400207519531, 7.700500011444092, 7.700500011444092, 7.700500011444092, 7.700500011444092, 7.598499774932861, 7.700500011444092, 7.700500011444092, 7.700500011444092, 7.700500011444092, 7.700500011444092, 7.700500011444092, 7.700500011444092, 7.700500011444092, 7.700500011444092, 7.700500011444092, 7.700500011444092, 7.700500011444092, 7.700500011444092, 7.700500011444092, 7.700500011444092, 7.700500011444092, 7.700500011444092, 7.700500011444092, 7.700500011444092, 7.700500011444092, 7.700500011444092, 7.700500011444092, 7.700500011444092, 7.700500011444092, 7.700500011444092, 7.700500011444092, 7.700500011444092, 7.255300045013428, 7.690800189971924, 7.700500011444092, 7.700500011444092, 7.700500011444092, 7.700500011444092, 7.700500011444092, 7.700500011444092, 7.700500011444092, 7.700500011444092, 7.700500011444092, 7.700500011444092, 7.700500011444092, 7.827099800109863, 9.011899948120117, 10.36709976196289, 9.360600471496582, 10.05459976196289, 9.472599983215332, 9.207500457763672, 8.970199584960938, 9.4350004196167, 6.732399940490723, 8.64050006866455, 8.799400329589844, 8.684700012207031, 9.186699867248535, 8.739800453186035, 8.860699653625488, 9.04259967803955, 9.13949966430664, 8.553799629211426, 9.015399932861328, 9.043800354003906, 9.241100311279297, 8.277099609375, 8.593700408935547, 7.962900161743164, 7.708700180053711, 8.161399841308594, 8.080699920654297, 8.195899963378906, 8.4975004196167, 8.89579963684082, 8.429499626159668, 7.91480016708374, 7.764699935913086, 7.972700119018555, 7.756499767303467, 7.378699779510498, 7.753900051116943, 7.843999862670898, 7.731500148773193, 7.011199951171875]"
