item_id,start,freq,target
T856,2014-12-29,W-SUN,"[5.73330020904541, 5.73330020904541, 5.73330020904541, 5.73330020904541, 5.73330020904541, 5.73330020904541, 5.73330020904541, 6.462299823760986, 7.6203999519348145, 10.393600463867188, 10.01710033416748, 8.99530029296875, 8.964699745178223, 8.445599555969238, 9.052399635314941, 8.966099739074707, 7.16379976272583, 8.617400169372559, 4.671299934387207, 4.596399784088135, 4.497200012207031, 4.686500072479248, 4.582499980926514, 4.767000198364258, 5.005199909210205, 4.784299850463867, 5.451700210571289, 4.693699836730957, 5.331900119781494, 4.777299880981445, 5.19320011138916, 4.8043999671936035, 5.433499813079834, 4.998799800872803, 7.967100143432617, 4.936399936676025, 4.678299903869629, 4.741099834442139, 4.692699909210205, 4.687699794769287, 4.605000019073486, 4.767000198364258, 4.629499912261963, 5.278500080108643, 4.926000118255615, 4.596799850463867, 4.836999893188477, 4.941299915313721, 5.417099952697754, 8.297699928283691, 8.882599830627441, 8.148099899291992, 7.724999904632568, 8.05370044708252, 8.046500205993652, 7.726099967956543, 7.858799934387207, 8.178299903869629, 7.120800018310547, 9.685600280761719, 7.307700157165527, 7.663899898529053, 7.604700088500977, 9.317000389099121, 8.36970043182373, 8.051899909973145, 4.6057000160217285, 4.723700046539307, 4.665599822998047, 4.636099815368652, 4.721499919891357, 4.667900085449219, 4.800000190734863, 5.035200119018555, 4.703700065612793, 5.0258002281188965, 5.150100231170654, 4.985599994659424, 4.799200057983398, 4.789700031280518, 5.013400077819824, 4.826700210571289, 5.534800052642822, 7.173699855804443, 5.176700115203857, 5.1255998611450195, 4.890399932861328, 5.387400150299072, 4.7829999923706055, 4.986199855804443, 4.772799968719482, 7.327300071716309, 4.841700077056885, 4.925899982452393, 5.297999858856201, 4.612400054931641]"
