item_id,start,freq,target
T562,2014-12-29,W-SUN,"[10.0246000289917, 12.339200019836426, 11.711700439453125, 11.741499900817871, 11.545100212097168, 11.093899726867676, 11.722100257873535, 12.293000221252441, 11.107000350952148, 12.235099792480469, 12.394399642944336, 12.421099662780762, 13.27340030670166, 12.719900131225586, 12.287500381469727, 12.600000381469727, 12.45989990234375, 12.625900268554688, 12.378899574279785, 12.967900276184082, 11.8125, 12.593799591064453, 13.184900283813477, 13.397899627685547, 13.168299674987793, 13.282400131225586, 11.652199745178223, 13.056500434875488, 13.280500411987305, 13.14050006866455, 13.031599998474121, 12.824199676513672, 12.451600074768066, 13.66670036315918, 12.611900329589844, 12.160900115966797, 12.645999908447266, 13.093700408935547, 12.642399787902832, 13.10420036315918, 12.879500389099121, 14.64840030670166, 12.661700248718262, 12.311400413513184, 12.496700286865234, 12.972200393676758, 13.069299697875977, 10.903900146484375, 12.47439956665039, 12.898699760437012, 13.516599655151367, 10.67609977722168, 9.563300132751465, 11.76509952545166, 11.79889965057373, 12.283499717712402, 11.535599708557129, 12.81089973449707, 12.088600158691406, 12.836700439453125, 12.428000450134277, 12.029899597167969, 12.93280029296875, 13.961600303649902, 13.245100021362305, 12.667900085449219, 12.108099937438965, 12.803000450134277, 12.973999977111816, 12.718400001525879, 14.009200096130371, 14.25160026550293, 14.668399810791016, 13.244099617004395, 13.771699905395508, 14.351400375366211, 14.259699821472168, 13.344799995422363, 12.494199752807617, 13.022500038146973, 13.428099632263184, 12.611200332641602, 12.775199890136719, 13.280099868774414, 13.375399589538574, 13.076000213623047, 13.517000198364258, 11.77560043334961, 13.48270034790039, 13.720199584960938, 12.893699645996094, 13.509699821472168, 12.953800201416016, 12.545000076293945, 12.934000015258789, 12.270500183105469]"
