item_id,start,freq,target
T392,2014-12-29,W-SUN,"[6.272799968719482, 8.67770004272461, 6.814899921417236, 8.351499557495117, 10.756500244140625, 9.094900131225586, 12.078499794006348, 11.571900367736816, 10.751700401306152, 10.26710033416748, 10.377599716186523, 12.781900405883789, 12.24470043182373, 11.844599723815918, 12.269700050354004, 15.410699844360352, 12.615099906921387, 11.588700294494629, 16.52790069580078, 12.705699920654297, 12.984800338745117, 12.133099555969238, 13.585700035095215, 12.992300033569336, 13.275099754333496, 13.050700187683105, 10.499199867248535, 14.593799591064453, 12.80720043182373, 12.352700233459473, 11.68910026550293, 13.057900428771973, 11.083600044250488, 12.190999984741211, 12.740699768066406, 13.346799850463867, 11.632200241088867, 14.097299575805664, 11.524700164794922, 12.589300155639648, 10.318099975585938, 5.967100143432617, 6.6016998291015625, 6.520400047302246, 7.12060022354126, 6.607600212097168, 7.00439977645874, 5.654399871826172, 6.033599853515625, 6.1616997718811035, 6.971499919891357, 5.5594000816345215, 7.7032999992370605, 8.320199966430664, 11.41759967803955, 9.25879955291748, 12.01039981842041, 9.745499610900879, 11.55840015411377, 10.999500274658203, 11.41100025177002, 8.388299942016602, 9.770600318908691, 12.908900260925293, 12.100099563598633, 12.841699600219727, 11.866499900817871, 13.387800216674805, 12.152799606323242, 11.60990047454834, 11.797800064086914, 12.868200302124023, 13.644000053405762, 12.297200202941895, 12.2568998336792, 14.722399711608887, 12.748200416564941, 11.499699592590332, 10.0556001663208, 12.70930004119873, 13.561200141906738, 14.390199661254883, 16.409700393676758, 11.880800247192383, 14.009099960327148, 12.093099594116211, 11.89579963684082, 12.887999534606934, 12.330100059509277, 12.992500305175781, 13.375499725341797, 12.44540023803711, 11.625900268554688, 10.168399810791016, 10.44789981842041, 10.628299713134766]"
