item_id,start,freq,target
T820,2014-12-29,W-SUN,"[8.204299926757812, 10.853599548339844, 8.99530029296875, 10.633999824523926, 11.042099952697754, 10.5625, 10.3371000289917, 10.718700408935547, 9.925700187683105, 10.764599800109863, 10.665200233459473, 10.671299934387207, 9.705499649047852, 9.498299598693848, 12.486100196838379, 9.997300148010254, 10.254799842834473, 11.033599853515625, 11.233099937438965, 10.770500183105469, 9.69890022277832, 10.615500450134277, 10.699700355529785, 10.71399974822998, 10.500900268554688, 10.430299758911133, 9.360300064086914, 10.916399955749512, 10.879400253295898, 10.370699882507324, 10.501899719238281, 10.764800071716309, 11.043399810791016, 12.518199920654297, 10.364299774169922, 10.539199829101562, 11.580400466918945, 12.471699714660645, 11.745800018310547, 12.258000373840332, 8.33329963684082, 8.824899673461914, 8.873900413513184, 8.40719985961914, 8.28950023651123, 8.793100357055664, 8.859999656677246, 7.34089994430542, 8.343299865722656, 8.769800186157227, 8.403400421142578, 6.198200225830078, 6.607999801635742, 7.5569000244140625, 7.38070011138916, 8.361000061035156, 7.804299831390381, 8.456700325012207, 8.052900314331055, 8.422300338745117, 8.531900405883789, 9.988100051879883, 10.778300285339355, 11.441200256347656, 10.478400230407715, 10.51099967956543, 11.293700218200684, 11.911100387573242, 12.570099830627441, 11.894800186157227, 12.135199546813965, 12.035200119018555, 11.710599899291992, 10.415599822998047, 10.857099533081055, 11.369400024414062, 11.130800247192383, 11.378800392150879, 9.680800437927246, 11.10789966583252, 11.02810001373291, 10.49370002746582, 10.536999702453613, 10.708100318908691, 11.130000114440918, 11.687600135803223, 12.6496000289917, 11.052200317382812, 12.168700218200684, 12.270299911499023, 12.570500373840332, 12.916299819946289, 11.746800422668457, 12.411499977111816, 12.776700019836426, 11.974800109863281]"
