item_id,start,freq,target
T837,2014-12-29,W-SUN,"[5.73330020904541, 5.733399868011475, 5.73330020904541, 5.73330020904541, 5.73330020904541, 5.73330020904541, 5.73330020904541, 5.73330020904541, 5.1971001625061035, 5.735499858856201, 5.73330020904541, 5.73330020904541, 5.73330020904541, 5.73330020904541, 6.69379997253418, 5.73330020904541, 5.73330020904541, 5.73330020904541, 5.73330020904541, 5.73330020904541, 5.73330020904541, 5.73330020904541, 5.73330020904541, 5.73330020904541, 5.73330020904541, 5.73330020904541, 5.73330020904541, 5.73330020904541, 5.73330020904541, 5.73330020904541, 5.73330020904541, 5.73330020904541, 5.73330020904541, 5.73330020904541, 5.73330020904541, 5.73330020904541, 5.73330020904541, 5.73330020904541, 5.73330020904541, 5.73330020904541, 5.73330020904541, 5.73330020904541, 5.73330020904541, 5.725399971008301, 5.73330020904541, 5.73330020904541, 5.73330020904541, 5.73330020904541, 5.73330020904541, 5.73330020904541, 5.73330020904541, 5.73330020904541, 5.73330020904541, 5.73330020904541, 5.73330020904541, 5.73330020904541, 5.73330020904541, 5.73330020904541, 5.73330020904541, 5.73330020904541, 5.73330020904541, 5.73330020904541, 5.735499858856201, 5.73330020904541, 5.73330020904541, 5.73330020904541, 5.73330020904541, 5.73330020904541, 5.73330020904541, 12.588399887084961, 11.671899795532227, 12.231399536132812, 12.739500045776367, 13.210800170898438, 7.013800144195557, 5.739299774169922, 10.090900421142578, 9.90369987487793, 7.595399856567383, 6.632199764251709, 7.535999774932861, 6.877500057220459, 6.926400184631348, 6.4604997634887695, 6.602399826049805, 6.872799873352051, 6.547800064086914, 6.330900192260742, 6.274400234222412, 6.770899772644043, 6.776599884033203, 5.772799968719482, 6.587900161743164, 6.218500137329102, 6.201000213623047, 5.657899856567383]"
