item_id,start,freq,target
T622,2015-01-18 00:00:00,W-SUN,"[11.596599578857422, 11.343999862670898, 12.689800262451172, 12.016900062561035, 13.836199760437012, 12.029500007629395, 11.812100410461426, 13.713399887084961, 14.158100128173828, 15.199299812316895, 12.957599639892578, 13.673700332641602, 14.1141996383667, 13.626700401306152, 14.087699890136719, 12.589099884033203, 13.319100379943848, 12.645299911499023, 14.938300132751465, 16.024999618530273, 15.834400177001953, 13.92590045928955, 15.15880012512207, 11.518600463867188, 15.22029972076416, 14.618399620056152, 16.192100524902344, 14.777700424194336, 13.596799850463867, 15.142200469970703, 14.797900199890137, 20.485300064086914, 11.995200157165527, 14.613699913024902, 13.782699584960938, 12.104700088500977, 13.765899658203125, 13.365900039672852, 13.944999694824219, 12.974699974060059, 13.458200454711914, 13.940400123596191, 15.026900291442871, 15.199700355529785, 11.27400016784668, 13.913200378417969, 15.48169994354248, 15.138999938964844, 9.013199806213379, 9.81779956817627, 11.165200233459473, 12.76509952545166, 12.148799896240234, 11.736499786376953, 14.503899574279785, 12.928999900817871, 12.357500076293945, 12.74590015411377, 12.484700202941895, 13.657699584960938, 14.020099639892578, 12.496000289916992, 13.765199661254883, 13.367300033569336, 13.546899795532227, 13.198399543762207, 13.811300277709961, 14.738300323486328, 15.31980037689209, 14.05049991607666, 13.258099555969238, 15.32289981842041, 16.730199813842773, 14.864999771118164, 14.613900184631348, 12.102299690246582, 14.060500144958496, 15.561100006103516, 14.586600303649902, 15.839699745178223, 13.959400177001953, 16.45210075378418, 16.608699798583984, 14.968799591064453, 13.245100021362305, 15.785200119018555, 17.58289909362793, 14.09529972076416, 14.332500457763672, 13.71780014038086]"
