item_id,start,freq,target
T271,2014-12-29,W-SUN,"[9.239399909973145, 11.250800132751465, 11.098899841308594, 9.146200180053711, 9.770400047302246, 10.381799697875977, 10.555800437927246, 10.894700050354004, 10.221199989318848, 12.103799819946289, 12.324199676513672, 11.803799629211426, 11.389800071716309, 11.405900001525879, 11.922699928283691, 11.76550006866455, 10.508600234985352, 11.90369987487793, 11.756500244140625, 11.730899810791016, 10.831700325012207, 11.002099990844727, 11.815799713134766, 12.621600151062012, 12.205300331115723, 12.506799697875977, 11.111200332641602, 13.059399604797363, 12.643500328063965, 11.944199562072754, 12.716300010681152, 12.176199913024902, 12.706299781799316, 12.729100227355957, 12.1318998336792, 12.537400245666504, 13.208000183105469, 13.325300216674805, 11.14579963684082, 12.610799789428711, 12.472200393676758, 12.989899635314941, 13.256699562072754, 13.444899559020996, 13.134200096130371, 14.766300201416016, 13.819899559020996, 11.496800422668457, 10.530599594116211, 15.713700294494629, 16.001800537109375, 11.563199996948242, 12.958900451660156, 14.851300239562988, 16.180700302124023, 16.079200744628906, 15.685700416564941, 16.075899124145508, 15.636300086975098, 15.27560043334961, 16.480600357055664, 16.694599151611328, 16.328899383544922, 14.127599716186523, 15.571399688720703, 16.513200759887695, 15.7076997756958, 15.726799964904785, 16.58530044555664, 16.6737003326416, 15.559800148010254, 16.35260009765625, 16.521699905395508, 16.051599502563477, 16.68899917602539, 16.637399673461914, 17.3789005279541, 16.704299926757812, 13.861599922180176, 14.605799674987793, 14.739700317382812, 18.624900817871094, 14.356599807739258, 15.334400177001953, 14.78339958190918, 15.364800453186035, 15.228899955749512, 14.323200225830078, 15.05519962310791, 15.828499794006348, 16.347299575805664, 14.625900268554688, 15.598899841308594, 16.506900787353516, 18.073400497436523, 17.17959976196289]"
