item_id,start,freq,target
T150,2014-12-29,W-SUN,"[5.970900058746338, 9.193099975585938, 9.756600379943848, 6.827899932861328, 8.098999977111816, 9.30780029296875, 9.073200225830078, 10.023699760437012, 8.905799865722656, 10.02340030670166, 9.786100387573242, 10.42490005493164, 10.598199844360352, 9.682900428771973, 10.267000198364258, 10.145500183105469, 10.880200386047363, 10.321800231933594, 11.079000473022461, 10.3125, 9.75879955291748, 10.484600067138672, 10.564200401306152, 10.772500038146973, 10.634499549865723, 10.876999855041504, 8.975799560546875, 11.260600090026855, 11.240300178527832, 11.540399551391602, 10.670700073242188, 10.995800018310547, 11.190699577331543, 11.21660041809082, 10.967100143432617, 10.076199531555176, 10.870100021362305, 11.422699928283691, 11.03689956665039, 10.742400169372559, 11.160499572753906, 11.231300354003906, 11.366900444030762, 10.636099815368652, 11.383399963378906, 11.001999855041504, 10.958999633789062, 9.395299911499023, 10.865799903869629, 11.387499809265137, 11.515999794006348, 7.620299816131592, 8.65779972076416, 11.378299713134766, 11.06879997253418, 10.628100395202637, 11.103500366210938, 10.989100456237793, 10.965299606323242, 11.585000038146973, 10.796699523925781, 9.906200408935547, 10.11139965057373, 10.23900032043457, 11.178299903869629, 10.499099731445312, 10.615300178527832, 11.241499900817871, 11.244500160217285, 8.86709976196289, 10.984199523925781, 11.15310001373291, 11.305100440979004, 10.597000122070312, 11.561699867248535, 11.85990047454834, 11.369600296020508, 12.204400062561035, 9.798800468444824, 12.019599914550781, 12.197999954223633, 11.812899589538574, 11.713600158691406, 11.777099609375, 11.228899955749512, 11.64169979095459, 11.02929973602295, 10.461700439453125, 11.229900360107422, 11.2431001663208, 11.0600004196167, 10.010299682617188, 10.937299728393555, 11.481800079345703, 11.296199798583984, 10.935400009155273]"
