item_id,start,freq,target
T798,2014-12-29,W-SUN,"[6.3618998527526855, 7.2846999168396, 5.548799991607666, 7.566699981689453, 11.115900039672852, 10.177000045776367, 9.756500244140625, 9.853300094604492, 8.805399894714355, 10.304300308227539, 10.292900085449219, 10.335200309753418, 10.482799530029297, 8.390999794006348, 9.528900146484375, 10.980400085449219, 9.848099708557129, 10.77810001373291, 11.7391996383667, 10.437899589538574, 9.836400032043457, 10.537199974060059, 10.569700241088867, 12.781999588012695, 10.496800422668457, 10.599599838256836, 9.162099838256836, 10.38599967956543, 10.71619987487793, 9.728099822998047, 11.248800277709961, 9.525199890136719, 10.581999778747559, 10.118399620056152, 13.093299865722656, 10.870699882507324, 10.868800163269043, 10.817299842834473, 9.742799758911133, 11.36929988861084, 10.28380012512207, 10.83329963684082, 10.70680046081543, 10.762499809265137, 9.728799819946289, 11.137900352478027, 11.08530044555664, 9.878399848937988, 9.44729995727539, 11.472200393676758, 10.153900146484375, 7.7631001472473145, 8.101900100708008, 10.404000282287598, 9.593000411987305, 11.411199569702148, 11.189200401306152, 10.62720012664795, 8.894399642944336, 10.261199951171875, 10.443599700927734, 11.075699806213379, 11.064299583435059, 10.092000007629395, 9.892999649047852, 9.36050033569336, 10.969400405883789, 10.18529987335205, 10.132399559020996, 10.293899536132812, 10.394200325012207, 11.643699645996094, 10.178799629211426, 10.026300430297852, 11.012499809265137, 7.966599941253662, 6.827899932861328, 7.085899829864502, 7.254199981689453, 13.749899864196777, 12.77970027923584, 10.69950008392334, 10.102299690246582, 9.784799575805664, 9.92240047454834, 10.84060001373291, 11.303199768066406, 10.13700008392334, 11.464599609375, 12.302800178527832, 11.052599906921387, 10.925700187683105, 10.992300033569336, 10.689200401306152, 11.373299598693848, 10.761899948120117]"
