item_id,start,freq,target
T199,2015-01-04 00:00:00,W-SUN,"[8.296899795532227, 5.549900054931641, 8.202799797058105, 8.383199691772461, 8.49120044708252, 8.674099922180176, 8.134499549865723, 7.617499828338623, 8.074199676513672, 7.980000019073486, 8.397100448608398, 8.359199523925781, 7.5254998207092285, 8.258299827575684, 8.974800109863281, 8.2076997756958, 8.675399780273438, 9.849599838256836, 10.984800338745117, 8.73859977722168, 6.949399948120117, 8.174099922180176, 14.655099868774414, 16.5132999420166, 14.907600402832031, 10.807299613952637, 14.239100456237793, 14.678000450134277, 14.309100151062012, 13.882200241088867, 13.772700309753418, 13.847999572753906, 14.13029956817627, 12.578200340270996, 11.460700035095215, 14.45419979095459, 15.129500389099121, 13.547699928283691, 13.719200134277344, 13.097100257873535, 14.538700103759766, 13.901300430297852, 13.796199798583984, 12.359199523925781, 9.449000358581543, 9.487700462341309, 7.500400066375732, 11.758999824523926, 10.091500282287598, 7.736400127410889, 4.78879976272583, 6.961400032043457, 9.130499839782715, 8.77280044555664, 9.73550033569336, 12.086199760437012, 11.719799995422363, 11.574700355529785, 11.608400344848633, 11.910699844360352, 9.771699905395508, 11.533499717712402, 11.463700294494629, 11.289999961853027, 12.708700180053711, 12.287599563598633, 13.373299598693848, 16.009599685668945, 13.610099792480469, 14.689900398254395, 15.649200439453125, 14.830900192260742, 13.133000373840332, 15.865900039672852, 14.274700164794922, 14.537199974060059, 15.671799659729004, 12.8149995803833, 15.441399574279785, 15.461600303649902, 13.325599670410156, 17.335899353027344, 16.210500717163086, 16.41309928894043, 14.30049991607666, 13.751899719238281, 12.38379955291748, 16.29400062561035, 15.707500457763672, 11.840200424194336]"
