item_id,start,freq,target
T274,2014-12-29,W-SUN,"[10.326899528503418, 13.969300270080566, 8.632399559020996, 13.397700309753418, 14.937199592590332, 14.813400268554688, 14.18529987335205, 14.85669994354248, 13.64739990234375, 14.677399635314941, 14.871299743652344, 14.866000175476074, 14.327699661254883, 11.376899719238281, 14.181400299072266, 14.530799865722656, 14.326800346374512, 15.296799659729004, 15.602700233459473, 15.033100128173828, 12.42140007019043, 9.967300415039062, 13.559499740600586, 18.83880043029785, 19.546499252319336, 17.749900817871094, 13.576600074768066, 18.031200408935547, 18.744600296020508, 18.291000366210938, 17.27630043029785, 17.269800186157227, 15.893799781799316, 17.944000244140625, 17.194499969482422, 15.633899688720703, 19.542499542236328, 18.206499099731445, 16.91629981994629, 18.287799835205078, 17.90180015563965, 18.75160026550293, 17.7185001373291, 16.228300094604492, 17.167400360107422, 18.641399383544922, 15.978099822998047, 13.152600288391113, 16.600099563598633, 17.39229965209961, 14.517900466918945, 8.871899604797363, 12.28279972076416, 16.375999450683594, 15.01449966430664, 16.21190071105957, 16.43560028076172, 15.927900314331055, 15.789899826049805, 16.346399307250977, 16.225000381469727, 14.380900382995605, 13.662699699401855, 12.737799644470215, 15.452699661254883, 15.963500022888184, 16.53459930419922, 17.741300582885742, 18.60110092163086, 18.253999710083008, 18.2593994140625, 19.660400390625, 18.858699798583984, 16.413799285888672, 20.111400604248047, 18.189599990844727, 18.13089942932129, 17.959199905395508, 14.014300346374512, 18.738399505615234, 19.336700439453125, 18.822500228881836, 20.298900604248047, 18.459999084472656, 18.474599838256836, 17.94070053100586, 18.23419952392578, 15.352899551391602, 19.142200469970703, 20.440799713134766, 19.700199127197266, 18.268199920654297, 17.1382999420166, 18.366899490356445, 18.41510009765625, 17.905799865722656]"
