item_id,start,freq,target
T221,2014-12-29,W-SUN,"[7.023399829864502, 8.720100402832031, 9.4128999710083, 8.775400161743164, 10.723899841308594, 10.753399848937988, 8.506699562072754, 10.910200119018555, 9.5871000289917, 11.800200462341309, 11.168100357055664, 9.30049991607666, 10.061800003051758, 8.929200172424316, 10.85200023651123, 11.679800033569336, 8.21619987487793, 12.145099639892578, 11.322500228881836, 8.719799995422363, 3.885999917984009, 4.622200012207031, 7.470200061798096, 6.374000072479248, 7.675000190734863, 7.912300109863281, 5.4807000160217285, 7.143400192260742, 6.55210018157959, 7.959199905395508, 7.039599895477295, 6.122000217437744, 6.0609002113342285, 8.45460033416748, 6.924799919128418, 5.97130012512207, 7.60099983215332, 9.589799880981445, 8.334099769592285, 9.805399894714355, 8.31820011138916, 8.42710018157959, 9.22189998626709, 11.73009967803955, 10.702400207519531, 10.956299781799316, 9.117899894714355, 7.309899806976318, 8.480600357055664, 9.674599647521973, 7.250899791717529, 6.118199825286865, 8.884300231933594, 11.048299789428711, 9.430299758911133, 10.676799774169922, 13.963600158691406, 13.83430004119873, 9.647700309753418, 13.766400337219238, 13.097900390625, 13.580699920654297, 13.124500274658203, 13.334199905395508, 12.068099975585938, 11.944899559020996, 12.908599853515625, 13.977800369262695, 14.889300346374512, 13.957099914550781, 13.961199760437012, 13.772299766540527, 11.91670036315918, 10.873800277709961, 10.659700393676758, 11.794099807739258, 11.027099609375, 10.877300262451172, 8.518600463867188, 10.807499885559082, 11.50979995727539, 10.640299797058105, 9.984800338745117, 7.148900032043457, 9.23330020904541, 10.394100189208984, 8.968999862670898, 11.549200057983398, 10.766200065612793, 10.473999977111816, 12.1141996383667, 8.2052001953125, 11.13070011138916, 11.37559986114502, 11.319600105285645, 11.015299797058105]"
