item_id,start,freq,target
T308,2014-12-29,W-SUN,"[4.551300048828125, 4.327000141143799, 5.205100059509277, 4.64300012588501, 5.857500076293945, 6.634099960327148, 6.6128997802734375, 6.75540018081665, 6.066999912261963, 7.221799850463867, 7.398600101470947, 5.148600101470947, 3.967099905014038, 3.675299882888794, 5.875100135803223, 7.71750020980835, 5.65500020980835, 7.345399856567383, 6.303500175476074, 3.7125000953674316, 4.123300075531006, 7.512499809265137, 7.731100082397461, 8.026599884033203, 8.066699981689453, 8.072699546813965, 7.491499900817871, 8.056900024414062, 8.191499710083008, 8.364899635314941, 8.076800346374512, 7.975200176239014, 7.916299819946289, 7.722899913787842, 7.88129997253418, 7.410200119018555, 7.427000045776367, 7.570099830627441, 7.728899955749512, 7.363399982452393, 7.313799858093262, 7.359099864959717, 7.659900188446045, 6.856200218200684, 7.057499885559082, 7.072500228881836, 7.086299896240234, 6.419000148773193, 7.093200206756592, 6.909200191497803, 6.939599990844727, 5.588399887084961, 5.844900131225586, 6.614699840545654, 6.625500202178955, 6.55019998550415, 6.776899814605713, 6.8628997802734375, 6.840700149536133, 7.029799938201904, 7.034800052642822, 6.4232001304626465, 6.632299900054932, 7.366300106048584, 7.500899791717529, 7.493500232696533, 7.011199951171875, 7.559000015258789, 7.258200168609619, 7.432499885559082, 7.26609992980957, 7.542300224304199, 7.571300029754639, 7.69789981842041, 7.982600212097168, 7.959499835968018, 7.950900077819824, 7.990499973297119, 7.418399810791016, 7.844600200653076, 8.057100296020508, 8.176400184631348, 8.02649974822998, 7.88670015335083, 7.770699977874756, 7.597300052642822, 7.38070011138916, 6.92710018157959, 7.168700218200684, 7.940100193023682, 7.390900135040283, 10.394200325012207, 10.514900207519531, 12.348199844360352, 12.879500389099121, 11.805800437927246]"
