item_id,start,freq,target
T624,2015-01-18 00:00:00,W-SUN,"[7.55620002746582, 7.200300216674805, 7.129300117492676, 7.932499885559082, 7.972799777984619, 6.9380998611450195, 7.134500026702881, 7.581399917602539, 6.908199787139893, 7.383299827575684, 6.441500186920166, 7.019800186157227, 7.200200080871582, 7.612500190734863, 7.40910005569458, 6.888199806213379, 7.4670000076293945, 7.360099792480469, 7.475399971008301, 7.662300109863281, 7.386000156402588, 6.855299949645996, 7.099800109863281, 6.736000061035156, 7.678299903869629, 7.11299991607666, 7.128399848937988, 6.975599765777588, 7.229000091552734, 7.760799884796143, 8.052499771118164, 7.6666998863220215, 7.1996002197265625, 7.820199966430664, 8.065999984741211, 7.656799793243408, 8.251799583435059, 7.406099796295166, 8.147100448608398, 7.750800132751465, 8.023599624633789, 8.558799743652344, 9.279999732971191, 7.434100151062012, 7.352799892425537, 8.686599731445312, 8.460100173950195, 7.256499767303467, 5.771999835968018, 6.7758002281188965, 7.956200122833252, 7.653500080108643, 7.5335001945495605, 7.04010009765625, 8.426199913024902, 8.318499565124512, 7.018799781799316, 7.700500011444092, 7.700500011444092, 7.702400207519531, 7.700500011444092, 7.700500011444092, 7.700500011444092, 8.03950023651123, 9.055700302124023, 8.414400100708008, 7.571400165557861, 7.790599822998047, 7.980100154876709, 8.108099937438965, 7.86460018157959, 9.042400360107422, 8.685999870300293, 7.924799919128418, 7.5071001052856445, 6.598400115966797, 7.625400066375732, 7.454899787902832, 6.569699764251709, 6.939599990844727, 6.681300163269043, 7.509399890899658, 7.7906999588012695, 8.512299537658691, 6.896100044250488, 7.39870023727417, 7.7829999923706055, 7.802000045776367, 7.131899833679199, 7.160799980163574]"
