item_id,start,freq,target
T590,2015-01-18 00:00:00,W-SUN,"[10.272899627685547, 10.193099975585938, 8.64900016784668, 7.616700172424316, 10.004599571228027, 9.368800163269043, 10.001899719238281, 10.060999870300293, 10.07979965209961, 10.638099670410156, 9.933199882507324, 10.119400024414062, 10.064900398254395, 9.35890007019043, 10.142200469970703, 10.10890007019043, 10.673800468444824, 9.556400299072266, 10.574600219726562, 10.894399642944336, 10.648300170898438, 10.623100280761719, 10.57699966430664, 9.283900260925293, 10.565600395202637, 10.502400398254395, 10.055299758911133, 10.497900009155273, 10.795599937438965, 10.0693998336792, 11.109399795532227, 9.82610034942627, 9.404800415039062, 10.132699966430664, 10.95680046081543, 9.00469970703125, 10.392200469970703, 9.670000076293945, 12.169300079345703, 9.751700401306152, 9.951399803161621, 9.715999603271484, 10.142499923706055, 10.482999801635742, 8.479599952697754, 9.405500411987305, 10.107099533081055, 10.690500259399414, 8.126999855041504, 7.652200222015381, 9.172699928283691, 9.23330020904541, 9.421600341796875, 9.616800308227539, 10.60949993133545, 9.337200164794922, 10.392499923706055, 10.33329963684082, 9.44629955291748, 10.283900260925293, 9.532500267028809, 10.93970012664795, 10.253899574279785, 9.957500457763672, 10.236000061035156, 10.708000183105469, 10.298800468444824, 11.59160041809082, 11.180000305175781, 11.531700134277344, 10.547900199890137, 10.870400428771973, 11.279800415039062, 11.409099578857422, 10.847100257873535, 9.922499656677246, 9.71150016784668, 10.86340045928955, 10.246299743652344, 10.487899780273438, 10.780200004577637, 10.794099807739258, 10.749099731445312, 10.946800231933594, 8.907899856567383, 10.524700164794922, 10.70110034942627, 10.295100212097168, 10.910699844360352, 10.223600387573242]"
