item_id,start,freq,target
T102,2014-12-29,W-SUN,"[4.732399940490723, 5.327099800109863, 4.089700222015381, 5.581600189208984, 6.011099815368652, 5.872499942779541, 5.916100025177002, 6.059999942779541, 5.462500095367432, 6.263500213623047, 6.378499984741211, 5.9567999839782715, 6.463500022888184, 6.273499965667725, 6.3053998947143555, 6.412600040435791, 6.492199897766113, 6.399499893188477, 6.50029993057251, 6.501200199127197, 6.337299823760986, 6.523399829864502, 6.480899810791016, 6.589799880981445, 6.682499885559082, 6.5254998207092285, 6.234000205993652, 6.370800018310547, 6.590000152587891, 6.607100009918213, 6.657599925994873, 6.491799831390381, 6.530099868774414, 6.6149001121521, 6.539999961853027, 6.2357001304626465, 6.428299903869629, 6.104000091552734, 6.257299900054932, 6.504499912261963, 6.310299873352051, 6.434700012207031, 6.409999847412109, 6.246200084686279, 6.235400199890137, 6.3597002029418945, 6.491600036621094, 5.725500106811523, 6.198500156402588, 6.348199844360352, 6.436600208282471, 5.551499843597412, 5.310800075531006, 5.876800060272217, 5.941699981689453, 5.986400127410889, 6.083600044250488, 6.1153998374938965, 6.151500225067139, 6.068699836730957, 5.476799964904785, 5.72130012512207, 5.827700138092041, 5.924900054931641, 6.6132001876831055, 6.508500099182129, 6.262499809265137, 6.444799900054932, 6.478899955749512, 6.535999774932861, 6.560200214385986, 6.651899814605713, 6.750199794769287, 6.395599842071533, 6.7281999588012695, 6.769400119781494, 6.735300064086914, 6.910699844360352, 6.34499979019165, 6.589399814605713, 6.655300140380859, 6.654300212860107, 6.685200214385986, 6.622499942779541, 6.684899806976318, 6.669300079345703, 6.5671000480651855, 6.01609992980957, 6.111100196838379, 6.636300086975098, 7.261000156402588, 6.463600158691406, 6.85290002822876, 6.127999782562256, 5.728700160980225, 4.668000221252441]"
