item_id,start,freq,target
T74,2014-12-29,W-SUN,"[5.314499855041504, 5.342700004577637, 4.625999927520752, 5.261000156402588, 5.6529998779296875, 5.584000110626221, 5.148799896240234, 5.000899791717529, 4.254000186920166, 6.0406999588012695, 7.593800067901611, 6.980000019073486, 6.682799816131592, 4.23829984664917, 6.492400169372559, 7.382699966430664, 6.468599796295166, 5.4745001792907715, 5.176799774169922, 5.289000034332275, 4.7571001052856445, 5.562399864196777, 8.118800163269043, 9.04640007019043, 9.151900291442871, 8.933300018310547, 8.427900314331055, 9.26099967956543, 9.17039966583252, 8.63700008392334, 8.904600143432617, 9.122699737548828, 8.851699829101562, 9.592499732971191, 9.531100273132324, 8.737899780273438, 9.787199974060059, 9.818300247192383, 6.592199802398682, 9.441399574279785, 8.849900245666504, 9.27929973602295, 9.749199867248535, 9.654199600219727, 9.973199844360352, 9.830100059509277, 10.05739974975586, 8.933199882507324, 7.2891998291015625, 7.802599906921387, 7.7347002029418945, 4.121399879455566, 4.793099880218506, 7.054200172424316, 6.279699802398682, 7.776100158691406, 7.091100215911865, 7.054900169372559, 7.267300128936768, 8.534000396728516, 6.995200157165527, 6.622099876403809, 6.961299896240234, 7.8927001953125, 7.145599842071533, 6.999499797821045, 6.890399932861328, 7.550099849700928, 7.137599945068359, 7.97730016708374, 7.456399917602539, 8.238300323486328, 7.9822001457214355, 6.872900009155273, 8.198800086975098, 8.622200012207031, 7.924699783325195, 7.860599994659424, 6.3796000480651855, 7.670100212097168, 7.9496002197265625, 8.298700332641602, 8.081299781799316, 7.83650016784668, 8.049699783325195, 8.444600105285645, 8.039999961853027, 6.775000095367432, 7.994800090789795, 8.421199798583984, 8.543700218200684, 8.361599922180176, 7.884300231933594, 7.418499946594238, 7.764999866485596, 8.109000205993652]"
