item_id,start,freq,target
T652,2015-01-04 00:00:00,W-SUN,"[7.700500011444092, 7.700500011444092, 7.700500011444092, 7.198400020599365, 6.739200115203857, 6.994999885559082, 7.396100044250488, 6.56820011138916, 7.48360013961792, 7.427800178527832, 7.527400016784668, 7.518199920654297, 7.319699764251709, 7.532599925994873, 7.7032999992370605, 7.625899791717529, 7.680600166320801, 7.308899879455566, 7.4394001960754395, 7.140900135040283, 7.5106000900268555, 7.865300178527832, 7.5843000411987305, 7.906799793243408, 7.765399932861328, 6.7846999168396, 7.5625, 7.527299880981445, 7.405399799346924, 7.860300064086914, 7.254700183868408, 7.246500015258789, 7.4008002281188965, 7.065000057220459, 7.2540998458862305, 7.59119987487793, 7.742300033569336, 7.2484002113342285, 7.519700050354004, 7.591800212860107, 7.752799987792969, 7.365499973297119, 7.334400177001953, 7.764100074768066, 7.865099906921387, 7.132699966430664, 6.656099796295166, 7.410900115966797, 7.817200183868408, 7.46999979019165, 6.186500072479248, 6.509099960327148, 7.197000026702881, 7.23859977722168, 7.10699987411499, 6.551599979400635, 7.203700065612793, 7.388299942016602, 7.595799922943115, 6.896500110626221, 5.17710018157959, 5.8109002113342285, 5.188399791717529, 7.742199897766113, 7.4567999839782715, 7.789100170135498, 7.309700012207031, 8.00100040435791, 8.096500396728516, 8.05620002746582, 8.89229965209961, 8.40310001373291, 7.740499973297119, 9.063699722290039, 8.45359992980957, 8.439599990844727, 8.801799774169922, 7.360499858856201, 8.416500091552734, 8.072400093078613, 7.786200046539307, 8.128100395202637, 8.1225004196167, 7.760300159454346, 8.091099739074707, 7.6855998039245605, 7.1006999015808105, 8.609000205993652, 8.020500183105469, 8.420499801635742]"
