item_id,start,freq,target
T567,2014-12-29,W-SUN,"[5.510200023651123, 4.9807000160217285, 6.056700229644775, 6.040200233459473, 6.082699775695801, 5.643799781799316, 5.877299785614014, 5.804500102996826, 5.372499942779541, 5.955999851226807, 6.067399978637695, 6.130000114440918, 6.282100200653076, 6.188700199127197, 6.208099842071533, 6.314700126647949, 6.245699882507324, 6.206399917602539, 6.218999862670898, 6.172299861907959, 5.942500114440918, 6.445199966430664, 6.303699970245361, 6.384399890899658, 6.497799873352051, 6.515999794006348, 6.2779998779296875, 6.6066999435424805, 6.5482001304626465, 6.485499858856201, 6.555200099945068, 6.5096001625061035, 6.485300064086914, 6.431099891662598, 6.233799934387207, 6.279900074005127, 6.514500141143799, 6.411799907684326, 6.378399848937988, 6.401000022888184, 6.024799823760986, 6.4421000480651855, 6.179999828338623, 6.204800128936768, 6.58620023727417, 6.114999771118164, 6.343100070953369, 5.954100131988525, 6.178899765014648, 6.207300186157227, 6.147500038146973, 5.94379997253418, 5.681000232696533, 6.018199920654297, 6.0370001792907715, 6.179599761962891, 5.9070000648498535, 6.662199974060059, 6.130099773406982, 6.283199787139893, 6.1072001457214355, 5.944200038909912, 5.997600078582764, 6.257500171661377, 6.418700218200684, 6.457200050354004, 6.331299781799316, 6.137800216674805, 6.15910005569458, 5.826600074768066, 5.738699913024902, 5.92110013961792, 5.984600067138672, 6.0756001472473145, 5.991000175476074, 6.139200210571289, 5.962600231170654, 6.057000160217285, 5.910699844360352, 5.971099853515625, 6.11929988861084, 5.759900093078613, 6.097400188446045, 6.156899929046631, 6.139800071716309, 6.058800220489502, 6.144100189208984, 6.069799900054932, 5.960100173950195, 6.343699932098389, 6.271200180053711, 6.053800106048584, 6.032400131225586, 5.77400016784668, 6.206299781799316, 5.75540018081665]"
