item_id,start,freq,target
T538,2014-12-29,W-SUN,"[10.153499603271484, 15.061599731445312, 15.359199523925781, 13.651200294494629, 15.563400268554688, 15.457900047302246, 15.496899604797363, 18.295400619506836, 13.124199867248535, 15.579000473022461, 14.988499641418457, 18.992900848388672, 19.62809944152832, 19.73150062561035, 19.818700790405273, 21.260700225830078, 19.371999740600586, 19.469999313354492, 23.358800888061523, 21.89189910888672, 22.84950065612793, 21.00119972229004, 21.31760025024414, 21.593900680541992, 19.026199340820312, 20.64459991455078, 17.479999542236328, 21.663700103759766, 24.359399795532227, 21.506200790405273, 21.414199829101562, 21.077299118041992, 16.065099716186523, 22.866300582885742, 17.74920082092285, 14.599699974060059, 18.958099365234375, 18.336000442504883, 16.066200256347656, 20.199800491333008, 18.2322998046875, 15.97089958190918, 14.537400245666504, 15.470800399780273, 20.576000213623047, 20.542400360107422, 17.9064998626709, 11.8951997756958, 16.341800689697266, 18.186100006103516, 22.822900772094727, 13.74489974975586, 11.112199783325195, 15.050100326538086, 17.871599197387695, 15.696700096130371, 13.668399810791016, 16.347400665283203, 16.422100067138672, 17.47760009765625, 17.499500274658203, 20.26810073852539, 23.480499267578125, 21.115699768066406, 21.329200744628906, 16.825599670410156, 16.3518009185791, 19.88789939880371, 22.769800186157227, 22.578699111938477, 23.539899826049805, 23.354299545288086, 25.5757999420166, 19.365999221801758, 19.862899780273438, 22.87190055847168, 21.824899673461914, 17.624000549316406, 14.13599967956543, 16.09749984741211, 18.846799850463867, 19.061800003051758, 21.41469955444336, 18.452600479125977, 18.90959930419922, 17.71310043334961, 15.046500205993652, 14.950400352478027, 15.805800437927246, 16.72319984436035, 15.87279987335205, 15.849699974060059, 16.148000717163086, 15.928199768066406, 16.378599166870117, 16.185199737548828]"
