item_id,start,freq,target
T393,2014-12-29,W-SUN,"[7.005199909210205, 7.689899921417236, 7.559500217437744, 7.666600227355957, 7.555600166320801, 7.221799850463867, 7.376500129699707, 7.522200107574463, 6.77400016784668, 7.591100215911865, 7.560699939727783, 7.811800003051758, 7.877200126647949, 7.573599815368652, 7.796899795532227, 7.728099822998047, 7.749800205230713, 7.831299781799316, 7.724299907684326, 7.671599864959717, 7.264500141143799, 7.866000175476074, 6.774700164794922, 7.915900230407715, 7.929800033569336, 7.920300006866455, 7.232399940490723, 8.040900230407715, 13.179200172424316, 8.004300117492676, 8.201000213623047, 7.860599994659424, 7.771100044250488, 7.814899921417236, 7.5278000831604, 7.481800079345703, 7.861800193786621, 7.761300086975098, 7.713399887084961, 7.810500144958496, 7.7393999099731445, 7.920000076293945, 7.727399826049805, 7.507800102233887, 7.679900169372559, 7.502299785614014, 7.650899887084961, 6.9141998291015625, 7.612199783325195, 7.789299964904785, 8.239700317382812, 6.709499835968018, 6.571899890899658, 7.345699787139893, 7.72629976272583, 7.362500190734863, 6.816299915313721, 7.441100120544434, 7.457200050354004, 7.516900062561035, 7.580999851226807, 6.8719000816345215, 7.4893999099731445, 7.665900230407715, 7.933599948883057, 7.712600231170654, 7.5802001953125, 7.726099967956543, 6.562699794769287, 7.893799781799316, 8.118499755859375, 8.361700057983398, 8.781999588012695, 8.257800102233887, 8.832200050354004, 8.986499786376953, 8.878399848937988, 8.906599998474121, 8.009300231933594, 8.736499786376953, 8.752300262451172, 8.005200386047363, 8.113800048828125, 8.153599739074707, 8.199299812316895, 8.080900192260742, 8.13700008392334, 7.484600067138672, 8.038200378417969, 8.239100456237793, 8.074999809265137, 8.133500099182129, 8.07919979095459, 7.8078999519348145, 8.096699714660645, 7.81689977645874]"
