item_id,start,freq,target
T812,2014-12-29,W-SUN,"[7.382599830627441, 8.464599609375, 7.511199951171875, 8.59529972076416, 9.639900207519531, 9.781800270080566, 8.80150032043457, 10.094400405883789, 8.741900444030762, 9.853599548339844, 9.620200157165527, 9.611300468444824, 9.956500053405762, 10.264900207519531, 10.130900382995605, 10.264100074768066, 8.801300048828125, 9.832200050354004, 9.756500244140625, 10.292900085449219, 9.71049976348877, 10.04539966583252, 9.622200012207031, 7.288899898529053, 8.123600006103516, 8.123200416564941, 7.250800132751465, 7.907100200653076, 8.338800430297852, 8.011300086975098, 7.973499774932861, 8.07040023803711, 8.784700393676758, 8.311599731445312, 8.053999900817871, 7.759200096130371, 7.319799900054932, 7.450099945068359, 6.353899955749512, 7.537300109863281, 7.2993998527526855, 7.663099765777588, 8.05679988861084, 7.733099937438965, 7.797999858856201, 7.661499977111816, 7.499199867248535, 6.686299800872803, 7.591400146484375, 8.086299896240234, 7.880799770355225, 6.187300205230713, 7.212399959564209, 7.5644001960754395, 7.431399822235107, 7.7067999839782715, 7.75570011138916, 8.099900245666504, 7.784900188446045, 8.27239990234375, 7.747799873352051, 7.482900142669678, 7.653200149536133, 7.667099952697754, 7.876500129699707, 8.217300415039062, 7.774799823760986, 7.847599983215332, 7.806099891662598, 7.843500137329102, 8.117300033569336, 8.022500038146973, 8.376700401306152, 7.485300064086914, 8.268400192260742, 8.127400398254395, 8.150500297546387, 8.323399543762207, 7.458199977874756, 7.706399917602539, 7.031599998474121, 8.273900032043457, 8.149299621582031, 8.010899543762207, 8.037099838256836, 8.512700080871582, 8.215700149536133, 7.452899932861328, 7.982900142669678, 8.128499984741211, 7.902299880981445, 7.811600208282471, 7.942599773406982, 7.692299842834473, 8.167099952697754, 7.6666998863220215]"
