item_id,start,freq,target
T824,2015-01-18 00:00:00,W-SUN,"[5.591300010681152, 4.747799873352051, 4.506400108337402, 6.53980016708374, 5.355000019073486, 5.133900165557861, 4.787199974060059, 4.793799877166748, 5.078400135040283, 5.148200035095215, 5.711400032043457, 6.228700160980225, 5.817200183868408, 5.277900218963623, 5.928800106048584, 5.835700035095215, 6.213600158691406, 5.431399822235107, 5.971499919891357, 5.9842000007629395, 6.280099868774414, 6.104599952697754, 5.880499839782715, 5.283199787139893, 6.36359977722168, 5.9105000495910645, 6.214399814605713, 5.895699977874756, 5.845699787139893, 6.241700172424316, 5.90339994430542, 5.714399814605713, 5.663400173187256, 6.110300064086914, 6.246600151062012, 6.851099967956543, 5.951099872589111, 5.929599761962891, 5.895299911499023, 5.9593000411987305, 5.622700214385986, 5.866099834442139, 5.930600166320801, 5.861599922180176, 5.217400074005127, 6.962900161743164, 5.843200206756592, 5.968200206756592, 4.8892998695373535, 4.902599811553955, 5.608699798583984, 5.861400127410889, 5.831500053405762, 5.079699993133545, 5.489699840545654, 6.666299819946289, 5.968200206756592, 6.239500045776367, 5.595099925994873, 5.676199913024902, 5.888000011444092, 6.071300029754639, 6.1118998527526855, 5.781199932098389, 6.398399829864502, 5.987500190734863, 6.035399913787842, 6.058300018310547, 6.284999847412109, 6.263999938964844, 5.885300159454346, 6.32859992980957, 6.51200008392334, 6.208199977874756, 6.139200210571289, 5.620100021362305, 6.130799770355225, 6.110499858856201, 5.894899845123291, 6.175000190734863, 5.998300075531006, 6.423099994659424, 6.026400089263916, 5.9471001625061035, 5.482699871063232, 5.940700054168701, 6.019100189208984, 5.874000072479248, 5.895899772644043, 5.9070000648498535]"
