item_id,start,freq,target
T522,2014-12-29,W-SUN,"[6.588600158691406, 8.71399974822998, 5.973599910736084, 8.009900093078613, 10.854999542236328, 10.750200271606445, 11.00879955291748, 11.10420036315918, 8.388699531555176, 6.854499816894531, 11.580499649047852, 11.58650016784668, 11.663399696350098, 11.185199737548828, 11.354599952697754, 11.672200202941895, 11.48289966583252, 10.735600471496582, 10.588399887084961, 11.7121000289917, 11.322999954223633, 11.61340045928955, 11.646900177001953, 11.759699821472168, 12.007699966430664, 11.957200050354004, 5.308599948883057, 6.6082000732421875, 6.769400119781494, 6.862400054931641, 6.079100131988525, 6.394400119781494, 4.843900203704834, 6.573699951171875, 6.396200180053711, 9.614700317382812, 11.777999877929688, 11.932600021362305, 11.854299545288086, 11.866000175476074, 11.594599723815918, 11.94279956817627, 11.891400337219238, 11.564599990844727, 11.572999954223633, 11.801300048828125, 12.047200202941895, 10.39900016784668, 11.618399620056152, 11.706899642944336, 11.670299530029297, 9.748299598693848, 9.913299560546875, 10.898599624633789, 11.2052001953125, 11.185600280761719, 11.551400184631348, 11.468000411987305, 11.476400375366211, 7.72730016708374, 7.924600124359131, 6.9095001220703125, 8.387399673461914, 8.504599571228027, 10.905599594116211, 10.537599563598633, 10.578399658203125, 10.831299781799316, 10.902199745178223, 10.878700256347656, 10.929200172424316, 11.256400108337402, 11.375900268554688, 11.190199851989746, 11.33549976348877, 11.144599914550781, 11.324600219726562, 11.156399726867676, 10.557600021362305, 11.141500473022461, 11.198699951171875, 11.315299987792969, 11.225099563598633, 11.2298002243042, 11.352700233459473, 11.219099998474121, 11.29520034790039, 10.615099906921387, 11.00629997253418, 11.50510025024414, 11.232500076293945, 10.92300033569336, 11.207500457763672, 11.13479995727539, 11.28600025177002, 10.715200424194336]"
