item_id,start,freq,target
T363,2014-12-29,W-SUN,"[4.9608001708984375, 6.327099800109863, 4.005499839782715, 6.208600044250488, 6.717400074005127, 6.673999786376953, 6.802299976348877, 6.908699989318848, 6.3572001457214355, 6.865600109100342, 6.861299991607666, 5.98330020904541, 6.052000045776367, 5.59060001373291, 5.90339994430542, 5.892000198364258, 5.855199813842773, 5.767099857330322, 5.949699878692627, 6.048500061035156, 5.476500034332275, 5.982100009918213, 5.912899971008301, 5.044899940490723, 5.7418999671936035, 6.076200008392334, 5.306000232696533, 5.289000034332275, 5.4008002281188965, 5.311200141906738, 5.468900203704834, 5.46999979019165, 5.448500156402588, 5.639999866485596, 5.564199924468994, 5.154399871826172, 5.4257001876831055, 5.565700054168701, 5.493500232696533, 5.689000129699707, 5.414700031280518, 5.6545000076293945, 5.664899826049805, 5.57889986038208, 5.3632001876831055, 5.615099906921387, 5.782700061798096, 4.622900009155273, 5.536200046539307, 5.734899997711182, 5.946100234985352, 4.5543999671936035, 4.353400230407715, 5.320799827575684, 5.174900054931641, 5.446800231933594, 5.544899940490723, 5.552599906921387, 5.553599834442139, 5.630199909210205, 5.627099990844727, 5.554500102996826, 5.745999813079834, 5.436100006103516, 5.817200183868408, 5.784299850463867, 5.509799957275391, 5.731200218200684, 5.688799858093262, 5.691699981689453, 5.73829984664917, 5.743899822235107, 5.792200088500977, 6.032899856567383, 6.448200225830078, 6.68120002746582, 6.674699783325195, 6.32420015335083, 5.692800045013428, 6.382800102233887, 6.320499897003174, 6.5, 6.2505998611450195, 6.437900066375732, 6.46589994430542, 6.506700038909912, 6.535399913787842, 5.823800086975098, 6.505000114440918, 6.692299842834473, 6.687099933624268, 6.49970006942749, 6.459000110626221, 6.314300060272217, 6.224699974060059, 6.277699947357178]"
