item_id,start,freq,target
T797,2014-12-29,W-SUN,"[7.392399787902832, 9.088899612426758, 7.104599952697754, 7.826700210571289, 9.285300254821777, 11.237600326538086, 9.719799995422363, 10.26830005645752, 8.45419979095459, 9.44729995727539, 9.3572998046875, 9.894100189208984, 10.103500366210938, 10.12909984588623, 10.177399635314941, 11.928600311279297, 10.436400413513184, 9.868800163269043, 13.990699768066406, 10.330100059509277, 11.578499794006348, 10.350099563598633, 9.371800422668457, 10.409600257873535, 9.9891996383667, 9.43280029296875, 10.107000350952148, 10.593299865722656, 9.536100387573242, 9.907699584960938, 9.922900199890137, 10.664899826049805, 8.711000442504883, 9.75220012664795, 10.895999908447266, 10.143400192260742, 9.25409984588623, 11.604599952697754, 9.217000007629395, 9.703399658203125, 8.773900032043457, 8.723699569702148, 9.196700096130371, 9.21560001373291, 9.540599822998047, 8.67710018157959, 7.320199966430664, 5.85260009765625, 7.226500034332275, 6.397900104522705, 7.224699974060059, 5.7418999671936035, 6.04640007019043, 6.150199890136719, 7.502500057220459, 6.088799953460693, 8.41450023651123, 6.376999855041504, 6.63670015335083, 6.759300231933594, 6.6834001541137695, 6.355800151824951, 7.0355000495910645, 6.575099945068359, 7.51170015335083, 6.6992998123168945, 6.32390022277832, 7.435699939727783, 7.526199817657471, 6.564499855041504, 7.273200035095215, 8.539999961853027, 6.97730016708374, 7.905700206756592, 7.883900165557861, 6.814199924468994, 8.137100219726562, 10.431900024414062, 10.480299949645996, 8.860400199890137, 8.828399658203125, 8.38129997253418, 11.192700386047363, 8.254899978637695, 9.248200416564941, 8.686400413513184, 7.6579999923706055, 9.038000106811523, 7.541900157928467, 8.47350025177002, 9.794599533081055, 8.603599548339844, 8.083000183105469, 8.000900268554688, 7.648399829864502, 12.164600372314453]"
