item_id,start,freq,target
T705,2015-01-11 00:00:00,W-SUN,"[5.241799831390381, 5.19320011138916, 5.365600109100342, 5.234499931335449, 5.2820000648498535, 5.384399890899658, 4.928899765014648, 5.243199825286865, 5.385300159454346, 5.295899868011475, 5.546000003814697, 5.856299877166748, 5.787799835205078, 5.865600109100342, 5.83519983291626, 6.00570011138916, 5.991300106048584, 5.9359002113342285, 5.619800090789795, 6.023399829864502, 6.127900123596191, 6.361000061035156, 6.509099960327148, 6.662600040435791, 6.101799964904785, 6.478700160980225, 6.605400085449219, 6.344600200653076, 6.140699863433838, 6.300300121307373, 6.935699939727783, 6.732100009918213, 6.65749979019165, 6.607699871063232, 7.7382001876831055, 7.491499900817871, 7.331399917602539, 7.125199794769287, 7.256499767303467, 6.600200176239014, 7.347300052642822, 6.217700004577637, 6.343999862670898, 6.352799892425537, 6.814300060272217, 5.526500225067139, 6.2144999504089355, 6.168399810791016, 6.770899772644043, 4.820000171661377, 5.344799995422363, 5.883699893951416, 5.768400192260742, 5.778900146484375, 5.561500072479248, 6.3196001052856445, 5.977700233459473, 6.0106000900268555, 6.355299949645996, 6.153900146484375, 5.998199939727783, 6.622600078582764, 6.649700164794922, 6.374499797821045, 6.675000190734863, 6.714000225067139, 6.576099872589111, 7.139500141143799, 7.7316999435424805, 7.05079984664917, 7.034200191497803, 6.858500003814697, 7.0432000160217285, 7.436100006103516, 7.037899971008301, 7.1468000411987305, 7.502200126647949, 7.616099834442139, 7.538899898529053, 7.42080020904541, 7.348199844360352, 7.967400074005127, 8.180700302124023, 8.210100173950195, 7.94890022277832, 8.004599571228027, 8.277600288391113, 9.084400177001953, 8.544500350952148, 8.696599960327148]"
