item_id,start,freq,target
T90,2014-12-29,W-SUN,"[6.417300224304199, 8.823800086975098, 6.642000198364258, 7.900199890136719, 8.950499534606934, 9.015299797058105, 8.8326997756958, 9.080499649047852, 8.260899543762207, 9.546899795532227, 9.596199989318848, 9.77560043334961, 8.718400001525879, 8.399499893188477, 8.835000038146973, 9.48840045928955, 9.46720027923584, 9.670700073242188, 9.204999923706055, 9.961299896240234, 8.927900314331055, 9.448100090026855, 10.080400466918945, 10.167099952697754, 9.824000358581543, 8.496199607849121, 7.8719000816345215, 9.469400405883789, 9.761500358581543, 9.248700141906738, 9.933199882507324, 9.083800315856934, 9.820899963378906, 10.486499786376953, 10.416600227355957, 9.5201997756958, 10.649200439453125, 10.494500160217285, 10.416999816894531, 10.132499694824219, 10.539299964904785, 11.225700378417969, 10.822099685668945, 10.825900077819824, 9.469300270080566, 10.825200080871582, 9.542499542236328, 8.688199996948242, 9.754500389099121, 10.712200164794922, 9.142900466918945, 6.773399829864502, 8.442099571228027, 9.288999557495117, 9.561800003051758, 8.896300315856934, 9.95359992980957, 10.099200248718262, 9.434800148010254, 10.274499893188477, 9.660599708557129, 9.798800468444824, 9.188300132751465, 8.74839973449707, 9.245800018310547, 9.815299987792969, 9.926899909973145, 10.177000045776367, 10.552499771118164, 9.979599952697754, 9.838399887084961, 10.052000045776367, 10.056699752807617, 9.498700141906738, 10.565799713134766, 9.99530029296875, 10.106100082397461, 9.715800285339355, 8.183199882507324, 9.8233003616333, 10.437100410461426, 10.043899536132812, 9.851699829101562, 10.29640007019043, 9.970100402832031, 10.915200233459473, 11.835100173950195, 10.287799835205078, 11.912500381469727, 12.453200340270996, 12.079099655151367, 11.621999740600586, 11.575799942016602, 12.246299743652344, 12.128999710083008, 11.152600288391113]"
