item_id,start,freq,target
T829,2014-12-29,W-SUN,"[6.372900009155273, 8.23009967803955, 7.737500190734863, 8.120599746704102, 7.912499904632568, 8.306699752807617, 8.027299880981445, 8.124799728393555, 7.666100025177002, 8.469099998474121, 8.52910041809082, 8.627400398254395, 8.417699813842773, 8.016500473022461, 8.567399978637695, 8.43690013885498, 8.460599899291992, 8.678099632263184, 8.646300315856934, 8.941499710083008, 7.509699821472168, 7.798999786376953, 9.422699928283691, 8.48799991607666, 8.71030044555664, 8.826899528503418, 7.145500183105469, 10.894000053405762, 8.905099868774414, 8.901200294494629, 8.500800132751465, 9.677200317382812, 8.600799560546875, 8.873600006103516, 8.652000427246094, 7.857100009918213, 8.927200317382812, 9.086099624633789, 8.737099647521973, 9.309499740600586, 8.73900032043457, 8.930999755859375, 8.889300346374512, 8.770000457763672, 8.783100128173828, 7.206299781799316, 8.739500045776367, 7.624800205230713, 8.555800437927246, 8.909500122070312, 8.26039981842041, 6.615300178527832, 7.471199989318848, 8.742400169372559, 8.633399963378906, 8.715100288391113, 9.048500061035156, 8.972000122070312, 8.26830005645752, 8.537400245666504, 9.044300079345703, 8.847599983215332, 8.663999557495117, 8.636099815368652, 8.862199783325195, 8.862199783325195, 8.604299545288086, 9.075799942016602, 8.952400207519531, 8.94950008392334, 8.974200248718262, 9.206399917602539, 9.316699981689453, 8.560199737548828, 8.978500366210938, 8.927599906921387, 9.152899742126465, 9.062999725341797, 7.977399826049805, 9.470000267028809, 9.394200325012207, 9.279800415039062, 9.138999938964844, 8.822400093078613, 9.133899688720703, 9.28339958190918, 8.9822998046875, 8.417499542236328, 9.131400108337402, 9.26669979095459, 9.580499649047852, 9.483799934387207, 9.206399917602539, 8.818300247192383, 9.080699920654297, 8.524999618530273]"
