item_id,start,freq,target
T388,2014-12-29,W-SUN,"[8.479599952697754, 11.600899696350098, 6.86460018157959, 11.64840030670166, 11.962400436401367, 11.920299530029297, 12.062899589538574, 12.181599617004395, 11.633000373840332, 12.30459976196289, 12.405099868774414, 12.403900146484375, 13.352700233459473, 11.88640022277832, 12.4128999710083, 12.472299575805664, 12.319299697875977, 12.610699653625488, 12.014800071716309, 12.5625, 11.410599708557129, 12.286999702453613, 12.519399642944336, 13.376199722290039, 12.955599784851074, 12.981499671936035, 11.521100044250488, 12.1318998336792, 12.685600280761719, 12.162400245666504, 12.986000061035156, 13.055000305175781, 12.343500137329102, 13.593899726867676, 12.693599700927734, 11.878899574279785, 12.231200218200684, 13.043700218200684, 9.619400024414062, 12.882599830627441, 12.714699745178223, 10.14900016784668, 12.324899673461914, 12.1673002243042, 11.85770034790039, 12.169599533081055, 12.62440013885498, 10.40060043334961, 10.618000030517578, 12.138199806213379, 13.240099906921387, 10.887700080871582, 9.590700149536133, 12.396200180053711, 12.126199722290039, 12.914199829101562, 12.763400077819824, 12.955599784851074, 12.91819953918457, 13.52970027923584, 10.441900253295898, 12.004899978637695, 9.424200057983398, 11.225099563598633, 9.265199661254883, 8.110799789428711, 12.961999893188477, 13.419699668884277, 13.36929988861084, 13.621199607849121, 13.331100463867188, 13.560400009155273, 13.56190013885498, 12.878499984741211, 14.504400253295898, 15.06410026550293, 14.853599548339844, 13.642399787902832, 12.523699760437012, 13.62600040435791, 13.840100288391113, 14.15880012512207, 13.801199913024902, 13.906299591064453, 14.020299911499023, 14.101300239562988, 12.314399719238281, 11.571000099182129, 12.316100120544434, 13.01729965209961, 12.900799751281738, 12.69890022277832, 12.467700004577637, 12.527999877929688, 13.310799598693848, 13.551300048828125]"
