item_id,start,freq,target
T644,2014-12-29,W-SUN,"[5.441500186920166, 5.536099910736084, 4.770599842071533, 6.056000232696533, 5.684700012207031, 6.446599960327148, 5.758999824523926, 6.152200222015381, 6.483399868011475, 7.440899848937988, 7.655600070953369, 7.847899913787842, 7.672699928283691, 7.5304999351501465, 7.463900089263916, 7.974899768829346, 6.95359992980957, 7.676700115203857, 7.7129998207092285, 7.870299816131592, 7.70989990234375, 8.22719955444336, 7.887700080871582, 8.140299797058105, 8.978899955749512, 8.2076997756958, 8.639300346374512, 8.451399803161621, 8.810199737548828, 8.83899974822998, 9.049599647521973, 8.325400352478027, 8.155500411987305, 7.815899848937988, 7.468400001525879, 7.132900238037109, 7.740699768066406, 7.904600143432617, 6.490200042724609, 7.841400146484375, 7.556600093841553, 7.751200199127197, 7.74970006942749, 7.552499771118164, 7.87939977645874, 8.184100151062012, 8.492500305175781, 6.886600017547607, 7.187600135803223, 7.728700160980225, 8.743399620056152, 6.945300102233887, 6.5329999923706055, 7.577300071716309, 7.92140007019043, 8.343899726867676, 8.340999603271484, 8.25979995727539, 8.131600379943848, 9.411299705505371, 7.219799995422363, 5.904200077056885, 5.73960018157959, 7.348199844360352, 7.991099834442139, 7.56790018081665, 7.6483001708984375, 7.75540018081665, 7.612299919128418, 9.014200210571289, 7.334000110626221, 7.47629976272583, 8.080900192260742, 8.243399620056152, 7.330699920654297, 7.81820011138916, 8.066399574279785, 7.560999870300293, 7.183300018310547, 6.807700157165527, 7.513000011444092, 6.721399784088135, 6.828100204467773, 6.777500152587891, 6.77370023727417, 6.966300010681152, 6.593200206756592, 6.310699939727783, 6.565999984741211, 6.75629997253418, 6.843699932098389, 6.674900054931641, 6.7972002029418945, 6.660099983215332, 6.487599849700928, 6.28439998626709]"
