item_id,start,freq,target
T531,2015-02-08 00:00:00,W-SUN,"[5.305600166320801, 5.602700233459473, 4.706600189208984, 5.63040018081665, 5.692599773406982, 5.2835001945495605, 5.8582000732421875, 5.297500133514404, 6.2947001457214355, 5.815400123596191, 5.4953999519348145, 4.8892998695373535, 5.867599964141846, 5.51609992980957, 5.462299823760986, 5.8379998207092285, 5.6768999099731445, 5.898600101470947, 5.944699764251709, 6.142099857330322, 5.576700210571289, 5.957399845123291, 6.060500144958496, 6.050600051879883, 6.229700088500977, 5.762499809265137, 7.0671000480651855, 6.054500102996826, 6.768599987030029, 5.911799907684326, 5.589300155639648, 6.794899940490723, 6.496200084686279, 6.728499889373779, 5.893799781799316, 6.747200012207031, 6.618299961090088, 6.581900119781494, 5.657899856567383, 5.9334001541137695, 5.984099864959717, 5.276100158691406, 5.543399810791016, 6.004499912261963, 6.299600124359131, 5.371699810028076, 5.116199970245361, 5.5370001792907715, 5.618100166320801, 5.572299957275391, 5.804999828338623, 5.653500080108643, 5.944300174713135, 6.2210001945495605, 5.5808000564575195, 6.0152997970581055, 5.585700035095215, 5.188300132751465, 5.700200080871582, 5.592599868774414, 5.4257001876831055, 5.204100131988525, 5.663700103759766, 5.64300012588501, 5.7067999839782715, 5.44350004196167, 5.440299987792969, 5.4629998207092285, 5.4857001304626465, 5.595699787139893, 5.684100151062012, 5.530700206756592, 5.511000156402588, 5.556600093841553, 5.3790998458862305, 7.100599765777588, 6.225399971008301, 6.238500118255615, 6.1605000495910645, 6.110599994659424, 6.021599769592285, 5.462699890136719, 5.735199928283691, 5.84089994430542, 5.63129997253418, 5.41379976272583, 5.593400001525879, 5.548299789428711, 5.27370023727417, 5.047900199890137]"
