item_id,start,freq,target
T427,2014-12-29,W-SUN,"[7.081900119781494, 6.522900104522705, 4.706699848175049, 6.06689977645874, 6.905600070953369, 6.42110013961792, 6.789400100708008, 6.610599994659424, 6.7027997970581055, 6.980599880218506, 7.281599998474121, 7.6097002029418945, 7.610899925231934, 6.965400218963623, 7.508999824523926, 7.655300140380859, 7.125999927520752, 7.531700134277344, 9.434499740600586, 7.70389986038208, 7.701700210571289, 7.904099941253662, 7.975299835205078, 8.21150016784668, 8.897199630737305, 9.00730037689209, 7.255799770355225, 8.313599586486816, 7.78980016708374, 7.825399875640869, 8.731399536132812, 8.138899803161621, 7.910200119018555, 7.952300071716309, 7.455699920654297, 7.059999942779541, 7.965400218963623, 8.197400093078613, 7.424900054931641, 7.74370002746582, 7.36329984664917, 7.335899829864502, 7.23859977722168, 7.258500099182129, 7.177599906921387, 7.783999919891357, 7.804200172424316, 6.6880998611450195, 7.369100093841553, 7.83620023727417, 7.594600200653076, 6.407899856567383, 6.201000213623047, 6.771699905395508, 7.861199855804443, 6.796000003814697, 7.8125, 7.310200214385986, 7.761899948120117, 7.743000030517578, 7.438300132751465, 6.749599933624268, 7.080399990081787, 6.71999979019165, 7.581699848175049, 7.529799938201904, 7.098700046539307, 8.641599655151367, 8.053299903869629, 7.454899787902832, 7.119100093841553, 8.395899772644043, 7.225200176239014, 8.350000381469727, 8.221500396728516, 7.845900058746338, 8.389100074768066, 7.630199909210205, 7.503499984741211, 8.46660041809082, 8.7524995803833, 7.427299976348877, 7.910299777984619, 7.513000011444092, 8.177499771118164, 7.20989990234375, 7.161600112915039, 7.014800071716309, 7.269999980926514, 7.989500045776367, 7.598400115966797, 6.988999843597412, 7.309100151062012, 7.343999862670898, 7.240600109100342, 6.703100204467773]"
