item_id,start,freq,target
T457,2014-12-29,W-SUN,"[6.146299839019775, 10.13379955291748, 8.322699546813965, 7.770299911499023, 8.754500389099121, 8.7475004196167, 7.810800075531006, 8.544500350952148, 8.111300468444824, 9.23330020904541, 8.787400245666504, 9.536800384521484, 9.136500358581543, 7.9720001220703125, 8.823200225830078, 8.817500114440918, 8.223899841308594, 8.775500297546387, 8.346699714660645, 8.37909984588623, 7.867199897766113, 8.798100471496582, 9.305899620056152, 8.80519962310791, 9.298500061035156, 8.773099899291992, 7.540500164031982, 9.177800178527832, 8.942999839782715, 8.981100082397461, 8.453499794006348, 7.930799961090088, 8.159899711608887, 9.428000450134277, 10.237700462341309, 8.531100273132324, 9.485099792480469, 9.700499534606934, 8.507100105285645, 9.659799575805664, 8.749500274658203, 11.974900245666504, 12.52180004119873, 12.918399810791016, 12.026599884033203, 11.82979965209961, 10.820199966430664, 9.421899795532227, 8.650799751281738, 10.700699806213379, 7.574100017547607, 5.900199890136719, 7.51230001449585, 8.593799591064453, 8.13700008392334, 8.099800109863281, 9.04640007019043, 8.470000267028809, 7.816299915313721, 8.601099967956543, 8.940500259399414, 8.384900093078613, 8.205400466918945, 8.399499893188477, 8.106300354003906, 8.284500122070312, 8.218500137329102, 9.073100090026855, 9.20680046081543, 8.87660026550293, 8.72599983215332, 8.994199752807617, 8.567399978637695, 8.260499954223633, 8.73550033569336, 8.84589958190918, 9.426600456237793, 9.265299797058105, 7.533100128173828, 8.897000312805176, 9.423600196838379, 9.02180004119873, 9.083700180053711, 8.25469970703125, 8.98390007019043, 9.49209976196289, 9.305899620056152, 8.094400405883789, 9.815299987792969, 9.65719985961914, 10.892499923706055, 13.358799934387207, 10.170299530029297, 9.006500244140625, 9.267399787902832, 8.686800003051758]"
