item_id,start,freq,target
T312,2014-12-29,W-SUN,"[6.847099781036377, 5.0432000160217285, 4.869800090789795, 6.064300060272217, 5.7993998527526855, 7.623300075531006, 9.240900039672852, 9.186400413513184, 8.953900337219238, 9.870400428771973, 9.76830005645752, 9.86520004272461, 9.7052001953125, 9.30090045928955, 9.433500289916992, 10.456399917602539, 10.222900390625, 10.372400283813477, 10.129899978637695, 9.753000259399414, 9.629199981689453, 10.509099960327148, 10.122900009155273, 9.796199798583984, 10.243200302124023, 10.02869987487793, 9.342300415039062, 9.683500289916992, 9.898799896240234, 9.632800102233887, 9.832599639892578, 9.819000244140625, 9.860400199890137, 10.889699935913086, 10.859100341796875, 10.336000442504883, 11.101200103759766, 10.98799991607666, 10.971400260925293, 10.67080020904541, 10.598400115966797, 11.110300064086914, 10.240099906921387, 10.910599708557129, 9.850899696350098, 10.316499710083008, 10.124099731445312, 8.754400253295898, 9.848099708557129, 9.510600090026855, 9.620499610900879, 8.227299690246582, 8.253100395202637, 9.082200050354004, 9.664600372314453, 9.579400062561035, 9.567000389099121, 9.758299827575684, 9.767600059509277, 9.773699760437012, 11.985300064086914, 9.773799896240234, 9.800000190734863, 8.916199684143066, 10.379400253295898, 9.778300285339355, 9.86709976196289, 8.426799774169922, 9.114299774169922, 9.385000228881836, 9.351699829101562, 9.896400451660156, 9.81350040435791, 8.95009994506836, 9.924200057983398, 9.397600173950195, 9.528900146484375, 9.718899726867676, 9.229000091552734, 9.498800277709961, 9.5693998336792, 9.538700103759766, 9.718600273132324, 9.642999649047852, 8.8016996383667, 9.182900428771973, 9.493200302124023, 8.905500411987305, 9.34689998626709, 9.539999961853027, 9.432999610900879, 8.998700141906738, 9.134200096130371, 8.918999671936035, 8.8503999710083, 8.848199844360352]"
