item_id,start,freq,target
T594,2015-01-11 00:00:00,W-SUN,"[10.541799545288086, 10.501199722290039, 11.706299781799316, 12.455300331115723, 9.744099617004395, 11.424300193786621, 9.991700172424316, 12.191100120544434, 12.281700134277344, 8.59280014038086, 8.175100326538086, 8.06760025024414, 8.854900360107422, 14.187800407409668, 10.853799819946289, 13.173199653625488, 13.942299842834473, 14.119000434875488, 13.242300033569336, 13.632599830627441, 14.034899711608887, 13.910900115966797, 13.60219955444336, 13.56190013885498, 12.341500282287598, 13.567700386047363, 13.995100021362305, 13.888099670410156, 13.583200454711914, 13.756600379943848, 12.816900253295898, 13.571999549865723, 13.058500289916992, 12.464099884033203, 13.8951997756958, 13.634099960327148, 10.499600410461426, 13.672300338745117, 12.67870044708252, 13.229399681091309, 13.027199745178223, 12.76200008392334, 13.024800300598145, 12.829299926757812, 12.804300308227539, 11.292799949645996, 9.190600395202637, 13.746700286865234, 13.241900444030762, 10.815299987792969, 11.31879997253418, 12.742899894714355, 11.878000259399414, 11.630900382995605, 11.584699630737305, 12.787199974060059, 9.40999984741211, 12.732799530029297, 10.864999771118164, 11.484299659729004, 12.362600326538086, 12.726699829101562, 13.503899574279785, 13.923800468444824, 17.006500244140625, 14.348600387573242, 15.095000267028809, 15.088600158691406, 14.930299758911133, 16.44499969482422, 15.587599754333496, 14.770700454711914, 15.356599807739258, 15.592700004577637, 15.370699882507324, 15.18340015411377, 13.999899864196777, 15.707500457763672, 15.930500030517578, 14.780699729919434, 15.331700325012207, 14.965800285339355, 15.45989990234375, 15.430100440979004, 15.205699920654297, 13.959199905395508, 15.182299613952637, 15.600299835205078, 15.134300231933594, 15.126500129699707]"
