item_id,start,freq,target
T401,2014-12-29,W-SUN,"[5.947800159454346, 6.829100131988525, 5.344600200653076, 6.987299919128418, 7.86269998550415, 6.306099891662598, 7.695099830627441, 6.615099906921387, 7.617000102996826, 6.431099891662598, 8.569600105285645, 7.987800121307373, 8.189399719238281, 6.781199932098389, 8.252400398254395, 8.35420036315918, 6.8572001457214355, 7.1844000816345215, 9.12559986114502, 8.287300109863281, 8.322199821472168, 8.473199844360352, 8.419099807739258, 8.819199562072754, 9.587699890136719, 9.666099548339844, 7.916399955749512, 8.871399879455566, 8.137900352478027, 7.432499885559082, 9.296099662780762, 8.67590045928955, 5.884099960327148, 8.56089973449707, 8.123000144958496, 7.1554999351501465, 8.3302001953125, 8.739299774169922, 6.460100173950195, 8.260499954223633, 7.3302998542785645, 6.316100120544434, 7.737800121307373, 7.728600025177002, 7.699399948120117, 8.070099830627441, 8.399299621582031, 7.340000152587891, 5.877099990844727, 7.643700122833252, 7.124100208282471, 6.082799911499023, 5.209499835968018, 6.14709997177124, 7.101799964904785, 6.155600070953369, 7.643899917602539, 7.063199996948242, 6.466100215911865, 6.479300022125244, 6.387599945068359, 7.273799896240234, 7.639599800109863, 6.310699939727783, 8.123000144958496, 7.720699787139893, 7.572299957275391, 8.960200309753418, 8.636799812316895, 7.847799777984619, 6.704699993133545, 7.821199893951416, 7.487100124359131, 7.900700092315674, 7.63730001449585, 7.1219000816345215, 7.550300121307373, 6.98330020904541, 7.031499862670898, 5.896399974822998, 8.236900329589844, 6.078400135040283, 8.075699806213379, 7.2906999588012695, 8.755000114440918, 10.301199913024902, 9.218199729919434, 7.169300079345703, 6.165800094604492, 7.288099765777588, 7.237500190734863, 7.05620002746582, 7.635200023651123, 9.22659969329834, 6.10260009765625, 6.297100067138672]"
