item_id,start,freq,target
T282,2015-01-25 00:00:00,W-SUN,"[[8.770999908447266, 8.70580005645752, 8.384499549865723, 8.604900360107422, 7.853400230407715, 8.814599990844727, 8.686100006103516, 9.13070011138916, 8.556500434875488, 8.620100021362305, 8.825499534606934, 9.130800247192383, 8.804699897766113, 8.805700302124023, 8.794500350952148, 8.694700241088867, 8.402000427246094, 9.025099754333496, 8.631799697875977, 8.62090015411377, 8.913900375366211, 8.831600189208984, 7.934000015258789, 8.925299644470215, 8.96560001373291, 6.798799991607666, 6.57859992980957, 6.553400039672852, 5.846700191497803, 6.971399784088135, 6.751100063323975, 6.55810022354126, 6.543099880218506, 8.93529987335205, 5.567200183868408, 7.064300060272217, 6.552999973297119, 6.946000099182129, 6.910900115966797, 7.116700172424316, 6.896599769592285, 6.930600166320801, 6.873799800872803, 6.391300201416016, 5.473999977111816, 7.313199996948242, 6.766600131988525, 5.4532999992370605, 6.889500141143799, 6.920499801635742, 6.958700180053711, 6.73960018157959, 6.526700019836426, 7.074900150299072, 5.6350998878479, 7.196499824523926, 6.217199802398682, 8.910499572753906, 8.68910026550293, 8.850899696350098, 8.71679973602295, 6.5858001708984375, 7.020400047302246, 6.888199806213379, 7.255300045013428, 7.00600004196167, 7.173600196838379, 7.194300174713135, 7.35290002822876, 6.729300022125244, 7.138899803161621, 7.065800189971924, 7.18209981918335, 6.972499847412109, 6.480500221252441, 7.1859002113342285, 7.121300220489502, 6.579500198364258, 6.780300140380859, 6.843900203704834, 7.156099796295166, 7.291999816894531, 7.479599952697754, 6.56850004196167, 7.296299934387207, 7.155700206756592, 7.027900218963623, 7.132999897003174, 7.1016998291015625, 7.223100185394287]]"
