item_id,start,freq,target
T516,2014-12-29,W-SUN,"[4.350900173187256, 6.344600200653076, 6.43779993057251, 5.589000225067139, 6.490600109100342, 6.480100154876709, 4.973999977111816, 4.504300117492676, 4.732600212097168, 6.182000160217285, 5.377699851989746, 5.397500038146973, 5.128600120544434, 6.487599849700928, 6.712200164794922, 6.669099807739258, 5.033299922943115, 5.384500026702881, 4.870699882507324, 6.708499908447266, 6.277500152587891, 6.632900238037109, 6.527100086212158, 6.588200092315674, 6.6697998046875, 6.617199897766113, 6.226200103759766, 6.555699825286865, 6.853099822998047, 6.278500080108643, 6.622099876403809, 6.509799957275391, 6.1417999267578125, 6.650300025939941, 6.01200008392334, 6.2804999351501465, 6.571700096130371, 6.719699859619141, 4.9770002365112305, 6.569900035858154, 6.305200099945068, 5.236400127410889, 6.508299827575684, 6.565000057220459, 6.515399932861328, 6.5644001960754395, 6.616399765014648, 6.098299980163574, 5.0706000328063965, 6.751699924468994, 6.550899982452393, 5.739099979400635, 5.9394001960754395, 6.3744001388549805, 7.280200004577637, 6.125400066375732, 6.221399784088135, 6.517199993133545, 5.302499771118164, 5.547900199890137, 5.6178998947143555, 6.09499979019165, 5.130799770355225, 4.695799827575684, 6.522799968719482, 6.501800060272217, 7.276199817657471, 6.603000164031982, 6.732800006866455, 6.6595001220703125, 6.622700214385986, 6.993299961090088, 6.869100093841553, 6.479800224304199, 6.783199787139893, 6.78380012512207, 4.939899921417236, 6.992199897766113, 6.485300064086914, 6.627200126647949, 6.7758002281188965, 6.39900016784668, 6.53249979019165, 6.813600063323975, 6.804200172424316, 6.891600131988525, 6.806000232696533, 6.6894001960754395, 6.702499866485596, 6.96999979019165, 6.828499794006348, 6.757999897003174, 6.853099822998047, 6.078499794006348, 3.889899969100952, 3.889899969100952]"
