item_id,start,freq,target
T626,2015-01-18 00:00:00,W-SUN,"[11.583999633789062, 11.454999923706055, 11.928400039672852, 11.896100044250488, 12.099900245666504, 11.043600082397461, 12.130499839782715, 12.120200157165527, 12.374899864196777, 12.432600021362305, 11.892000198364258, 12.538999557495117, 12.629400253295898, 12.372699737548828, 12.542200088500977, 12.517900466918945, 12.820199966430664, 11.684499740600586, 12.678500175476074, 13.036100387573242, 12.853099822998047, 12.653400421142578, 9.871000289916992, 11.14169979095459, 12.660499572753906, 12.833600044250488, 13.2947998046875, 12.730600357055664, 12.833800315856934, 12.802800178527832, 12.674500465393066, 11.866700172424316, 11.925600051879883, 13.084400177001953, 12.987600326538086, 13.04069995880127, 13.297699928283691, 12.982000350952148, 13.065199851989746, 12.987199783325195, 12.61970043182373, 12.790800094604492, 12.764100074768066, 12.529399871826172, 10.454400062561035, 12.362099647521973, 12.925200462341309, 13.040599822998047, 9.706700325012207, 10.60099983215332, 12.3371000289917, 12.43690013885498, 11.909700393676758, 11.138699531555176, 12.648900032043457, 12.155699729919434, 12.691499710083008, 12.474699974060059, 12.404500007629395, 13.136199951171875, 12.895999908447266, 12.325200080871582, 12.440299987792969, 12.540200233459473, 12.840700149536133, 13.01449966430664, 12.713000297546387, 12.814900398254395, 13.312000274658203, 13.676899909973145, 12.434200286865234, 13.155799865722656, 13.559700012207031, 13.192999839782715, 13.157600402832031, 10.355999946594238, 13.18019962310791, 13.604999542236328, 12.396699905395508, 13.246399879455566, 13.121100425720215, 13.465499877929688, 13.44159984588623, 13.194100379943848, 12.065299987792969, 13.379199981689453, 13.915800094604492, 13.221599578857422, 10.519200325012207, 14.008500099182129]"
