item_id,start,freq,target
T148,2015-01-18 00:00:00,W-SUN,"[8.786399841308594, 10.57390022277832, 9.090999603271484, 9.316200256347656, 9.23390007019043, 8.732600212097168, 9.871899604797363, 9.527700424194336, 10.837400436401367, 7.644999980926514, 9.61989974975586, 9.040800094604492, 9.831299781799316, 10.522500038146973, 10.340299606323242, 10.341699600219727, 10.111599922180176, 9.975600242614746, 10.071599960327148, 10.879599571228027, 9.516900062561035, 9.83650016784668, 9.71090030670166, 8.979100227355957, 9.638299942016602, 9.446999549865723, 8.371399879455566, 9.501899719238281, 9.112700462341309, 9.09220027923584, 11.277700424194336, 11.179699897766113, 10.436800003051758, 11.884900093078613, 11.352700233459473, 9.967700004577637, 11.571399688720703, 10.534199714660645, 11.005000114440918, 10.788999557495117, 12.105400085449219, 9.745100021362305, 10.524299621582031, 10.088399887084961, 9.445300102233887, 9.915300369262695, 10.59939956665039, 8.808600425720215, 6.394800186157227, 8.42080020904541, 8.873700141906738, 9.212900161743164, 9.808899879455566, 9.866399765014648, 9.464500427246094, 9.957799911499023, 8.85770034790039, 9.799599647521973, 10.118399620056152, 8.262999534606934, 8.350099563598633, 8.815199851989746, 9.252699851989746, 8.137700080871582, 9.16819953918457, 9.333000183105469, 10.068599700927734, 10.469599723815918, 10.590800285339355, 10.247099876403809, 9.350199699401855, 10.112299919128418, 9.006999969482422, 8.273900032043457, 9.172800064086914, 8.170599937438965, 9.44219970703125, 8.764699935913086, 8.496800422668457, 8.626700401306152, 8.642399787902832, 9.882499694824219, 10.699000358581543, 11.494600296020508, 10.036199569702148, 11.574899673461914, 11.820099830627441, 12.465299606323242, 11.196900367736816, 11.00220012664795]"
