item_id,start,freq,target
T241,2015-02-08 00:00:00,W-SUN,"[[10.911999702453613, 11.669899940490723, 10.129799842834473, 12.239500045776367, 12.528400421142578, 11.695099830627441, 12.45680046081543, 12.210800170898438, 12.862299919128418, 12.509699821472168, 10.547200202941895, 12.501899719238281, 12.550999641418457, 12.581000328063965, 11.723799705505371, 12.718400001525879, 12.813799858093262, 12.992500305175781, 13.004199981689453, 13.025199890136719, 11.434100151062012, 12.783599853515625, 13.526900291442871, 12.54740047454834, 12.528599739074707, 12.531499862670898, 12.228599548339844, 12.63479995727539, 11.039999961853027, 11.6806001663208, 12.505599975585938, 12.824999809265137, 10.951499938964844, 12.482000350952148, 11.892900466918945, 12.528400421142578, 12.356300354003906, 12.581299781799316, 13.052000045776367, 12.882499694824219, 12.679900169372559, 10.225199699401855, 11.571100234985352, 12.855199813842773, 12.559399604797363, 9.755399703979492, 10.798100471496582, 12.764100074768066, 11.924699783325195, 12.218400001525879, 12.438400268554688, 12.114100456237793, 10.944999694824219, 12.142200469970703, 12.059000015258789, 12.501999855041504, 11.993000030517578, 12.229499816894531, 12.21090030670166, 11.517600059509277, 12.138899803161621, 12.80459976196289, 12.648500442504883, 12.715399742126465, 12.426799774169922, 12.762900352478027, 12.862000465393066, 11.919300079345703, 12.729700088500977, 12.96399974822998, 12.952500343322754, 12.752300262451172, 11.389100074768066, 12.627099990844727, 12.795700073242188, 12.396599769592285, 12.738499641418457, 12.30720043182373, 12.550000190734863, 12.719099998474121, 12.921299934387207, 11.564000129699707, 12.3193998336792, 12.85099983215332, 12.72089958190918, 10.561400413513184, 12.180700302124023, 12.143899917602539, 12.22920036315918, 11.46969985961914]]"
