item_id,start,freq,target
T452,2014-12-29,W-SUN,"[7.018499851226807, 8.201600074768066, 5.944900035858154, 8.443400382995605, 8.99489974975586, 8.806300163269043, 8.89050006866455, 9.077500343322754, 8.389800071716309, 9.313400268554688, 9.519399642944336, 9.459699630737305, 9.299300193786621, 9.119400024414062, 9.5024995803833, 9.363900184631348, 9.28320026397705, 9.13070011138916, 10.851200103759766, 9.565999984741211, 9.404899597167969, 9.419099807739258, 9.721699714660645, 9.428899765014648, 9.71619987487793, 9.597900390625, 8.954299926757812, 9.422300338745117, 9.496399879455566, 9.40939998626709, 9.817700386047363, 9.84179973602295, 9.42770004272461, 9.413100242614746, 9.38290023803711, 9.013899803161621, 9.449899673461914, 9.641500473022461, 9.461199760437012, 9.431699752807617, 9.103799819946289, 9.376099586486816, 9.278499603271484, 9.25979995727539, 9.188699722290039, 9.427000045776367, 9.341099739074707, 8.273799896240234, 9.04069995880127, 9.32289981842041, 9.437399864196777, 8.125100135803223, 8.072400093078613, 8.85830020904541, 8.934599876403809, 8.88479995727539, 9.176199913024902, 9.0693998336792, 9.11139965057373, 9.142999649047852, 9.22719955444336, 8.820699691772461, 9.003499984741211, 8.577099800109863, 9.271699905395508, 9.377599716186523, 9.30720043182373, 9.75629997253418, 9.715499877929688, 9.369799613952637, 9.297800064086914, 9.663999557495117, 9.296099662780762, 9.3016996383667, 9.626999855041504, 9.615599632263184, 9.67549991607666, 9.378100395202637, 8.783300399780273, 9.440500259399414, 9.681699752807617, 9.345000267028809, 9.501299858093262, 9.538599967956543, 9.468700408935547, 9.407400131225586, 9.350000381469727, 8.912199974060059, 9.303799629211426, 9.710000038146973, 9.434499740600586, 9.107600212097168, 9.407699584960938, 9.1274995803833, 9.649800300598145, 9.073100090026855]"
