item_id,start,freq,target
T838,2015-01-04 00:00:00,W-SUN,"[[8.832200050354004, 10.305899620056152, 10.404999732971191, 9.832500457763672, 9.938599586486816, 11.42590045928955, 8.729100227355957, 9.509900093078613, 6.244800090789795, 8.08080005645752, 9.062999725341797, 11.282099723815918, 10.881099700927734, 11.09630012512207, 11.031299591064453, 10.836700439453125, 8.301199913024902, 10.616100311279297, 10.704700469970703, 11.142499923706055, 10.787599563598633, 11.015700340270996, 9.988800048828125, 10.391500473022461, 12.324600219726562, 10.537199974060059, 11.538999557495117, 10.826800346374512, 12.688599586486816, 12.405500411987305, 15.30840015411377, 14.75529956817627, 13.498700141906738, 14.217000007629395, 8.1899995803833, 11.461700439453125, 12.385700225830078, 12.81879997253418, 9.156999588012695, 12.45680046081543, 11.57800006866455, 12.47029972076416, 12.402700424194336, 12.538999557495117, 12.157500267028809, 12.966300010681152, 13.893600463867188, 11.000800132751465, 9.670499801635742, 13.593299865722656, 11.550800323486328, 12.079099655151367, 10.051600456237793, 11.374799728393555, 10.656299591064453, 12.265899658203125, 11.90820026397705, 12.184499740600586, 10.726900100708008, 12.75, 12.454700469970703, 11.296600341796875, 11.691900253295898, 12.592599868774414, 13.087900161743164, 12.91409969329834, 13.600099563598633, 12.446200370788574, 12.553600311279297, 14.30459976196289, 12.531299591064453, 13.514699935913086, 14.78339958190918, 14.330900192260742, 12.381500244140625, 14.185500144958496, 13.98490047454834, 13.72089958190918, 10.51930046081543, 10.421899795532227, 11.144599914550781, 10.89169979095459, 10.294300079345703, 10.65820026397705, 9.750900268554688, 10.111200332641602, 9.671299934387207, 8.956299781799316, 9.452300071716309, 10.167099952697754]]"
