item_id,start,freq,target
T737,2014-12-29,W-SUN,"[4.61359977722168, 6.027200222015381, 7.112299919128418, 6.3231000900268555, 6.753600120544434, 7.057300090789795, 6.581600189208984, 6.620200157165527, 6.019100189208984, 7.225299835205078, 7.370999813079834, 7.065000057220459, 6.896200180053711, 6.889699935913086, 6.998600006103516, 7.151899814605713, 7.05079984664917, 7.466800212860107, 7.3892998695373535, 7.456399917602539, 7.848899841308594, 7.3119001388549805, 7.952099800109863, 7.314300060272217, 7.625800132751465, 7.285200119018555, 6.617499828338623, 7.375199794769287, 7.14870023727417, 6.686800003051758, 6.7657999992370605, 7.131999969482422, 6.022799968719482, 7.084799766540527, 6.720699787139893, 7.124800205230713, 7.537600040435791, 6.289000034332275, 6.404900074005127, 7.128399848937988, 8.040300369262695, 7.8231000900268555, 7.502500057220459, 6.414100170135498, 7.414000034332275, 7.14739990234375, 7.066299915313721, 6.706600189208984, 6.916600227355957, 7.200399875640869, 7.2505998611450195, 7.034999847412109, 5.824900150299072, 6.603799819946289, 6.696300029754639, 6.554500102996826, 6.611100196838379, 9.923500061035156, 7.546599864959717, 8.159500122070312, 7.073699951171875, 7.4542999267578125, 6.80079984664917, 8.19480037689209, 7.132900238037109, 7.283100128173828, 7.030700206756592, 7.312300205230713, 7.639400005340576, 7.189499855041504, 6.723599910736084, 5.649099826812744, 7.214600086212158, 4.416999816894531, 5.002099990844727, 5.589300155639648, 4.990799903869629, 4.321100234985352, 4.55210018157959, 4.714600086212158, 4.053100109100342, 4.154900074005127, 4.214000225067139, 3.5488998889923096, 4.668399810791016, 4.666399955749512, 4.677499771118164, 4.677499771118164, 5.368199825286865, 5.368199825286865, 5.73330020904541, 5.73330020904541, 5.73330020904541, 7.6194000244140625, 8.762299537658691, 6.8516998291015625]"
