item_id,start,freq,target
T189,2014-12-29,W-SUN,"[5.873300075531006, 7.923600196838379, 7.5543999671936035, 7.2241997718811035, 7.2729997634887695, 8.168499946594238, 7.559700012207031, 8.341400146484375, 7.085599899291992, 10.256400108337402, 7.650100231170654, 7.536200046539307, 6.8643999099731445, 7.343299865722656, 7.468299865722656, 8.365900039672852, 7.0065999031066895, 8.218400001525879, 7.8155999183654785, 7.653600215911865, 7.59630012512207, 8.064200401306152, 8.570199966430664, 7.200200080871582, 7.17579984664917, 6.785999774932861, 6.814499855041504, 7.148099899291992, 7.639699935913086, 7.173399925231934, 7.065100193023682, 8.2076997756958, 6.936800003051758, 7.026100158691406, 7.593699932098389, 7.974899768829346, 8.555399894714355, 8.644399642944336, 8.293000221252441, 7.541999816894531, 8.372300148010254, 8.669599533081055, 9.118300437927246, 9.16510009765625, 8.241499900817871, 9.074000358581543, 7.188399791717529, 6.9532999992370605, 7.871399879455566, 7.205399990081787, 6.642300128936768, 5.002799987792969, 5.8221001625061035, 6.3171000480651855, 7.259500026702881, 6.967800140380859, 7.645999908447266, 7.675000190734863, 7.578999996185303, 8.106599807739258, 7.952899932861328, 7.3632001876831055, 6.434700012207031, 7.173399925231934, 7.251500129699707, 7.384699821472168, 8.143699645996094, 7.7855000495910645, 8.119799613952637, 7.061299800872803, 8.201299667358398, 7.349999904632568, 8.649999618530273, 7.074399948120117, 7.9293999671936035, 8.123000144958496, 7.071400165557861, 8.086700439453125, 6.485199928283691, 7.414899826049805, 7.510900020599365, 6.949399948120117, 7.337800025939941, 7.281499862670898, 8.251999855041504, 7.771999835968018, 8.524499893188477, 8.729499816894531, 9.058699607849121, 9.22130012512207, 8.629799842834473, 8.92199993133545, 8.73169994354248, 8.388099670410156, 9.426899909973145, 8.772000312805176]"
