item_id,start,freq,target
T835,2015-01-25 00:00:00,W-SUN,"[7.700500011444092, 7.700500011444092, 7.700500011444092, 7.700500011444092, 6.985899925231934, 7.702400207519531, 7.700500011444092, 7.700500011444092, 7.700500011444092, 7.700500011444092, 7.598499774932861, 7.700500011444092, 7.700500011444092, 7.700500011444092, 7.700500011444092, 7.700500011444092, 7.700500011444092, 7.700500011444092, 7.700500011444092, 7.700500011444092, 7.700500011444092, 7.700500011444092, 7.700500011444092, 7.700500011444092, 7.700500011444092, 7.700500011444092, 7.700500011444092, 7.700500011444092, 7.700500011444092, 7.700500011444092, 7.700500011444092, 10.875200271606445, 14.175200462341309, 17.806299209594727, 11.663100242614746, 8.790200233459473, 9.285599708557129, 10.758899688720703, 8.23859977722168, 13.61299991607666, 13.51930046081543, 13.863699913024902, 14.571900367736816, 12.680299758911133, 13.025300025939941, 13.32229995727539, 15.963700294494629, 12.96049976348877, 11.881600379943848, 10.741900444030762, 13.107999801635742, 12.273699760437012, 12.46720027923584, 12.596099853515625, 12.154399871826172, 13.749600410461426, 11.285200119018555, 11.642499923706055, 11.480299949645996, 12.387299537658691, 8.32979965209961, 11.535699844360352, 11.169400215148926, 12.203300476074219, 13.046199798583984, 11.982999801635742, 12.803799629211426, 12.8818998336792, 12.669400215148926, 13.449000358581543, 14.56410026550293, 13.053600311279297, 13.34469985961914, 13.140800476074219, 12.387200355529785, 12.557499885559082, 13.791999816894531, 13.955699920654297, 13.964799880981445, 14.269100189208984, 13.5826997756958, 14.46049976348877, 14.236800193786621, 13.321599960327148, 13.18340015411377, 14.398200035095215, 13.463399887084961, 11.90839958190918, 13.199299812316895, 13.84630012512207]"
