item_id,start,freq,target
T355,2014-12-29,W-SUN,"[3.6463000774383545, 3.667099952697754, 3.924299955368042, 4.079500198364258, 3.5920000076293945, 4.447700023651123, 4.189300060272217, 5.257800102233887, 5.068299770355225, 4.926199913024902, 4.652699947357178, 5.061999797821045, 5.893899917602539, 4.706900119781494, 7.124599933624268, 4.672399997711182, 4.347099781036377, 4.787799835205078, 4.905700206756592, 4.630799770355225, 5.130300045013428, 5.504700183868408, 7.191299915313721, 5.839399814605713, 6.004199981689453, 6.944499969482422, 6.522299766540527, 5.814300060272217, 7.188899993896484, 7.9380998611450195, 7.513999938964844, 8.240500450134277, 7.416100025177002, 6.585000038146973, 6.721399784088135, 8.293100357055664, 7.608699798583984, 7.131700038909912, 6.781599998474121, 7.291100025177002, 8.489800453186035, 7.354499816894531, 7.154799938201904, 6.972499847412109, 6.458799839019775, 6.779900074005127, 5.884200096130371, 5.018499851226807, 5.952700138092041, 5.276800155639648, 6.40910005569458, 3.64490008354187, 3.718600034713745, 4.054500102996826, 4.228499889373779, 4.747399806976318, 4.952000141143799, 5.204899787902832, 6.304900169372559, 4.96589994430542, 6.192200183868408, 5.006199836730957, 4.44920015335083, 4.427199840545654, 6.122900009155273, 5.291399955749512, 4.624499797821045, 5.195400238037109, 5.369200229644775, 5.351799964904785, 5.580399990081787, 6.468900203704834, 5.874000072479248, 8.484600067138672, 6.088500022888184, 7.619999885559082, 7.670199871063232, 7.7667999267578125, 6.700500011444092, 5.948299884796143, 6.112299919128418, 6.816500186920166, 6.897500038146973, 5.240499973297119, 7.151299953460693, 7.594099998474121, 6.320000171661377, 8.250100135803223, 6.581200122833252, 6.560699939727783, 7.703100204467773, 7.290999889373779, 7.158100128173828, 6.366399765014648, 7.740900039672852, 6.495500087738037]"
