item_id,start,freq,target
T32,2015-01-25 00:00:00,W-SUN,"[10.554100036621094, 11.549599647521973, 10.534600257873535, 10.860799789428711, 10.002799987792969, 13.164199829101562, 11.756400108337402, 11.755599975585938, 10.629899978637695, 10.977700233459473, 11.72249984741211, 11.702799797058105, 11.27810001373291, 11.536199569702148, 11.777999877929688, 11.42549991607666, 11.050000190734863, 11.227899551391602, 11.584699630737305, 11.494400024414062, 11.762299537658691, 11.692899703979492, 10.21150016784668, 11.803000450134277, 11.26729965209961, 12.815600395202637, 11.90470027923584, 16.4512996673584, 12.99590015411377, 14.71679973602295, 16.82509994506836, 14.219599723815918, 15.677900314331055, 16.890899658203125, 11.362199783325195, 15.803999900817871, 14.333499908447266, 15.184800148010254, 15.935199737548828, 15.58549976348877, 14.259200096130371, 15.200900077819824, 14.424500465393066, 13.088000297546387, 11.651900291442871, 15.354700088500977, 12.783900260925293, 12.204099655151367, 12.676199913024902, 13.661299705505371, 13.577300071716309, 13.413700103759766, 15.548199653625488, 11.401399612426758, 12.309000015258789, 12.076399803161621, 12.358099937438965, 11.57859992980957, 11.401000022888184, 11.416999816894531, 11.303000450134277, 12.075300216674805, 11.913700103759766, 12.00160026550293, 12.792400360107422, 11.895400047302246, 12.791600227355957, 11.284799575805664, 12.65820026397705, 10.888299942016602, 11.990400314331055, 12.08489990234375, 11.437000274658203, 11.591899871826172, 9.870800018310547, 11.180399894714355, 11.909199714660645, 11.769000053405762, 12.478799819946289, 11.380399703979492, 12.841099739074707, 11.84589958190918, 12.17080020904541, 11.616499900817871, 12.005900382995605, 12.340700149536133, 11.623299598693848, 11.407699584960938, 12.222800254821777, 11.838500022888184]"
