item_id,start,freq,target
T185,2015-01-11 00:00:00,W-SUN,"[5.75570011138916, 7.41379976272583, 8.429300308227539, 8.379400253295898, 7.125100135803223, 7.815800189971924, 7.029200077056885, 8.692000389099121, 8.809599876403809, 8.28279972076416, 8.87909984588623, 8.574999809265137, 8.51140022277832, 8.749600410461426, 8.85990047454834, 8.692299842834473, 8.871899604797363, 8.894399642944336, 8.570799827575684, 8.959199905395508, 8.783499717712402, 9.029199600219727, 9.040499687194824, 8.84119987487793, 8.538700103759766, 8.822500228881836, 8.822999954223633, 8.469799995422363, 9.02299976348877, 8.806400299072266, 6.934899806976318, 8.961799621582031, 8.75979995727539, 8.129300117492676, 8.813899993896484, 8.438400268554688, 6.827899932861328, 8.827199935913086, 8.205100059509277, 8.811800003051758, 8.711299896240234, 8.723299980163574, 8.622400283813477, 8.785099983215332, 8.87279987335205, 7.905799865722656, 7.227700233459473, 8.845100402832031, 8.14680004119873, 7.658400058746338, 7.671500205993652, 8.35319995880127, 7.946199893951416, 7.992800235748291, 8.50979995727539, 8.540300369262695, 6.975800037384033, 7.269100189208984, 7.045899868011475, 7.2144999504089355, 8.187100410461426, 7.413599967956543, 8.827500343322754, 8.556099891662598, 8.541199684143066, 8.639300346374512, 8.787400245666504, 8.759699821472168, 8.853599548339844, 8.89780044555664, 9.079400062561035, 8.521300315856934, 9.130599975585938, 9.09749984741211, 8.994999885559082, 9.243200302124023, 8.461400032043457, 8.891200065612793, 8.857000350952148, 8.748000144958496, 8.749600410461426, 8.81309986114502, 8.916500091552734, 8.940600395202637, 8.847299575805664, 7.954599857330322, 8.176400184631348, 8.775199890136719, 9.294500350952148, 8.473099708557129]"
