item_id,start,freq,target
T478,2014-12-29,W-SUN,"[6.926599979400635, 9.154399871826172, 8.035699844360352, 8.36400032043457, 6.3668999671936035, 7.1595001220703125, 9.977800369262695, 10.746500015258789, 10.229000091552734, 11.937999725341797, 11.880800247192383, 12.09119987487793, 12.355500221252441, 11.736499786376953, 12.027400016784668, 12.218400001525879, 11.646300315856934, 11.842900276184082, 10.607199668884277, 12.368800163269043, 11.202500343322754, 10.162400245666504, 12.47089958190918, 11.769800186157227, 12.177300453186035, 12.432600021362305, 11.298800468444824, 14.140999794006348, 12.780099868774414, 11.665900230407715, 12.687000274658203, 12.599699974060059, 9.348099708557129, 12.61299991607666, 12.419400215148926, 11.839699745178223, 12.987600326538086, 13.619099617004395, 10.446100234985352, 12.92080020904541, 12.291799545288086, 14.394599914550781, 13.204099655151367, 15.222200393676758, 14.629300117492676, 17.13599967956543, 14.783100128173828, 12.261699676513672, 14.190600395202637, 14.751999855041504, 15.29010009765625, 10.57229995727539, 10.995699882507324, 13.133899688720703, 13.523099899291992, 13.719300270080566, 14.068400382995605, 16.691299438476562, 14.902700424194336, 14.93239974975586, 14.21399974822998, 14.45740032196045, 14.001199722290039, 13.328300476074219, 14.635000228881836, 15.828700065612793, 14.568099975585938, 19.114700317382812, 15.378999710083008, 15.414600372314453, 17.09980010986328, 17.118999481201172, 17.43470001220703, 16.097900390625, 17.829299926757812, 15.839900016784668, 17.035900115966797, 15.17710018157959, 13.935799598693848, 15.520999908447266, 17.11009979248047, 16.225400924682617, 17.61709976196289, 15.920900344848633, 15.569999694824219, 17.216899871826172, 18.92729949951172, 15.066900253295898, 18.087799072265625, 19.061800003051758, 18.10610008239746, 16.83880043029785, 16.838899612426758, 17.06800079345703, 14.459600448608398, 15.514100074768066]"
