item_id,start,freq,target
T158,2014-12-29,W-SUN,"[9.49470043182373, 12.16349983215332, 9.198100090026855, 10.938300132751465, 11.17140007019043, 11.678299903869629, 11.390299797058105, 12.132800102233887, 11.221099853515625, 13.38029956817627, 16.750099182128906, 20.42259979248047, 19.247600555419922, 20.329200744628906, 20.149599075317383, 22.08530044555664, 21.666099548339844, 21.75149917602539, 20.3617000579834, 19.595300674438477, 19.817899703979492, 21.687299728393555, 18.682899475097656, 19.52560043334961, 22.89080047607422, 21.3174991607666, 19.655099868774414, 20.864099502563477, 21.93470001220703, 21.262399673461914, 22.887500762939453, 18.756999969482422, 22.487699508666992, 22.596799850463867, 21.475500106811523, 19.530099868774414, 16.658000946044922, 17.80590057373047, 18.562299728393555, 18.500099182128906, 18.359600067138672, 18.919200897216797, 18.460599899291992, 17.891399383544922, 17.734399795532227, 14.56089973449707, 14.020899772644043, 12.19279956817627, 17.920900344848633, 22.032899856567383, 21.142099380493164, 17.966800689697266, 18.436500549316406, 20.83060073852539, 20.805299758911133, 20.91900062561035, 20.66900062561035, 18.473899841308594, 18.908700942993164, 21.650999069213867, 19.190099716186523, 21.601600646972656, 19.23509979248047, 18.976699829101562, 21.73189926147461, 21.905099868774414, 21.799800872802734, 20.453500747680664, 18.43000030517578, 21.07229995727539, 22.208799362182617, 19.19339942932129, 19.045400619506836, 19.76180076599121, 20.42840003967285, 21.807300567626953, 18.110599517822266, 18.009300231933594, 19.889999389648438, 19.008800506591797, 19.111600875854492, 21.583599090576172, 22.187400817871094, 19.10610008239746, 23.011999130249023, 21.56529998779297, 18.604299545288086, 18.240400314331055, 18.035499572753906, 18.194599151611328, 18.42620086669922, 19.037200927734375, 17.491500854492188, 19.46660041809082, 18.274999618530273, 18.49530029296875]"
