item_id,start,freq,target
T141,2014-12-29,W-SUN,"[3.7255001068115234, 4.605299949645996, 3.2363998889923096, 4.517399787902832, 5.842599868774414, 5.967899799346924, 4.582200050354004, 7.063000202178955, 6.146999835968018, 8.110799789428711, 7.984600067138672, 8.248100280761719, 7.36870002746582, 5.560299873352051, 5.459499835968018, 5.404099941253662, 5.309000015258789, 5.411099910736084, 5.515200138092041, 5.496699810028076, 5.820199966430664, 5.818299770355225, 5.713600158691406, 5.780300140380859, 6.06820011138916, 6.137599945068359, 4.979800224304199, 5.706399917602539, 5.706099987030029, 5.3572001457214355, 7.9882001876831055, 8.562999725341797, 5.637800216674805, 8.509099960327148, 8.462699890136719, 8.505399703979492, 8.48390007019043, 8.687299728393555, 8.365300178527832, 7.928899765014648, 7.500800132751465, 7.605100154876709, 7.397200107574463, 6.582300186157227, 7.212600231170654, 7.532299995422363, 7.882199764251709, 6.764900207519531, 7.602499961853027, 7.996200084686279, 7.565499782562256, 8.572400093078613, 6.919600009918213, 7.169000148773193, 7.263599872589111, 7.613800048828125, 7.623000144958496, 6.755300045013428, 7.159900188446045, 7.2769999504089355, 6.68779993057251, 6.992099761962891, 7.03879976272583, 6.5894999504089355, 8.201399803161621, 7.369800090789795, 6.5295000076293945, 6.186999797821045, 6.885499954223633, 6.730899810791016, 8.143500328063965, 7.876699924468994, 7.134399890899658, 6.842700004577637, 5.866099834442139, 7.854400157928467, 6.934599876403809, 6.548699855804443, 6.042399883270264, 7.080399990081787, 5.8703999519348145, 5.535299777984619, 4.80019998550415, 5.751999855041504, 5.796999931335449, 4.8856000900268555, 8.582300186157227, 8.282899856567383, 8.157299995422363, 8.695099830627441, 8.383600234985352, 8.090299606323242, 8.288900375366211, 7.797299861907959, 7.9720001220703125, 7.732600212097168]"
