item_id,start,freq,target
T651,2015-01-04 00:00:00,W-SUN,"[6.940999984741211, 6.742099761962891, 9.27560043334961, 8.777299880981445, 10.10669994354248, 9.449600219726562, 9.745400428771973, 10.191300392150879, 9.544099807739258, 11.246899604797363, 11.236700057983398, 10.370400428771973, 11.120200157165527, 11.162599563598633, 11.047300338745117, 11.055700302124023, 10.95359992980957, 10.528300285339355, 11.167699813842773, 11.143400192260742, 9.164899826049805, 10.67870044708252, 10.95259952545166, 10.319299697875977, 4.925300121307373, 5.73330020904541, 5.73330020904541, 5.73330020904541, 5.73330020904541, 5.73330020904541, 5.73330020904541, 5.73330020904541, 5.73330020904541, 5.73330020904541, 5.73330020904541, 5.73330020904541, 5.73330020904541, 5.73330020904541, 5.73330020904541, 5.73330020904541, 5.73330020904541, 5.73330020904541, 5.73330020904541, 5.725399971008301, 5.73330020904541, 5.73330020904541, 10.601900100708008, 10.11299991607666, 10.305399894714355, 10.764399528503418, 10.537500381469727, 9.205499649047852, 9.581399917602539, 9.6225004196167, 9.471199989318848, 7.7754998207092285, 9.22700023651123, 9.067299842834473, 8.394800186157227, 7.279099941253662, 5.73330020904541, 5.73330020904541, 5.735499858856201, 8.79990005493164, 9.235899925231934, 11.350799560546875, 11.05620002746582, 11.785300254821777, 11.887800216674805, 11.691800117492676, 11.894100189208984, 12.041199684143066, 12.730799674987793, 12.31879997253418, 12.767000198364258, 13.931400299072266, 13.593700408935547, 11.966099739074707, 11.04800033569336, 12.392200469970703, 12.029899597167969, 12.036700248718262, 12.713500022888184, 13.352999687194824, 14.265999794006348, 12.715200424194336, 11.659000396728516, 12.274999618530273, 11.86050033569336, 13.384200096130371]"
