item_id,start,freq,target
T34,2014-12-29,W-SUN,"[13.775500297546387, 16.28580093383789, 16.77400016784668, 13.29889965057373, 16.075199127197266, 12.355400085449219, 11.58080005645752, 11.831600189208984, 10.366000175476074, 11.081500053405762, 11.135899543762207, 11.56309986114502, 11.635700225830078, 10.713500022888184, 11.382399559020996, 12.832900047302246, 11.725299835205078, 11.672200202941895, 12.423500061035156, 11.166000366210938, 11.086899757385254, 11.187100410461426, 11.544400215148926, 11.010000228881836, 11.102399826049805, 11.715499877929688, 10.548299789428711, 11.63010025024414, 11.366999626159668, 11.372300148010254, 10.849200248718262, 11.423700332641602, 10.707300186157227, 11.218999862670898, 11.375399589538574, 11.555299758911133, 12.190600395202637, 12.218299865722656, 11.017000198364258, 11.479499816894531, 11.351200103759766, 11.135000228881836, 10.823599815368652, 11.859399795532227, 11.271499633789062, 10.562000274658203, 10.715200424194336, 9.333000183105469, 10.482099533081055, 11.52180004119873, 11.469499588012695, 9.150400161743164, 9.785599708557129, 10.951000213623047, 11.138999938964844, 10.57509994506836, 10.020500183105469, 10.616000175476074, 11.051300048828125, 11.41510009765625, 11.952400207519531, 10.832799911499023, 11.313599586486816, 11.835599899291992, 11.683699607849121, 11.446200370788574, 11.76990032196045, 13.53909969329834, 12.60319995880127, 12.814299583435059, 13.623700141906738, 13.260899543762207, 12.70479965209961, 11.873499870300293, 12.638799667358398, 12.688199996948242, 12.793399810791016, 12.693699836730957, 10.863900184631348, 12.336700439453125, 12.728899955749512, 12.680299758911133, 14.279999732971191, 12.076299667358398, 13.7923002243042, 13.055500030517578, 13.556699752807617, 12.496100425720215, 12.095100402832031, 13.030599594116211, 12.628899574279785, 12.599200248718262, 12.809100151062012, 11.9753999710083, 13.469599723815918, 12.739800453186035]"
