item_id,start,freq,target
T439,2014-12-29,W-SUN,"[5.475200176239014, 6.097300052642822, 4.797100067138672, 6.797500133514404, 6.388500213623047, 6.344900131225586, 7.004499912261963, 6.808199882507324, 6.238699913024902, 6.7017998695373535, 6.697999954223633, 6.878600120544434, 6.854499816894531, 6.583000183105469, 6.8333001136779785, 7.042500019073486, 6.623199939727783, 6.767300128936768, 6.709000110626221, 6.6508002281188965, 6.560299873352051, 6.753200054168701, 6.968400001525879, 6.920499801635742, 6.843299865722656, 6.712299823760986, 6.292600154876709, 6.877099990844727, 8.181500434875488, 6.710700035095215, 6.918499946594238, 6.6894001960754395, 7.672399997711182, 6.747600078582764, 6.685999870300293, 6.3796000480651855, 6.743299961090088, 8.162599563598633, 6.770199775695801, 6.756999969482422, 6.367400169372559, 6.796000003814697, 6.841700077056885, 6.627500057220459, 6.51140022277832, 6.763199806213379, 6.682799816131592, 5.872900009155273, 6.663899898529053, 6.711299896240234, 7.4319000244140625, 5.473499774932861, 5.513500213623047, 6.1194000244140625, 6.350800037384033, 6.48390007019043, 6.538000106811523, 6.714300155639648, 6.996399879455566, 7.372900009155273, 6.600800037384033, 6.374499797821045, 6.51039981842041, 6.932499885559082, 6.915500164031982, 6.69920015335083, 6.685699939727783, 6.916999816894531, 6.7891998291015625, 7.039700031280518, 7.061100006103516, 7.071300029754639, 7.361599922180176, 6.649400234222412, 7.191999912261963, 7.270899772644043, 7.09250020980835, 7.084499835968018, 6.300300121307373, 7.085400104522705, 6.978499889373779, 7.057600021362305, 6.944699764251709, 6.847899913787842, 7.031199932098389, 6.8850998878479, 6.9741997718811035, 6.202700138092041, 6.7144999504089355, 6.827400207519531, 6.78000020980835, 6.618599891662598, 6.7042999267578125, 6.682000160217285, 6.541299819946289, 6.572999954223633]"
