item_id,start,freq,target
T550,2014-12-29,W-SUN,"[7.950500011444092, 11.055899620056152, 9.711199760437012, 10.890399932861328, 11.277000427246094, 10.933799743652344, 10.440600395202637, 11.09589958190918, 10.657400131225586, 10.986800193786621, 10.803099632263184, 10.849499702453613, 10.357000350952148, 9.372300148010254, 11.600799560546875, 11.07289981842041, 10.567000389099121, 11.154500007629395, 11.129500389099121, 11.037199974060059, 9.795100212097168, 10.606499671936035, 11.128800392150879, 10.911100387573242, 11.176300048828125, 10.793399810791016, 9.229599952697754, 10.8149995803833, 10.515899658203125, 10.515999794006348, 10.809100151062012, 10.939000129699707, 11.345600128173828, 11.797100067138672, 11.244799613952637, 10.35159969329834, 11.597200393676758, 12.765399932861328, 12.07979965209961, 12.697400093078613, 11.610799789428711, 12.586999893188477, 12.10219955444336, 11.975799560546875, 11.746199607849121, 12.67389965057373, 12.369999885559082, 9.108200073242188, 10.487099647521973, 12.369799613952637, 11.67490005493164, 6.869999885559082, 7.155399799346924, 11.246000289916992, 10.653300285339355, 11.238699913024902, 11.633500099182129, 11.745400428771973, 9.79580020904541, 10.539999961853027, 12.026200294494629, 11.078700065612793, 11.24899959564209, 10.865500450134277, 11.621700286865234, 10.793899536132812, 11.100899696350098, 11.825900077819824, 11.65429973602295, 11.779000282287598, 12.060999870300293, 11.993599891662598, 12.138699531555176, 11.072799682617188, 11.895999908447266, 11.69789981842041, 11.766799926757812, 11.732999801635742, 10.264300346374512, 11.590700149536133, 11.952699661254883, 11.543999671936035, 11.294099807739258, 11.806400299072266, 11.462699890136719, 11.751500129699707, 12.349699974060059, 10.939900398254395, 12.033599853515625, 12.116100311279297, 12.683500289916992, 12.722000122070312, 11.821200370788574, 12.438199996948242, 12.35830020904541, 11.628299713134766]"
