item_id,start,freq,target
T676,2014-12-29,W-SUN,"[6.754799842834473, 7.868199825286865, 7.683899879455566, 7.881499767303467, 8.265199661254883, 8.318599700927734, 8.17770004272461, 8.219200134277344, 7.589200019836426, 7.673799991607666, 9.017800331115723, 8.984600067138672, 8.951299667358398, 8.70740032196045, 9.131400108337402, 9.099699974060059, 8.916199684143066, 9.022600173950195, 8.929300308227539, 9.164899826049805, 8.126500129699707, 8.988100051879883, 9.00100040435791, 9.186100006103516, 7.873899936676025, 8.598400115966797, 8.048299789428711, 8.61460018157959, 8.63010025024414, 6.3755998611450195, 6.332499980926514, 6.390999794006348, 6.690199851989746, 6.054599761962891, 6.505899906158447, 6.380300045013428, 6.533199787139893, 6.663099765777588, 5.076300144195557, 6.614699840545654, 6.196199893951416, 6.603799819946289, 6.535699844360352, 6.577199935913086, 6.385900020599365, 6.562099933624268, 5.670199871063232, 5.784200191497803, 5.284999847412109, 7.401700019836426, 7.304599761962891, 5.553500175476074, 6.057199954986572, 7.140999794006348, 7.0208001136779785, 7.179900169372559, 6.734399795532227, 7.4253997802734375, 7.173600196838379, 7.293700218200684, 7.261300086975098, 6.770100116729736, 7.0208001136779785, 7.059500217437744, 7.175899982452393, 7.31850004196167, 7.328000068664551, 7.459099769592285, 7.3256001472473145, 7.731400012969971, 7.404699802398682, 7.794600009918213, 7.4857001304626465, 6.912799835205078, 7.39169979095459, 6.361599922180176, 6.633200168609619, 6.65880012512207, 6.25629997253418, 7.235599994659424, 7.437600135803223, 7.0177001953125, 7.26230001449585, 7.253600120544434, 5.698400020599365, 6.730199813842773, 6.695700168609619, 6.192699909210205, 6.696300029754639, 6.911799907684326, 7.250999927520752, 7.328700065612793, 7.613900184631348, 7.395400047302246, 6.7027997970581055, 8.871399879455566]"
