item_id,start,freq,target
T42,2015-01-04 00:00:00,W-SUN,"[8.314599990844727, 6.910699844360352, 6.630799770355225, 7.699399948120117, 7.70989990234375, 6.900199890136719, 7.690100193023682, 7.40500020980835, 7.5671000480651855, 6.3069000244140625, 7.294400215148926, 6.130000114440918, 6.882800102233887, 7.783999919891357, 6.28000020980835, 7.513199806213379, 6.5304999351501465, 7.729700088500977, 7.714600086212158, 6.188799858093262, 6.405799865722656, 7.902900218963623, 8.064200401306152, 7.922500133514404, 7.671000003814697, 6.212800025939941, 7.564599990844727, 7.780399799346924, 7.9653000831604, 7.704699993133545, 8.07229995727539, 7.960700035095215, 8.326600074768066, 8.524999618530273, 7.2972002029418945, 7.817200183868408, 9.191800117492676, 8.173800468444824, 8.266400337219238, 8.225199699401855, 8.325400352478027, 8.464900016784668, 8.736599922180176, 8.607999801635742, 8.75510025024414, 8.696800231933594, 7.440700054168701, 8.275899887084961, 8.00100040435791, 7.582399845123291, 4.4028000831604, 5.58620023727417, 7.734399795532227, 7.222099781036377, 8.309200286865234, 7.751399993896484, 8.027799606323242, 7.659999847412109, 8.019200325012207, 8.242799758911133, 7.332399845123291, 7.851900100708008, 8.336799621582031, 7.678299903869629, 7.775899887084961, 7.529300212860107, 8.07699966430664, 8.276900291442871, 8.3056001663208, 8.27929973602295, 8.379300117492676, 8.203399658203125, 7.355899810791016, 8.35509967803955, 8.708200454711914, 7.913700103759766, 7.983399868011475, 6.553100109100342, 7.973499774932861, 8.2298002243042, 8.060700416564941, 7.652900218963623, 8.247400283813477, 7.734000205993652, 7.985400199890137, 8.129199981689453, 7.173399925231934, 8.633099555969238, 8.521200180053711, 8.82390022277832]"
