item_id,start,freq,target
T94,2014-12-29,W-SUN,"[14.540800094604492, 17.64389991760254, 11.21399974822998, 18.350299835205078, 20.07360076904297, 20.62540054321289, 19.561500549316406, 21.191299438476562, 18.941600799560547, 20.555099487304688, 20.649599075317383, 19.83009910583496, 20.728300094604492, 18.80299949645996, 20.06369972229004, 21.268199920654297, 20.586000442504883, 21.021900177001953, 21.684200286865234, 21.847299575805664, 20.927499771118164, 23.016700744628906, 22.090099334716797, 20.365299224853516, 21.45789909362793, 22.900299072265625, 19.606000900268555, 21.331899642944336, 21.194799423217773, 19.38909912109375, 20.61549949645996, 19.729299545288086, 20.47279930114746, 20.203899383544922, 14.770700454711914, 19.778900146484375, 21.566099166870117, 21.73979949951172, 14.631799697875977, 23.015199661254883, 19.500200271606445, 22.04840087890625, 21.70039939880371, 21.556499481201172, 20.44860076904297, 21.622499465942383, 23.98979949951172, 16.05739974975586, 16.343399047851562, 23.68950080871582, 23.86680030822754, 19.696699142456055, 20.251800537109375, 22.099000930786133, 21.225900650024414, 22.401100158691406, 22.597900390625, 23.456600189208984, 18.43120002746582, 23.318300247192383, 20.829299926757812, 22.9424991607666, 21.605899810791016, 21.702899932861328, 22.07509994506836, 20.341899871826172, 22.546199798583984, 22.308000564575195, 22.21809959411621, 22.184900283813477, 22.2539005279541, 24.006500244140625, 22.345699310302734, 22.093000411987305, 23.218700408935547, 22.793699264526367, 22.46179962158203, 21.718599319458008, 20.905000686645508, 22.615100860595703, 21.857799530029297, 21.305200576782227, 21.29170036315918, 21.384199142456055, 21.61680030822754, 22.67889976501465, 22.965599060058594, 21.200899124145508, 22.746000289916992, 24.016399383544922, 22.998199462890625, 21.869699478149414, 22.856399536132812, 21.80389976501465, 23.360300064086914, 21.824199676513672]"
