item_id,start,freq,target
T709,2014-12-29,W-SUN,"[8.305399894714355, 9.702300071716309, 10.196599960327148, 9.782600402832031, 10.078700065612793, 9.76039981842041, 9.833900451660156, 10.022500038146973, 9.196000099182129, 10.101699829101562, 10.852899551391602, 10.700499534606934, 10.796699523925781, 9.777999877929688, 10.286600112915039, 10.07349967956543, 10.00790023803711, 10.255000114440918, 10.36240005493164, 10.254300117492676, 9.547499656677246, 11.112899780273438, 11.584099769592285, 11.566800117492676, 11.712499618530273, 11.655699729919434, 10.589500427246094, 11.5246000289917, 11.62279987335205, 11.2677001953125, 11.606300354003906, 11.406900405883789, 11.50220012664795, 11.476300239562988, 11.330900192260742, 10.72089958190918, 10.890800476074219, 10.800600051879883, 8.723999977111816, 10.80720043182373, 10.884599685668945, 10.95930004119873, 10.831299781799316, 10.692700386047363, 10.665200233459473, 10.366399765014648, 11.027600288391113, 9.172699928283691, 10.321399688720703, 10.586000442504883, 12.162099838256836, 8.668399810791016, 8.501500129699707, 10.195899963378906, 10.123299598693848, 10.4822998046875, 10.286100387573242, 10.489800453186035, 11.005200386047363, 10.507399559020996, 10.443900108337402, 9.923600196838379, 10.006699562072754, 10.93649959564209, 11.377300262451172, 10.716899871826172, 10.906900405883789, 11.045000076293945, 10.81719970703125, 10.773900032043457, 11.029899597167969, 11.521599769592285, 11.230400085449219, 11.11709976196289, 11.477700233459473, 11.630999565124512, 12.015800476074219, 12.307900428771973, 10.797100067138672, 11.692500114440918, 11.551300048828125, 11.143699645996094, 11.137800216674805, 11.63070011138916, 11.798700332641602, 11.641300201416016, 11.734299659729004, 11.013299942016602, 11.489700317382812, 11.80620002746582, 11.430399894714355, 10.66349983215332, 10.978400230407715, 10.965700149536133, 11.68239974975586, 11.212800025939941]"
