item_id,start,freq,target
T273,2015-01-18 00:00:00,W-SUN,"[5.27810001373291, 5.640399932861328, 5.5954999923706055, 5.82289981842041, 5.676599979400635, 5.284800052642822, 5.781300067901611, 5.828100204467773, 5.803500175476074, 5.938399791717529, 5.804999828338623, 5.853300094604492, 5.847099781036377, 6.07390022277832, 6.000400066375732, 6.010900020599365, 5.915900230407715, 5.654399871826172, 5.972300052642822, 6.109300136566162, 6.089099884033203, 6.125, 6.054999828338623, 5.59630012512207, 6.063300132751465, 6.026800155639648, 6.0854997634887695, 6.001200199127197, 6.068299770355225, 6.032899856567383, 6.0731000900268555, 6.0954999923706055, 5.6717000007629395, 6.082399845123291, 6.124000072479248, 6.140600204467773, 6.024799823760986, 5.912099838256836, 6.0329999923706055, 6.121799945831299, 5.899099826812744, 5.932799816131592, 5.938399791717529, 6.040500164031982, 5.4268999099731445, 5.867800235748291, 6.0177001953125, 6.1244001388549805, 4.721199989318848, 4.812099933624268, 5.575399875640869, 5.58489990234375, 5.7281999588012695, 5.671999931335449, 5.612199783325195, 6.106100082397461, 5.781599998474121, 6.063300132751465, 5.580399990081787, 5.516900062561035, 5.729800224304199, 6.565299987792969, 5.975900173187256, 5.983099937438965, 6.165900230407715, 6.014599800109863, 6.252099990844727, 6.201600074768066, 6.150400161743164, 6.122700214385986, 6.003399848937988, 6.391600131988525, 6.248700141906738, 6.182499885559082, 6.312300205230713, 5.665900230407715, 6.225800037384033, 6.2866997718811035, 6.329500198364258, 6.3628997802734375, 6.1834001541137695, 6.274600028991699, 6.3196001052856445, 6.259399890899658, 5.843100070953369, 6.270999908447266, 6.4278998374938965, 6.491199970245361, 5.400700092315674, 6.396599769592285]"
