item_id,start,freq,target
T99,2015-02-08 00:00:00,W-SUN,"[[12.740300178527832, 14.469900131225586, 12.582599639892578, 14.021100044250488, 14.087699890136719, 11.229499816894531, 11.756799697875977, 10.609199523925781, 10.670999526977539, 11.322799682617188, 10.249899864196777, 11.513099670410156, 10.914799690246582, 14.884599685668945, 11.413299560546875, 11.201399803161621, 11.137900352478027, 11.876500129699707, 11.781100273132324, 11.667699813842773, 10.074299812316895, 11.062199592590332, 11.450200080871582, 10.300600051879883, 11.666899681091309, 11.893600463867188, 15.51099967956543, 12.470800399780273, 10.881600379943848, 10.072099685668945, 11.04640007019043, 12.046600341796875, 10.046199798583984, 12.195500373840332, 11.002799987792969, 11.498700141906738, 12.272299766540527, 12.05459976196289, 10.772500038146973, 11.979399681091309, 12.674799919128418, 8.84469985961914, 10.525199890136719, 10.973899841308594, 13.488100051879883, 9.313400268554688, 8.175399780273438, 10.867500305175781, 8.947699546813965, 10.916999816894531, 10.986200332641602, 11.590200424194336, 11.280599594116211, 13.214099884033203, 10.213500022888184, 10.1875, 10.816900253295898, 12.695199966430664, 12.21049976348877, 11.702899932861328, 11.64799976348877, 11.98639965057373, 11.825900077819824, 12.053400039672852, 11.782500267028809, 11.959099769592285, 12.185600280761719, 10.7701997756958, 11.937800407409668, 13.222200393676758, 12.446700096130371, 11.70419979095459, 10.432499885559082, 11.553600311279297, 11.48289966583252, 11.273799896240234, 11.231499671936035, 12.07450008392334, 11.838199615478516, 11.848799705505371, 12.003999710083008, 10.584199905395508, 12.419300079345703, 12.567299842834473, 12.107199668884277, 12.815699577331543, 11.830400466918945, 12.350899696350098, 11.676300048828125, 11.560999870300293]]"
