item_id,start,freq,target
T623,2014-12-29,W-SUN,"[9.657500267028809, 12.451199531555176, 12.111599922180176, 10.975099563598633, 12.075599670410156, 11.761300086975098, 12.015199661254883, 11.987000465393066, 11.484299659729004, 13.503399848937988, 13.46560001373291, 12.900899887084961, 12.572799682617188, 12.70110034942627, 13.444600105285645, 12.944899559020996, 12.527199745178223, 14.145999908447266, 12.978899955749512, 12.943499565124512, 12.094499588012695, 13.321200370788574, 12.961099624633789, 13.307000160217285, 12.642999649047852, 13.053600311279297, 11.662799835205078, 13.636099815368652, 12.941100120544434, 12.988900184631348, 13.415800094604492, 12.54640007019043, 13.323200225830078, 13.24779987335205, 13.038700103759766, 12.70680046081543, 13.57859992980957, 13.833800315856934, 12.942899703979492, 13.349499702453613, 13.232000350952148, 13.525099754333496, 13.820099830627441, 13.427399635314941, 13.03439998626709, 14.571700096130371, 13.738499641418457, 11.125699996948242, 13.013299942016602, 14.087800025939941, 13.393500328063965, 9.775199890136719, 10.520600318908691, 12.243399620056152, 13.12559986114502, 13.066699981689453, 11.831500053405762, 13.047800064086914, 13.05109977722168, 13.531299591064453, 13.705599784851074, 12.957500457763672, 12.532500267028809, 12.15939998626709, 12.681099891662598, 13.403300285339355, 12.97719955444336, 12.99489974975586, 13.618800163269043, 13.768699645996094, 12.647299766540527, 13.574899673461914, 13.854700088500977, 13.594799995422363, 13.963800430297852, 14.25059986114502, 11.056400299072266, 13.104000091552734, 11.626500129699707, 13.016599655151367, 12.884200096130371, 14.541000366210938, 12.38860034942627, 14.371100425720215, 13.23169994354248, 13.535099983215332, 12.606599807739258, 10.985600471496582, 13.703200340270996, 14.201800346374512, 14.211199760437012, 13.021400451660156, 13.677499771118164, 13.223400115966797, 15.185500144958496, 14.001899719238281]"
