item_id,start,freq,target
T447,2015-01-04 00:00:00,W-SUN,"[[8.564000129699707, 10.774999618530273, 9.93649959564209, 11.497900009155273, 11.097599983215332, 11.45419979095459, 11.130800247192383, 10.610899925231934, 11.088800430297852, 11.540399551391602, 11.262900352478027, 12.534000396728516, 11.25529956817627, 11.994099617004395, 11.81760025024414, 11.494600296020508, 12.118000030517578, 12.130399703979492, 12.627699851989746, 11.891300201416016, 11.85949993133545, 12.419400215148926, 12.94159984588623, 13.354100227355957, 13.07509994506836, 11.02810001373291, 12.795999526977539, 13.535799980163574, 13.380800247192383, 12.528200149536133, 12.29010009765625, 12.311699867248535, 13.138699531555176, 12.277799606323242, 12.202799797058105, 12.203100204467773, 12.735600471496582, 12.580599784851074, 12.129599571228027, 11.859100341796875, 13.288999557495117, 12.111700057983398, 12.603099822998047, 12.299799919128418, 13.586299896240234, 13.932000160217285, 9.937399864196777, 12.155599594116211, 12.137999534606934, 13.221199989318848, 8.189000129699707, 8.398500442504883, 11.334400177001953, 11.202699661254883, 11.328900337219238, 10.654899597167969, 11.500900268554688, 11.586099624633789, 11.58590030670166, 11.568099975585938, 10.977899551391602, 10.970199584960938, 11.946100234985352, 13.086899757385254, 12.313699722290039, 11.362299919128418, 10.63290023803711, 26.08489990234375, 25.647899627685547, 24.819599151611328, 26.97439956665039, 25.32270050048828, 25.92460060119629, 26.426300048828125, 25.107200622558594, 27.271699905395508, 27.55340003967285, 24.909900665283203, 28.034299850463867, 23.73310089111328, 11.566499710083008, 11.28320026397705, 11.102399826049805, 8.993900299072266, 6.851900100708008, 6.502799987792969, 6.9430999755859375, 7.10230016708374, 7.700500011444092, 7.236700057983398]]"
