item_id,start,freq,target
T793,2014-12-29,W-SUN,"[7.905200004577637, 9.638199806213379, 7.279600143432617, 9.846799850463867, 10.450799942016602, 10.945599555969238, 10.277799606323242, 10.657600402832031, 9.710100173950195, 10.976099967956543, 11.275300025939941, 10.895899772644043, 10.532600402832031, 9.995800018310547, 10.42650032043457, 10.653599739074707, 11.13640022277832, 10.706500053405762, 12.292099952697754, 10.781399726867676, 10.294899940490723, 10.8951997756958, 11.164899826049805, 10.877599716186523, 10.633500099182129, 10.734100341796875, 9.996700286865234, 10.897600173950195, 10.599499702453613, 10.60770034790039, 10.661499977111816, 10.53950023651123, 10.402799606323242, 10.696399688720703, 10.425200462341309, 10.149999618530273, 11.546099662780762, 10.589900016784668, 10.704099655151367, 10.692000389099121, 10.628700256347656, 10.619099617004395, 10.82289981842041, 10.598999977111816, 10.601400375366211, 10.838899612426758, 10.477999687194824, 9.151100158691406, 10.295900344848633, 10.824000358581543, 10.428199768066406, 8.004300117492676, 8.881699562072754, 10.30780029296875, 10.134699821472168, 10.51140022277832, 10.153900146484375, 10.561100006103516, 10.264699935913086, 10.682000160217285, 10.794400215148926, 9.932700157165527, 10.306599617004395, 9.694600105285645, 10.30840015411377, 10.191300392150879, 10.35159969329834, 10.616900444030762, 10.52340030670166, 10.412199974060059, 10.590999603271484, 10.1274995803833, 11.48859977722168, 9.467100143432617, 8.847900390625, 10.62030029296875, 10.509900093078613, 10.85219955444336, 9.574700355529785, 10.696700096130371, 10.26259994506836, 9.38539981842041, 9.568900108337402, 9.42590045928955, 9.437299728393555, 9.629899978637695, 9.692999839782715, 8.757599830627441, 9.69950008392334, 10.001700401306152, 9.547100067138672, 9.077500343322754, 9.611499786376953, 9.683899879455566, 9.445500373840332, 9.617400169372559]"
