item_id,start,freq,target
T482,2014-12-29,W-SUN,"[5.27839994430542, 6.1265997886657715, 5.230100154876709, 6.334499835968018, 6.424099922180176, 9.1451997756958, 7.052299976348877, 6.931099891662598, 6.223499774932861, 6.430500030517578, 6.452899932861328, 6.628600120544434, 6.337299823760986, 6.118100166320801, 6.348899841308594, 6.727200031280518, 6.606200218200684, 6.750400066375732, 6.650300025939941, 6.453000068664551, 6.323699951171875, 6.8649001121521, 6.624800205230713, 6.475399971008301, 6.704899787902832, 6.617800235748291, 6.219299793243408, 6.409800052642822, 6.495699882507324, 6.329999923706055, 6.447800159454346, 6.207900047302246, 6.589399814605713, 6.9629998207092285, 6.5447001457214355, 6.697000026702881, 7.105100154876709, 8.371000289916992, 8.023500442504883, 9.390600204467773, 8.284000396728516, 9.272700309753418, 9.351400375366211, 9.196499824523926, 8.744400024414062, 9.1181001663208, 6.484600067138672, 5.983399868011475, 6.568999767303467, 6.338399887084961, 6.330100059509277, 5.682400226593018, 5.764999866485596, 6.242099761962891, 6.366300106048584, 6.187399864196777, 6.3180999755859375, 6.746799945831299, 6.396100044250488, 6.455999851226807, 7.890399932861328, 6.672500133514404, 6.286200046539307, 6.07919979095459, 6.627200126647949, 6.479300022125244, 6.504799842834473, 6.71589994430542, 6.565000057220459, 6.794899940490723, 6.734499931335449, 6.985799789428711, 6.907800197601318, 6.673600196838379, 7.113100051879883, 6.802299976348877, 6.736800193786621, 6.3831000328063965, 5.956500053405762, 5.916399955749512, 6.537499904632568, 6.377399921417236, 6.742300033569336, 7.2957000732421875, 6.675899982452393, 6.864799976348877, 7.144999980926514, 11.466899871826172, 7.267899990081787, 7.390999794006348, 7.310800075531006, 6.934000015258789, 7.243500232696533, 7.197500228881836, 7.159800052642822, 6.883500099182129]"
