item_id,start,freq,target
T821,2014-12-29,W-SUN,"[5.558599948883057, 6.242099761962891, 6.010700225830078, 6.347700119018555, 6.290999889373779, 6.384699821472168, 6.064199924468994, 6.2932000160217285, 5.605599880218506, 6.630300045013428, 6.690700054168701, 6.683899879455566, 6.78249979019165, 6.567999839782715, 6.705699920654297, 6.780900001525879, 7.263400077819824, 6.749899864196777, 6.795400142669678, 6.796800136566162, 7.0229997634887695, 6.9008002281188965, 7.296800136566162, 7.296800136566162, 6.91949987411499, 6.876399993896484, 6.549200057983398, 7.024600028991699, 8.732500076293945, 6.892199993133545, 7.013500213623047, 6.884399890899658, 6.7652997970581055, 6.848700046539307, 7.517399787902832, 6.672500133514404, 6.776299953460693, 9.788100242614746, 6.398200035095215, 6.582499980926514, 6.633800029754639, 6.529799938201904, 6.852700233459473, 6.023799896240234, 6.591300010681152, 6.581399917602539, 6.691800117492676, 6.129700183868408, 6.31850004196167, 6.875, 6.898799896240234, 5.974899768829346, 5.594799995422363, 6.291299819946289, 6.367000102996826, 6.461299896240234, 6.459099769592285, 6.861999988555908, 6.38640022277832, 6.197299957275391, 6.442999839782715, 6.300600051879883, 6.631400108337402, 6.5559000968933105, 6.862199783325195, 6.590799808502197, 6.459499835968018, 6.841899871826172, 6.751399993896484, 7.082799911499023, 7.2941999435424805, 7.391300201416016, 7.613900184631348, 7.024499893188477, 7.723299980163574, 7.622700214385986, 7.550600051879883, 7.416399955749512, 6.619200229644775, 7.558700084686279, 7.553100109100342, 7.370100021362305, 7.262599945068359, 7.184500217437744, 7.293600082397461, 7.062300205230713, 7.332499980926514, 6.574999809265137, 6.990200042724609, 7.05620002746582, 7.048600196838379, 6.680500030517578, 6.678999900817871, 6.726200103759766, 7.051499843597412, 6.3206000328063965]"
