mae,rmse,mase,mape
0.1852738529115544,0.38895375906035745,2.6784154784362832,1791.395737931381
