mae,rmse,mase,mape
58.93852248281803,77.0681978449872,1.4149599118648108,74.07395651589643
