mae,rmse,mase,mape
24.44542997511323,24.44542997511322,0.5868708950613276,48.45915673069523
