item_id,start,freq,target
T71,1969-12-31 00:00:00,A-DEC,"[[35.70000076293945, 48.5, 63.79999923706055, 74.80000305175781, 72.9000015258789, 115.0999984741211, 171.8000030517578, 178.3000030517578, 240.6999969482422, 355.1000061035156, 511.3999938964844, 606.0, 810.0999755859375, 1057.4000244140625]]"
