item_id,start,freq,target
T22,1976-12-31 00:00:00,A-DEC,"[[2.640000104904175, 2.6500000953674316, 2.6500000953674316, 2.6600000858306885, 2.6700000762939453, 2.680000066757202, 2.7100000381469727, 2.7100000381469727, 2.7300000190734863, 2.740000009536743, 2.759999990463257, 2.759999990463257, 2.759999990463257, 2.7699999809265137]]"
