item_id,start,freq,target
T86,1981-12-31 00:00:00,A-DEC,"[[66.19999694824219, 63.79999923706055, 74.9000015258789, 83.5999984741211, 83.4000015258789, 82.9000015258789, 91.4000015258789, 115.5999984741211, 124.0, 128.5, 127.80000305175781, 142.3000030517578, 144.60000610351562, 146.5]]"
