item_id,start,freq,target
T122,1970-12-31 00:00:00,A-DEC,"[[2.200000047683716, 2.299999952316284, 2.299999952316284, 2.4000000953674316, 2.5999999046325684, 2.700000047683716, 2.799999952316284, 2.9000000953674316, 2.9000000953674316, 3.0999999046325684, 3.299999952316284, 3.5, 3.700000047683716, 3.9000000953674316]]"
