item_id,start,freq,target
T72,1969-12-31 00:00:00,A-DEC,"[[35.5, 25.399999618530273, 22.399999618530273, 73.19999694824219, 74.0, 63.900001525878906, 89.69999694824219, 142.10000610351562, 141.5, 145.0, 167.5, 161.0, 184.10000610351562, 174.8000030517578]]"
