item_id,start,freq,target
T79,1985-12-31 00:00:00,A-DEC,"[[1976.469970703125, 2279.8701171875, 2067.489990234375, 1974.300048828125, 2288.5400390625, 2230.030029296875, 2305.8798828125, 2581.110107421875, 2533.429931640625, 2860.679931640625, 3120.739990234375, 3547.669921875, 3382.969970703125, 3578.010009765625]]"
