item_id,start,freq,target
T44,1983-12-31 00:00:00,A-DEC,"[[6300.0, 5363.0, 5531.0, 5661.0, 6072.0, 6618.0, 6965.0, 7467.0, 8035.0, 8099.97998046875, 7549.97998046875, 7108.97998046875, 6851.97998046875, 7394.97998046875]]"
