item_id,start,freq,target
T163,1980-12-31 00:00:00,A-DEC,"[[40.099998474121094, 40.099998474121094, 40.099998474121094, 39.70000076293945, 40.20000076293945, 40.70000076293945, 38.0, 37.79999923706055, 37.70000076293945, 37.099998474121094, 37.0, 37.099998474121094, 37.099998474121094, 36.599998474121094]]"
