item_id,start,freq,target
T35,1988-12-31 00:00:00,A-DEC,"[[8095.0, 8799.0, 8891.0, 9010.0, 8753.0, 8951.0, 9395.0, 9383.0, 9596.98046875, 9591.98046875, 9201.98046875, 9904.9697265625, 9027.98046875, 10300.0]]"
