item_id,start,freq,target
T25,1982-12-31 00:00:00,A-DEC,"[[177.8000030517578, 126.30000305175781, 101.4000015258789, 100.0999984741211, 88.4000015258789, 91.0999984741211, 85.9000015258789, 86.4000015258789, 81.9000015258789, 86.69999694824219, 101.9000015258789, 86.80000305175781, 73.5999984741211, 61.20000076293945]]"
