item_id,start,freq,target
T69,1975-12-31 00:00:00,A-DEC,"[320.1000061035156, 466.29998779296875, 599.2000122070312, 683.5, 720.5, 864.0, 1011.9000244140625, 1162.4000244140625, 1308.699951171875, 1419.5, 1472.199951171875, 1554.0999755859375, 1729.5999755859375, 1709.0999755859375]"
