item_id,start,freq,target
T74,1969-01-01,A-DEC,"[246.8000030517578, 299.6000061035156, 246.39999389648438, 289.79998779296875, 250.89999389648438, 246.89999389648438, 293.5, 417.3999938964844, 525.0999755859375, 689.9000244140625, 582.5999755859375, 595.7000122070312, 758.7000122070312, 871.0999755859375, 1074.4000244140625, 1008.0, 1020.2999877929688, 1272.199951171875, 1481.4000244140625, 1424.300048828125, 1357.0999755859375, 1405.800048828125, 1389.0999755859375, 1265.5999755859375]"
