item_id,start,freq,target
T25,1976-01-01,A-DEC,"[0.10000000149011612, 65.30000305175781, 233.89999389648438, 297.20001220703125, 307.29998779296875, 307.5, 251.10000610351562, 177.8000030517578, 126.30000305175781, 101.4000015258789, 100.0999984741211, 88.4000015258789, 91.0999984741211, 85.9000015258789, 86.4000015258789, 81.9000015258789, 86.69999694824219, 101.9000015258789, 86.80000305175781, 73.5999984741211, 61.20000076293945, 57.79999923706055, 54.400001525878906, 54.0, 49.5, 57.29999923706055, 49.29999923706055, 68.0999984741211]"
