item_id,start,freq,target
T112,1969-01-01,A-DEC,"[474.0, 486.8999938964844, 484.0, 490.5, 503.0, 504.70001220703125, 504.20001220703125, 503.29998779296875, 503.6000061035156, 514.9000244140625, 524.2000122070312, 537.7000122070312, 547.7999877929688, 557.2000122070312, 564.4000244140625, 572.0, 577.4000244140625, 584.2000122070312, 594.7000122070312, 605.7999877929688, 617.7000122070312, 628.0, 638.9000244140625, 645.0999755859375, 662.7999877929688, 675.7000122070312, 691.0999755859375, 710.0, 729.5, 743.2999877929688, 755.9000244140625, 770.7000122070312, 774.4000244140625, 784.5, 800.9000244140625, 815.9000244140625, 834.9000244140625, 858.0999755859375, 875.7999877929688, 891.4000244140625, 907.5999755859375, 923.7000122070312, 942.5999755859375, 951.7000122070312]"
