item_id,start,freq,target
T16,1973-01-01,A-DEC,"[4.96999979019165, 5.090000152587891, 5.210000038146973, 5.369999885559082, 5.590000152587891, 5.809999942779541, 6.019999980926514, 6.130000114440918, 6.329999923706055, 6.599999904632568, 6.909999847412109, 7.070000171661377, 7.179999828338623, 7.269999980926514, 7.440000057220459, 7.559999942779541, 7.630000114440918, 8.079999923706055, 8.180000305175781, 8.350000381469727, 8.579999923706055, 8.84000015258789, 8.880000114440918, 8.920000076293945, 9.020000457763672, 9.15999984741211, 9.3100004196167]"
