item_id,start,freq,target
T121,1970-01-01,A-DEC,"[4.400000095367432, 4.599999904632568, 4.800000190734863, 5.0, 5.199999809265137, 5.400000095367432, 5.599999904632568, 5.800000190734863, 5.800000190734863, 6.0, 6.300000190734863, 6.699999809265137, 7.0, 7.300000190734863, 7.699999809265137, 8.100000381469727, 8.5, 9.0, 9.300000190734863, 9.699999809265137, 10.100000381469727]"
