item_id,start,freq,target
T44,1976-01-01,A-DEC,"[7400.0, 7413.0, 7254.0, 6226.0, 6534.0, 6092.0, 5700.0, 6100.0, 6300.0, 5363.0, 5531.0, 5661.0, 6072.0, 6618.0, 6965.0, 7467.0, 8035.0, 8099.97998046875, 7549.97998046875, 7108.97998046875, 6851.97998046875, 7394.97998046875, 7394.97998046875]"
