item_id,start,freq,target
T58,1977-12-31 00:00:00,A-DEC,"[541.2000122070312, 608.0999755859375, 639.2000122070312, 697.4000244140625, 664.4000244140625, 761.7000122070312, 838.0, 1044.9000244140625, 1191.0, 1211.5999755859375, 1222.800048828125, 1367.800048828125, 1382.699951171875, 1406.699951171875]"
