item_id,start,freq,target
T114,1974-12-31 00:00:00,A-DEC,"[6.599999904632568, 6.900000095367432, 7.300000190734863, 7.599999904632568, 7.800000190734863, 8.5, 8.899999618530273, 9.100000381469727, 9.5, 10.100000381469727, 10.399999618530273, 10.899999618530273, 11.199999809265137, 11.699999809265137]"
