item_id,start,freq,target
T6,1983-12-31 00:00:00,A-DEC,"[[4062.300048828125, 5594.0, 4647.0, 6839.2998046875, 5280.89990234375, 6648.7998046875, 6797.60009765625, 6709.39990234375, 8089.60009765625, 8742.5, 9670.7998046875, 11536.7998046875, 12240.0, 10515.7001953125]]"
