item_id,start,freq,target
T85,1975-01-01,A-DEC,"[60.70000076293945, 91.0999984741211, 106.19999694824219, 112.19999694824219, 120.0999984741211, 129.0, 149.8000030517578, 159.89999389648438, 168.8000030517578, 173.0, 238.5, 279.5, 295.1000061035156, 298.3999938964844, 316.0, 340.5, 363.5, 361.20001220703125, 365.70001220703125, 371.70001220703125, 381.1000061035156, 383.70001220703125, 393.70001220703125, 358.8999938964844, 393.29998779296875, 382.6000061035156]"
