item_id,start,freq,target
T35,1976-01-01,A-DEC,"[9160.0, 8837.0, 7907.0, 7104.0, 7103.0, 7948.0, 8385.0, 6944.0, 6677.0, 6932.0, 7739.0, 8489.0, 8496.0, 8095.0, 8799.0, 8891.0, 9010.0, 8753.0, 8951.0, 9395.0, 9383.0, 9596.98046875, 9591.98046875, 9201.98046875, 9904.9697265625, 9027.98046875, 10300.0]"
