item_id,start,freq,target
T60,1957-01-01,A-DEC,"[109.0, 94.4000015258789, 210.0, 27.799999237060547, 51.29999923706055, 66.5999984741211, 133.0, 226.0, 173.0, 108.0, 289.0, 316.0, 256.0, 182.0, 90.0999984741211, 122.0, 206.0, 233.0, 201.0, 275.0, 162.0, 171.0, 1169.0, 838.0, 88.5, 230.0, 642.0, 498.0, 174.0, 148.0, 149.0, 185.0, 200.0, 95.80000305175781, 167.0, 110.0, 139.0, 140.0, 365.0, 390.0, 457.0, 789.0, 1071.0, 482.0, 353.0]"
