item_id,start,freq,target
T69,1969-01-01,A-DEC,"[7.300000190734863, 6.300000190734863, 26.799999237060547, 114.5, 262.70001220703125, 253.0, 276.79998779296875, 320.1000061035156, 466.29998779296875, 599.2000122070312, 683.5, 720.5, 864.0, 1011.9000244140625, 1162.4000244140625, 1308.699951171875, 1419.5, 1472.199951171875, 1554.0999755859375, 1729.5999755859375, 1709.0999755859375, 1535.300048828125, 1607.300048828125, 2058.18994140625]"
