item_id,start,freq,target
T81,1980-12-31 00:00:00,A-DEC,"[[52408.0, 48912.8984375, 52123.1015625, 53383.1015625, 62171.6015625, 67705.5, 68636.296875, 67528.203125, 73524.3984375, 73708.1015625, 77361.5, 82363.6015625, 81629.1015625, 89233.5]]"
