item_id,start,freq,target
T23,1976-01-01,A-DEC,"[131.5, 576.5, 1033.800048828125, 1223.199951171875, 1202.9000244140625, 1232.0, 1345.4000244140625, 1503.199951171875, 1675.4000244140625, 1870.0, 2176.300048828125, 2355.60009765625, 2336.89990234375, 2308.39990234375, 2206.10009765625, 2064.0, 1919.4000244140625, 1517.699951171875, 1147.9000244140625, 924.4000244140625, 729.4000244140625, 646.2999877929688, 644.5999755859375]"
