item_id,start,freq,target
T112,1996-12-31 00:00:00,A-DEC,"[[729.5, 743.2999877929688, 755.9000244140625, 770.7000122070312, 774.4000244140625, 784.5, 800.9000244140625, 815.9000244140625, 834.9000244140625, 858.0999755859375, 875.7999877929688, 891.4000244140625, 907.5999755859375, 923.7000122070312]]"
