item_id,start,freq,target
T16,1979-12-31 00:00:00,A-DEC,"[6.130000114440918, 6.329999923706055, 6.599999904632568, 6.909999847412109, 7.070000171661377, 7.179999828338623, 7.269999980926514, 7.440000057220459, 7.559999942779541, 7.630000114440918, 8.079999923706055, 8.180000305175781, 8.350000381469727, 8.579999923706055]"
