item_id,start,freq,target
T36,1976-01-01,A-DEC,"[186.25, 163.97999572753906, 168.00999450683594, 192.57000732421875, 188.92999267578125, 191.08999633789062, 189.77000427246094, 183.35000610351562, 186.11000061035156, 194.35000610351562, 195.55999755859375, 194.11000061035156, 195.17999267578125, 197.85000610351562, 198.67999267578125, 186.4199981689453, 174.72000122070312, 187.57000732421875, 207.9499969482422, 213.91000366210938, 217.3699951171875, 240.6699981689453, 273.2900085449219, 256.07000732421875, 274.25]"
