item_id,start,freq,target
T68,1972-12-31 00:00:00,A-DEC,"[[429.70001220703125, 385.6000061035156, 400.79998779296875, 463.70001220703125, 377.6000061035156, 455.5, 490.29998779296875, 468.3999938964844, 447.6000061035156, 502.1000061035156, 524.5, 515.2000122070312, 582.5, 632.5999755859375]]"
