item_id,start,freq,target
T41,1976-01-01,A-DEC,"[15858.0, 16878.0, 16168.0, 16782.0, 17006.0, 18841.0, 18036.0, 16429.0, 16159.0, 17072.0, 17943.0, 18483.0, 19908.0, 22150.0, 21902.0, 24302.0, 23496.0, 23347.0, 25162.0, 25677.0, 25408.0, 29246.900390625, 31765.900390625, 34866.8984375, 31151.900390625, 25741.900390625, 35109.8984375]"
