item_id,start,freq,target
T118,1971-12-31 00:00:00,A-DEC,"[6.699999809265137, 7.099999904632568, 7.400000095367432, 7.400000095367432, 7.5, 7.900000095367432, 8.100000381469727, 8.699999809265137, 9.199999809265137, 9.800000190734863, 10.300000190734863, 10.399999618530273, 11.300000190734863, 11.899999618530273]"
