item_id,start,freq,target
T116,1970-12-31 00:00:00,A-DEC,"[28.899999618530273, 31.100000381469727, 32.5, 34.900001525878906, 36.29999923706055, 38.599998474121094, 40.400001525878906, 42.599998474121094, 44.70000076293945, 47.599998474121094, 50.599998474121094, 54.79999923706055, 58.20000076293945, 61.29999923706055]"
