item_id,start,freq,target
T165,1975-01-01,A-DEC,"[1305.0, 2219.0, 1922.0, 1029.0, 980.0, 1019.0, 2035.0, 1580.0, 1442.0, 1541.0, 2681.0, 2022.0, 2060.0, 2518.0, 2016.0, 1971.0, 1718.0, 1435.0, 1120.0, 1060.0, 993.0, 963.0, 1636.0, 2085.989990234375, 1928.0, 1594.0, 1918.0, 3427.989990234375]"
