item_id,start,freq,target
T115,1974-12-31 00:00:00,A-DEC,"[[74.0999984741211, 79.19999694824219, 83.69999694824219, 86.4000015258789, 92.4000015258789, 108.5999984741211, 114.5, 119.19999694824219, 123.30000305175781, 131.5, 138.8000030517578, 142.89999389648438, 142.39999389648438, 152.60000610351562]]"
