item_id,start,freq,target
T50,1977-01-01,A-DEC,"[4388.0, 4851.0, 5322.0, 5018.0, 5037.0, 5656.0, 5835.0, 5945.0, 6869.0, 7196.0, 7655.0, 8344.0, 9213.0, 9193.0, 9713.0, 10305.0, 10185.0, 9994.9697265625, 10889.0, 12105.0, 11969.0, 9497.98046875, 12110.0]"
