item_id,start,freq,target
T120,1970-01-01,A-DEC,"[3.700000047683716, 4.099999904632568, 4.199999809265137, 4.199999809265137, 4.599999904632568, 4.900000095367432, 5.0, 5.099999904632568, 5.099999904632568, 5.5, 6.099999904632568, 6.5, 6.800000190734863, 7.0, 7.400000095367432, 7.800000190734863, 8.0, 8.199999809265137, 8.399999618530273, 9.100000381469727, 9.699999809265137]"
