item_id,start,freq,target
T73,1969-12-31 00:00:00,A-DEC,"[22.799999237060547, 26.899999618530273, 27.600000381469727, 31.100000381469727, 33.29999923706055, 33.29999923706055, 39.79999923706055, 46.29999923706055, 56.20000076293945, 62.099998474121094, 63.29999923706055, 64.30000305175781, 75.0999984741211, 97.0999984741211]"
