item_id,start,freq,target
T17,1985-12-31 00:00:00,A-DEC,"[[41512.0, 33061.0, 58243.0, 43464.0, 65667.0, 80389.0, 75747.0, 72606.0, 71755.0, 70845.796875, 72951.796875, 98107.703125, 103942.0, 105244.0]]"
