item_id,start,freq,target
T6,1976-01-01,A-DEC,"[894.5, 1501.699951171875, 1971.199951171875, 2249.39990234375, 3029.5, 2741.800048828125, 2640.199951171875, 4211.2998046875, 4062.300048828125, 5594.0, 4647.0, 6839.2998046875, 5280.89990234375, 6648.7998046875, 6797.60009765625, 6709.39990234375, 8089.60009765625, 8742.5, 9670.7998046875, 11536.7998046875, 12240.0, 10515.7001953125, 14075.099609375, 14755.599609375, 14979.900390625, 16433.0, 20194.30078125, 23015.0, 23620.5, 24009.0, 28839.5]"
