item_id,start,freq,target
T37,1987-12-31 00:00:00,A-DEC,"[96.30000305175781, 93.19999694824219, 81.0999984741211, 84.19999694824219, 87.4000015258789, 88.30000305175781, 79.30000305175781, 73.5999984741211, 83.9000015258789, 100.0, 102.80000305175781, 93.5999984741211, 90.5999984741211, 105.4000015258789]"
