item_id,start,freq,target
T65,1969-01-01,A-DEC,"[2440.39990234375, 4046.39990234375, 4526.10009765625, 5800.2998046875, 7468.7001953125, 6064.7998046875, 4970.5, 6669.2998046875, 6364.60009765625, 8126.89990234375, 6849.39990234375, 6840.39990234375, 5381.2001953125, 6983.39990234375, 7520.10009765625, 6773.39990234375, 8007.60009765625, 8800.7998046875, 9426.8798828125, 10842.7998046875, 10618.900390625, 9875.7802734375, 11179.5, 11335.2998046875]"
