item_id,start,freq,target
T57,1974-01-01,A-DEC,"[23350.0, 23685.0, 24427.0, 24716.0, 25632.0, 24503.0, 25382.0, 25688.0, 22078.0, 26698.0, 26482.0, 25379.0, 26848.0, 24655.0, 25811.0, 24257.0, 26036.0, 27398.0, 25935.0, 26869.0, 26896.900390625, 23885.900390625, 26663.900390625, 27179.900390625, 26306.900390625, 28098.900390625]"
