item_id,start,freq,target
T82,1975-01-01,A-DEC,"[13.600000381469727, 21.200000762939453, 18.600000381469727, 21.600000381469727, 21.200000762939453, 30.899999618530273, 38.70000076293945, 40.20000076293945, 41.70000076293945, 54.099998474121094, 59.5, 55.70000076293945, 60.099998474121094, 64.19999694824219, 72.19999694824219, 69.0, 71.0, 47.900001525878906, 52.79999923706055, 56.79999923706055, 59.29999923706055, 50.20000076293945, 41.20000076293945, 49.400001525878906, 60.0, 45.0]"
