item_id,start,freq,target
T59,1938-01-01,A-DEC,"[11460.0, 23150.0, 31539.0, 26390.0, 17757.0, 15038.0, 16715.0, 23738.0, 21642.0, 19259.0, 24546.0, 14216.0, 16478.0, 21914.0, 22733.0, 21302.0, 20321.0, 24119.0, 23732.0, 25362.0, 27213.0, 31383.0, 35870.0, 30752.0, 30631.0, 39177.0, 31319.900390625, 43056.8984375, 21798.900390625, 25643.900390625, 38308.8984375, 35520.8984375]"
