item_id,start,freq,target
T36,1978-12-31 00:00:00,A-DEC,"[192.57000732421875, 188.92999267578125, 191.08999633789062, 189.77000427246094, 183.35000610351562, 186.11000061035156, 194.35000610351562, 195.55999755859375, 194.11000061035156, 195.17999267578125, 197.85000610351562, 198.67999267578125, 186.4199981689453, 174.72000122070312]"
