item_id,start,freq,target
T114,1970-01-01,A-DEC,"[4.699999809265137, 5.199999809265137, 5.300000190734863, 5.5, 5.900000095367432, 6.599999904632568, 6.900000095367432, 7.300000190734863, 7.599999904632568, 7.800000190734863, 8.5, 8.899999618530273, 9.100000381469727, 9.5, 10.100000381469727, 10.399999618530273, 10.899999618530273, 11.199999809265137, 11.699999809265137, 12.399999618530273, 13.199999809265137]"
