item_id,start,freq,target
T80,1975-01-01,A-DEC,"[19.700000762939453, 21.100000381469727, 26.899999618530273, 26.700000762939453, 22.299999237060547, 21.600000381469727, 24.100000381469727, 24.299999237060547, 20.600000381469727, 21.399999618530273, 23.100000381469727, 22.700000762939453, 21.600000381469727, 20.600000381469727, 28.299999237060547, 29.299999237060547, 24.299999237060547, 21.5, 23.0, 24.0, 25.0, 24.200000762939453, 25.799999237060547, 23.399999618530273, 18.600000381469727, 19.299999237060547]"
