item_id,start,freq,target
T33,1977-01-01,A-DEC,"[1565.0, 1805.0, 1695.0, 1969.0, 2301.0, 2515.0, 2687.0, 2844.0, 2919.0, 3111.0, 3434.0, 3524.0, 3609.0, 3740.0, 4024.0, 4039.0, 4143.0, 4212.0, 4741.0, 5182.0, 5504.0, 5582.0, 5854.990234375, 6373.97998046875, 6513.97998046875, 5265.990234375, 6393.97998046875, 6602.97998046875]"
