item_id,start,freq,target
T85,1975-12-31 00:00:00,A-DEC,"[60.70000076293945, 91.0999984741211, 106.19999694824219, 112.19999694824219, 120.0999984741211, 129.0, 149.8000030517578, 159.89999389648438, 168.8000030517578, 173.0, 238.5, 279.5, 295.1000061035156, 298.3999938964844]"
