item_id,start,freq,target
T109,1976-01-01,A-DEC,"[25.290000915527344, 21.68000030517578, 18.829999923706055, 18.170000076293945, 22.850000381469727, 24.56999969482422, 28.15999984741211, 29.760000228881836, 26.989999771118164, 29.229999542236328, 31.709999084472656, 36.70000076293945, 28.81999969482422, 31.59000015258789, 38.95000076293945, 41.41999816894531, 42.619998931884766, 47.72999954223633, 54.959999084472656, 53.22999954223633, 51.40999984741211, 46.88999938964844]"
