item_id,start,freq,target
T11,1987-12-31 00:00:00,A-DEC,"[4348.0, 4499.0, 4869.0, 5309.0, 5681.0, 6335.0, 6725.0, 7168.0, 8025.0, 8447.0, 8117.97998046875, 8640.98046875, 9736.98046875, 10204.0]"
