item_id,start,freq,target
T59,1951-12-31 00:00:00,A-DEC,"[22733.0, 21302.0, 20321.0, 24119.0, 23732.0, 25362.0, 27213.0, 31383.0, 35870.0, 30752.0, 30631.0, 39177.0, 31319.900390625, 43056.8984375]"
