item_id,start,freq,target
T164,1976-12-31 00:00:00,A-DEC,"[39.79999923706055, 39.20000076293945, 40.29999923706055, 39.70000076293945, 39.79999923706055, 40.400001525878906, 40.5, 40.70000076293945, 41.20000076293945, 41.599998474121094, 40.599998474121094, 40.70000076293945, 40.599998474121094, 39.79999923706055]"
