item_id,start,freq,target
T122,1970-01-01,A-DEC,"[2.200000047683716, 2.299999952316284, 2.299999952316284, 2.4000000953674316, 2.5999999046325684, 2.700000047683716, 2.799999952316284, 2.9000000953674316, 2.9000000953674316, 3.0999999046325684, 3.299999952316284, 3.5, 3.700000047683716, 3.9000000953674316, 4.199999809265137, 4.5, 4.699999809265137, 5.0, 5.5, 5.699999809265137, 6.099999904632568]"
