item_id,start,freq,target
T102,1974-01-01,A-DEC,"[33.0, 34.900001525878906, 37.599998474121094, 43.70000076293945, 44.599998474121094, 42.0, 40.70000076293945, 45.0, 46.5, 44.5, 70.5999984741211, 72.80000305175781, 75.4000015258789, 77.9000015258789, 78.9000015258789, 81.5, 83.5, 85.19999694824219, 88.30000305175781, 92.4000015258789, 96.9000015258789, 100.0999984741211, 104.30000305175781, 108.4000015258789, 112.80000305175781, 116.69999694824219]"
