item_id,start,freq,target
T162,1976-01-01,A-DEC,"[2822.0, 2859.0, 4602.0, 3740.0, 3852.0, 4714.0, 3911.0, 4070.0, 3786.0, 3366.0, 2875.0, 3628.0, 2817.0, 2831.0, 4088.0, 4992.990234375, 4839.990234375, 4303.990234375, 5379.990234375, 7829.97998046875, 7654.97998046875]"
