item_id,start,freq,target
T28,1997-12-31 00:00:00,A-DEC,"[[1798.0, 2418.0, 2328.0, 1665.0, 2388.0, 2089.0, 2841.0, 3044.0, 2952.0, 2116.0, 2938.0, 3482.0, 2407.989990234375, 2931.989990234375]]"
