item_id,start,freq,target
T172,1971-01-01,A-DEC,"[24152.0, 24217.0, 24317.0, 24401.0, 24510.0, 24645.0, 24779.0, 24889.0, 25044.0, 25272.0, 25534.0, 25854.0, 26038.0, 26254.0, 26441.0, 26601.900390625, 26667.900390625, 26860.900390625, 26992.900390625, 27082.900390625, 26982.900390625]"
