item_id,start,freq,target
T28,1977-01-01,A-DEC,"[2022.0, 9193.0, 3687.0, 3554.0, 3046.0, 1807.0, 1380.0, 1911.0, 3342.0, 1056.0, 1775.0, 2471.0, 1545.0, 2901.0, 4419.0, 2846.0, 3442.0, 2220.0, 2800.0, 2383.0, 2073.0, 1798.0, 2418.0, 2328.0, 1665.0, 2388.0, 2089.0, 2841.0, 3044.0, 2952.0, 2116.0, 2938.0, 3482.0, 2407.989990234375, 2931.989990234375, 4063.989990234375, 2194.989990234375, 1743.0, 7361.97998046875]"
