item_id,start,freq,target
T17,1972-01-01,A-DEC,"[1045.0, 12031.0, 20306.0, 25513.0, 35766.0, 37868.0, 47797.0, 66621.0, 50626.0, 41184.0, 42929.0, 45495.0, 45044.0, 47903.0, 41512.0, 33061.0, 58243.0, 43464.0, 65667.0, 80389.0, 75747.0, 72606.0, 71755.0, 70845.796875, 72951.796875, 98107.703125, 103942.0, 105244.0, 115841.0]"
