item_id,start,freq,target
T19,1972-01-01,A-DEC,"[2189.2900390625, 2830.639892578125, 2256.02001953125, 2698.0400390625, 3372.330078125, 4064.820068359375, 3829.080078125, 4046.6201171875, 4135.89013671875, 4895.1201171875, 5244.39990234375, 5479.27978515625, 5365.740234375, 5691.6201171875, 5657.81982421875, 5970.7001953125, 6346.85009765625, 6140.56982421875, 6846.93017578125, 7268.14990234375, 6856.47021484375, 7288.06982421875, 9176.599609375, 10314.599609375, 10476.599609375, 11626.7998046875, 11363.2998046875]"
