item_id,start,freq,target
T13,1976-01-01,A-DEC,"[263.0, 992.0, 437.0, 35.0, 55.0, 140.0, 205.0, 175.0, 150.0, 620.0, 1085.0, 358.0, 611.0, 184.0, 137.0, 260.0, 297.0, 682.0, 893.0, 463.0, 575.0, 593.0, 645.0, 644.0, 634.0, 124.0, 32.0, 208.0, 457.0, 508.0, 1832.0, 4037.0, 4589.0, 6250.0, 11721.0, 14148.0, 15488.0, 13450.0, 18689.0, 17130.0, 22637.0, 28413.0, 30468.0, 32233.0, 38038.0, 36343.0, 44401.0, 47154.0, 45339.0, 52735.0, 50558.0, 50423.0, 41229.8984375, 41090.8984375, 55845.8984375, 62426.80078125, 70832.796875, 85633.796875]"
