item_id,start,freq,target
T117,1970-01-01,A-DEC,"[11.5, 11.800000190734863, 12.100000381469727, 13.100000381469727, 14.0, 15.0, 15.600000381469727, 16.100000381469727, 16.0, 16.799999237060547, 18.200000762939453, 18.799999237060547, 19.5, 20.200000762939453, 22.100000381469727, 23.200000762939453, 23.799999237060547, 25.200000762939453, 26.899999618530273, 28.299999237060547, 29.799999237060547]"
