item_id,start,freq,target
T10,1977-01-01,A-DEC,"[19.1299991607666, 21.670000076293945, 21.170000076293945, 23.3700008392334, 25.360000610351562, 27.450000762939453, 27.40999984741211, 28.059999465942383, 30.770000457763672, 32.689998626708984, 32.59000015258789, 36.02000045776367, 38.15999984741211, 39.9900016784668, 40.380001068115234, 44.97999954223633, 48.9900016784668, 50.619998931884766, 51.790000915527344, 54.25, 52.65999984741211, 56.86000061035156, 55.11000061035156, 43.619998931884766, 39.45000076293945, 41.41999816894531, 39.66999816894531, 47.119998931884766, 50.61000061035156, 53.93000030517578, 52.959999084472656, 56.81999969482422, 59.0, 56.349998474121094, 52.5, 55.20000076293945]"
