item_id,start,freq,target
T102,1982-12-31 00:00:00,A-DEC,"[[44.5, 70.5999984741211, 72.80000305175781, 75.4000015258789, 77.9000015258789, 78.9000015258789, 81.5, 83.5, 85.19999694824219, 88.30000305175781, 92.4000015258789, 96.9000015258789, 100.0999984741211, 104.30000305175781]]"
