item_id,start,freq,target
T113,1970-01-01,A-DEC,"[2.700000047683716, 3.0999999046325684, 3.4000000953674316, 3.799999952316284, 3.5, 3.700000047683716, 4.0, 4.199999809265137, 4.400000095367432, 4.599999904632568, 4.800000190734863, 4.699999809265137, 5.0, 5.400000095367432, 5.599999904632568, 5.900000095367432, 6.5, 6.900000095367432, 7.400000095367432, 7.800000190734863, 8.199999809265137]"
