item_id,start,freq,target
T72,1969-01-01,A-DEC,"[19.399999618530273, 35.5, 25.399999618530273, 22.399999618530273, 73.19999694824219, 74.0, 63.900001525878906, 89.69999694824219, 142.10000610351562, 141.5, 145.0, 167.5, 161.0, 184.10000610351562, 174.8000030517578, 196.6999969482422, 212.0, 247.10000610351562, 275.3999938964844, 294.70001220703125, 226.60000610351562, 194.10000610351562, 229.89999389648438, 243.89999389648438]"
