item_id,start,freq,target
T47,1972-01-01,A-DEC,"[35.0, 188.0, 318.0, 425.0, 493.0, 786.0, 1662.0, 1646.0, 1512.0, 1279.0, 1845.0, 1294.0, 1724.0, 1949.0, 2280.0, 1691.0, 1231.0, 1415.0, 1894.0, 3467.0, 6786.0, 7555.0, 8574.98046875, 28734.900390625, 38913.8984375, 38526.8984375, 53029.8984375, 56167.8984375]"
