item_id,start,freq,target
T22,1973-01-01,A-DEC,"[2.569999933242798, 2.5799999237060547, 2.5999999046325684, 2.630000114440918, 2.640000104904175, 2.6500000953674316, 2.6500000953674316, 2.6600000858306885, 2.6700000762939453, 2.680000066757202, 2.7100000381469727, 2.7100000381469727, 2.7300000190734863, 2.740000009536743, 2.759999990463257, 2.759999990463257, 2.759999990463257, 2.7699999809265137, 2.7799999713897705, 2.7899999618530273]"
