item_id,start,freq,target
T74,1973-12-31 00:00:00,A-DEC,"[[246.89999389648438, 293.5, 417.3999938964844, 525.0999755859375, 689.9000244140625, 582.5999755859375, 595.7000122070312, 758.7000122070312, 871.0999755859375, 1074.4000244140625, 1008.0, 1020.2999877929688, 1272.199951171875, 1481.4000244140625]]"
