item_id,start,freq,target
T10,1977-12-31 00:00:00,A-DEC,"[[21.670000076293945, 21.170000076293945, 23.3700008392334, 25.360000610351562, 27.450000762939453, 27.40999984741211, 28.059999465942383, 30.770000457763672, 32.689998626708984, 32.59000015258789, 36.02000045776367, 38.15999984741211, 39.9900016784668, 40.380001068115234]]"
