item_id,start,freq,target
T80,1984-12-31 00:00:00,A-DEC,"[23.100000381469727, 22.700000762939453, 21.600000381469727, 20.600000381469727, 28.299999237060547, 29.299999237060547, 24.299999237060547, 21.5, 23.0, 24.0, 25.0, 24.200000762939453, 25.799999237060547, 23.399999618530273]"
