item_id,start,freq,target
T34,1977-01-01,A-DEC,"[74.4000015258789, 121.0, 116.9000015258789, 97.0, 95.4000015258789, 98.69999694824219, 98.5, 100.80000305175781, 99.0999984741211, 95.0, 95.19999694824219, 97.0999984741211, 97.0999984741211, 96.19999694824219, 96.0, 97.5, 97.69999694824219, 96.19999694824219, 96.0, 98.19999694824219, 100.0, 101.4000015258789, 99.0, 104.5999984741211, 140.5, 145.10000610351562, 136.1999969482422, 135.89999389648438]"
