item_id,start,freq,target
T46,1972-01-01,A-DEC,"[3022.0, 4177.0, 3751.0, 5320.0, 8397.0, 11872.0, 14541.0, 14410.0, 17534.0, 19023.0, 19306.0, 13027.0, 14750.0, 13040.0, 15874.0, 17062.0, 18163.0, 21229.0, 24163.0, 27580.0, 29809.0, 34548.8984375, 32960.8984375, 44362.8984375, 57251.8984375, 68879.796875, 81793.796875]"
