item_id,start,freq,target
T31,1987-12-31 00:00:00,A-DEC,"[[102.4000015258789, 96.0, 94.5999984741211, 99.19999694824219, 101.5999984741211, 95.4000015258789, 92.30000305175781, 77.19999694824219, 88.0, 100.0, 100.80000305175781, 89.69999694824219, 91.5, 112.0]]"
