item_id,start,freq,target
T34,1981-12-31 00:00:00,A-DEC,"[[98.69999694824219, 98.5, 100.80000305175781, 99.0999984741211, 95.0, 95.19999694824219, 97.0999984741211, 97.0999984741211, 96.19999694824219, 96.0, 97.5, 97.69999694824219, 96.19999694824219, 96.0]]"
