item_id,start,freq,target
T19,1974-12-31 00:00:00,A-DEC,"[2698.0400390625, 3372.330078125, 4064.820068359375, 3829.080078125, 4046.6201171875, 4135.89013671875, 4895.1201171875, 5244.39990234375, 5479.27978515625, 5365.740234375, 5691.6201171875, 5657.81982421875, 5970.7001953125, 6346.85009765625]"
