item_id,start,freq,target
T65,1969-12-31 00:00:00,A-DEC,"[[2440.39990234375, 4046.39990234375, 4526.10009765625, 5800.2998046875, 7468.7001953125, 6064.7998046875, 4970.5, 6669.2998046875, 6364.60009765625, 8126.89990234375, 6849.39990234375, 6840.39990234375, 5381.2001953125, 6983.39990234375]]"
