item_id,start,freq,target
T97,1972-01-01,A-DEC,"[54.0, 58.0, 60.0, 62.0, 65.0, 68.0, 72.0, 76.0, 77.0, 78.0, 82.0, 87.0, 93.0, 100.0, 106.0, 110.0, 115.0, 121.0, 127.0, 135.5, 142.1999969482422, 143.39999389648438, 150.89999389648438]"
