item_id,start,freq,target
T180,1975-01-01,A-DEC,"[55.90999984741211, 54.70000076293945, 55.29999923706055, 55.75, 55.459999084472656, 55.369998931884766, 53.81999969482422, 55.11000061035156, 56.04999923706055, 55.68000030517578, 54.18000030517578, 54.81999969482422, 54.95000076293945, 54.18000030517578, 54.2400016784668, 54.13999938964844, 54.470001220703125, 54.9900016784668, 55.54999923706055, 55.790000915527344, 56.0, 56.4900016784668, 56.099998474121094, 55.470001220703125, 56.029998779296875, 56.93000030517578, 56.970001220703125, 55.2400016784668]"
