item_id,start,freq,target
T172,1973-12-31 00:00:00,A-DEC,"[[24401.0, 24510.0, 24645.0, 24779.0, 24889.0, 25044.0, 25272.0, 25534.0, 25854.0, 26038.0, 26254.0, 26441.0, 26601.900390625, 26667.900390625]]"
