item_id,start,freq,target
T62,1957-01-01,A-DEC,"[607.0, 377.0, 317.0, 155.0, 152.0, 150.0, 71.9000015258789, 56.099998474121094, 264.0, 281.0, 145.0, 170.0, 303.0, 141.0, 226.0, 414.0, 469.0, 750.0, 857.0, 598.0, 846.0, 863.0, 1088.0, 600.0, 482.0, 520.0, 637.0, 427.0, 139.0, 147.0, 147.0, 52.5, 47.79999923706055, 126.0, 258.0, 286.0, 669.0, 899.0, 756.0, 648.0, 761.0, 693.0, 732.0, 372.0, 474.0]"
