item_id,start,freq,target
T11,1977-01-01,A-DEC,"[2075.0, 2359.0, 2101.0, 2371.0, 2700.0, 2850.0, 2994.0, 3192.0, 3309.0, 3481.0, 4041.0, 4348.0, 4499.0, 4869.0, 5309.0, 5681.0, 6335.0, 6725.0, 7168.0, 8025.0, 8447.0, 8117.97998046875, 8640.98046875, 9736.98046875, 10204.0, 8052.97998046875, 9743.98046875]"
