item_id,start,freq,target
T49,1969-01-01,A-DEC,"[12031.0, 20306.0, 25513.0, 35766.0, 37868.0, 47797.0, 66621.0, 50626.0, 41184.0, 42929.0, 45495.0, 45044.0, 47903.0, 41512.0, 33061.0, 58243.0, 43464.0, 65667.0, 80389.0, 75746.796875, 72605.796875, 71754.796875, 70845.796875, 72951.796875, 97999.703125]"
