item_id,start,freq,target
T163,1976-01-01,A-DEC,"[40.900001525878906, 40.5, 40.099998474121094, 40.0, 40.0, 40.099998474121094, 40.099998474121094, 40.099998474121094, 39.70000076293945, 40.20000076293945, 40.70000076293945, 38.0, 37.79999923706055, 37.70000076293945, 37.099998474121094, 37.0, 37.099998474121094, 37.099998474121094, 36.599998474121094, 36.099998474121094, 36.400001525878906]"
