item_id,start,freq,target
T41,1988-12-31 00:00:00,A-DEC,"[22150.0, 21902.0, 24302.0, 23496.0, 23347.0, 25162.0, 25677.0, 25408.0, 29246.900390625, 31765.900390625, 34866.8984375, 31151.900390625, 25741.900390625, 35109.8984375]"
