item_id,start,freq,target
T82,1977-12-31 00:00:00,A-DEC,"[[21.600000381469727, 21.200000762939453, 30.899999618530273, 38.70000076293945, 40.20000076293945, 41.70000076293945, 54.099998474121094, 59.5, 55.70000076293945, 60.099998474121094, 64.19999694824219, 72.19999694824219, 69.0, 71.0]]"
