item_id,start,freq,target
T84,1985-12-31 00:00:00,A-DEC,"[1292.0, 1281.0, 1796.0, 2022.0, 2789.0, 2853.0, 3710.0, 3840.0, 4062.989990234375, 4702.990234375, 5059.990234375, 4318.990234375, 5469.990234375, 3802.989990234375]"
