item_id,start,freq,target
T79,1977-01-01,A-DEC,"[897.2100219726562, 1410.8299560546875, 1306.81005859375, 1031.5799560546875, 1508.3599853515625, 1543.030029296875, 1343.6500244140625, 1434.6700439453125, 1579.8699951171875, 1976.469970703125, 2279.8701171875, 2067.489990234375, 1974.300048828125, 2288.5400390625, 2230.030029296875, 2305.8798828125, 2581.110107421875, 2533.429931640625, 2860.679931640625, 3120.739990234375, 3547.669921875, 3382.969970703125, 3578.010009765625, 3794.72998046875, 3281.110107421875, 3116.39990234375, 4117.6298828125, 5257.56982421875, 7060.66015625, 6544.8701171875, 7914.52001953125, 7676.1298828125]"
