item_id,start,freq,target
T119,1970-01-01,A-DEC,"[2.5, 2.700000047683716, 2.700000047683716, 3.0999999046325684, 3.200000047683716, 3.4000000953674316, 3.700000047683716, 4.0, 4.099999904632568, 4.199999809265137, 4.400000095367432, 4.900000095367432, 5.099999904632568, 5.5, 6.0, 6.5, 6.900000095367432, 7.300000190734863, 7.800000190734863, 8.399999618530273, 9.0]"
