item_id,start,freq,target
T86,1975-01-01,A-DEC,"[34.20000076293945, 49.29999923706055, 52.20000076293945, 55.5, 57.5, 61.70000076293945, 63.70000076293945, 66.19999694824219, 63.79999923706055, 74.9000015258789, 83.5999984741211, 83.4000015258789, 82.9000015258789, 91.4000015258789, 115.5999984741211, 124.0, 128.5, 127.80000305175781, 142.3000030517578, 144.60000610351562, 146.5, 136.39999389648438, 149.5, 184.1999969482422, 212.1999969482422, 190.10000610351562]"
