item_id,start,freq,target
T70,1978-12-31 00:00:00,A-DEC,"[231.0, 222.60000610351562, 237.5, 284.70001220703125, 427.79998779296875, 553.7999877929688, 704.5, 1038.4000244140625, 894.0, 939.5999755859375, 1074.699951171875, 1240.699951171875, 1253.9000244140625, 1309.0]"
