item_id,start,freq,target
T68,1969-01-01,A-DEC,"[120.0, 230.0, 221.3000030517578, 286.29998779296875, 429.70001220703125, 385.6000061035156, 400.79998779296875, 463.70001220703125, 377.6000061035156, 455.5, 490.29998779296875, 468.3999938964844, 447.6000061035156, 502.1000061035156, 524.5, 515.2000122070312, 582.5, 632.5999755859375, 711.7000122070312, 802.5, 812.0999755859375, 798.7999877929688, 879.7999877929688, 909.2999877929688]"
