item_id,start,freq,target
T49,1979-12-31 00:00:00,A-DEC,"[45044.0, 47903.0, 41512.0, 33061.0, 58243.0, 43464.0, 65667.0, 80389.0, 75746.796875, 72605.796875, 71754.796875, 70845.796875, 72951.796875, 97999.703125]"
