item_id,start,freq,target
T31,1977-01-01,A-DEC,"[77.19999694824219, 130.5, 136.1999969482422, 108.9000015258789, 109.9000015258789, 119.30000305175781, 119.30000305175781, 121.0999984741211, 110.5, 100.80000305175781, 101.5, 102.4000015258789, 96.0, 94.5999984741211, 99.19999694824219, 101.5999984741211, 95.4000015258789, 92.30000305175781, 77.19999694824219, 88.0, 100.0, 100.80000305175781, 89.69999694824219, 91.5, 112.0, 141.1999969482422, 143.39999389648438, 130.0]"
