item_id,start,freq,target
T119,1970-12-31 00:00:00,A-DEC,"[2.700000047683716, 2.700000047683716, 3.0999999046325684, 3.200000047683716, 3.4000000953674316, 3.700000047683716, 4.0, 4.099999904632568, 4.199999809265137, 4.400000095367432, 4.900000095367432, 5.099999904632568, 5.5, 6.0]"
