item_id,start,freq,target
T113,1971-12-31 00:00:00,A-DEC,"[3.4000000953674316, 3.799999952316284, 3.5, 3.700000047683716, 4.0, 4.199999809265137, 4.400000095367432, 4.599999904632568, 4.800000190734863, 4.699999809265137, 5.0, 5.400000095367432, 5.599999904632568, 5.900000095367432]"
