item_id,start,freq,target
T37,1977-01-01,A-DEC,"[54.20000076293945, 65.0999984741211, 97.0, 91.5, 86.69999694824219, 113.30000305175781, 111.80000305175781, 111.69999694824219, 103.80000305175781, 79.0999984741211, 78.5, 96.30000305175781, 93.19999694824219, 81.0999984741211, 84.19999694824219, 87.4000015258789, 88.30000305175781, 79.30000305175781, 73.5999984741211, 83.9000015258789, 100.0, 102.80000305175781, 93.5999984741211, 90.5999984741211, 105.4000015258789, 118.69999694824219, 112.80000305175781, 122.69999694824219]"
