item_id,start,freq,target
T153,1865-01-01,A-DEC,"[30450.0, 30700.0, 30940.0, 31190.0, 31410.0, 31600.0, 31800.0, 32000.0, 32280.0, 32370.0, 32570.0, 32730.0, 32890.0, 33070.0, 33260.0, 33540.0, 33690.0, 33790.0, 33940.0, 34080.0, 34230.0, 34450.0, 34660.0, 34900.0, 35160.0, 35400.0, 35470.0, 35520.0, 35550.0, 35630.0, 35800.0, 35950.0, 36070.0, 36230.0, 36080.0, 36190.0, 36300.0, 36340.0, 36500.0, 36509.8984375, 37389.8984375, 37519.8984375, 37709.8984375, 37859.8984375, 38019.8984375]"
