item_id,start,freq,target
T81,1976-01-01,A-DEC,"[27562.19921875, 36027.69921875, 32254.0, 33906.6015625, 43264.8984375, 52408.0, 48912.8984375, 52123.1015625, 53383.1015625, 62171.6015625, 67705.5, 68636.296875, 67528.203125, 73524.3984375, 73708.1015625, 77361.5, 82363.6015625, 81629.1015625, 89233.5, 94982.796875, 102853.0, 106519.0, 118081.0, 130707.0, 131194.0, 140717.0, 147682.0, 167810.0, 207916.0, 202895.0, 248648.0]"
