item_id,start,freq,target
T117,1970-12-31 00:00:00,A-DEC,"[11.800000190734863, 12.100000381469727, 13.100000381469727, 14.0, 15.0, 15.600000381469727, 16.100000381469727, 16.0, 16.799999237060547, 18.200000762939453, 18.799999237060547, 19.5, 20.200000762939453, 22.100000381469727]"
