item_id,start,freq,target
T109,1982-12-31 00:00:00,A-DEC,"[29.760000228881836, 26.989999771118164, 29.229999542236328, 31.709999084472656, 36.70000076293945, 28.81999969482422, 31.59000015258789, 38.95000076293945, 41.41999816894531, 42.619998931884766, 47.72999954223633, 54.959999084472656, 53.22999954223633, 51.40999984741211]"
