item_id,start,freq,target
T180,1983-12-31 00:00:00,A-DEC,"[[55.68000030517578, 54.18000030517578, 54.81999969482422, 54.95000076293945, 54.18000030517578, 54.2400016784668, 54.13999938964844, 54.470001220703125, 54.9900016784668, 55.54999923706055, 55.790000915527344, 56.0, 56.4900016784668, 56.099998474121094]]"
