item_id,start,freq,target
T176,1971-01-01,A-DEC,"[26139.0, 26214.0, 26276.0, 26364.0, 26436.0, 26539.0, 26651.0, 26764.0, 26912.0, 27100.0, 27282.0, 27487.0, 27640.0, 27811.0, 27995.0, 28141.900390625, 28301.900390625, 28434.900390625, 28554.900390625, 28642.900390625, 28582.900390625]"
