item_id,start,freq,target
T116,1970-01-01,A-DEC,"[28.899999618530273, 31.100000381469727, 32.5, 34.900001525878906, 36.29999923706055, 38.599998474121094, 40.400001525878906, 42.599998474121094, 44.70000076293945, 47.599998474121094, 50.599998474121094, 54.79999923706055, 58.20000076293945, 61.29999923706055, 63.099998474121094, 65.4000015258789, 69.30000305175781, 74.0, 78.4000015258789, 82.30000305175781, 87.30000305175781]"
