item_id,start,freq,target
T45,1976-01-01,A-DEC,"[1083.0, 2666.0, 2393.0, 3109.0, 5071.0, 3407.0, 2901.0, 1750.0, 2332.0, 2760.0, 5020.0, 5620.0, 8302.0, 9226.0, 4670.0, 2843.0, 10829.0, 12548.0, 10614.0, 8300.0, 4476.0, 3260.0, 5792.0, 5992.0, 6440.0, 9101.0, 11379.0, 11053.0, 9502.0, 15702.0, 15283.0, 17872.0, 19264.0, 18146.0, 19940.0, 18968.0, 28718.0, 34978.0, 48813.0, 69843.0, 42478.0, 35163.0, 40990.0, 51748.0, 60225.0, 55736.0, 74667.0, 68043.796875, 64323.80078125, 81283.796875, 93548.796875, 95152.796875, 102893.0]"
