mae,rmse,mase,mape
30.725318072852538,33.75114946718846,205.0303379118555,25.924261889180638
