mae,rmse,mase,mape
0.06113557296119853,0.23077079272569037,0.8838077382700829,767.0688004875158
