mae,rmse,mase,mape
0.11083542629446969,0.12568956432759593,75.13506151863157,1001.1854984404602
