mae,rmse,mase,mape
0.02192678556697709,0.025440662867079675,14.864113736556002,15.407304047143105
