mae,rmse,mase,mape
0.01844632625579834,0.01844632625579834,0.2666697161385296,100.0
