mae,rmse,mase,mape
49.49980334891721,64.74546187339195,1.18836092988805,54.112556052530955
