mae,rmse,mase,mape
0.027232142857142847,0.03112790433953799,18.460602329615295,20.046601903359807
