mae,rmse,mase,mape
0.17937343399889194,0.1856335911787366,121.59680752712019,3423.623504715028
