item_id,start,freq,target
T138,1986-12-31 00:00:00,A-DEC,"[290.3900146484375, 277.1000061035156, 399.1400146484375, 488.8399963378906, 502.7900085449219, 582.8699951171875, 706.9000244140625, 670.22998046875, 641.4199829101562, 875.52001953125, 782.3300170898438, 591.219970703125, 588.1300048828125, 617.9000244140625, 689.1500244140625, 473.510009765625, 366.1300048828125, 613.1400146484375, 682.6699829101562, 775.6099853515625]"
