item_id,start,freq,target
T119,1985-01-01,A-DEC,"[396.1499938964844, 451.67999267578125, 546.8499755859375, 614.4400024414062, 837.6300048828125, 754.280029296875, 669.0599975585938, 653.3599853515625, 630.4199829101562, 693.8900146484375, 797.3400268554688, 913.1099853515625, 856.469970703125, 560.8400268554688, 570.0900268554688, 617.6900024414062, 666.8400268554688, 499.8999938964844, 316.54998779296875, 998.8300170898438, 731.0499877929688, 933.0800170898438]"
