item_id,start,freq,target
T92,1969-12-31 00:00:00,A-DEC,"[1.8300000429153442, 2.612600088119507, 3.1535000801086426, 3.0601000785827637, 2.59660005569458, 2.881500005722046, 2.151400089263916, 2.5439999103546143, 2.8601999282836914, 2.8615000247955322, 2.9249000549316406, 3.5820000171661377, 4.451099872589111, 5.404900074005127, 6.1041998863220215, 5.427199840545654, 6.305600166320801, 6.400000095367432, 6.71999979019165, 5.880000114440918]"
