item_id,start,freq,target
T88,1969-12-31 00:00:00,A-DEC,"[0.6100000143051147, 0.6147000193595886, 0.8108999729156494, 0.6987000107765198, 0.5292999744415283, 0.5932999849319458, 0.7419000267982483, 0.7631999850273132, 0.7627000212669373, 0.847100019454956, 1.0174000263214111, 0.9643999934196472, 1.0390000343322754, 0.9539999961853027, 1.0174000263214111, 0.8479999899864197, 0.9007999897003174, 0.800000011920929, 0.8399999737739563, 0.8410000205039978]"
