item_id,start,freq,target
T133,1985-12-31 00:00:00,A-DEC,"[418.760009765625, 535.6599731445312, 547.6900024414062, 676.010009765625, 738.0599975585938, 768.0499877929688, 1203.56005859375, 1229.0699462890625, 1224.6300048828125, 1266.7900390625, 1822.1600341796875, 1485.739990234375, 732.2000122070312, 956.3200073242188, 882.5999755859375, 631.5499877929688, 621.260009765625, 456.42999267578125, 613.969970703125, 614.97998046875]"
