item_id,start,freq,target
T146,1985-12-31 00:00:00,A-DEC,"[10.579999923706055, 43.22999954223633, 95.08999633789062, 175.5, 109.73999786376953, 77.87000274658203, 106.62000274658203, 178.4600067138672, 224.75999450683594, 209.13999938964844, 258.17999267578125, 232.4199981689453, 152.05999755859375, 101.69999694824219, 124.62000274658203, 121.51000213623047, 101.37000274658203, 25.270000457763672, 2.9200000762939453, 3.2899999618530273]"
