item_id,start,freq,target
T124,1986-12-31 00:00:00,A-DEC,"[1493.530029296875, 1752.7099609375, 2316.72998046875, 2545.14990234375, 2258.89990234375, 2288.81005859375, 2256.75, 3070.889892578125, 4030.0400390625, 5880.8798828125, 2997.409912109375, 1543.219970703125, 1438.3399658203125, 1698.9599609375, 1664.9599609375, 1270.530029296875, 747.5499877929688, 998.8300170898438, 1220.3199462890625, 1339.800048828125]"
