item_id,start,freq,target
T140,1986-12-31 00:00:00,A-DEC,"[87.69000244140625, 111.26000213623047, 146.9199981689453, 164.7100067138672, 170.97000122070312, 229.36000061035156, 266.9100036621094, 246.07000732421875, 250.77999877929688, 307.07000732421875, 330.489990234375, 260.9700012207031, 246.08999633789062, 344.5899963378906, 326.8299865722656, 229.77999877929688, 149.9199981689453, 254.58999633789062, 307.44000244140625, 336.32000732421875]"
