item_id,start,freq,target
T87,1973-12-31 00:00:00,A-DEC,"[0.3709000051021576, 0.423799991607666, 0.3709000051021576, 0.42399999499320984, 0.3813999891281128, 0.5299000144004822, 0.5087000131607056, 0.5511000156402588, 0.7419000267982483, 0.6359999775886536, 0.8478000164031982, 0.6783999800682068, 0.5404999852180481, 0.6000000238418579, 0.41999998688697815, 0.6299999952316284, 0.652999997138977, 0.5612999796867371, 0.5577999949455261, 0.5562999844551086]"
