item_id,start,freq,target
T21,1986-12-31 00:00:00,A-DEC,"[18467.0, 24172.0, 35522.0, 36823.0, 37112.0, 47970.0, 78032.0, 96664.0, 91092.0, 91106.0, 96137.0, 76376.0, 78519.0, 88534.0, 97115.0, 96381.0, 117330.1875, 95638.0390625, 117317.4609375, 113610.03125]"
