item_id,start,freq,target
T155,1986-12-31 00:00:00,A-DEC,"[[53.79999923706055, 79.91999816894531, 77.02999877929688, 98.1500015258789, 94.48999786376953, 123.80000305175781, 175.13999938964844, 188.75, 213.22999572753906, 293.2300109863281, 237.33999633789062, 168.32000732421875, 133.10000610351562, 141.27999877929688, 107.7699966430664, 91.87000274658203, 64.62999725341797, 87.80999755859375, 112.51000213623047, 118.23999786376953]]"
