item_id,start,freq,target
T152,1985-01-01,A-DEC,"[1002.4747924804688, 1179.302490234375, 1572.251953125, 3109.617919921875, 3322.522705078125, 3431.5498046875, 3980.533203125, 5226.6474609375, 8004.2099609375, 10630.919921875, 13746.2900390625, 15209.23046875, 15579.08984375, 14252.5595703125, 13476.580078125, 18288.189453125, 22993.580078125, 26776.330078125, 34257.5390625, 33941.01171875, 36569.73046875, 39679.328125]"
