item_id,start,freq,target
T93,1966-01-01,A-DEC,"[0.5246000289916992, 0.5299000144004822, 0.5299999713897705, 0.6093999743461609, 0.4880000054836273, 0.460999995470047, 0.36399999260902405, 0.349700003862381, 0.3709000051021576, 0.33899998664855957, 0.29670000076293945, 0.42399999499320984, 0.4767000079154968, 0.4239000082015991, 0.5087000131607056, 0.27549999952316284, 0.593500018119812, 0.47690001130104065, 0.3391000032424927, 0.3391999900341034, 0.5404999852180481, 0.4000000059604645, 0.6299999952316284, 0.6299999952316284, 0.6119999885559082, 0.6237000226974487, 0.6274999976158142, 0.682699978351593, 0.738099992275238]"
