item_id,start,freq,target
T73,1975-12-31 00:00:00,A-DEC,"[1.2554999589920044, 1.198199987411499, 1.1194000244140625, 1.0669000148773193, 1.0, 1.1073999404907227, 1.2000999450683594, 1.3431999683380127, 1.0987999439239502, 1.0003999471664429, 0.896399974822998, 0.8697999715805054, 0.8682000041007996, 1.027999997138977, 1.016800045967102, 1.3282999992370605, 1.8614000082015991, 1.458299994468689, 1.5599000453948975, 1.7151000499725342]"
