item_id,start,freq,target
T98,1967-12-31 00:00:00,A-DEC,"[5.300000190734863, 6.093999862670898, 6.099999904632568, 7.684000015258789, 9.010000228881836, 8.743000030517578, 7.419000148773193, 8.475000381469727, 7.419000148773193, 8.479999542236328, 9.534000396728516, 10.597999572753906, 12.720000267028809, 13.779999732971191, 14.84000015258789, 15.897000312805176, 16.95599937438965, 16.959999084472656, 18.020000457763672, 20.0]"
