item_id,start,freq,target
T121,1985-01-01,A-DEC,"[38.75, 46.720001220703125, 43.810001373291016, 55.150001525878906, 53.2400016784668, 44.650001525878906, 57.560001373291016, 56.33000183105469, 51.38999938964844, 48.310001373291016, 44.709999084472656, 60.68000030517578, 36.36000061035156, 13.100000381469727, 21.690000534057617, 17.780000686645508, 17.040000915527344, 14.270000457763672, 8.260000228881836, 43.119998931884766, 21.969999313354492, 23.489999771118164]"
