item_id,start,freq,target
T135,1985-01-01,A-DEC,"[52.7599983215332, 55.459999084472656, 70.9000015258789, 90.38999938964844, 108.7699966430664, 121.16000366210938, 111.47000122070312, 164.97000122070312, 149.47000122070312, 173.72000122070312, 215.42999267578125, 247.60000610351562, 226.2899932861328, 153.3300018310547, 168.6199951171875, 153.39999389648438, 161.17999267578125, 178.6199951171875, 100.48999786376953, 132.05999755859375, 174.4600067138672, 224.66000366210938]"
