item_id,start,freq,target
T74,1969-01-01,A-DEC,"[0.589900016784668, 0.5910000205039978, 0.6610000133514404, 0.7269999980926514, 0.7989000082015991, 0.7258999943733215, 0.8722000122070312, 1.0256999731063843, 1.145900011062622, 1.1158000230789185, 1.0190999507904053, 1.0, 1.0795999765396118, 1.218400001525879, 1.2529000043869019, 1.323099970817566, 1.367900013923645, 1.4068000316619873, 1.2580000162124634, 1.2283999919891357, 1.3366999626159668, 1.3381999731063843, 1.3976000547409058, 1.4996999502182007, 1.5469000339508057, 1.5356999635696411, 1.4214999675750732, 1.6309000253677368, 1.7843999862670898]"
