item_id,start,freq,target
T92,1966-01-01,A-DEC,"[1.2822999954223633, 1.2718000411987305, 1.5369999408721924, 1.9500999450683594, 1.8300000429153442, 2.612600088119507, 3.1535000801086426, 3.0601000785827637, 2.59660005569458, 2.881500005722046, 2.151400089263916, 2.5439999103546143, 2.8601999282836914, 2.8615000247955322, 2.9249000549316406, 3.5820000171661377, 4.451099872589111, 5.404900074005127, 6.1041998863220215, 5.427199840545654, 6.305600166320801, 6.400000095367432, 6.71999979019165, 5.880000114440918, 4.63700008392334, 4.428299903869629, 4.6479997634887695, 5.866799831390381, 7.216700077056885]"
