item_id,start,freq,target
T109,1985-01-01,A-DEC,"[1144.3199462890625, 1246.3199462890625, 1817.3900146484375, 2122.949951171875, 2325.800048828125, 1993.18994140625, 1730.0999755859375, 1849.7900390625, 2374.679931640625, 2442.010009765625, 2711.760009765625, 2991.949951171875, 3079.050048828125, 2091.18994140625, 1936.81005859375, 2353.8701171875, 2698.780029296875, 1741.18994140625, 1293.27001953125, 2009.949951171875, 2374.22998046875, 2546.820068359375]"
