item_id,start,freq,target
T129,1986-12-31 00:00:00,A-DEC,"[96.51000213623047, 185.88999938964844, 318.32000732421875, 301.70001220703125, 284.70001220703125, 399.17999267578125, 385.8599853515625, 437.3299865722656, 687.030029296875, 690.5800170898438, 604.969970703125, 354.30999755859375, 307.1000061035156, 379.1000061035156, 447.2699890136719, 335.2300109863281, 241.42999267578125, 315.239990234375, 403.1400146484375, 569.530029296875]"
