item_id,start,freq,target
T97,1967-12-31 00:00:00,A-DEC,"[0.6254000067710876, 0.7738999724388123, 0.9333000183105469, 1.075700044631958, 1.3515000343322754, 1.6612000465393066, 1.632200002670288, 1.6102999448776245, 1.409600019454956, 1.6959999799728394, 1.8114999532699585, 2.3315999507904053, 2.7939999103546143, 3.031599998474121, 2.6712000370025635, 3.178999900817871, 3.899899959564209, 3.3919999599456787, 3.423799991607666, 4.0]"
