item_id,start,freq,target
T122,1986-12-31 00:00:00,A-DEC,"[[1511.5699462890625, 1744.06005859375, 2293.449951171875, 1955.4000244140625, 1792.989990234375, 1845.469970703125, 1666.1600341796875, 1621.8900146484375, 1813.81005859375, 2041.9100341796875, 1811.300048828125, 1284.43994140625, 1358.02001953125, 1373.6199951171875, 1465.489990234375, 1154.1099853515625, 956.4299926757812, 1681.3199462890625, 2164.780029296875, 2533.31005859375]]"
