item_id,start,freq,target
T125,1985-01-01,A-DEC,"[238.9499969482422, 310.510009765625, 547.1900024414062, 590.9400024414062, 788.0599975585938, 898.530029296875, 973.1900024414062, 863.0499877929688, 977.6199951171875, 1159.52001953125, 1239.3800048828125, 1581.68994140625, 965.8499755859375, 636.510009765625, 827.77001953125, 895.6699829101562, 734.0999755859375, 683.6099853515625, 365.1700134277344, 496.2799987792969, 593.760009765625, 610.4199829101562]"
