item_id,start,freq,target
T73,1969-01-01,A-DEC,"[0.7328000068664551, 0.9409000277519226, 0.8392999768257141, 0.8356000185012817, 0.9661999940872192, 0.993399977684021, 0.9053999781608582, 1.2554999589920044, 1.198199987411499, 1.1194000244140625, 1.0669000148773193, 1.0, 1.1073999404907227, 1.2000999450683594, 1.3431999683380127, 1.0987999439239502, 1.0003999471664429, 0.896399974822998, 0.8697999715805054, 0.8682000041007996, 1.027999997138977, 1.016800045967102, 1.3282999992370605, 1.8614000082015991, 1.458299994468689, 1.5599000453948975, 1.7151000499725342, 1.6611000299453735, 1.6346999406814575]"
