item_id,start,freq,target
T131,1985-01-01,A-DEC,"[2.799999952316284, 3.440000057220459, 4.079999923706055, 10.449999809265137, 21.920000076293945, 32.790000915527344, 30.31999969482422, 29.270000457763672, 42.369998931884766, 70.62000274658203, 87.83999633789062, 99.86000061035156, 88.4800033569336, 19.18000030517578, 42.650001525878906, 82.19999694824219, 89.51000213623047, 52.88999938964844, 9.09000015258789, 13.800000190734863, 20.239999771118164, 26.010000228881836]"
