item_id,start,freq,target
T96,1966-01-01,A-DEC,"[0.05900000035762787, 0.1589999943971634, 0.1590999960899353, 0.18889999389648438, 0.19519999623298645, 0.2304999977350235, 0.31540000438690186, 0.349700003862381, 0.2224999964237213, 0.33899998664855957, 0.44510000944137573, 0.42399999499320984, 0.6674000024795532, 0.7416999936103821, 0.8902000188827515, 1.2400000095367432, 1.187000036239624, 0.9538000226020813, 1.017300009727478, 1.5263999700546265, 1.8015999794006348, 1.7999999523162842, 1.6799999475479126, 1.6800999641418457, 1.5509999990463257, 1.5800000429153442, 1.8127000331878662, 1.9471999406814575, 2.077500104904175]"
