item_id,start,freq,target
T112,1985-01-01,A-DEC,"[3416.1201171875, 3736.0, 4732.16015625, 5237.9599609375, 4858.9501953125, 4348.89990234375, 4160.81005859375, 4528.7099609375, 5300.18994140625, 4875.759765625, 5010.31982421875, 5478.52001953125, 5646.330078125, 4703.75, 4302.0400390625, 4868.77001953125, 4895.56005859375, 3689.43994140625, 2993.1298828125, 4446.7001953125, 4906.72998046875, 4855.669921875]"
