item_id,start,freq,target
T95,1972-12-31 00:00:00,A-DEC,"[[0.2623000144958496, 0.2224999964237213, 0.2542000114917755, 0.22259999811649323, 0.3391999900341034, 0.4767000079154968, 0.6359000205993652, 0.8901000022888184, 1.1022000312805176, 0.7418000102043152, 0.47690001130104065, 0.5085999965667725, 0.5088000297546387, 0.7206000089645386, 0.6000000238418579, 0.8399999737739563, 1.2599999904632568, 1.2480000257492065, 1.413699984550476, 1.67330002784729]]"
