item_id,start,freq,target
T153,1986-12-31 00:00:00,A-DEC,"[[234.94000244140625, 272.3800048828125, 266.3999938964844, 330.2799987792969, 389.2900085449219, 486.95001220703125, 523.6799926757812, 508.0799865722656, 512.8800048828125, 543.239990234375, 395.3299865722656, 209.7899932861328, 228.63999938964844, 145.69000244140625, 174.5800018310547, 135.14999389648438, 102.33000183105469, 182.66000366210938, 197.17999267578125, 186.1999969482422]]"
