item_id,start,freq,target
T89,1973-12-31 00:00:00,A-DEC,"[[0.14839999377727509, 0.16949999332427979, 0.2224999964237213, 0.25440001487731934, 0.1906999945640564, 0.10999999940395355, 0.25429999828338623, 0.13779999315738678, 0.14839999377727509, 0.15896999835968018, 0.16949999332427979, 0.1695999950170517, 0.18019999563694, 0.20000000298023224, 0.3149999976158142, 0.27300000190734863, 0.36500000953674316, 0.45739999413490295, 0.6274999976158142, 0.5562999844551086]]"
