item_id,start,freq,target
T75,1969-01-01,A-DEC,"[0.8220999836921692, 0.8134999871253967, 0.8335999846458435, 0.9266999959945679, 0.911899983882904, 0.9035999774932861, 0.9861999750137329, 1.0942000150680542, 1.1441999673843384, 1.184399962425232, 1.1060999631881714, 1.0, 1.062999963760376, 1.0851000547409058, 1.0717999935150146, 1.0378999710083008, 1.0973000526428223, 1.170799970626831, 1.2222000360488892, 1.267899990081787, 1.5471999645233154, 1.782099962234497, 2.1449999809265137, 2.1452999114990234, 1.6871999502182007, 1.5867999792099, 1.4429999589920044, 1.5616999864578247, 1.6058000326156616]"
