item_id,start,freq,target
T91,1967-12-31 00:00:00,A-DEC,"[0.3709999918937683, 0.36559998989105225, 0.4880000054836273, 0.537880003452301, 0.4505000114440918, 0.43720000982284546, 0.22259999811649323, 0.25429999828338623, 0.2224999964237213, 0.25440001487731934, 0.19300000369548798, 0.31790000200271606, 0.5085999965667725, 0.27559998631477356, 0.4449999928474426, 0.6359000205993652, 0.6782000064849854, 0.6783999800682068, 0.7206000089645386, 0.6000000238418579]"
