item_id,start,freq,target
T116,1985-12-31 00:00:00,A-DEC,"[32.84000015258789, 39.970001220703125, 42.470001220703125, 60.5, 54.61000061035156, 62.619998931884766, 62.63999938964844, 59.060001373291016, 89.81999969482422, 71.54000091552734, 66.51000213623047, 46.7400016784668, 33.27000045776367, 33.5, 18.969999313354492, 23.760000228881836, 32.38999938964844, 10.5, 16.520000457763672, 18.520000457763672]"
