item_id,start,freq,target
T108,1985-01-01,A-DEC,"[1758.8299560546875, 1894.719970703125, 2201.909912109375, 2257.35009765625, 1792.6800537109375, 1562.31005859375, 1627.27001953125, 1787.780029296875, 1800.530029296875, 1488.8699951171875, 1305.27001953125, 1346.1600341796875, 1366.3800048828125, 1536.8199462890625, 1337.2900390625, 1247.0400390625, 1673.0999755859375, 879.5499877929688, 937.530029296875, 1231.8599853515625, 1292.199951171875, 1046.3199462890625]"
