item_id,start,freq,target
T118,1985-12-31 00:00:00,A-DEC,"[846.75, 732.25, 834.6199951171875, 1158.22998046875, 888.0700073242188, 802.5800170898438, 828.3599853515625, 690.5399780273438, 582.97998046875, 666.4000244140625, 718.8800048828125, 630.75, 402.19000244140625, 432.8299865722656, 376.70001220703125, 368.79998779296875, 329.2900085449219, 386.3699951171875, 1387.199951171875, 878.969970703125]"
