item_id,start,freq,target
T136,1985-12-31 00:00:00,A-DEC,"[6.880000114440918, 7.480000019073486, 9.270000457763672, 9.470000267028809, 17.34000015258789, 22.860000610351562, 34.88999938964844, 30.860000610351562, 44.34000015258789, 47.849998474121094, 56.779998779296875, 45.099998474121094, 25.81999969482422, 47.34000015258789, 22.6200008392334, 33.439998626708984, 44.2599983215332, 13.890000343322754, 18.100000381469727, 23.420000076293945]"
