item_id,start,freq,target
T149,1985-12-31 00:00:00,A-DEC,"[341.99774169921875, 424.5080261230469, 839.5968627929688, 830.6306762695312, 857.887451171875, 955.3280029296875, 1254.3953857421875, 1903.6099853515625, 2186.89990234375, 2566.6298828125, 2540.64990234375, 2322.35009765625, 2212.8798828125, 1886.75, 2860.81005859375, 3549.659912109375, 3651.27001953125, 4230.02001953125, 3615.300048828125, 4152.5400390625]"
