item_id,start,freq,target
T90,1971-12-31 00:00:00,A-DEC,"[[0.18019999563694, 0.17489999532699585, 0.22259999811649323, 0.16949999332427979, 0.14839999377727509, 0.1695999950170517, 0.19259999692440033, 0.21199999749660492, 0.25429999828338623, 0.27549999952316284, 0.29670000076293945, 0.31790000200271606, 0.3391000032424927, 0.3391999900341034, 0.3603000044822693, 0.4000000059604645, 0.5249999761581421, 0.6299999952316284, 0.5929999947547913, 0.7275999784469604]]"
