item_id,start,freq,target
T98,1966-01-01,A-DEC,"[5.828999996185303, 5.298999786376953, 5.300000190734863, 6.093999862670898, 6.099999904632568, 7.684000015258789, 9.010000228881836, 8.743000030517578, 7.419000148773193, 8.475000381469727, 7.419000148773193, 8.479999542236328, 9.534000396728516, 10.597999572753906, 12.720000267028809, 13.779999732971191, 14.84000015258789, 15.897000312805176, 16.95599937438965, 16.959999084472656, 18.020000457763672, 20.0, 20.899999618530273, 21.0, 20.163999557495117, 20.790000915527344, 23.239999771118164, 25.290000915527344, 27.336000442504883]"
