item_id,start,freq,target
T111,1985-01-01,A-DEC,"[57.06999969482422, 79.6500015258789, 115.5199966430664, 86.79000091552734, 67.86000061035156, 75.4800033569336, 97.27999877929688, 90.72000122070312, 122.83000183105469, 125.5999984741211, 109.4000015258789, 87.72000122070312, 110.23999786376953, 97.62000274658203, 96.08000183105469, 56.88999938964844, 158.89999389648438, 62.7599983215332, 13.0600004196167, 33.290000915527344, 32.33000183105469, 26.559999465942383]"
