item_id,start,freq,target
T20,1986-12-31 00:00:00,A-DEC,"[[122372.0, 126063.0, 117316.0, 122903.0, 120621.0, 135213.0, 136166.0, 122104.0, 124284.0, 132120.0, 117510.0, 123186.0, 131160.0, 137687.0, 139345.0, 163090.34375, 132941.078125, 170770.125, 182452.234375, 192400.75]]"
