item_id,start,freq,target
T113,1985-01-01,A-DEC,"[220.9199981689453, 238.99000549316406, 337.739990234375, 507.5899963378906, 468.05999755859375, 467.0299987792969, 558.6599731445312, 533.3699951171875, 386.79998779296875, 483.80999755859375, 450.75, 510.9599914550781, 592.0399780273438, 470.30999755859375, 366.9200134277344, 470.510009765625, 375.07000732421875, 363.3999938964844, 319.5, 569.510009765625, 595.3099975585938, 616.1599731445312]"
