item_id,start,freq,target
T147,1985-01-01,A-DEC,"[579.1400146484375, 778.52001953125, 1584.0699462890625, 4765.919921875, 5558.60009765625, 7263.6201171875, 7033.0400390625, 11810.7099609375, 13909.240234375, 13839.8603515625, 15120.2802734375, 13749.4599609375, 12609.080078125, 10738.2998046875, 10950.33984375, 11431.6904296875, 10696.3603515625, 2612.47998046875, 2106.989990234375, 2618.580078125, 3047.389892578125, 3606.639892578125]"
