item_id,start,freq,target
T123,1985-01-01,A-DEC,"[1327.25, 2122.159912109375, 4404.52978515625, 6126.81005859375, 5213.6201171875, 4961.93017578125, 5224.41015625, 5182.85986328125, 5999.85986328125, 7040.080078125, 7580.93017578125, 9411.6796875, 4306.580078125, 2386.2900390625, 2918.52001953125, 3218.780029296875, 2551.010009765625, 1980.530029296875, 1127.3499755859375, 1387.199951171875, 1426.31005859375, 1466.530029296875]"
