item_id,start,freq,target
T97,1966-01-01,A-DEC,"[0.46630001068115234, 0.5246000289916992, 0.6254000067710876, 0.7738999724388123, 0.9333000183105469, 1.075700044631958, 1.3515000343322754, 1.6612000465393066, 1.632200002670288, 1.6102999448776245, 1.409600019454956, 1.6959999799728394, 1.8114999532699585, 2.3315999507904053, 2.7939999103546143, 3.031599998474121, 2.6712000370025635, 3.178999900817871, 3.899899959564209, 3.3919999599456787, 3.423799991607666, 4.0, 4.807000160217285, 4.3470001220703125, 4.920000076293945, 4.1579999923706055, 4.88040018081665, 5.3867998123168945, 5.740600109100342]"
