item_id,start,freq,target
T141,1985-01-01,A-DEC,"[12.1899995803833, 23.059999465942383, 23.290000915527344, 31.100000381469727, 27.450000762939453, 36.29999923706055, 48.560001373291016, 48.459999084472656, 39.65999984741211, 47.029998779296875, 46.2599983215332, 44.43000030517578, 37.40999984741211, 48.380001068115234, 66.0999984741211, 28.010000228881836, 17.40999984741211, 30.209999084472656, 4.980000019073486, 10.239999771118164, 11.90999984741211, 9.800000190734863]"
