item_id,start,freq,target
T139,1985-01-01,A-DEC,"[234.47000122070312, 256.92999267578125, 281.07000732421875, 285.9700012207031, 349.0799865722656, 395.4700012207031, 364.95001220703125, 542.2899780273438, 580.4500122070312, 537.219970703125, 676.4099731445312, 1044.68994140625, 968.97998046875, 664.6199951171875, 526.780029296875, 657.260009765625, 662.8699951171875, 455.1300048828125, 302.6400146484375, 530.8099975585938, 682.1300048828125, 810.989990234375]"
