item_id,start,freq,target
T127,1986-12-31 00:00:00,A-DEC,"[7024.0400390625, 9149.2099609375, 9113.7001953125, 9227.1904296875, 9184.9697265625, 9034.4599609375, 10074.4296875, 12165.1796875, 14110.599609375, 18501.849609375, 9213.0, 5207.72021484375, 5836.16015625, 6457.77978515625, 5513.06005859375, 4570.7001953125, 2551.139892578125, 3261.93994140625, 3625.4599609375, 3835.199951171875]"
