item_id,start,freq,target
T115,1985-12-31 00:00:00,A-DEC,"[[80.91999816894531, 91.58000183105469, 131.36000061035156, 199.36000061035156, 150.3300018310547, 255.1699981689453, 220.6300048828125, 244.89999389648438, 255.92999267578125, 273.5400085449219, 321.6600036621094, 343.3800048828125, 328.7799987792969, 291.79998779296875, 270.1300048828125, 308.17999267578125, 300.239990234375, 229.9199981689453, 193.36000061035156, 294.7799987792969]]"
