item_id,start,freq,target
T126,1985-01-01,A-DEC,"[90.72000122070312, 135.88999938964844, 192.25, 205.52000427246094, 163.7100067138672, 263.1000061035156, 226.32000732421875, 227.05999755859375, 415.760009765625, 451.79998779296875, 728.4000244140625, 897.3300170898438, 535.4400024414062, 387.6300048828125, 328.3399963378906, 291.1700134277344, 186.9600067138672, 240.0399932861328, 30.15999984741211, 43.119998931884766, 63.15999984741211, 70.56999969482422]"
