item_id,start,freq,target
T76,1974-12-31 00:00:00,A-DEC,"[0.849399983882904, 0.9562000036239624, 0.9320999979972839, 0.9514999985694885, 0.9832000136375427, 1.0, 1.083400011062622, 1.0233999490737915, 1.0271999835968018, 0.9158999919891357, 0.8607000112533569, 0.8100000023841858, 0.7840999960899353, 0.8115000128746033, 0.9337000250816345, 1.0358999967575073, 1.3466999530792236, 1.5753999948501587, 1.6507999897003174, 1.6089999675750732]"
