item_id,start,freq,target
T157,1986-12-31 00:00:00,A-DEC,"[551.75, 669.4000244140625, 690.6500244140625, 786.6500244140625, 38.90999984741211, 1120.8900146484375, 1398.8399658203125, 1421.8900146484375, 1670.3399658203125, 2049.64990234375, 1636.93994140625, 906.0399780273438, 771.6500244140625, 741.3200073242188, 695.9299926757812, 613.6199951171875, 371.1199951171875, 591.760009765625, 742.969970703125, 752.719970703125]"
