item_id,start,freq,target
T86,1966-01-01,A-DEC,"[0.8159999847412109, 0.6888999938964844, 0.5299999713897705, 0.5485000014305115, 0.6710000038146973, 0.7684000134468079, 1.0812000036239624, 0.9617000222206116, 0.7416999936103821, 1.1864999532699585, 0.8902000188827515, 1.0176000595092773, 1.3348000049591064, 1.3776999711990356, 1.9076000452041626, 2.0666000843048096, 2.2260000705718994, 2.225600004196167, 1.7000000476837158, 2.2047998905181885, 2.161900043487549, 3.799999952316284, 2.940000057220459, 3.7799999713897705, 4.01200008392334, 5.197000026702881, 5.740300178527832, 5.942599773406982, 6.06850004196167]"
