item_id,start,freq,target
T78,1969-01-01,A-DEC,"[2.4844000339508057, 2.6326000690460205, 2.6547000408172607, 2.664299964904785, 2.270900011062622, 1.5677000284194946, 1.3712999820709229, 1.451300024986267, 1.4910999536514282, 1.3032000064849854, 1.083799958229065, 1.0, 0.9280999898910522, 1.1193000078201294, 1.3456000089645386, 1.4026000499725342, 1.4951000213623047, 1.0750999450683594, 1.1438000202178955, 0.968500018119812, 1.0819000005722046, 1.0296000242233276, 0.7513999938964844, 0.7822999954223633, 0.7329000234603882, 0.7617999911308289, 0.7045999765396118, 0.6692000031471252, 0.675000011920929]"
