item_id,start,freq,target
T137,1985-12-31 00:00:00,A-DEC,"[574.6500244140625, 650.75, 907.1199951171875, 934.469970703125, 1137.5400390625, 1219.7900390625, 1209.199951171875, 1816.8800048828125, 1862.6300048828125, 1934.18994140625, 2187.85009765625, 2998.0, 2478.760009765625, 1331.4100341796875, 1563.8499755859375, 1412.300048828125, 1178.68994140625, 1211.3199462890625, 789.5599975585938, 1103.949951171875]"
