item_id,start,freq,target
T78,1973-12-31 00:00:00,A-DEC,"[1.5677000284194946, 1.3712999820709229, 1.451300024986267, 1.4910999536514282, 1.3032000064849854, 1.083799958229065, 1.0, 0.9280999898910522, 1.1193000078201294, 1.3456000089645386, 1.4026000499725342, 1.4951000213623047, 1.0750999450683594, 1.1438000202178955, 0.968500018119812, 1.0819000005722046, 1.0296000242233276, 0.7513999938964844, 0.7822999954223633, 0.7329000234603882]"
