item_id,start,freq,target
T128,1985-12-31 00:00:00,A-DEC,"[90.41000366210938, 98.25, 154.9600067138672, 291.3299865722656, 594.1500244140625, 567.3099975585938, 650.5800170898438, 476.55999755859375, 595.3699951171875, 611.3400268554688, 936.7999877929688, 876.7899780273438, 776.8300170898438, 271.1600036621094, 436.989990234375, 515.4600219726562, 612.0900268554688, 408.45001220703125, 326.55999755859375, 463.6499938964844]"
