item_id,start,freq,target
T110,1985-01-01,A-DEC,"[280.8800048828125, 320.32000732421875, 355.07000732421875, 499.9700012207031, 399.6600036621094, 502.8599853515625, 412.80999755859375, 486.1700134277344, 671.260009765625, 571.9299926757812, 584.1300048828125, 747.77001953125, 729.1500244140625, 622.219970703125, 594.4099731445312, 801.489990234375, 866.219970703125, 581.3400268554688, 409.760009765625, 685.3099975585938, 710.3300170898438, 757.010009765625]"
