item_id,start,freq,target
T75,1970-12-31 00:00:00,A-DEC,"[0.8335999846458435, 0.9266999959945679, 0.911899983882904, 0.9035999774932861, 0.9861999750137329, 1.0942000150680542, 1.1441999673843384, 1.184399962425232, 1.1060999631881714, 1.0, 1.062999963760376, 1.0851000547409058, 1.0717999935150146, 1.0378999710083008, 1.0973000526428223, 1.170799970626831, 1.2222000360488892, 1.267899990081787, 1.5471999645233154, 1.782099962234497]"
