item_id,start,freq,target
T154,1985-01-01,A-DEC,"[102.97000122070312, 124.44000244140625, 222.6300048828125, 266.2799987792969, 276.3999938964844, 300.260009765625, 317.20001220703125, 407.75, 553.4099731445312, 588.2899780273438, 800.8599853515625, 1040.510009765625, 857.02001953125, 429.1000061035156, 322.8599853515625, 370.260009765625, 327.8399963378906, 286.1400146484375, 156.11000061035156, 245.97999572753906, 335.30999755859375, 360.45001220703125]"
