item_id,start,freq,target
T22,1986-12-31 00:00:00,A-DEC,"[11094.0, 10274.0, 10333.0, 9550.0, 9525.0, 9132.0, 11546.0, 13298.0, 13188.0, 13020.0, 15277.0, 15424.0, 14280.0, 14929.0, 17057.0, 15798.0, 43985.640625, 36466.58984375, 50037.8984375, 46986.0703125]"
