item_id,start,freq,target
T117,1985-12-31 00:00:00,A-DEC,"[770.1900024414062, 1164.97998046875, 1452.3399658203125, 1631.050048828125, 1573.219970703125, 1673.3199462890625, 1732.9599609375, 1688.449951171875, 1999.510009765625, 2025.1199951171875, 2289.260009765625, 2187.02001953125, 1738.510009765625, 1383.7900390625, 1584.7099609375, 1655.719970703125, 1485.719970703125, 1149.93994140625, 1802.219970703125, 2128.52001953125]"
