item_id,start,freq,target
T19,1986-01-01,A-DEC,"[49852.0, 54992.0, 58230.0, 66032.0, 76421.0, 80733.0, 88263.0, 93357.0, 104783.0, 97820.0, 100079.0, 85634.0, 74972.0, 85576.0, 94688.0, 83126.0, 90277.6875, 73131.5625, 95866.7578125, 100813.2421875, 106379.5234375]"
