item_id,start,freq,target
T77,1969-12-31 00:00:00,A-DEC,"[0.7111999988555908, 0.8077999949455261, 0.8360999822616577, 0.8658000230789185, 0.8503000140190125, 0.7450000047683716, 0.8450999855995178, 0.8083999752998352, 0.8111000061035156, 0.8762000203132629, 0.932200014591217, 1.0, 1.069700002670288, 1.1470999717712402, 1.073699951171875, 0.941100001335144, 1.0204999446868896, 0.9441999793052673, 0.9121000170707703, 0.8747000098228455]"
