item_id,start,freq,target
T120,1986-12-31 00:00:00,A-DEC,"[[113.16999816894531, 143.08999633789062, 146.08999633789062, 174.41000366210938, 166.57000732421875, 200.5500030517578, 189.41000366210938, 199.6999969482422, 197.82000732421875, 228.72999572753906, 172.35000610351562, 184.97999572753906, 215.52000427246094, 232.10000610351562, 239.5399932861328, 163.25999450683594, 131.83999633789062, 496.2799987792969, 289.92999267578125, 333.0799865722656]]"
