item_id,start,freq,target
T130,1986-12-31 00:00:00,A-DEC,"[38.040000915527344, 78.68000030517578, 119.6500015258789, 110.94999694824219, 124.13999938964844, 132.99000549316406, 191.13999938964844, 199.89999389648438, 290.17999267578125, 279.6700134277344, 238.44000244140625, 173.16000366210938, 200.22000122070312, 235.19000244140625, 200.58999633789062, 172.44000244140625, 120.25, 173.55999755859375, 228.6199951171875, 289.6700134277344]"
