mae,rmse,mase,mape
0.023421428305762153,0.02720320317166476,15.877328354674855,16.680856885134475
