item_id,start,freq,target
T143,1986-12-31 00:00:00,A-DEC,"[[921.8699951171875, 3006.669921875, 3652.169921875, 4871.02001953125, 4425.77978515625, 7712.259765625, 8369.16015625, 8886.6396484375, 9332.16015625, 8520.8896484375, 8016.68994140625, 6338.1298828125, 6543.68017578125, 6465.6201171875, 6023.08984375, 1439.8599853515625, 1220.4000244140625, 1362.1199951171875, 1628.3299560546875, 1911.9200439453125]]"
