item_id,start,freq,target
T132,1985-12-31 00:00:00,A-DEC,"[[202.52999877929688, 312.79998779296875, 630.1199951171875, 1161.1500244140625, 1086.1400146484375, 1181.6700439453125, 1137.8800048828125, 1329.0699462890625, 1414.5, 2182.5, 2098.389892578125, 1856.550048828125, 909.6599731445312, 1104.0, 1373.4200439453125, 1514.050048828125, 1128.77001953125, 833.0700073242188, 1132.6400146484375, 1492.1800537109375]]"
