item_id,start,freq,target
T142,1985-12-31 00:00:00,A-DEC,"[[690.6300048828125, 753.1099853515625, 780.2999877929688, 1005.3099975585938, 1172.6300048828125, 1186.8800048828125, 1522.3199462890625, 1733.1600341796875, 1611.9200439453125, 1720.31005859375, 2415.60009765625, 2273.949951171875, 1709.030029296875, 1574.7099609375, 1835.1199951171875, 1882.719970703125, 1352.9599609375, 944.0900268554688, 1602.449951171875, 1896.280029296875]]"
