item_id,start,freq,target
T156,1985-12-31 00:00:00,A-DEC,"[[6.210000038146973, 8.069999694824219, 9.6899995803833, 13.279999732971191, 15.850000381469727, 18.950000762939453, 28.8799991607666, 32.13999938964844, 56.59000015258789, 56.79999923706055, 58.27000045776367, 63.29999923706055, 50.06999969482422, 32.709999084472656, 27.989999771118164, 18.649999618530273, 19.31999969482422, 20.920000076293945, 3.369999885559082, 7.119999885559082]]"
