item_id,start,freq,target
T94,1966-12-31 00:00:00,A-DEC,"[[0.31790000200271606, 0.3179999887943268, 0.30469998717308044, 0.24400000274181366, 0.3073999881744385, 0.36039999127388, 0.2623000144958496, 0.14839999377727509, 0.25429999828338623, 0.14839999377727509, 0.1695999950170517, 0.19259999692440033, 0.21199999749660492, 0.25429999828338623, 0.27549999952316284, 0.29670000076293945, 0.31790000200271606, 0.3391000032424927, 0.5088000297546387, 0.3603000044822693]]"
