item_id,start,freq,target
T145,1985-12-31 00:00:00,A-DEC,"[[55.869998931884766, 88.30999755859375, 139.5, 375.32000732421875, 601.510009765625, 683.5800170898438, 736.3200073242188, 1189.4200439453125, 1756.260009765625, 1601.1600341796875, 1702.800048828125, 1529.3900146484375, 1415.969970703125, 1286.22998046875, 1457.9300537109375, 1534.2900390625, 1349.47998046875, 429.05999755859375, 278.3399963378906, 372.3399963378906]]"
