item_id,start,freq,target
T144,1985-12-31 00:00:00,A-DEC,"[[154.2100067138672, 341.5199890136719, 960.1199951171875, 873.6300048828125, 1230.0, 1216.56005859375, 2067.14990234375, 2487.909912109375, 2514.030029296875, 2850.2900390625, 2646.199951171875, 2301.02001953125, 2150.219970703125, 2007.1500244140625, 2311.070068359375, 2384.159912109375, 425.32000732421875, 410.0400085449219, 586.260009765625, 683.0700073242188]]"
