item_id,start,freq,target
T114,1985-12-31 00:00:00,A-DEC,"[[289.8500061035156, 342.2300109863281, 558.75, 599.0999755859375, 822.5, 713.8499755859375, 700.3499755859375, 743.8800048828125, 842.6799926757812, 1016.510009765625, 1039.6600341796875, 1195.699951171875, 1042.8599853515625, 758.9299926757812, 558.97998046875, 593.239990234375, 712.0700073242188, 642.8499755859375, 439.30999755859375, 672.0800170898438]]"
