item_id,start,freq,target
T134,1985-12-31 00:00:00,A-DEC,"[[105.52999877929688, 136.08999633789062, 241.9499969482422, 219.63999938964844, 287.07000732421875, 287.5199890136719, 245.3800048828125, 329.510009765625, 370.9100036621094, 425.29998779296875, 563.3099975585938, 760.510009765625, 614.1199951171875, 336.2699890136719, 302.3800048828125, 260.7099914550781, 263.80999755859375, 257.2099914550781, 143.88999938964844, 226.14999389648438]]"
