mae,rmse,mase,mape
0.033565301122409956,0.038785687820731336,22.753834663145984,26.451035241230574
