mae,rmse,mase,mape
0.05405405405405406,0.23249527748763857,0.7814336063908829,54054054054.054054
