mae,rmse,mase,mape
0.10559176503856843,0.24831870461912176,1.5264896445464449,208.78242298487027
