mae,rmse,mase,mape
43.09878712510558,61.95083198409518,1.0346892569252586,42.40152891789235
