mae,rmse,mase,mape
33.83050803859978,37.38010201402176,225.7512999031386,27.60165974575621
