mae,rmse,mase,mape
0.0823611702299368,0.2347561047559539,1.1906560461680296,5123539843.100342
