mae,rmse,mase,mape
0.0015445157672677773,0.0016787479434248016,1.047023420849614,1.1403318173906187
