mae,rmse,mase,mape
0.05634739041289415,0.056347390412894154,0.8145872732696644,100.0
