mae,rmse,mase,mape
17.3053680393382,23.251180550467353,115.47888449459194,21.432871534226862
