mae,rmse,mase,mape
0.054055089357451507,0.23249500761108957,0.7814485732769331,4656731.160388822
