mae,rmse,mase,mape
39.968081465244296,62.170257261672404,0.9595291949158421,46.97708375695819
