mae,rmse,mase,mape
48.03730254677358,62.65923599273116,1.1532501073066617,49.79069544125661
