mae,rmse,mase,mape
0.10467557166073774,0.22651771257972614,1.5132446750817357,195.8322719667213
