mae,rmse,mase,mape
63.07557231975051,78.49051788517481,1.514279667875878,61.048500939975895
