mae,rmse,mase,mape
28.593746070861815,31.441912833035023,0.6864611245065767,48.50158447091389
