mae,rmse
0.0956474154433288,0.1440009372178264
