mae,rmse
0.0991994100680982,0.1206636411676347
