mae,rmse
5.767157142517114,6.639944824390998
