mae,rmse
0.1327161988475597,0.1596047876455183
