{
  "mae": 848.1069522201119,
  "rmse": 1057.7110717765538
}