{
  "mae": 834.5994312617008,
  "rmse": 1005.7738254854253
}