mae,rmse
0.09957738849972947,0.12169113465017123
