{
  "mae": 974.8132455004004,
  "rmse": 1201.787441378241
}