mae,rmse
826.6671969262356,977.7705472391829
