mae,rmse
0.140018165779288,0.1707937071692992
