{
  "mae": 826.6671969262356,
  "rmse": 977.7705472391829
}