mae,rmse
0.0506661019328485,0.06051835258119221
