mae,rmse
0.09588286031329621,0.11738287286598834
