mae,rmse
0.14368923000282907,0.18235655948115648
