mae,rmse
0.1171392230605751,0.1522043431871303
