mae,rmse
0.09410359544209466,0.16328306066509837
