mae,rmse
0.2391644019996815,0.31485725639790313
