{
  "mae": 4985.264508361816,
  "rmse": 5058.305278260199
}