mae,rmse
0.22942984514888112,0.30207157103363264
