{
  "mae": 1008.0646139865452,
  "rmse": 1232.7264101510998
}