mae,rmse
0.09371528515112248,0.14913220372185998
