{
  "mae": 1283.5749196370443,
  "rmse": 1537.4722739277663
}