mae,rmse
0.07800425725243493,0.1274322678937518
