mae,rmse
0.1776840639901648,0.22059840083657623
