{
  "mae": 5172.894960954454,
  "rmse": 5259.704842437355
}