mae,rmse
0.21988603947301547,0.27287059231399363
