mae,rmse
0.0870739479851395,0.1387877102734851
