mae,rmse
0.2613594663749957,0.3316638940685972
