{
  "mae": 1029.9908505588107,
  "rmse": 1281.1689595497019
}