mae,rmse
0.08371351517300674,0.13967949947753985
