{
  "mae": 4985.481145392524,
  "rmse": 5058.518551828329
}