mae,rmse
0.08043396620949554,0.12843056990635235
