mae,rmse
0.2297670249934416,0.2993978824024066
