mae,rmse
0.08604891576459635,0.14424867607912034
