mae,rmse
0.08630104277109578,0.1368632576244944
