mae,rmse
0.08872241068029323,0.1459166294194075
