{
  "mae": 881.5037077836321,
  "rmse": 1044.8700554587426
}