{
  "mae": 925.9273380434599,
  "rmse": 1156.0611588699492
}