mae,rmse
0.337553335875779,0.3891782547439981
