mae,rmse
1561.3612084705305,1604.76204369633
