mae,rmse
0.020151987724718618,0.02889018300781708
