mae,rmse
0.1888806133036477,0.22483049508800002
