mae,rmse
0.020151987724718615,0.02889018300781708
