mae,rmse
0.05708279048388774,0.07677518313406617
