{
  "mae": 660.5034497070313,
  "rmse": 741.6365269686556
}