mae,rmse
0.14202445943905379,0.1650211161470354
