{
  "mae": 755.8717057260367,
  "rmse": 968.4776051321905
}