{
  "mae": 1625.3828002929686,
  "rmse": 1667.203667322398
}