mae,rmse
0.36129183201519494,0.4115865817949124
