mae,rmse
0.014971513428261807,0.020527464308538464
