mae,rmse
0.12687869035417046,0.1674100508113142
