mae,rmse
0.07972212689454085,0.11653914211003781
