mae,rmse
0.09231600912493892,0.11160472251563669
