mae,rmse
0.07972450863901787,0.11654444474314858
