mae,rmse
0.12285112891227323,0.1579997472408238
