mae,rmse
0.13906815063084452,0.21640408800774594
