mae,rmse
0.1441659909484764,0.18315200276286991
