mae,rmse
0.09533207206994179,0.11282666495588309
