mae,rmse
0.09891652055711496,0.12171190299671933
