{
  "mae": 1113.9086985948352,
  "rmse": 1335.0904857008134
}