mae,rmse
0.07838667589018818,0.10039298720389418
