mae,rmse
0.0728873106518086,0.09411298563708896
