{
  "mae": 957.4181150987413,
  "rmse": 1201.6111166882586
}