mae,rmse,mase,mape
57.40695647630798,58.16932303172772,383.0771631694899,90.18412132865791
