mae,rmse,mase,mape
0.11069392755905542,0.11138005069029876,75.03913987565518,211.08339028808666
