mae,rmse,mase,mape
20.451318309183968,28.147805683390743,136.47184038038554,30.34453978689099
