mae,rmse,mase,mape
59.943396226415096,90.4841276605492,1.439084304601155,315.1392206395563
