mae,rmse,mase,mape
38.306097247348575,42.54620584927402,255.61694899580635,29.842274977509973
