item_id,start,freq,target
T728,2015-01-11 00:00:00,W-SUN,"[[5.44189977645874, 5.340199947357178, 5.426700115203857, 5.291299819946289, 5.137899875640869, 5.968500137329102, 4.920000076293945, 6.067999839782715, 5.937399864196777, 6.050899982452393, 5.762599945068359, 5.674699783325195, 5.914899826049805, 5.991499900817871, 5.555600166320801, 6.4679999351501465, 7.046999931335449, 6.307000160217285, 6.582900047302246, 6.772299766540527, 6.013700008392334, 6.574900150299072, 6.192999839782715, 6.169600009918213, 5.707200050354004, 7.20389986038208, 8.886300086975098, 7.711999893188477, 7.7357001304626465, 5.441299915313721, 6.422699928283691, 5.548299789428711, 5.819200038909912, 5.907899856567383, 6.321000099182129, 6.37529993057251, 5.211999893188477, 7.02400016784668, 5.465400218963623, 5.688000202178955, 6.168799877166748, 5.627699851989746, 5.796299934387207, 5.9141998291015625, 6.751100063323975, 4.986199855804443, 5.470900058746338, 6.520599842071533, 6.9822998046875, 4.836699962615967, 4.929900169372559, 5.668399810791016, 6.5233001708984375, 6.779699802398682, 4.819900035858154, 5.271999835968018, 5.059500217437744, 5.755000114440918, 5.990499973297119, 6.148600101470947, 6.096399784088135, 5.464000225067139, 5.359000205993652, 5.347799777984619, 6.316299915313721, 5.466000080108643, 5.319799900054932, 5.406400203704834, 5.464700222015381, 6.769000053405762, 5.667300224304199, 5.880300045013428, 5.877500057220459, 5.795499801635742, 5.752900123596191, 5.832900047302246, 5.522299766540527, 6.280700206756592, 5.620500087738037, 5.448999881744385, 5.144899845123291, 5.672800064086914, 5.296999931335449, 5.463699817657471, 5.644000053405762, 5.447299957275391, 5.604100227355957, 5.871399879455566, 5.599100112915039, 5.470600128173828]]"
