item_id,start,freq,target
T412,2015-01-18 00:00:00,W-SUN,"[[7.148099899291992, 7.203800201416016, 7.117800235748291, 7.303299903869629, 7.340000152587891, 6.5817999839782715, 7.446199893951416, 7.462100028991699, 7.560800075531006, 7.603300094604492, 7.396999835968018, 7.548299789428711, 7.610000133514404, 7.553500175476074, 7.592700004577637, 7.431700229644775, 7.4096999168396, 7.09089994430542, 7.592100143432617, 7.609000205993652, 7.670300006866455, 7.76200008392334, 7.753600120544434, 6.998700141906738, 7.705399990081787, 7.58489990234375, 7.6793999671936035, 7.680300235748291, 7.585999965667725, 7.49399995803833, 7.595099925994873, 7.340000152587891, 7.092199802398682, 7.596499919891357, 7.8246002197265625, 7.551599979400635, 7.544600009918213, 7.4959001541137695, 7.557600021362305, 7.549799919128418, 7.247000217437744, 7.564700126647949, 7.376299858093262, 7.490799903869629, 6.689799785614014, 7.4344000816345215, 7.745999813079834, 7.694499969482422, 6.363699913024902, 6.26039981842041, 7.259799957275391, 7.224999904632568, 7.212299823760986, 6.697700023651123, 7.258800029754639, 7.203199863433838, 7.413000106811523, 7.438199996948242, 7.142000198364258, 7.375999927520752, 7.662700176239014, 7.751299858093262, 7.568999767303467, 7.524600028991699, 7.684700012207031, 7.616099834442139, 7.7505998611450195, 7.833700180053711, 8.021200180053711, 7.974999904632568, 7.5071001052856445, 8.071800231933594, 8.23449993133545, 8.081899642944336, 8.065699577331543, 7.265200138092041, 8.035200119018555, 7.96150016784668, 7.44379997253418, 7.869100093841553, 7.882299900054932, 8.050399780273438, 7.910699844360352, 7.83519983291626, 7.168900012969971, 7.793099880218506, 7.915299892425537, 7.640100002288818, 7.7677001953125, 7.805200099945068]]"
