item_id,start,freq,target
T337,2015-01-04 00:00:00,W-SUN,"[[5.693699836730957, 6.3343000411987305, 6.2220001220703125, 6.209400177001953, 6.2515997886657715, 6.403500080108643, 5.917200088500977, 6.144599914550781, 5.47189998626709, 6.541999816894531, 6.617000102996826, 5.736800193786621, 5.73330020904541, 5.809000015258789, 6.686800003051758, 5.812600135803223, 5.73330020904541, 5.814199924468994, 6.679500102996826, 6.647799968719482, 6.5096001625061035, 6.048900127410889, 5.73330020904541, 5.73330020904541, 5.747099876403809, 6.680200099945068, 6.397600173950195, 6.757199764251709, 6.567699909210205, 6.627600193023682, 6.6697998046875, 6.687699794769287, 6.412899971008301, 6.714799880981445, 8.152299880981445, 8.085800170898438, 8.4975004196167, 8.550800323486328, 6.079599857330322, 9.243599891662598, 8.865799903869629, 9.535200119018555, 9.17199993133545, 9.113699913024902, 9.489999771118164, 9.511199951171875, 9.042200088500977, 8.601300239562988, 7.242599964141846, 9.047800064086914, 8.851900100708008, 8.121800422668457, 8.101300239562988, 8.758999824523926, 8.619600296020508, 8.714300155639648, 8.492600440979004, 9.095499992370605, 7.57480001449585, 9.159000396728516, 8.392399787902832, 8.859100341796875, 8.9399995803833, 9.573200225830078, 9.291899681091309, 8.838800430297852, 9.023099899291992, 9.065699577331543, 9.22819995880127, 8.604299545288086, 5.325500011444092, 5.73330020904541, 8.034799575805664, 8.812199592590332, 8.989800453186035, 9.109199523925781, 9.055800437927246, 9.080400466918945, 8.452400207519531, 9.067299842834473, 9.095499992370605, 8.514599800109863, 8.725299835205078, 8.840399742126465, 8.938300132751465, 9.03689956665039, 8.983400344848633, 8.424200057983398, 8.908900260925293, 9.045700073242188]]"
