item_id,start,freq,target
T462,2015-01-18 00:00:00,W-SUN,"[[10.049300193786621, 11.803999900817871, 11.31350040435791, 11.390600204467773, 11.719200134277344, 11.153200149536133, 11.880000114440918, 11.449999809265137, 11.471099853515625, 12.100099563598633, 11.506500244140625, 12.194999694824219, 12.355600357055664, 12.230199813842773, 12.848400115966797, 12.091899871826172, 12.171299934387207, 10.753999710083008, 12.17389965057373, 12.268199920654297, 11.944999694824219, 12.726499557495117, 12.539199829101562, 9.719599723815918, 12.312800407409668, 14.663399696350098, 14.741100311279297, 14.023599624633789, 13.683500289916992, 12.205699920654297, 12.245699882507324, 12.165499687194824, 11.333900451660156, 13.235099792480469, 12.499799728393555, 12.442099571228027, 12.263099670410156, 11.949700355529785, 12.684499740600586, 12.596500396728516, 12.687800407409668, 12.430899620056152, 12.271599769592285, 10.7878999710083, 9.790599822998047, 11.648699760437012, 11.803000450134277, 10.655400276184082, 6.488500118255615, 9.062299728393555, 11.237600326538086, 11.086199760437012, 11.22700023651123, 12.402999877929688, 11.605199813842773, 11.621399879455566, 11.853899955749512, 11.82979965209961, 11.455400466918945, 11.302599906921387, 11.606900215148926, 11.588899612426758, 11.573399543762207, 11.490099906921387, 12.17590045928955, 12.157500267028809, 12.367400169372559, 9.55780029296875, 15.298299789428711, 12.67240047454834, 11.23289966583252, 13.034299850463867, 12.64579963684082, 12.877599716186523, 12.674699783325195, 9.518899917602539, 12.46030044555664, 12.63379955291748, 12.903599739074707, 12.965399742126465, 12.310099601745605, 12.410599708557129, 12.568400382995605, 12.616900444030762, 10.821900367736816, 13.474499702453613, 12.661199569702148, 12.92490005493164, 10.937600135803223, 12.89490032196045]]"
