item_id,start,freq,target
T490,2015-01-18 00:00:00,W-SUN,"[[9.626500129699707, 9.547900199890137, 9.222800254821777, 10.054499626159668, 10.177200317382812, 9.42020034790039, 10.198399543762207, 8.714099884033203, 9.573599815368652, 10.927800178527832, 9.833800315856934, 10.065999984741211, 10.308699607849121, 10.07979965209961, 10.24899959564209, 10.031999588012695, 10.937899589538574, 9.814200401306152, 10.7322998046875, 11.097200393676758, 10.947999954223633, 10.862600326538086, 10.261099815368652, 9.298700332641602, 10.659199714660645, 10.333800315856934, 10.892800331115723, 10.619400024414062, 10.776800155639648, 10.29990005493164, 10.503399848937988, 10.376500129699707, 9.75629997253418, 10.098299980163574, 9.368200302124023, 9.965499877929688, 10.804900169372559, 10.764900207519531, 9.326199531555176, 10.2298002243042, 8.85200023651123, 9.456299781799316, 10.923800468444824, 11.191900253295898, 8.573399543762207, 10.228300094604492, 10.759599685668945, 11.870599746704102, 7.863100051879883, 7.127699851989746, 9.636500358581543, 9.462699890136719, 9.190600395202637, 10.468299865722656, 10.998000144958496, 9.762999534606934, 10.610600471496582, 10.561200141906738, 9.998700141906738, 10.02910041809082, 9.762499809265137, 11.255399703979492, 10.366700172424316, 9.901700019836426, 11.56879997253418, 11.080900192260742, 10.773699760437012, 10.83329963684082, 11.209500312805176, 11.569899559020996, 12.016900062561035, 11.329099655151367, 11.099300384521484, 11.473699569702148, 11.15369987487793, 9.824600219726562, 11.02929973602295, 11.658599853515625, 10.481399536132812, 10.671299934387207, 11.310999870300293, 10.845399856567383, 11.003600120544434, 11.35990047454834, 9.315999984741211, 11.240799903869629, 11.361800193786621, 10.509900093078613, 11.375499725341797, 10.423800468444824]]"
