item_id,start,freq,target
T852,2015-01-04 00:00:00,W-SUN,"[[7.763500213623047, 8.6673002243042, 7.881400108337402, 7.741399765014648, 8.613100051879883, 8.17549991607666, 7.645100116729736, 7.953800201416016, 7.6006999015808105, 12.058500289916992, 9.710599899291992, 10.666500091552734, 11.659899711608887, 11.388299942016602, 12.467300415039062, 12.074799537658691, 10.43649959564209, 7.852099895477295, 9.042799949645996, 10.762399673461914, 8.487700462341309, 8.882499694824219, 9.745400428771973, 8.685199737548828, 9.397100448608398, 6.947999954223633, 7.684299945831299, 8.47719955444336, 10.076000213623047, 9.733499526977539, 8.728300094604492, 9.884900093078613, 9.33549976348877, 9.51609992980957, 7.898799896240234, 7.841599941253662, 8.420599937438965, 9.751399993896484, 8.973400115966797, 9.616600036621094, 9.968299865722656, 9.333499908447266, 9.70009994506836, 10.277899742126465, 11.708900451660156, 12.900300025939941, 7.6194000244140625, 6.213699817657471, 6.823599815368652, 6.161399841308594, 7.151500225067139, 5.937300205230713, 5.89169979095459, 5.990499973297119, 5.286099910736084, 6.6819000244140625, 5.7434000968933105, 5.895299911499023, 5.498600006103516, 6.122200012207031, 5.793700218200684, 5.822199821472168, 5.554599761962891, 5.718599796295166, 5.674200057983398, 5.55709981918335, 6.766900062561035, 6.620100021362305, 5.946100234985352, 6.095300197601318, 6.483399868011475, 5.9456000328063965, 7.127200126647949, 5.3231000900268555, 5.429299831390381, 5.491000175476074, 5.657700061798096, 5.633399963378906, 5.2581000328063965, 5.594200134277344, 5.671500205993652, 5.55679988861084, 5.702600002288818, 5.762499809265137, 5.819499969482422, 5.807199954986572, 5.8144001960754395, 5.457399845123291, 5.685699939727783, 5.837100028991699]]"
