item_id,start,freq,target
T495,2015-01-18 00:00:00,W-SUN,"[[10.342100143432617, 10.240500450134277, 10.111499786376953, 10.915200233459473, 11.086099624633789, 10.367300033569336, 11.02929973602295, 10.809200286865234, 11.004500389099121, 12.140800476074219, 10.647100448608398, 10.859600067138672, 10.927000045776367, 12.420900344848633, 11.200599670410156, 10.934900283813477, 12.276100158691406, 10.576600074768066, 11.653499603271484, 12.23270034790039, 11.986200332641602, 9.230799674987793, 10.876299858093262, 9.859299659729004, 11.223699569702148, 11.089500427246094, 10.802300453186035, 12.007800102233887, 11.592599868774414, 11.120400428771973, 12.374500274658203, 11.704899787902832, 10.512999534606934, 11.375499725341797, 11.951800346374512, 11.081100463867188, 12.002900123596191, 11.620100021362305, 13.088399887084961, 11.080300331115723, 11.829400062561035, 11.581100463867188, 12.044099807739258, 12.48069953918457, 9.202199935913086, 11.696000099182129, 12.048100471496582, 12.700599670410156, 8.288700103759766, 7.299699783325195, 10.358499526977539, 10.308300018310547, 10.406900405883789, 11.295700073242188, 11.93340015411377, 10.721699714660645, 11.712900161743164, 11.28499984741211, 9.918299674987793, 10.8681001663208, 10.529399871826172, 12.300700187683105, 11.070099830627441, 10.503199577331543, 12.516400337219238, 12.010000228881836, 11.796600341796875, 12.600600242614746, 12.365300178527832, 12.917099952697754, 13.254199981689453, 12.698800086975098, 12.974200248718262, 12.882599830627441, 12.116299629211426, 9.206899642944336, 11.335700035095215, 12.20829963684082, 10.93280029296875, 11.021300315856934, 12.209400177001953, 11.712499618530273, 12.088700294494629, 12.55370044708252, 9.649700164794922, 12.173600196838379, 12.3774995803833, 11.771400451660156, 12.319299697875977, 11.275400161743164]]"
