item_id,start,freq,target
T220,2015-01-11 00:00:00,W-SUN,"[[13.958800315856934, 14.335399627685547, 12.153499603271484, 14.065699577331543, 16.81920051574707, 19.058799743652344, 18.228599548339844, 22.1466007232666, 21.86829948425293, 22.885000228881836, 22.875600814819336, 22.256799697875977, 21.338600158691406, 23.138700485229492, 22.76289939880371, 22.434999465942383, 24.27669906616211, 23.14859962463379, 20.960500717163086, 22.236600875854492, 23.663799285888672, 22.650800704956055, 23.663799285888672, 23.608999252319336, 20.786399841308594, 24.937299728393555, 24.01420021057129, 22.515399932861328, 24.01129913330078, 23.57509994506836, 17.807100296020508, 23.774200439453125, 23.12350082397461, 20.979999542236328, 23.928699493408203, 24.63010025024414, 19.350099563598633, 23.46339988708496, 22.805400848388672, 24.126800537109375, 23.269699096679688, 24.641199111938477, 22.992300033569336, 24.387500762939453, 23.328399658203125, 19.468399047851562, 18.581600189208984, 23.927200317382812, 21.989999771118164, 17.587799072265625, 18.021400451660156, 21.649499893188477, 20.88909912109375, 20.534700393676758, 22.973800659179688, 24.3656005859375, 19.40530014038086, 20.65060043334961, 22.076400756835938, 22.336599349975586, 23.132299423217773, 19.654600143432617, 22.949499130249023, 22.32360076904297, 23.2731990814209, 23.67449951171875, 24.011199951171875, 23.64430046081543, 25.48579978942871, 24.663000106811523, 24.964799880981445, 23.340900421142578, 24.917999267578125, 24.244300842285156, 24.398500442504883, 24.95170021057129, 22.338899612426758, 25.09040069580078, 25.511199951171875, 25.02589988708496, 25.762800216674805, 25.203100204467773, 24.472400665283203, 24.935100555419922, 26.742000579833984, 23.024999618530273, 25.427799224853516, 26.217899322509766, 26.17930030822754, 24.490800857543945]]"
