item_id,start,freq,target
T172,2015-01-04 00:00:00,W-SUN,"[[11.700699806213379, 8.045000076293945, 11.31820011138916, 12.057600021362305, 12.733499526977539, 10.659299850463867, 12.143199920654297, 11.20479965209961, 13.114299774169922, 13.734600067138672, 13.48550033569336, 12.374699592590332, 12.342000007629395, 13.20580005645752, 13.645700454711914, 12.739299774169922, 13.375200271606445, 15.129799842834473, 15.753299713134766, 13.895099639892578, 13.36970043182373, 16.26449966430664, 15.226799964904785, 14.698599815368652, 16.771900177001953, 12.46399974822998, 16.465299606323242, 15.73490047454834, 14.60949993133545, 11.121899604797363, 16.026100158691406, 13.935099601745605, 12.009699821472168, 16.542699813842773, 14.96399974822998, 11.306699752807617, 13.160699844360352, 13.896400451660156, 15.441699981689453, 14.670499801635742, 16.160999298095703, 15.199899673461914, 12.7524995803833, 15.499099731445312, 15.993200302124023, 15.278300285339355, 12.390299797058105, 14.718400001525879, 17.71929931640625, 17.771400451660156, 10.076600074768066, 11.157099723815918, 13.272000312805176, 14.039600372314453, 14.760899543762207, 15.848400115966797, 15.424699783325195, 14.699199676513672, 15.503600120544434, 15.700499534606934, 14.236700057983398, 15.603400230407715, 15.54990005493164, 15.518600463867188, 15.05840015411377, 15.4891996383667, 16.655399322509766, 16.322799682617188, 16.606800079345703, 15.709400177001953, 18.494699478149414, 18.443700790405273, 15.741100311279297, 17.72960090637207, 17.90880012512207, 18.576400756835938, 16.38089942932129, 13.653400421142578, 16.693300247192383, 16.589599609375, 15.87720012664795, 19.53339958190918, 17.027599334716797, 16.382200241088867, 18.001399993896484, 17.42569923400879, 15.359000205993652, 17.10759925842285, 16.589599609375, 18.513599395751953]]"
