item_id,start,freq,target
T66,2015-01-04 00:00:00,W-SUN,"[[4.781300067901611, 4.202000141143799, 4.029099941253662, 4.289999961853027, 4.338099956512451, 4.2459001541137695, 4.3119001388549805, 3.9398999214172363, 4.444300174713135, 4.481500148773193, 4.458600044250488, 4.4918999671936035, 4.226900100708008, 4.327199935913086, 4.439799785614014, 4.380199909210205, 4.448200225830078, 4.414400100708008, 4.6178998947143555, 4.229800224304199, 4.64139986038208, 4.5665998458862305, 4.561699867248535, 4.496200084686279, 4.707099914550781, 3.8691999912261963, 4.450200080871582, 4.522799968719482, 4.531499862670898, 4.444300174713135, 4.474400043487549, 4.625800132751465, 4.577499866485596, 4.55649995803833, 4.147900104522705, 4.631800174713135, 4.6097002029418945, 4.42140007019043, 4.65749979019165, 4.332099914550781, 4.552000045776367, 4.63670015335083, 4.5131001472473145, 4.5524001121521, 4.90369987487793, 4.559299945831299, 4.204899787902832, 4.892199993133545, 4.6616997718811035, 4.553999900817871, 3.3071999549865723, 3.6912999153137207, 4.713500022888184, 4.271399974822998, 4.517000198364258, 4.602099895477295, 4.4141998291015625, 4.34689998626709, 4.4475998878479, 4.387199878692627, 4.355500221252441, 4.5625, 4.504499912261963, 4.40939998626709, 4.319300174713135, 4.28410005569458, 4.395199775695801, 4.417799949645996, 4.552999973297119, 4.713900089263916, 4.820499897003174, 5.0655999183654785, 4.413400173187256, 5.038400173187256, 5.274799823760986, 4.742000102996826, 4.693900108337402, 4.212100028991699, 4.678699970245361, 4.979499816894531, 5.062699794769287, 4.8445000648498535, 5.341700077056885, 4.857600212097168, 4.517499923706055, 5.184999942779541, 4.5152997970581055, 5.087500095367432, 5.4969000816345215, 4.997000217437744]]"
