item_id,start,freq,target
T112,2015-01-25 00:00:00,W-SUN,"[[5.5005998611450195, 5.664999961853027, 5.125899791717529, 5.327199935913086, 4.879799842834473, 5.157299995422363, 4.809999942779541, 5.0355000495910645, 4.434100151062012, 4.152100086212158, 4.855199813842773, 5.255899906158447, 4.499599933624268, 4.944699764251709, 5.4446001052856445, 4.834400177001953, 4.202000141143799, 4.865499973297119, 4.863699913024902, 4.672900199890137, 4.4394001960754395, 4.5229997634887695, 3.824399948120117, 4.356800079345703, 4.880799770355225, 4.607600212097168, 4.466400146484375, 4.720099925994873, 4.741799831390381, 4.505000114440918, 4.78249979019165, 4.6153998374938965, 5.063000202178955, 4.815400123596191, 4.769700050354004, 4.962299823760986, 4.654399871826172, 5.20550012588501, 5.1168999671936035, 4.981800079345703, 4.529099941253662, 4.838099956512451, 4.671299934387207, 4.194300174713135, 4.563399791717529, 5.0559000968933105, 4.406599998474121, 3.132200002670288, 4.098199844360352, 4.18720006942749, 8.381699562072754, 8.242500305175781, 9.218899726867676, 8.907899856567383, 7.186500072479248, 7.622799873352051, 8.23960018157959, 6.586400032043457, 6.9309000968933105, 5.969900131225586, 5.861299991607666, 6.001200199127197, 6.255899906158447, 6.230400085449219, 5.589799880981445, 5.695799827575684, 5.173600196838379, 5.877399921417236, 5.513000011444092, 4.973400115966797, 5.695000171661377, 5.239999771118164, 5.578199863433838, 4.988800048828125, 4.674300193786621, 5.613900184631348, 5.3171000480651855, 5.588900089263916, 5.172900199890137, 5.222099781036377, 5.3643999099731445, 5.897600173950195, 5.494900226593018, 5.2795000076293945, 5.915200233459473, 5.652500152587891, 6.166200160980225, 5.970799922943115, 5.667200088500977, 6.162799835205078]]"
