item_id,start,freq,target
T432,2015-02-01 00:00:00,W-SUN,"[[10.920599937438965, 10.553400039672852, 11.50220012664795, 11.193499565124512, 12.140999794006348, 11.20460033416748, 11.406800270080566, 11.145299911499023, 10.930100440979004, 11.677000045776367, 11.952500343322754, 10.481800079345703, 11.543499946594238, 11.554100036621094, 11.384499549865723, 10.638099670410156, 11.621199607849121, 11.996199607849121, 11.676799774169922, 11.240699768066406, 11.204299926757812, 9.17389965057373, 11.809499740600586, 12.114100456237793, 11.313699722290039, 10.980199813842773, 10.725000381469727, 11.562000274658203, 11.025500297546387, 10.610099792480469, 10.643699645996094, 12.75529956817627, 12.70479965209961, 12.476699829101562, 12.198200225830078, 11.287799835205078, 11.890899658203125, 11.716500282287598, 12.70829963684082, 11.100000381469727, 11.441200256347656, 10.444999694824219, 8.786399841308594, 10.640399932861328, 10.584199905395508, 10.676899909973145, 7.812399864196777, 9.072600364685059, 10.001299858093262, 10.722800254821777, 10.243499755859375, 11.0246000289917, 10.619000434875488, 10.736700057983398, 10.996100425720215, 11.517000198364258, 9.499699592590332, 9.43529987335205, 10.328399658203125, 10.258000373840332, 10.389800071716309, 10.94789981842041, 11.191399574279785, 11.604700088500977, 10.995100021362305, 11.019499778747559, 12.213500022888184, 12.217100143432617, 11.488699913024902, 12.25790023803711, 11.43239974975586, 11.718799591064453, 12.029899597167969, 9.771599769592285, 12.050999641418457, 11.963800430297852, 11.51099967956543, 11.876999855041504, 11.54319953918457, 11.239800453186035, 11.774900436401367, 11.598199844360352, 10.344400405883789, 12.01710033416748, 12.216300010681152, 12.597700119018555, 10.50790023803711, 12.120100021362305, 11.739999771118164, 11.501199722290039]]"
