item_id,start,freq,target
T354,2015-01-18 00:00:00,W-SUN,"[[3.54259991645813, 2.7007999420166016, 2.810499906539917, 2.660799980163574, 3.188699960708618, 2.717400074005127, 2.8413000106811523, 2.8880999088287354, 2.8773999214172363, 3.086899995803833, 2.839400053024292, 3.359100103378296, 3.0264999866485596, 2.8775999546051025, 2.8571999073028564, 2.93530011177063, 2.960900068283081, 2.9725000858306885, 3.2005999088287354, 3.7925000190734863, 4.017899990081787, 6.156400203704834, 6.783899784088135, 8.847599983215332, 8.105299949645996, 9.218000411987305, 9.045700073242188, 9.739299774169922, 9.72029972076416, 7.88700008392334, 8.58430004119873, 8.462499618530273, 10.019399642944336, 7.6579999923706055, 6.463399887084961, 5.825799942016602, 9.689200401306152, 10.478300094604492, 9.740500450134277, 9.532299995422363, 9.333900451660156, 8.830499649047852, 9.149399757385254, 8.325499534606934, 7.575399875640869, 6.082499980926514, 7.579400062561035, 8.34060001373291, 6.299900054931641, 6.170400142669678, 6.459400177001953, 6.51039981842041, 5.053400039672852, 4.962399959564209, 6.332900047302246, 7.242199897766113, 6.744500160217285, 7.954800128936768, 5.116199970245361, 6.751100063323975, 6.2769999504089355, 8.15939998626709, 6.992800235748291, 7.13100004196167, 7.298999786376953, 7.7606000900268555, 7.593100070953369, 7.911200046539307, 8.722000122070312, 8.315899848937988, 10.089400291442871, 8.605899810791016, 9.241299629211426, 9.619799613952637, 9.388699531555176, 6.978000164031982, 5.5208001136779785, 5.471399784088135, 6.1682000160217285, 6.715700149536133, 5.386499881744385, 6.363399982452393, 7.37939977645874, 4.6682000160217285, 10.051899909973145, 8.776100158691406, 8.612799644470215, 7.239099979400635, 6.295300006866455, 6.499899864196777]]"
