item_id,start,freq,target
T58,2015-01-04 00:00:00,W-SUN,"[[5.2399001121521, 6.988800048828125, 5.830699920654297, 7.767600059509277, 7.239699840545654, 5.517899990081787, 6.43310022354126, 5.700900077819824, 7.558300018310547, 7.320099830627441, 6.184100151062012, 7.412199974060059, 7.076499938964844, 7.326099872589111, 7.3541998863220215, 5.063499927520752, 6.532800197601318, 6.597300052642822, 6.378900051116943, 6.097499847412109, 6.448400020599365, 6.514500141143799, 6.627900123596191, 6.594699859619141, 6.478499889373779, 5.947700023651123, 6.541299819946289, 6.519100189208984, 6.5295000076293945, 6.472700119018555, 6.49429988861084, 6.489099979400635, 6.527500152587891, 6.287099838256836, 8.23900032043457, 9.589200019836426, 10.694299697875977, 6.777900218963623, 6.956399917602539, 6.13539981842041, 8.4197998046875, 7.1371002197265625, 7.4944000244140625, 6.982500076293945, 6.567800045013428, 6.614999771118164, 5.9421000480651855, 6.40369987487793, 6.548299789428711, 6.729000091552734, 5.489099979400635, 5.568299770355225, 6.121699810028076, 6.049200057983398, 6.105199813842773, 6.307199954986572, 6.394700050354004, 6.270500183105469, 6.505199909210205, 6.742700099945068, 6.480999946594238, 6.288400173187256, 6.697400093078613, 6.6921000480651855, 6.8607001304626465, 6.433199882507324, 7.183700084686279, 6.678199768066406, 6.750999927520752, 6.850599765777588, 6.983799934387207, 7.249499797821045, 6.817699909210205, 7.653299808502197, 9.11929988861084, 9.055000305175781, 9.027700424194336, 8.453499794006348, 9.222700119018555, 8.950900077819824, 8.921299934387207, 8.849599838256836, 8.79319953918457, 8.902700424194336, 9.108499526977539, 9.233099937438965, 8.224200248718262, 8.976799964904785, 9.29259967803955, 9.889200210571289]]"
