item_id,start,freq,target
T529,2015-01-11 00:00:00,W-SUN,"[[6.884300231933594, 8.827500343322754, 9.81659984588623, 9.77649974822998, 9.324399948120117, 9.843899726867676, 9.39900016784668, 9.752599716186523, 10.06820011138916, 10.167900085449219, 9.660200119018555, 9.428600311279297, 9.796299934387207, 10.831600189208984, 10.575699806213379, 10.698699951171875, 10.597200393676758, 10.034000396728516, 9.74489974975586, 10.868599891662598, 10.361499786376953, 9.944600105285645, 10.445799827575684, 10.058699607849121, 9.464699745178223, 9.726099967956543, 10.01360034942627, 9.649800300598145, 9.784000396728516, 9.774100303649902, 9.873299598693848, 11.285099983215332, 11.164600372314453, 10.563799858093262, 11.536499977111816, 11.351200103759766, 11.378399848937988, 10.96720027923584, 11.10949993133545, 10.352700233459473, 10.567500114440918, 11.342000007629395, 10.167099952697754, 10.651800155639648, 10.213600158691406, 9.151599884033203, 9.955900192260742, 9.807499885559082, 9.527099609375, 8.187800407409668, 8.659600257873535, 9.33590030670166, 9.773799896240234, 9.763199806213379, 9.849800109863281, 10.136799812316895, 9.917699813842773, 10.097900390625, 12.494500160217285, 9.842100143432617, 13.343500137329102, 11.992899894714355, 10.392499923706055, 9.52869987487793, 10.407600402832031, 10.446000099182129, 8.5871000289917, 10.379199981689453, 9.796299934387207, 10.172800064086914, 9.957500457763672, 9.28849983215332, 10.420100212097168, 9.872900009155273, 9.940500259399414, 9.601699829101562, 9.311599731445312, 9.496399879455566, 9.187899589538574, 9.300800323486328, 8.995100021362305, 9.263799667358398, 9.039400100708008, 9.718700408935547, 9.48169994354248, 11.870200157165527, 9.69159984588623, 9.871000289916992, 9.843299865722656, 9.404899597167969]]"
