item_id,start,freq,target
T92,2015-01-11 00:00:00,W-SUN,"[[6.356500148773193, 5.969600200653076, 6.717700004577637, 6.754899978637695, 6.729000091552734, 6.73799991607666, 6.310100078582764, 6.923900127410889, 6.931000232696533, 6.881199836730957, 7.362800121307373, 6.911799907684326, 7.12470006942749, 7.0416998863220215, 6.983500003814697, 7.351799964904785, 7.089300155639648, 6.994100093841553, 6.100800037384033, 9.304800033569336, 11.23900032043457, 10.833800315856934, 11.30109977722168, 11.295700073242188, 9.640999794006348, 11.112500190734863, 11.075400352478027, 10.797100067138672, 10.678899765014648, 10.839699745178223, 4.687600135803223, 5.019100189208984, 4.986700057983398, 4.817599773406982, 6.035999774932861, 5.459799766540527, 5.5883002281188965, 4.881199836730957, 4.422299861907959, 9.26930046081543, 10.173700332641602, 9.110400199890137, 6.448999881744385, 5.569300174713135, 5.083399772644043, 4.9969000816345215, 5.569900035858154, 5.6697001457214355, 5.680600166320801, 3.5327000617980957, 4.795000076293945, 5.457699775695801, 5.765600204467773, 5.329400062561035, 5.654399871826172, 4.412700176239014, 5.027200222015381, 4.7982001304626465, 4.2866997718811035, 5.951700210571289, 6.4791998863220215, 6.931700229644775, 7.024600028991699, 6.945300102233887, 6.924900054931641, 7.185699939727783, 7.1269001960754395, 7.018700122833252, 7.047599792480469, 6.9197001457214355, 6.752200126647949, 5.91540002822876, 6.01039981842041, 5.822999954223633, 5.293900012969971, 5.313799858093262, 5.723299980163574, 5.809100151062012, 5.728000164031982, 5.561699867248535, 5.557799816131592, 4.758500099182129, 5.901299953460693, 6.814899921417236, 6.4359002113342285, 5.958000183105469, 9.851900100708008, 8.530699729919434, 7.981299877166748, 4.756199836730957]]"
