item_id,start,freq,target
T491,2015-01-04 00:00:00,W-SUN,"[[8.78600025177002, 8.133299827575684, 5.7480998039245605, 8.532299995422363, 8.550600051879883, 5.32859992980957, 7.71619987487793, 5.900100231170654, 8.636199951171875, 9.192500114440918, 10.41919994354248, 11.02280044555664, 9.745699882507324, 9.471699714660645, 11.304100036621094, 5.134399890899658, 11.06089973449707, 10.960000038146973, 13.178099632263184, 11.339400291442871, 12.30679988861084, 10.857500076293945, 10.36970043182373, 10.735199928283691, 10.662699699401855, 9.14780044555664, 10.472900390625, 11.033900260925293, 9.459699630737305, 10.451499938964844, 9.908900260925293, 9.606900215148926, 10.630599975585938, 8.325499534606934, 10.224900245666504, 10.795700073242188, 11.708100318908691, 5.542900085449219, 11.796699523925781, 11.568900108337402, 12.233200073242188, 12.193499565124512, 11.38949966430664, 9.026300430297852, 8.271900177001953, 8.206399917602539, 6.446300029754639, 4.594099998474121, 8.445799827575684, 7.944200038909912, 5.463200092315674, 7.214700222015381, 9.166799545288086, 8.366700172424316, 8.05739974975586, 7.961599826812744, 9.132399559020996, 5.07859992980957, 9.324199676513672, 7.123600006103516, 7.323999881744385, 7.48199987411499, 7.8292999267578125, 7.125199794769287, 7.073599815368652, 7.75029993057251, 7.8831000328063965, 8.411700248718262, 8.077500343322754, 7.608500003814697, 8.036399841308594, 7.964000225067139, 9.443300247192383, 10.142200469970703, 8.393600463867188, 8.824799537658691, 9.07800006866455, 7.373499870300293, 8.52810001373291, 7.757999897003174, 8.182299613952637, 8.832300186157227, 7.5472002029418945, 9.774100303649902, 10.419400215148926, 10.538999557495117, 8.665800094604492, 8.956199645996094, 11.152400016784668, 9.908300399780273]]"
