item_id,start,freq,target
T808,2015-01-25 00:00:00,W-SUN,"[[8.664199829101562, 8.54740047454834, 8.773799896240234, 9.523300170898438, 7.932199954986572, 9.460100173950195, 9.502300262451172, 9.731499671936035, 9.753899574279785, 9.88129997253418, 9.954899787902832, 9.700400352478027, 9.59529972076416, 10.608699798583984, 10.103699684143066, 9.694999694824219, 10.954000473022461, 9.891200065612793, 11.100600242614746, 12.440099716186523, 12.215900421142578, 13.265199661254883, 13.160499572753906, 11.42770004272461, 12.077099800109863, 13.000499725341797, 12.474599838256836, 12.077400207519531, 12.949299812316895, 12.62969970703125, 11.561599731445312, 12.43019962310791, 10.533699989318848, 10.572099685668945, 10.692000389099121, 10.750300407409668, 10.423399925231934, 11.048999786376953, 10.993499755859375, 9.76509952545166, 9.864999771118164, 9.686599731445312, 10.14840030670166, 11.546299934387207, 9.70829963684082, 9.338500022888184, 10.332200050354004, 11.579500198364258, 11.28439998626709, 9.604599952697754, 9.893600463867188, 9.23270034790039, 9.935999870300293, 9.361200332641602, 9.587599754333496, 9.664400100708008, 9.618399620056152, 9.113499641418457, 9.481100082397461, 10.40880012512207, 10.579899787902832, 11.715900421142578, 9.919599533081055, 10.469799995422363, 9.814800262451172, 9.946000099182129, 10.506799697875977, 10.235699653625488, 10.506099700927734, 11.822600364685059, 10.386300086975098, 12.715200424194336, 13.516300201416016, 12.463800430297852, 13.902099609375, 16.828100204467773, 12.677599906921387, 15.635499954223633, 13.503700256347656, 13.003000259399414, 13.003999710083008, 12.229499816894531, 10.521599769592285, 12.342599868774414, 11.67199993133545, 17.317800521850586, 13.86400032043457, 10.36299991607666, 10.58650016784668, 9.790499687194824]]"
