item_id,start,freq,target
T524,2015-01-25 00:00:00,W-SUN,"[[12.7608003616333, 11.39840030670166, 12.908300399780273, 14.886199951171875, 11.896499633789062, 13.435600280761719, 13.68239974975586, 13.007100105285645, 13.871899604797363, 12.19849967956543, 13.261099815368652, 13.662400245666504, 13.271599769592285, 12.875300407409668, 13.207099914550781, 13.442700386047363, 12.311800003051758, 13.29640007019043, 13.055000305175781, 13.557999610900879, 13.637299537658691, 13.524200439453125, 12.465299606323242, 13.413399696350098, 13.696399688720703, 13.49489974975586, 13.805299758911133, 13.565699577331543, 13.494000434875488, 13.947099685668945, 14.202400207519531, 13.634400367736816, 14.185700416564941, 14.574999809265137, 13.982099533081055, 13.992600440979004, 13.4375, 14.151599884033203, 14.33530044555664, 14.679800033569336, 13.27750015258789, 14.435400009155273, 14.982600212097168, 11.622599601745605, 13.900500297546387, 14.262200355529785, 14.309700012207031, 12.112899780273438, 11.646100044250488, 13.572699546813965, 12.984000205993652, 14.616299629211426, 13.717399597167969, 13.917400360107422, 14.589500427246094, 14.44260025024414, 14.717399597167969, 14.563300132751465, 14.448200225830078, 14.171299934387207, 16.517900466918945, 14.242199897766113, 13.736300468444824, 14.539799690246582, 9.717499732971191, 14.35990047454834, 14.354599952697754, 14.297800064086914, 13.121800422668457, 13.168800354003906, 13.779600143432617, 13.856200218200684, 13.403900146484375, 14.112600326538086, 12.738300323486328, 12.760499954223633, 13.491600036621094, 13.145299911499023, 13.588000297546387, 13.638799667358398, 14.437299728393555, 13.733799934387207, 12.277199745178223, 12.382399559020996, 13.286199569702148, 13.167900085449219, 12.96049976348877, 12.73169994354248, 13.265199661254883, 12.157699584960938]]"
