item_id,start,freq,target
T696,2015-02-01 00:00:00,W-SUN,"[[11.267900466918945, 8.538999557495117, 10.30270004272461, 8.91670036315918, 12.336400032043457, 12.173800468444824, 9.951199531555176, 12.643600463867188, 12.04889965057373, 12.665300369262695, 12.405799865722656, 10.730999946594238, 20.163000106811523, 20.40959930419922, 15.409199714660645, 14.973699569702148, 14.609700202941895, 14.21660041809082, 15.06029987335205, 13.258600234985352, 15.223999977111816, 15.036399841308594, 15.764599800109863, 15.639399528503418, 14.80519962310791, 16.392499923706055, 14.661399841308594, 13.746899604797363, 9.628100395202637, 5.73330020904541, 5.73330020904541, 5.73330020904541, 13.661299705505371, 9.602999687194824, 15.041500091552734, 17.094999313354492, 21.54360008239746, 15.772899627685547, 15.622599601745605, 20.334299087524414, 19.948200225830078, 21.32270050048828, 20.817899703979492, 12.54740047454834, 20.28380012512207, 18.41189956665039, 17.472299575805664, 19.24810028076172, 19.73859977722168, 18.443099975585938, 17.99679946899414, 18.462499618530273, 20.179100036621094, 13.947699546813965, 19.346500396728516, 8.902299880981445, 19.318300247192383, 19.849899291992188, 20.883399963378906, 21.577299118041992, 19.86639976501465, 20.727699279785156, 20.50149917602539, 21.15250015258789, 20.595399856567383, 21.322099685668945, 21.6481990814209, 21.54829978942871, 22.03030014038086, 22.077299118041992, 22.473600387573242, 13.750399589538574, 10.406999588012695, 9.396400451660156, 20.711200714111328, 19.748899459838867, 18.962400436401367, 16.65519905090332, 12.65369987487793, 14.152000427246094, 12.3725004196167, 11.691300392150879, 11.47439956665039, 12.416500091552734, 13.815799713134766, 13.250900268554688, 13.115799903869629, 12.818900108337402, 11.129899978637695, 12.253299713134766]]"
