item_id,start,freq,target
T387,2015-01-04 00:00:00,W-SUN,"[[7.444499969482422, 7.0553998947143555, 7.054100036621094, 7.3242998123168945, 7.5071001052856445, 7.236000061035156, 7.5177998542785645, 6.731400012969971, 7.570000171661377, 7.521299839019775, 7.9633002281188965, 7.252500057220459, 7.338399887084961, 7.635300159454346, 7.861400127410889, 7.687099933624268, 7.554500102996826, 7.547500133514404, 7.683599948883057, 7.13640022277832, 7.852700233459473, 7.277900218963623, 7.33620023727417, 7.385000228881836, 7.449900150299072, 6.859600067138672, 7.9730000495910645, 7.774799823760986, 7.293700218200684, 7.531199932098389, 7.464200019836426, 7.487299919128418, 7.629899978637695, 7.392899990081787, 7.326900005340576, 6.557600021362305, 7.489200115203857, 8.002599716186523, 7.783699989318848, 7.223299980163574, 7.515699863433838, 7.552599906921387, 7.891499996185303, 7.5524001121521, 7.606200218200684, 7.5278000831604, 6.7204999923706055, 7.737500190734863, 8.199000358581543, 7.657700061798096, 5.235899925231934, 7.620999813079834, 7.5991997718811035, 7.964600086212158, 8.006099700927734, 7.037099838256836, 7.84660005569458, 7.774099826812744, 8.08329963684082, 6.849699974060059, 7.7932000160217285, 7.47730016708374, 7.613500118255615, 6.9156999588012695, 7.595699787139893, 7.8354997634887695, 7.953199863433838, 8.147600173950195, 7.837299823760986, 8.06879997253418, 8.005499839782715, 8.255800247192383, 7.279399871826172, 7.871500015258789, 7.78000020980835, 7.968699932098389, 7.122399806976318, 6.7754998207092285, 7.933199882507324, 7.820300102233887, 7.168000221252441, 7.542300224304199, 7.534900188446045, 7.948299884796143, 7.038099765777588, 7.9095001220703125, 7.2179999351501465, 8.255900382995605, 7.93209981918335, 7.768599987030029]]"
