item_id,start,freq,target
T258,2015-01-04 00:00:00,W-SUN,"[[7.901000022888184, 6.647200107574463, 7.3480000495910645, 7.899799823760986, 7.732900142669678, 7.727099895477295, 7.811800003051758, 7.030900001525879, 8.095100402832031, 8.252799987792969, 8.291099548339844, 8.652700424194336, 8.343199729919434, 8.42770004272461, 9.006699562072754, 8.80210018157959, 8.996700286865234, 9.031299591064453, 8.908100128173828, 8.633299827575684, 8.721400260925293, 8.941900253295898, 8.716400146484375, 8.405400276184082, 7.564700126647949, 7.969200134277344, 7.767000198364258, 8.125399589538574, 8.038200378417969, 8.438899993896484, 8.371600151062012, 8.230799674987793, 8.523900032043457, 8.656299591064453, 8.391300201416016, 8.697999954223633, 8.797699928283691, 8.179400444030762, 8.701499938964844, 8.466699600219727, 8.623499870300293, 8.600700378417969, 8.657999992370605, 8.406200408935547, 8.70419979095459, 8.395899772644043, 7.821899890899658, 7.956299781799316, 8.688199996948242, 8.524399757385254, 7.226900100708008, 7.716700077056885, 8.204500198364258, 8.215900421142578, 8.288000106811523, 8.46310043334961, 8.745400428771973, 8.091099739074707, 8.604900360107422, 8.476099967956543, 8.272199630737305, 8.441300392150879, 8.253499984741211, 8.583999633789062, 8.456299781799316, 8.694499969482422, 9.015800476074219, 8.990300178527832, 8.939900398254395, 8.950799942016602, 9.210100173950195, 9.018199920654297, 8.680399894714355, 9.225700378417969, 8.994099617004395, 8.928899765014648, 8.836000442504883, 8.323599815368652, 8.85669994354248, 8.87600040435791, 8.943900108337402, 8.840299606323242, 8.770099639892578, 8.7475004196167, 9.134099960327148, 9.11989974975586, 8.728300094604492, 9.122599601745605, 9.377300262451172, 9.442000389099121]]"
