item_id,start,freq,target
T119,2015-01-18 00:00:00,W-SUN,"[[6.06279993057251, 6.031300067901611, 6.008999824523926, 5.940299987792969, 6.0346999168396, 5.642399787902832, 6.368800163269043, 6.778500080108643, 6.481500148773193, 6.445400238037109, 6.335700035095215, 6.568299770355225, 6.53249979019165, 6.508900165557861, 6.533400058746338, 6.5903000831604, 6.639800071716309, 6.499899864196777, 6.571400165557861, 6.609300136566162, 6.605800151824951, 6.677599906921387, 6.577899932861328, 6.317399978637695, 6.648099899291992, 7.397600173950195, 6.656000137329102, 6.730299949645996, 6.632199764251709, 6.6605000495910645, 6.686200141906738, 6.533100128173828, 6.207099914550781, 6.565199851989746, 6.545000076293945, 6.474599838256836, 6.701000213623047, 6.32889986038208, 6.501699924468994, 6.396900177001953, 6.351900100708008, 6.3831000328063965, 6.379700183868408, 6.460700035095215, 5.835899829864502, 6.384099960327148, 6.634500026702881, 6.46999979019165, 5.635200023651123, 5.77209997177124, 6.2434000968933105, 6.303299903869629, 6.803999900817871, 6.349299907684326, 6.400700092315674, 6.3429999351501465, 6.4197998046875, 6.442699909210205, 6.239999771118164, 6.262700080871582, 6.002099990844727, 6.539400100708008, 6.6921000480651855, 6.520299911499023, 6.513800144195557, 6.537499904632568, 6.659200191497803, 6.552599906921387, 6.61269998550415, 6.4934000968933105, 6.327700138092041, 6.656599998474121, 6.637400150299072, 6.588699817657471, 6.507599830627441, 6.28439998626709, 6.4481000900268555, 6.616700172424316, 6.579599857330322, 6.50600004196167, 6.674200057983398, 6.5467000007629395, 6.573999881744385, 6.461299896240234, 5.991700172424316, 6.478700160980225, 6.514599800109863, 6.584700107574463, 6.2845001220703125, 6.5]]"
