item_id,start,freq,target
T265,2015-01-04 00:00:00,W-SUN,"[[7.60860013961792, 9.066800117492676, 10.908499717712402, 7.997399806976318, 9.200900077819824, 10.263899803161621, 10.981599807739258, 11.69890022277832, 10.911199569702148, 12.179699897766113, 12.662799835205078, 11.528900146484375, 13.416399955749512, 12.104399681091309, 12.399700164794922, 13.315199851989746, 9.66759967803955, 12.706999778747559, 14.499899864196777, 12.552200317382812, 12.627900123596191, 12.24530029296875, 14.02869987487793, 12.365300178527832, 13.102999687194824, 13.122200012207031, 10.554800033569336, 12.813199996948242, 12.715299606323242, 13.128399848937988, 13.527899742126465, 12.249199867248535, 13.64579963684082, 13.233599662780762, 11.064000129699707, 12.354000091552734, 13.192000389099121, 13.986800193786621, 13.013199806213379, 13.266300201416016, 13.382499694824219, 13.590900421142578, 13.242199897766113, 13.688599586486816, 13.183799743652344, 13.923700332641602, 13.487000465393066, 9.454999923706055, 12.685500144958496, 11.708399772644043, 12.670700073242188, 9.011899948120117, 10.602499961853027, 12.246199607849121, 12.150300025939941, 13.217599868774414, 12.957500457763672, 12.931099891662598, 13.626700401306152, 13.329400062561035, 13.194600105285645, 11.602499961853027, 11.548399925231934, 11.910200119018555, 12.600600242614746, 12.082500457763672, 13.245100021362305, 13.197999954223633, 14.139300346374512, 13.518899917602539, 14.028300285339355, 13.160499572753906, 14.023799896240234, 13.812199592590332, 14.767000198364258, 13.265399932861328, 14.748000144958496, 14.717499732971191, 11.136699676513672, 12.709699630737305, 10.409600257873535, 12.290499687194824, 13.072500228881836, 13.230199813842773, 13.773200035095215, 13.946000099182129, 13.520000457763672, 10.959199905395508, 13.182600021362305, 15.261099815368652]]"
