item_id,start,freq,target
T316,2015-01-18 00:00:00,W-SUN,"[[7.338500022888184, 8.131099700927734, 7.738100051879883, 7.0609002113342285, 7.947400093078613, 7.638700008392334, 8.762399673461914, 8.661100387573242, 7.7221999168396, 7.41949987411499, 7.366799831390381, 7.123199939727783, 7.554599761962891, 7.689499855041504, 8.425200462341309, 8.030900001525879, 7.041100025177002, 6.720399856567383, 7.445400238037109, 8.458700180053711, 7.3292999267578125, 7.921999931335449, 8.831899642944336, 6.176000118255615, 8.138799667358398, 7.66349983215332, 7.745100021362305, 7.148099899291992, 6.642099857330322, 8.035099983215332, 9.037799835205078, 8.523900032043457, 8.50510025024414, 10.5246000289917, 11.662300109863281, 10.085100173950195, 9.622099876403809, 8.22719955444336, 8.97599983215332, 8.18019962310791, 9.121100425720215, 8.258399963378906, 9.140999794006348, 6.810999870300293, 6.513000011444092, 6.753900051116943, 8.364899635314941, 6.719600200653076, 5.539100170135498, 6.815400123596191, 6.891499996185303, 6.651199817657471, 5.7027997970581055, 5.511099815368652, 7.851600170135498, 6.843800067901611, 7.5782999992370605, 8.81719970703125, 7.683599948883057, 7.9095001220703125, 8.272299766540527, 6.820099830627441, 7.47730016708374, 7.047500133514404, 8.85830020904541, 9.23289966583252, 8.489800453186035, 8.490699768066406, 9.738300323486328, 7.909200191497803, 7.998499870300293, 7.377900123596191, 7.360300064086914, 8.27079963684082, 8.775699615478516, 6.44350004196167, 7.524499893188477, 7.992099761962891, 7.7947998046875, 7.757500171661377, 6.522299766540527, 6.907899856567383, 8.049200057983398, 9.177200317382812, 8.272700309753418, 9.594799995422363, 9.924200057983398, 11.118000030517578, 8.83180046081543, 9.181300163269043]]"
