item_id,start,freq,target
T62,2015-01-04 00:00:00,W-SUN,"[[7.037499904632568, 8.527199745178223, 6.85230016708374, 8.04520034790039, 9.600099563598633, 8.828900337219238, 8.550399780273438, 8.811300277709961, 8.43280029296875, 9.717100143432617, 9.390700340270996, 10.07450008392334, 9.015800476074219, 8.916199684143066, 8.213500022888184, 9.031599998474121, 9.895999908447266, 9.996500015258789, 9.446900367736816, 9.280099868774414, 9.358699798583984, 9.565799713134766, 10.04800033569336, 9.330900192260742, 9.79419994354248, 9.189499855041504, 9.047300338745117, 9.062000274658203, 10.093199729919434, 8.694600105285645, 8.505999565124512, 8.798600196838379, 8.487000465393066, 10.265800476074219, 10.596500396728516, 9.898599624633789, 11.233599662780762, 11.213199615478516, 10.11299991607666, 10.451299667358398, 9.999699592590332, 10.213000297546387, 10.194700241088867, 11.380499839782715, 9.703800201416016, 10.48639965057373, 10.077699661254883, 9.520899772644043, 9.689900398254395, 10.446599960327148, 8.832500457763672, 7.15500020980835, 8.298100471496582, 9.055999755859375, 9.060400009155273, 9.575599670410156, 9.85099983215332, 9.256500244140625, 9.826899528503418, 9.638899803161621, 10.093099594116211, 9.699000358581543, 8.54889965057373, 9.144700050354004, 8.920999526977539, 9.302800178527832, 8.282999992370605, 9.178099632263184, 9.319999694824219, 10.144200325012207, 10.150500297546387, 10.46049976348877, 10.056099891662598, 9.384099960327148, 10.121399879455566, 9.06719970703125, 9.022899627685547, 9.030400276184082, 8.035300254821777, 9.285300254821777, 8.55620002746582, 8.053799629211426, 8.979000091552734, 8.56410026550293, 9.383600234985352, 10.340399742126465, 10.49530029296875, 8.734399795532227, 10.608599662780762, 10.9266996383667]]"
