item_id,start,freq,target
T465,2015-01-25 00:00:00,W-SUN,"[[9.371899604797363, 10.226300239562988, 9.056900024414062, 9.40999984741211, 8.63479995727539, 9.723899841308594, 9.775899887084961, 9.516200065612793, 9.172800064086914, 9.120699882507324, 9.78279972076416, 10.349499702453613, 9.57979965209961, 9.918299674987793, 9.946900367736816, 9.688799858093262, 9.239700317382812, 9.748900413513184, 11.169400215148926, 10.034799575805664, 9.189900398254395, 7.921800136566162, 9.225299835205078, 8.924799919128418, 9.988900184631348, 9.83899974822998, 9.323699951171875, 7.6890997886657715, 8.413900375366211, 9.08180046081543, 9.78950023651123, 8.834799766540527, 9.406299591064453, 9.699000358581543, 9.197699546813965, 7.404799938201904, 9.070099830627441, 8.529999732971191, 8.855400085449219, 9.004799842834473, 8.601400375366211, 9.075499534606934, 8.420900344848633, 7.644199848175049, 8.957099914550781, 8.966500282287598, 8.875900268554688, 6.993100166320801, 8.232500076293945, 8.878499984741211, 9.232799530029297, 9.326700210571289, 9.256199836730957, 9.18019962310791, 9.518400192260742, 9.242899894714355, 9.449600219726562, 9.645099639892578, 8.878800392150879, 8.270000457763672, 8.811599731445312, 8.41100025177002, 8.804900169372559, 8.858699798583984, 9.130499839782715, 8.733799934387207, 9.00469970703125, 9.081500053405762, 9.0, 8.64579963684082, 9.443599700927734, 8.9753999710083, 8.909700393676758, 8.915499687194824, 8.104599952697754, 9.120200157165527, 9.400899887084961, 9.194299697875977, 9.552900314331055, 8.790300369262695, 9.355899810791016, 9.162799835205078, 9.178299903869629, 8.24269962310791, 8.875, 9.458800315856934, 9.120699882507324, 8.836899757385254, 9.114299774169922, 9.082900047302246]]"
