item_id,start,freq,target
T512,2015-01-04 00:00:00,W-SUN,"[[6.22629976272583, 6.385900020599365, 6.355999946594238, 6.33519983291626, 6.167900085449219, 6.4629998207092285, 6.446700096130371, 5.781700134277344, 6.6890997886657715, 6.683199882507324, 6.7957000732421875, 6.927499771118164, 6.844399929046631, 6.825500011444092, 7.257800102233887, 6.867300033569336, 6.8043999671936035, 6.804299831390381, 6.810100078582764, 6.751399993896484, 6.989699840545654, 7.256199836730957, 7.251500129699707, 7.684299945831299, 7.329400062561035, 7.389400005340576, 7.303100109100342, 7.363399982452393, 7.395999908447266, 7.6641998291015625, 7.466300010681152, 7.419300079345703, 7.436999797821045, 7.027100086212158, 7.2906999588012695, 7.27839994430542, 7.520299911499023, 7.102799892425537, 7.496300220489502, 7.045100212097168, 7.394100189208984, 7.293600082397461, 6.942200183868408, 6.799499988555908, 6.684999942779541, 7.9319000244140625, 6.718200206756592, 6.801400184631348, 6.61870002746582, 7.059599876403809, 6.945300102233887, 6.422599792480469, 6.636499881744385, 6.885499954223633, 6.642099857330322, 6.014500141143799, 6.875800132751465, 6.799499988555908, 7.488900184631348, 7.029699802398682, 6.51140022277832, 6.68120002746582, 7.4079999923706055, 7.385900020599365, 7.622600078582764, 7.136000156402588, 7.197400093078613, 7.133699893951416, 7.071100234985352, 7.247000217437744, 7.370800018310547, 7.343800067901611, 7.30810022354126, 7.305200099945068, 7.61359977722168, 7.564199924468994, 7.851500034332275, 7.30709981918335, 7.543900012969971, 7.770500183105469, 7.037499904632568, 7.7332000732421875, 8.049200057983398, 7.776800155639648, 8.589200019836426, 7.607100009918213, 7.616499900817871, 7.3592000007629395, 7.450200080871582, 7.270100116729736]]"
