item_id,start,freq,target
T261,2015-02-08 00:00:00,W-SUN,"[[8.80150032043457, 8.919099807739258, 8.083700180053711, 8.979299545288086, 8.972900390625, 9.262100219726562, 9.40470027923584, 8.918000221252441, 9.248499870300293, 9.37559986114502, 9.213399887084961, 9.3100004196167, 9.109000205993652, 9.193099975585938, 8.624600410461426, 9.335700035095215, 9.499699592590332, 9.698200225830078, 9.798100471496582, 9.671799659729004, 8.765600204467773, 9.399299621582031, 13.161600112915039, 9.86240005493164, 9.716400146484375, 9.487000465393066, 9.305100440979004, 9.292699813842773, 9.094799995422363, 9.050600051879883, 9.6072998046875, 11.353400230407715, 9.254599571228027, 9.41450023651123, 9.292699813842773, 9.450699806213379, 9.263999938964844, 8.967599868774414, 9.18589973449707, 9.19379997253418, 9.255900382995605, 8.287799835205078, 9.292499542236328, 9.777199745178223, 10.211199760437012, 7.6194000244140625, 7.599599838256836, 8.928899765014648, 8.000200271606445, 9.665499687194824, 9.736200332641602, 10.169899940490723, 7.731200218200684, 9.175200462341309, 9.190299987792969, 8.99839973449707, 9.331299781799316, 9.698699951171875, 9.951899528503418, 9.569199562072754, 9.19950008392334, 9.662400245666504, 9.71150016784668, 10.754400253295898, 10.2568998336792, 10.386500358581543, 10.800100326538086, 9.567399978637695, 10.538299560546875, 10.731800079345703, 10.637399673461914, 10.66100025177002, 9.115500450134277, 10.505499839782715, 10.567000389099121, 10.218299865722656, 10.169599533081055, 10.227700233459473, 10.259200096130371, 9.961899757385254, 9.976799964904785, 8.991299629211426, 10.165800094604492, 10.022000312805176, 9.98900032043457, 9.85890007019043, 9.77560043334961, 9.517399787902832, 9.784500122070312, 9.361800193786621]]"
