item_id,start,freq,target
T15,2015-01-18 00:00:00,W-SUN,"[[10.51159954071045, 15.124899864196777, 15.195799827575684, 13.471199989318848, 16.207700729370117, 15.00629997253418, 16.739999771118164, 16.64539909362793, 17.064199447631836, 16.48590087890625, 16.614700317382812, 16.207000732421875, 16.446399688720703, 16.00510025024414, 16.21299934387207, 17.100900650024414, 16.32200050354004, 15.57979965209961, 16.25790023803711, 17.38479995727539, 17.07379913330078, 16.24169921875, 16.51099967956543, 14.303899765014648, 15.910099983215332, 16.89299964904785, 16.856700897216797, 18.45789909362793, 16.653799057006836, 17.6382999420166, 17.5575008392334, 17.328500747680664, 16.658599853515625, 17.532800674438477, 17.662200927734375, 17.708200454711914, 17.20989990234375, 17.31450080871582, 18.121200561523438, 17.970199584960938, 17.138999938964844, 16.52989959716797, 17.86240005493164, 17.166200637817383, 13.286100387573242, 16.912200927734375, 17.521699905395508, 18.49570083618164, 13.449600219726562, 12.421199798583984, 15.45359992980957, 16.17650032043457, 16.11389923095703, 17.49169921875, 15.11340045928955, 17.30299949645996, 17.98710060119629, 17.19059944152832, 16.86680030822754, 17.379199981689453, 17.12579917907715, 17.565500259399414, 17.1875, 16.700700759887695, 17.85099983215332, 17.572099685668945, 17.385299682617188, 17.82939910888672, 18.012800216674805, 18.433900833129883, 17.580299377441406, 18.235700607299805, 18.846599578857422, 17.609899520874023, 17.61829948425293, 15.776700019836426, 17.64929962158203, 17.967100143432617, 18.51180076599121, 18.657100677490234, 18.18790054321289, 18.513599395751953, 19.48509979248047, 18.76740074157715, 15.76099967956543, 18.526100158691406, 19.06130027770996, 18.596099853515625, 18.47640037536621, 19.212900161743164]]"
