item_id,start,freq,target
T219,2015-01-18 00:00:00,W-SUN,"[[7.044600009918213, 8.132100105285645, 6.65749979019165, 7.344399929046631, 7.272799968719482, 6.776500225067139, 5.74370002746582, 5.837500095367432, 5.989699840545654, 5.0868000984191895, 5.860599994659424, 5.927299976348877, 5.831699848175049, 5.922999858856201, 6.6620001792907715, 8.244799613952637, 9.847599983215332, 9.936100006103516, 9.974599838256836, 10.110699653625488, 3.810499906539917, 3.889899969100952, 3.889899969100952, 3.889899969100952, 3.889899969100952, 3.889899969100952, 3.9196999073028564, 9.504400253295898, 9.091699600219727, 8.612600326538086, 9.469200134277344, 7.210100173950195, 8.286299705505371, 8.774100303649902, 9.27280044555664, 6.02810001373291, 9.133700370788574, 8.512800216674805, 8.9306001663208, 9.174400329589844, 8.85990047454834, 8.981499671936035, 8.876299858093262, 8.806900024414062, 8.6274995803833, 6.135300159454346, 8.61299991607666, 7.224699974060059, 8.405400276184082, 8.052200317382812, 8.331199645996094, 8.176799774169922, 6.76140022277832, 7.200699806213379, 7.761000156402588, 7.350900173187256, 7.457799911499023, 7.468500137329102, 6.844600200653076, 7.186600208282471, 7.007199764251709, 7.759300231933594, 7.095600128173828, 8.84689998626709, 8.905900001525879, 8.950300216674805, 8.441399574279785, 8.980299949645996, 9.103099822998047, 8.901200294494629, 7.914999961853027, 7.932799816131592, 8.232000350952148, 8.204000473022461, 8.135899543762207, 7.752500057220459, 7.899499893188477, 7.9222002029418945, 7.588099956512451, 7.920400142669678, 8.713399887084961, 9.815600395202637, 9.148900032043457, 9.225299835205078, 7.614799976348877, 7.708499908447266, 7.9558000564575195, 7.864200115203857, 7.668000221252441, 7.828400135040283]]"
