item_id,start,freq,target
T80,2015-01-04 00:00:00,W-SUN,"[[15.187800407409668, 14.353300094604492, 15.391200065612793, 15.629400253295898, 15.33430004119873, 15.104599952697754, 15.888199806213379, 14.588700294494629, 16.491300582885742, 15.801600456237793, 14.850700378417969, 16.25589942932129, 15.815099716186523, 15.48390007019043, 15.079999923706055, 13.692899703979492, 16.93090057373047, 15.31659984588623, 16.291099548339844, 15.261699676513672, 15.850799560546875, 16.809099197387695, 17.433300018310547, 17.09760093688965, 17.446800231933594, 14.623100280761719, 16.353599548339844, 15.719400405883789, 16.130699157714844, 17.19059944152832, 15.74020004272461, 16.94890022277832, 16.06130027770996, 15.348600387573242, 16.54789924621582, 15.801199913024902, 16.1023006439209, 16.245399475097656, 16.117799758911133, 15.976200103759766, 16.32819938659668, 15.466699600219727, 16.262100219726562, 16.377700805664062, 16.41119956970215, 16.861600875854492, 15.012499809265137, 16.14259910583496, 17.445600509643555, 19.26140022277832, 13.840499877929688, 14.186200141906738, 14.815600395202637, 17.442699432373047, 16.643199920654297, 15.404600143432617, 15.606800079345703, 16.03700065612793, 16.551000595092773, 16.53619956970215, 16.441999435424805, 16.440399169921875, 16.80820083618164, 16.999300003051758, 15.637200355529785, 16.12849998474121, 15.801400184631348, 15.096400260925293, 16.900699615478516, 17.309799194335938, 17.7096004486084, 17.32710075378418, 17.33289909362793, 17.84149932861328, 18.871999740600586, 16.491300582885742, 16.545000076293945, 14.512399673461914, 15.909000396728516, 16.572399139404297, 15.625300407409668, 15.923700332641602, 17.003799438476562, 15.998700141906738, 16.891700744628906, 15.717100143432617, 16.082500457763672, 16.01729965209961, 17.316999435424805, 16.695199966430664]]"
