item_id,start,freq,target
T70,2015-01-11 00:00:00,W-SUN,"[[6.5802998542785645, 4.215700149536133, 5.72160005569458, 9.375900268554688, 8.646300315856934, 9.129899978637695, 8.061599731445312, 11.941399574279785, 13.821100234985352, 11.899900436401367, 12.3503999710083, 9.021599769592285, 8.647000312805176, 9.035699844360352, 9.718299865722656, 8.934499740600586, 11.791299819946289, 8.958700180053711, 13.791199684143066, 11.767999649047852, 12.524499893188477, 14.148500442504883, 13.583100318908691, 14.271599769592285, 13.124500274658203, 12.785400390625, 14.704899787902832, 15.183699607849121, 13.996100425720215, 13.719400405883789, 14.720000267028809, 13.654600143432617, 12.975799560546875, 13.75409984588623, 12.356900215148926, 12.606900215148926, 11.79520034790039, 10.802900314331055, 10.263199806213379, 11.116499900817871, 11.14490032196045, 10.520099639892578, 9.956399917602539, 3.889899969100952, 3.889899969100952, 3.889899969100952, 3.889899969100952, 3.889899969100952, 3.889899969100952, 3.889899969100952, 3.889899969100952, 3.889899969100952, 3.889899969100952, 3.889899969100952, 7.1809000968933105, 9.53279972076416, 7.257599830627441, 10.763799667358398, 8.589699745178223, 8.52810001373291, 8.873499870300293, 10.779000282287598, 13.062899589538574, 12.127599716186523, 10.164999961853027, 13.44909954071045, 10.570500373840332, 11.615799903869629, 11.42710018157959, 12.583800315856934, 11.939499855041504, 15.562199592590332, 13.928400039672852, 14.495200157165527, 12.752400398254395, 14.707599639892578, 11.723400115966797, 13.056400299072266, 15.146200180053711, 15.85219955444336, 16.336999893188477, 14.746000289916992, 14.305000305175781, 12.641300201416016, 12.272299766540527, 12.940500259399414, 11.213399887084961, 14.0068998336792, 13.422499656677246, 8.493399620056152]]"
