item_id,start,freq,target
T830,2015-01-25 00:00:00,W-SUN,"[[8.515600204467773, 8.71679973602295, 8.60569953918457, 8.656700134277344, 7.886000156402588, 8.944999694824219, 8.939900398254395, 9.181599617004395, 9.03600025177002, 8.666899681091309, 9.303299903869629, 9.042900085449219, 9.029500007629395, 9.232999801635742, 9.232099533081055, 9.9306001663208, 8.338700294494629, 9.156399726867676, 9.719099998474121, 9.088299751281738, 9.329000473022461, 9.931699752807617, 7.933700084686279, 11.701299667358398, 9.473199844360352, 9.212599754333496, 9.036600112915039, 10.24209976196289, 9.07610034942627, 9.381799697875977, 9.055800437927246, 8.643199920654297, 9.44159984588623, 9.378700256347656, 8.997200012207031, 9.553000450134277, 8.96679973602295, 9.345100402832031, 9.36139965057373, 8.937999725341797, 9.368300437927246, 9.044500350952148, 8.817299842834473, 7.433899879455566, 8.694299697875977, 8.996800422668457, 8.563400268554688, 6.090700149536133, 7.172699928283691, 8.718799591064453, 8.569199562072754, 8.703499794006348, 9.192299842834473, 9.085399627685547, 9.008299827575684, 8.89579963684082, 9.235600471496582, 8.879500389099121, 8.659600257873535, 9.030699729919434, 9.07699966430664, 9.136500358581543, 8.678799629211426, 9.547100067138672, 9.115799903869629, 9.070799827575684, 9.133299827575684, 9.465299606323242, 9.669099807739258, 8.678000450134277, 9.218899726867676, 9.192399978637695, 9.409899711608887, 9.313199996948242, 7.874499797821045, 9.892999649047852, 9.78320026397705, 9.75510025024414, 9.563599586486816, 9.081700325012207, 9.421500205993652, 9.563799858093262, 9.200400352478027, 8.545599937438965, 9.398500442504883, 9.552599906921387, 9.979499816894531, 9.847000122070312, 9.521300315856934, 8.915599822998047]]"
