item_id,start,freq,target
T187,2015-01-11 00:00:00,W-SUN,"[[9.31410026550293, 9.346699714660645, 9.47439956665039, 9.304499626159668, 9.59570026397705, 9.741700172424316, 8.800700187683105, 9.93910026550293, 9.769599914550781, 9.978400230407715, 10.044400215148926, 9.472800254821777, 9.781399726867676, 10.04990005493164, 9.377599716186523, 10.068300247192383, 9.89009952545166, 9.867400169372559, 9.159099578857422, 10.042099952697754, 10.121899604797363, 10.057700157165527, 10.287799835205078, 10.065699577331543, 9.028200149536133, 10.428400039672852, 10.07979965209961, 10.09749984741211, 10.075799942016602, 9.930999755859375, 9.963800430297852, 10.124899864196777, 9.726799964904785, 9.58549976348877, 10.27180004119873, 10.951700210571289, 10.200599670410156, 10.206899642944336, 10.079500198364258, 10.108200073242188, 10.097399711608887, 9.831199645996094, 10.232500076293945, 9.944000244140625, 9.812700271606445, 8.769200325012207, 9.996299743652344, 10.195199966430664, 10.075400352478027, 8.066900253295898, 8.247400283813477, 9.569600105285645, 9.6225004196167, 9.484199523925781, 8.875399589538574, 9.689200401306152, 9.85159969329834, 10.062800407409668, 9.75100040435791, 9.15429973602295, 8.838899612426758, 9.66670036315918, 9.702099800109863, 9.810600280761719, 9.699000358581543, 10.228699684143066, 10.42710018157959, 9.964699745178223, 9.95009994506836, 10.369400024414062, 10.401000022888184, 9.75220012664795, 10.472800254821777, 10.604299545288086, 10.31309986114502, 10.341500282287598, 9.286600112915039, 10.173299789428711, 10.293499946594238, 9.327500343322754, 10.098799705505371, 9.618399620056152, 10.335700035095215, 10.172800064086914, 10.51360034942627, 8.395099639892578, 9.332500457763672, 10.432600021362305, 10.78380012512207, 10.190999984741211]]"
