item_id,start,freq,target
T335,2015-01-18 00:00:00,W-SUN,"[[14.226200103759766, 15.352999687194824, 14.94540023803711, 15.201399803161621, 15.485300064086914, 13.382499694824219, 15.346699714660645, 16.06130027770996, 17.97570037841797, 16.844900131225586, 15.989800453186035, 15.726799964904785, 16.989200592041016, 16.5531005859375, 17.11720085144043, 18.240699768066406, 17.470800399780273, 16.518800735473633, 16.06170082092285, 17.475000381469727, 17.97100067138672, 16.837799072265625, 17.60770034790039, 14.365799903869629, 18.375900268554688, 18.43470001220703, 17.01740074157715, 16.913400650024414, 18.69339942932129, 16.96940040588379, 16.828500747680664, 18.46739959716797, 16.53809928894043, 18.485599517822266, 18.72369956970215, 16.500099182128906, 17.434799194335938, 17.75040054321289, 17.7268009185791, 18.10420036315918, 17.36639976501465, 17.925100326538086, 18.04829978942871, 18.428600311279297, 14.883600234985352, 16.940099716186523, 18.819299697875977, 20.00950050354004, 13.55679988861084, 12.916999816894531, 15.38129997253418, 16.741899490356445, 16.522300720214844, 17.097000122070312, 16.675100326538086, 17.563400268554688, 17.837900161743164, 17.796199798583984, 17.275400161743164, 18.67889976501465, 17.843599319458008, 17.39859962463379, 17.338699340820312, 17.6466007232666, 17.82859992980957, 18.169300079345703, 17.58489990234375, 18.017099380493164, 18.88719940185547, 18.2450008392334, 18.254499435424805, 19.020999908447266, 19.848899841308594, 18.492900848388672, 17.92099952697754, 14.970600128173828, 18.53219985961914, 19.5403995513916, 18.04199981689453, 20.128400802612305, 17.728900909423828, 19.072500228881836, 17.90180015563965, 17.445600509643555, 17.05299949645996, 18.301599502563477, 19.378299713134766, 18.66160011291504, 15.848899841308594, 18.30139923095703]]"
