item_id,start,freq,target
T845,2015-01-18 00:00:00,W-SUN,"[[4.331999778747559, 4.271399974822998, 5.076300144195557, 4.410799980163574, 4.326600074768066, 3.962899923324585, 4.460700035095215, 4.604599952697754, 4.679599761962891, 4.809299945831299, 4.767099857330322, 5.024499893188477, 4.499000072479248, 4.631199836730957, 4.644400119781494, 4.702099800109863, 4.741600036621094, 4.773200035095215, 4.817399978637695, 4.906799793243408, 4.867800235748291, 4.94920015335083, 5.001399993896484, 4.8403000831604, 5.071899890899658, 5.072299957275391, 5.183199882507324, 5.61460018157959, 5.196199893951416, 4.939599990844727, 4.833199977874756, 5.019999980926514, 4.928800106048584, 4.942699909210205, 4.939700126647949, 4.795499801635742, 4.841300010681152, 4.8755998611450195, 5.050899982452393, 4.829400062561035, 4.6417999267578125, 4.6427998542785645, 4.471099853515625, 4.732100009918213, 4.358799934387207, 4.499100208282471, 4.435100078582764, 4.63670015335083, 4.258699893951416, 4.00439977645874, 4.295400142669678, 4.445499897003174, 4.410799980163574, 4.32889986038208, 4.514599800109863, 4.680200099945068, 4.524700164794922, 4.509200096130371, 4.179299831390381, 4.392499923706055, 4.640500068664551, 5.077099800109863, 4.912499904632568, 4.717299938201904, 4.845600128173828, 4.828499794006348, 4.842400074005127, 4.826600074768066, 4.882500171661377, 4.899400234222412, 5.063499927520752, 4.9629998207092285, 5.227499961853027, 5.2281999588012695, 5.229899883270264, 5.191500186920166, 5.494900226593018, 6.327099800109863, 5.2291998863220215, 5.572299957275391, 5.533400058746338, 5.263800144195557, 5.026899814605713, 5.104400157928467, 4.985499858856201, 4.961699962615967, 5.0609002113342285, 5.0524001121521, 4.874100208282471, 4.979300022125244]]"
