item_id,start,freq,target
T14,2015-02-08 00:00:00,W-SUN,"[[6.762700080871582, 6.77239990234375, 6.2204999923706055, 7.342400074005127, 6.97160005569458, 7.053699970245361, 6.910900115966797, 6.66379976272583, 6.934700012207031, 6.948800086975098, 6.8846001625061035, 7.091300010681152, 7.003399848937988, 6.8302001953125, 6.365900039672852, 6.923799991607666, 7.497000217437744, 6.904900074005127, 6.753600120544434, 7.126200199127197, 6.033299922943115, 6.940199851989746, 5.786300182342529, 6.641300201416016, 6.655200004577637, 7.397200107574463, 6.973800182342529, 5.840400218963623, 7.523499965667725, 6.837500095367432, 7.781199932098389, 7.823699951171875, 7.640500068664551, 6.975900173187256, 7.310100078582764, 7.646299839019775, 7.732999801635742, 7.736599922180176, 7.943399906158447, 7.6992998123168945, 7.628200054168701, 6.632299900054932, 7.672999858856201, 8.028300285339355, 7.988500118255615, 5.725100040435791, 6.556300163269043, 7.614299774169922, 7.626100063323975, 7.546800136566162, 7.794899940490723, 7.5767998695373535, 7.618299961090088, 7.909900188446045, 7.704999923706055, 7.684800148010254, 7.700799942016602, 7.9618000984191895, 7.54610013961792, 7.513899803161621, 7.720799922943115, 7.3831000328063965, 7.77869987487793, 8.078499794006348, 8.207900047302246, 8.130999565124512, 8.438599586486816, 7.503399848937988, 7.618299961090088, 7.763800144195557, 7.186699867248535, 7.750699996948242, 7.452400207519531, 7.768899917602539, 7.694300174713135, 7.691999912261963, 7.891200065612793, 7.85699987411499, 7.995299816131592, 8.125, 7.894499778747559, 7.046199798583984, 6.156599998474121, 6.324900150299072, 6.93120002746582, 5.039999961853027, 5.443600177764893, 7.929900169372559, 7.986700057983398, 8.090299606323242]]"
