item_id,start,freq,target
T143,2015-02-08 00:00:00,W-SUN,"[[5.3403000831604, 5.809100151062012, 5.3246002197265625, 5.735499858856201, 5.73330020904541, 5.73330020904541, 5.73330020904541, 5.73330020904541, 5.950699806213379, 5.73330020904541, 5.73330020904541, 5.73330020904541, 5.73330020904541, 5.73330020904541, 5.73330020904541, 5.73330020904541, 5.73330020904541, 5.73330020904541, 5.73330020904541, 5.73330020904541, 5.73330020904541, 5.73330020904541, 5.73330020904541, 5.73330020904541, 5.73330020904541, 5.73330020904541, 5.73330020904541, 5.73330020904541, 5.73330020904541, 5.73330020904541, 6.042699813842773, 6.042699813842773, 6.042699813842773, 6.042699813842773, 6.042699813842773, 5.73330020904541, 5.73330020904541, 5.725399971008301, 5.73330020904541, 5.73330020904541, 5.73330020904541, 5.73330020904541, 5.73330020904541, 5.73330020904541, 5.73330020904541, 5.73330020904541, 5.73330020904541, 5.73330020904541, 5.73330020904541, 5.73330020904541, 7.5777997970581055, 8.34000015258789, 8.074399948120117, 8.384300231933594, 7.921999931335449, 7.382400035858154, 8.485300064086914, 9.69219970703125, 10.524100303649902, 8.915599822998047, 8.592000007629395, 9.863900184631348, 9.542799949645996, 9.615900039672852, 9.219799995422363, 10.956899642944336, 8.808099746704102, 12.597700119018555, 9.372699737548828, 10.053999900817871, 9.373499870300293, 11.02280044555664, 10.23490047454834, 10.67240047454834, 10.81779956817627, 11.205699920654297, 10.73799991607666, 10.442700386047363, 10.748100280761719, 10.464599609375, 10.230500221252441, 9.820899963378906, 9.938400268554688, 10.362600326538086, 10.348099708557129, 6.660299777984619, 9.628299713134766, 9.317700386047363, 8.836199760437012, 8.302399635314941]]"
