item_id,start,freq,target
T7,2015-01-18 00:00:00,W-SUN,"[[10.033300399780273, 9.898200035095215, 9.776200294494629, 9.833999633789062, 10.443900108337402, 9.541600227355957, 10.032999992370605, 10.297499656677246, 10.387800216674805, 11.128499984741211, 10.11769962310791, 10.204000473022461, 10.130399703979492, 7.757999897003174, 10.485600471496582, 9.81350040435791, 10.675100326538086, 9.304800033569336, 10.169599533081055, 10.28969955444336, 10.749699592590332, 10.81149959564209, 10.803799629211426, 9.259499549865723, 10.132200241088867, 10.348600387573242, 9.907099723815918, 10.654199600219727, 10.837699890136719, 10.781399726867676, 11.342599868774414, 9.315699577331543, 9.650099754333496, 10.066100120544434, 10.94379997253418, 10.243300437927246, 11.206100463867188, 10.648900032043457, 10.989399909973145, 11.03030014038086, 11.016300201416016, 9.458999633789062, 10.971400260925293, 11.722100257873535, 8.661800384521484, 10.484999656677246, 10.937700271606445, 11.503899574279785, 8.789999961853027, 7.796899795532227, 10.288100242614746, 9.690400123596191, 10.493499755859375, 9.615599632263184, 10.532400131225586, 10.369999885559082, 11.25409984588623, 10.263500213623047, 9.295700073242188, 9.105299949645996, 10.338700294494629, 10.980400085449219, 10.912699699401855, 10.473099708557129, 10.934200286865234, 11.179200172424316, 11.01200008392334, 10.968299865722656, 11.120100021362305, 11.10569953918457, 10.57800006866455, 11.592100143432617, 12.25570011138916, 11.988200187683105, 11.122200012207031, 10.231100082397461, 11.090299606323242, 11.158900260925293, 10.986000061035156, 10.739899635314941, 11.401100158691406, 11.289999961853027, 11.423600196838379, 11.402899742126465, 10.18649959564209, 11.639800071716309, 12.067500114440918, 11.919400215148926, 12.084699630737305, 11.391799926757812]]"
