item_id,start,freq,target
T231,2015-02-01 00:00:00,W-SUN,"[[12.79520034790039, 13.627099990844727, 15.519399642944336, 13.377300262451172, 15.478300094604492, 14.008999824523926, 14.543700218200684, 13.29640007019043, 13.782299995422363, 13.351499557495117, 13.225799560546875, 13.266300201416016, 13.780900001525879, 14.850700378417969, 14.344799995422363, 13.727299690246582, 13.95680046081543, 15.494999885559082, 16.406600952148438, 14.9552001953125, 15.267999649047852, 11.462499618530273, 15.111100196838379, 14.82699966430664, 14.302300453186035, 15.757100105285645, 14.467300415039062, 12.769700050354004, 16.879600524902344, 15.690400123596191, 14.204400062561035, 16.159900665283203, 16.91010093688965, 13.629500389099121, 16.52519989013672, 15.510600090026855, 17.112899780273438, 16.34600067138672, 15.853099822998047, 15.557499885559082, 16.628700256347656, 16.481399536132812, 10.8503999710083, 13.584199905395508, 15.618399620056152, 16.167800903320312, 9.535200119018555, 8.119600296020508, 11.780900001525879, 12.978899955749512, 13.29010009765625, 14.2475004196167, 15.48550033569336, 14.985400199890137, 16.112600326538086, 15.33899974822998, 14.808899879455566, 15.245499610900879, 15.551300048828125, 15.296600341796875, 15.198100090026855, 14.043000221252441, 16.42099952697754, 15.450499534606934, 14.27340030670166, 15.69890022277832, 16.30579948425293, 16.757999420166016, 14.298199653625488, 16.006799697875977, 16.878299713134766, 15.82349967956543, 14.797300338745117, 12.831000328063965, 14.870200157165527, 15.34060001373291, 16.058000564575195, 16.65180015563965, 14.900699615478516, 15.608499526977539, 17.245399475097656, 16.45490074157715, 14.816800117492676, 16.288999557495117, 17.41510009765625, 16.88159942626953, 16.53019905090332, 17.237699508666992, 16.06719970703125, 16.511199951171875]]"
