item_id,start,freq,target
T416,2015-01-18 00:00:00,W-SUN,"[[7.379000186920166, 8.184800148010254, 8.144499778747559, 6.603000164031982, 7.581200122833252, 6.532599925994873, 7.954599857330322, 8.0733003616333, 8.212599754333496, 8.349699974060059, 8.124300003051758, 8.077099800109863, 8.599800109863281, 9.727399826049805, 9.581999778747559, 9.552800178527832, 9.453399658203125, 9.257499694824219, 9.41919994354248, 9.53499984741211, 9.6427001953125, 9.57759952545166, 9.53439998626709, 9.119199752807617, 9.758700370788574, 9.5733003616333, 9.065600395202637, 9.58899974822998, 9.640899658203125, 8.457300186157227, 9.729000091552734, 9.641200065612793, 9.040599822998047, 9.444100379943848, 9.687199592590332, 7.38539981842041, 9.61400032043457, 8.873100280761719, 9.53339958190918, 9.479900360107422, 9.552800178527832, 9.419699668884277, 9.475500106811523, 9.64780044555664, 8.956700325012207, 7.574100017547607, 9.401300430297852, 9.241000175476074, 8.65999984741211, 8.597900390625, 9.20930004119873, 8.924200057983398, 9.179900169372559, 9.39109992980957, 9.440999984741211, 8.019499778747559, 8.89009952545166, 8.588199615478516, 9.164400100708008, 9.151300430297852, 8.900799751281738, 9.8572998046875, 9.806699752807617, 10.062899589538574, 9.987199783325195, 10.14680004119873, 10.134499549865723, 10.201700210571289, 10.218299865722656, 9.621299743652344, 9.508299827575684, 9.764200210571289, 9.716300010681152, 9.689299583435059, 9.693400382995605, 9.328900337219238, 9.619199752807617, 9.687800407409668, 9.6628999710083, 9.791000366210938, 9.724100112915039, 9.729100227355957, 9.777899742126465, 9.543999671936035, 9.373200416564941, 9.460800170898438, 9.719200134277344, 9.595800399780273, 7.172500133514404, 9.65530014038086]]"
