item_id,start,freq,target
T695,2015-01-25 00:00:00,W-SUN,"[[5.73330020904541, 5.73330020904541, 5.73330020904541, 5.73330020904541, 5.1971001625061035, 5.735499858856201, 5.73330020904541, 5.73330020904541, 5.73330020904541, 5.73330020904541, 5.950699806213379, 5.73330020904541, 5.73330020904541, 5.73330020904541, 5.73330020904541, 5.73330020904541, 5.73330020904541, 5.73330020904541, 5.73330020904541, 5.73330020904541, 5.73330020904541, 5.73330020904541, 5.73330020904541, 5.73330020904541, 5.73330020904541, 5.73330020904541, 5.73330020904541, 5.73330020904541, 5.73330020904541, 5.73330020904541, 5.73330020904541, 5.73330020904541, 5.73330020904541, 5.73330020904541, 5.73330020904541, 5.73330020904541, 5.73330020904541, 5.73330020904541, 5.73330020904541, 5.725399971008301, 6.773799896240234, 6.771200180053711, 7.13640022277832, 7.053899765014648, 6.875400066375732, 6.7546000480651855, 7.057300090789795, 6.6757001876831055, 6.358799934387207, 6.404900074005127, 7.4440999031066895, 6.529200077056885, 6.090000152587891, 6.710000038146973, 6.663700103759766, 6.986999988555908, 6.960000038146973, 6.358699798583984, 6.912099838256836, 7.5233001708984375, 7.991499900817871, 7.4394001960754395, 7.0802001953125, 7.454999923706055, 7.270699977874756, 7.2444000244140625, 7.360000133514404, 7.470799922943115, 7.376500129699707, 7.564000129699707, 7.5142998695373535, 7.747099876403809, 7.595300197601318, 7.606299877166748, 7.341300010681152, 7.184500217437744, 7.768899917602539, 7.916100025177002, 7.353600025177002, 7.809299945831299, 7.454599857330322, 7.760499954223633, 7.198200225830078, 6.842800140380859, 6.851799964904785, 7.357500076293945, 7.2895002365112305, 7.109799861907959, 7.147799968719482, 6.709199905395508]]"
