item_id,start,freq,target
T377,2015-01-18 00:00:00,W-SUN,"[[10.1318998336792, 11.695300102233887, 11.025500297546387, 11.016799926757812, 11.279800415039062, 10.143199920654297, 10.911199569702148, 10.663700103759766, 10.583999633789062, 10.832900047302246, 10.491499900817871, 10.758500099182129, 10.8371000289917, 10.857000350952148, 10.503100395202637, 10.914299964904785, 10.514599800109863, 10.215399742126465, 10.79990005493164, 11.448399543762207, 10.854000091552734, 10.884699821472168, 11.121299743652344, 9.721199989318848, 11.358599662780762, 10.785300254821777, 10.821800231933594, 10.446000099182129, 10.261799812316895, 10.598199844360352, 10.734000205993652, 10.68910026550293, 10.158100128173828, 11.883099555969238, 11.510899543762207, 11.279000282287598, 11.265600204467773, 10.92870044708252, 11.16569995880127, 10.68589973449707, 11.412199974060059, 10.95419979095459, 10.9483003616333, 10.792799949645996, 9.479000091552734, 10.666199684143066, 9.453700065612793, 9.711799621582031, 8.020000457763672, 8.967399597167969, 10.163900375366211, 10.405699729919434, 10.628100395202637, 10.506400108337402, 9.206000328063965, 10.840299606323242, 10.568900108337402, 11.117799758911133, 9.814299583435059, 9.707500457763672, 9.683699607849121, 10.369000434875488, 10.186300277709961, 10.780900001525879, 10.847700119018555, 10.954099655151367, 10.678600311279297, 11.365699768066406, 10.707500457763672, 11.37279987335205, 10.690699577331543, 12.387499809265137, 11.914199829101562, 12.230199813842773, 12.612000465393066, 10.247900009155273, 11.976900100708008, 11.88379955291748, 11.967700004577637, 11.530799865722656, 12.023300170898438, 12.450200080871582, 11.45740032196045, 11.85420036315918, 10.311300277709961, 11.854000091552734, 12.485099792480469, 12.206000328063965, 9.128899574279785, 11.795499801635742]]"
