item_id,start,freq,target
T11,2015-01-11 00:00:00,W-SUN,"[[4.2444000244140625, 7.1539998054504395, 7.638299942016602, 7.578700065612793, 7.30210018157959, 7.536200046539307, 7.012199878692627, 8.133000373840332, 8.086999893188477, 7.373600006103516, 7.438499927520752, 7.204699993133545, 7.2459001541137695, 8.472800254821777, 7.138500213623047, 6.737599849700928, 6.708600044250488, 6.631999969482422, 6.524700164794922, 7.594900131225586, 7.691400051116943, 7.453100204467773, 7.014900207519531, 7.792200088500977, 6.689000129699707, 7.310999870300293, 6.981400012969971, 7.56279993057251, 7.283100128173828, 7.0366997718811035, 7.856100082397461, 7.525100231170654, 7.320400238037109, 7.108699798583984, 7.888599872589111, 7.234000205993652, 7.037600040435791, 7.188000202178955, 6.612400054931641, 7.531700134277344, 6.859499931335449, 6.889200210571289, 6.676599979400635, 7.531799793243408, 7.0945000648498535, 6.051000118255615, 6.514699935913086, 6.996399879455566, 7.197400093078613, 5.4704999923706055, 5.980599880218506, 6.696000099182129, 7.151000022888184, 6.83050012588501, 6.7631001472473145, 7.304800033569336, 6.80620002746582, 7.6940999031066895, 7.231500148773193, 7.120500087738037, 6.751800060272217, 7.165200233459473, 7.109899997711182, 6.770100116729736, 7.535399913787842, 7.903600215911865, 7.791999816894531, 7.670899868011475, 7.716599941253662, 8.005000114440918, 7.468100070953369, 7.35099983215332, 7.399600028991699, 7.792099952697754, 7.680099964141846, 7.65749979019165, 6.30109977722168, 6.7846999168396, 7.8572998046875, 7.446199893951416, 7.0258002281188965, 7.771399974822998, 7.002500057220459, 7.701200008392334, 7.386499881744385, 7.644599914550781, 8.197199821472168, 8.073699951171875, 7.694699764251709, 7.548299789428711]]"
