item_id,start,freq,target
T348,2015-02-08 00:00:00,W-SUN,"[[7.388500213623047, 7.183499813079834, 6.313600063323975, 7.166399955749512, 8.612700462341309, 7.200300216674805, 7.672999858856201, 7.0619001388549805, 7.206399917602539, 8.23289966583252, 7.648499965667725, 7.172900199890137, 7.906499862670898, 7.6803998947143555, 8.837900161743164, 9.831000328063965, 8.925200462341309, 8.462400436401367, 7.828999996185303, 7.833000183105469, 7.008999824523926, 7.898399829864502, 7.765500068664551, 7.462399959564209, 7.792399883270264, 7.69379997253418, 7.515399932861328, 8.001899719238281, 6.913599967956543, 7.228000164031982, 7.897799968719482, 8.126099586486816, 7.008800029754639, 8.044899940490723, 7.84499979019165, 8.249600410461426, 8.187000274658203, 8.253399848937988, 8.327500343322754, 8.290399551391602, 7.817699909210205, 6.366399765014648, 7.042500019073486, 7.995200157165527, 7.684999942779541, 5.993299961090088, 6.13670015335083, 7.250800132751465, 6.8429999351501465, 7.136600017547607, 7.5040998458862305, 7.59119987487793, 6.361700057983398, 7.549300193786621, 7.095600128173828, 7.2133002281188965, 7.3902997970581055, 7.769599914550781, 7.497900009155273, 7.050300121307373, 7.230800151824951, 7.735099792480469, 7.55049991607666, 7.809700012207031, 7.829899787902832, 7.758299827575684, 7.883500099182129, 7.404099941253662, 8.382200241088867, 8.200200080871582, 7.943699836730957, 7.645500183105469, 6.907199859619141, 7.624599933624268, 7.72760009765625, 7.535099983215332, 7.300099849700928, 7.343800067901611, 7.526700019836426, 7.723800182342529, 7.708199977874756, 6.9243998527526855, 7.749800205230713, 8.382800102233887, 8.407099723815918, 6.435699939727783, 8.12909984588623, 7.9593000411987305, 8.192000389099121, 7.606400012969971]]"
