item_id,start,freq,target
T507,2015-01-18 00:00:00,W-SUN,"[[5.292399883270264, 5.475200176239014, 5.417099952697754, 5.43779993057251, 5.649899959564209, 4.9756999015808105, 5.594299793243408, 5.587800025939941, 5.662600040435791, 5.502799987792969, 5.47599983215332, 5.683499813079834, 5.678199768066406, 5.628600120544434, 5.776199817657471, 5.626100063323975, 5.7692999839782715, 5.111400127410889, 5.674200057983398, 5.550000190734863, 5.563700199127197, 5.674900054931641, 5.635900020599365, 5.124899864196777, 5.541900157928467, 5.94920015335083, 5.600500106811523, 5.6107001304626465, 5.509300231933594, 5.589600086212158, 5.7434000968933105, 5.432400226593018, 5.30679988861084, 5.669000148773193, 5.820300102233887, 5.579599857330322, 5.600100040435791, 5.580900192260742, 5.648600101470947, 5.567299842834473, 5.638599872589111, 5.552000045776367, 5.643899917602539, 5.682199954986572, 4.9182000160217285, 5.562699794769287, 5.887899875640869, 5.626800060272217, 4.341400146484375, 4.680699825286865, 5.35129976272583, 6.896100044250488, 5.474899768829346, 5.131400108337402, 5.538700103759766, 5.49370002746582, 5.614200115203857, 5.6778998374938965, 5.559599876403809, 5.754899978637695, 5.645100116729736, 5.563600063323975, 5.728000164031982, 6.461299896240234, 5.78980016708374, 5.830699920654297, 5.87529993057251, 5.751100063323975, 6.227099895477295, 6.0345001220703125, 5.439000129699707, 5.890200138092041, 5.880499839782715, 5.838600158691406, 6.161300182342529, 5.394700050354004, 5.6315999031066895, 5.8744001388549805, 5.525000095367432, 5.736400127410889, 5.959099769592285, 5.938700199127197, 6.051000118255615, 5.897299766540527, 5.847499847412109, 5.960400104522705, 6.195300102233887, 5.987100124359131, 5.97730016708374, 6.0746002197265625]]"
