item_id,start,freq,target
T620,2015-01-25 00:00:00,W-SUN,"[[9.20930004119873, 9.321599960327148, 9.180999755859375, 10.344200134277344, 8.947099685668945, 10.569999694824219, 10.573599815368652, 10.05679988861084, 10.991299629211426, 9.220800399780273, 11.589400291442871, 10.766900062561035, 10.297499656677246, 10.055700302124023, 9.301899909973145, 10.554200172424316, 9.558199882507324, 10.353500366210938, 10.574399948120117, 10.750300407409668, 11.31089973449707, 11.014800071716309, 10.31779956817627, 11.048199653625488, 10.617799758911133, 10.39169979095459, 9.944100379943848, 10.35949993133545, 11.041899681091309, 12.039899826049805, 11.635499954223633, 10.483799934387207, 10.371500015258789, 10.864399909973145, 9.483400344848633, 12.022199630737305, 10.531700134277344, 11.785200119018555, 11.158499717712402, 12.436800003051758, 10.878299713134766, 13.206700325012207, 11.415300369262695, 8.672699928283691, 10.367500305175781, 12.004799842834473, 11.102800369262695, 8.871000289916992, 8.991800308227539, 10.69260025024414, 10.240799903869629, 10.76039981842041, 10.839799880981445, 10.696200370788574, 11.52869987487793, 11.368599891662598, 11.643600463867188, 10.891799926757812, 10.854100227355957, 10.92590045928955, 11.198200225830078, 10.747099876403809, 10.54319953918457, 10.665200233459473, 10.04419994354248, 11.681500434875488, 10.970100402832031, 11.006799697875977, 10.777099609375, 10.572199821472168, 10.993599891662598, 10.759699821472168, 10.648699760437012, 11.080599784851074, 9.900099754333496, 10.44540023803711, 10.276599884033203, 12.262499809265137, 10.670900344848633, 10.963800430297852, 11.150199890136719, 11.74370002746582, 12.336899757385254, 10.850799560546875, 13.532400131225586, 15.287300109863281, 12.438400268554688, 10.87090015411377, 11.310600280761719, 10.5826997756958]]"
