item_id,start,freq,target
T133,2015-01-11 00:00:00,W-SUN,"[[8.805399894714355, 10.86769962310791, 11.9753999710083, 12.09179973602295, 11.833000183105469, 12.381699562072754, 11.452099800109863, 13.710200309753418, 13.297100067138672, 12.188899993896484, 13.397500038146973, 12.682999610900879, 13.208999633789062, 13.376299858093262, 13.10219955444336, 13.670299530029297, 13.302499771118164, 13.351499557495117, 12.291799545288086, 13.305500030517578, 13.642900466918945, 13.986700057983398, 13.777600288391113, 13.396200180053711, 12.171299934387207, 14.046899795532227, 13.616600036621094, 13.102299690246582, 13.784299850463867, 13.477999687194824, 11.535300254821777, 13.609800338745117, 13.526000022888184, 12.980199813842773, 13.493000030517578, 13.953200340270996, 11.932499885559082, 13.694700241088867, 12.885199546813965, 13.536299705505371, 13.321599960327148, 13.666600227355957, 13.33549976348877, 14.249600410461426, 13.932600021362305, 11.958000183105469, 12.084500312805176, 14.295000076293945, 13.755599975585938, 11.111599922180176, 11.095999717712402, 12.93019962310791, 13.305500030517578, 12.713399887084961, 13.824199676513672, 13.527999877929688, 12.057100296020508, 12.787099838256836, 13.252799987792969, 14.34179973602295, 15.45580005645752, 14.776300430297852, 17.693899154663086, 17.052200317382812, 15.339400291442871, 14.028499603271484, 14.360799789428711, 14.68850040435791, 14.861000061035156, 15.043999671936035, 15.531599998474121, 14.447999954223633, 15.419899940490723, 15.576499938964844, 15.210800170898438, 15.268699645996094, 13.682600021362305, 15.02340030670166, 15.238800048828125, 15.607000350952148, 15.33810043334961, 16.026399612426758, 15.229299545288086, 15.562100410461426, 15.225000381469727, 14.314900398254395, 15.24940013885498, 15.994600296020508, 15.79800033569336, 14.563799858093262]]"
