item_id,start,freq,target
T729,2015-02-08 00:00:00,W-SUN,"[[3.1956000328063965, 3.868000030517578, 3.0213000774383545, 3.830199956893921, 4.05049991607666, 4.162399768829346, 3.9818999767303467, 3.6157000064849854, 4.079699993133545, 4.254899978637695, 3.781899929046631, 4.184000015258789, 4.412899971008301, 4.026299953460693, 4.243199825286865, 3.944000005722046, 3.870300054550171, 4.508500099182129, 4.1194000244140625, 4.291399955749512, 3.7697999477386475, 4.0065999031066895, 4.400899887084961, 3.954900026321411, 3.918800115585327, 3.8715999126434326, 4.248899936676025, 3.672600030899048, 3.8647000789642334, 4.321199893951416, 4.477200031280518, 4.281599998474121, 3.6856000423431396, 4.450699806213379, 3.960700035095215, 3.971100091934204, 4.278800010681152, 4.027500152587891, 4.071499824523926, 4.592899799346924, 4.795000076293945, 4.258399963378906, 3.9951000213623047, 4.859300136566162, 5.64769983291626, 3.8229000568389893, 3.853300094604492, 4.167699813842773, 4.181700229644775, 4.848299980163574, 3.583199977874756, 3.992500066757202, 3.6949000358581543, 4.5482001304626465, 4.263299942016602, 5.214399814605713, 5.128399848937988, 3.9117000102996826, 3.986599922180176, 4.247099876403809, 4.360599994659424, 3.8838000297546387, 3.4923999309539795, 3.9714999198913574, 3.9554998874664307, 4.9471001625061035, 3.6356000900268555, 4.304200172424316, 3.890500068664551, 4.114299774169922, 3.966599941253662, 3.6953999996185303, 3.8106000423431396, 3.9834001064300537, 4.359899997711182, 4.062600135803223, 3.3250999450683594, 4.005799770355225, 3.597100019454956, 4.191299915313721, 4.039700031280518, 3.9047999382019043, 4.439599990844727, 4.479000091552734, 4.265999794006348, 4.098899841308594, 4.173600196838379, 4.545300006866455, 4.697299957275391, 3.9221999645233154]]"
