item_id,start,freq,target
T518,2015-01-04 00:00:00,W-SUN,"[[22.93939971923828, 22.418500900268555, 6.710999965667725, 12.720399856567383, 10.166399955749512, 15.589400291442871, 15.639800071716309, 16.430599212646484, 14.039999961853027, 16.649099349975586, 17.119400024414062, 14.430899620056152, 17.90959930419922, 16.679000854492188, 13.180100440979004, 17.899999618530273, 12.255499839782715, 18.192399978637695, 19.728700637817383, 18.699899673461914, 16.86009979248047, 17.275100708007812, 18.39459991455078, 19.315399169921875, 18.04640007019043, 18.75860023498535, 15.123499870300293, 20.08839988708496, 19.64349937438965, 18.650400161743164, 18.11840057373047, 19.449100494384766, 18.102100372314453, 17.948699951171875, 13.270600318908691, 17.92340087890625, 20.151399612426758, 20.66710090637207, 18.045400619506836, 19.63360023498535, 19.45009994506836, 19.681499481201172, 19.701499938964844, 19.285200119018555, 19.5093994140625, 20.152099609375, 19.923500061035156, 14.848600387573242, 18.678600311279297, 19.977800369262695, 20.698999404907227, 13.736900329589844, 13.928799629211426, 16.468900680541992, 18.114099502563477, 18.13249969482422, 18.45509910583496, 18.319499969482422, 19.258899688720703, 18.160600662231445, 20.117799758911133, 18.741100311279297, 8.687299728393555, 10.47659969329834, 8.72719955444336, 10.049099922180176, 9.912599563598633, 10.767900466918945, 16.274599075317383, 15.86139965057373, 13.340200424194336, 9.152799606323242, 8.895500183105469, 8.592100143432617, 10.513099670410156, 18.197599411010742, 18.189300537109375, 18.188800811767578, 14.826499938964844, 18.52549934387207, 19.453899383544922, 18.537399291992188, 20.06800079345703, 17.670000076293945, 19.308900833129883, 18.22480010986328, 18.362699508666992, 17.916900634765625, 19.223400115966797, 19.8966007232666]]"
