item_id,start,freq,target
T841,2015-02-01 00:00:00,W-SUN,"[[6.180699825286865, 4.816199779510498, 5.44920015335083, 4.968999862670898, 6.281400203704834, 6.451499938964844, 6.5218000411987305, 6.497200012207031, 6.300300121307373, 6.543099880218506, 6.571899890899658, 6.549799919128418, 6.468400001525879, 6.555099964141846, 6.561100006103516, 6.526700019836426, 6.482900142669678, 6.6230998039245605, 6.605899810791016, 6.763400077819824, 6.860300064086914, 6.723199844360352, 7.0131001472473145, 6.896999835968018, 6.601099967956543, 7.365799903869629, 7.071400165557861, 5.096799850463867, 6.958000183105469, 6.801599979400635, 6.678199768066406, 6.9720001220703125, 6.98360013961792, 5.109000205993652, 6.941299915313721, 6.55210018157959, 7.111800193786621, 6.940199851989746, 4.2220001220703125, 3.889899969100952, 3.889899969100952, 3.889899969100952, 3.889899969100952, 3.889899969100952, 3.889899969100952, 3.889899969100952, 3.889899969100952, 3.889899969100952, 3.889899969100952, 3.889899969100952, 3.889899969100952, 3.889899969100952, 3.889899969100952, 3.890399932861328, 3.889899969100952, 3.889899969100952, 3.889899969100952, 3.891200065612793, 3.889899969100952, 3.889899969100952, 3.889899969100952, 3.889899969100952, 3.889899969100952, 3.889899969100952, 3.889899969100952, 3.889899969100952, 3.889899969100952, 3.889899969100952, 3.889899969100952, 3.889899969100952, 3.889899969100952, 3.889899969100952, 5.335700035095215, 17.80139923095703, 15.48390007019043, 22.31329917907715, 24.528799057006836, 26.400999069213867, 20.23819923400879, 19.832500457763672, 22.17009925842285, 19.960500717163086, 21.839799880981445, 21.348100662231445, 19.834199905395508, 20.546499252319336, 18.046600341796875, 21.06220054626465, 14.847200393676758, 17.683000564575195]]"
