item_id,start,freq,target
T749,2015-01-25 00:00:00,W-SUN,"[[4.869200229644775, 4.729300022125244, 4.9096999168396, 5.086400032043457, 4.347899913787842, 4.953000068664551, 4.981100082397461, 5.944499969482422, 5.428800106048584, 5.143899917602539, 5.98829984664917, 5.173600196838379, 5.079400062561035, 5.049699783325195, 5.042099952697754, 5.0721001625061035, 4.9481000900268555, 5.244699954986572, 5.37060022354126, 5.286300182342529, 5.4558000564575195, 5.469600200653076, 5.393499851226807, 5.253499984741211, 5.471099853515625, 5.445000171661377, 5.402299880981445, 5.438499927520752, 5.51200008392334, 5.313199996948242, 5.301499843597412, 5.252500057220459, 5.5833001136779785, 5.313700199127197, 5.340799808502197, 5.185699939727783, 5.094699859619141, 5.527900218963623, 5.2032999992370605, 5.097300052642822, 5.073599815368652, 5.06689977645874, 5.30709981918335, 5.163599967956543, 5.0725998878479, 5.14739990234375, 5.4095001220703125, 5.551000118255615, 4.665900230407715, 5.105800151824951, 5.104100227355957, 5.024600028991699, 4.665200233459473, 5.210700035095215, 5.204100131988525, 5.260499954223633, 5.227499961853027, 5.036499977111816, 5.061500072479248, 6.032100200653076, 8.692500114440918, 6.065700054168701, 5.944200038909912, 8.842399597167969, 7.976900100708008, 7.605400085449219, 8.702199935913086, 8.001299858093262, 7.434800148010254, 6.234000205993652, 8.779999732971191, 7.874300003051758, 7.166399955749512, 7.684700012207031, 6.98199987411499, 7.010700225830078, 7.672299861907959, 6.5345001220703125, 8.12720012664795, 6.291900157928467, 7.713600158691406, 6.561100006103516, 6.831200122833252, 6.286399841308594, 6.341700077056885, 6.436800003051758, 6.743599891662598, 6.3231000900268555, 6.359300136566162, 6.2393999099731445]]"
