item_id,start,freq,target
T259,2015-01-04 00:00:00,W-SUN,"[[4.014800071716309, 5.011499881744385, 3.4045000076293945, 4.455999851226807, 4.644199848175049, 4.335599899291992, 4.69320011138916, 5.366499900817871, 4.830399990081787, 4.621699810028076, 5.8277997970581055, 5.93310022354126, 4.9832000732421875, 5.805500030517578, 5.868500232696533, 5.46750020980835, 4.742499828338623, 5.87470006942749, 8.297300338745117, 8.27869987487793, 8.266599655151367, 8.35949993133545, 8.216899871826172, 8.635700225830078, 8.753499984741211, 8.734000205993652, 8.788299560546875, 7.24429988861084, 3.889899969100952, 3.889899969100952, 8.612000465393066, 10.392600059509277, 8.599499702453613, 9.06410026550293, 8.984000205993652, 8.904999732971191, 9.024999618530273, 9.284199714660645, 5.990600109100342, 9.17300033569336, 8.230199813842773, 8.86359977722168, 8.956899642944336, 8.624199867248535, 8.666399955749512, 8.80739974975586, 9.638899803161621, 6.650300025939941, 3.889899969100952, 8.678799629211426, 5.230199813842773, 5.431700229644775, 3.889899969100952, 5.4496002197265625, 5.814499855041504, 7.907800197601318, 7.977700233459473, 7.230899810791016, 8.709400177001953, 9.113300323486328, 8.78909969329834, 7.471399784088135, 7.687900066375732, 7.088600158691406, 9.169699668884277, 7.677199840545654, 9.031700134277344, 9.136099815368652, 9.288299560546875, 8.445500373840332, 9.239399909973145, 9.516799926757812, 9.746000289916992, 9.807999610900879, 9.241399765014648, 10.023799896240234, 9.446200370788574, 9.600000381469727, 10.001299858093262, 9.859000205993652, 9.90410041809082, 9.179699897766113, 9.638699531555176, 9.126999855041504, 9.76099967956543, 10.237299919128418, 9.676600456237793, 9.14799976348877, 9.03219985961914, 9.499300003051758]]"
