item_id,start,freq,target
T575,2015-01-25 00:00:00,W-SUN,"[[11.473899841308594, 11.600000381469727, 11.548700332641602, 11.650400161743164, 10.604000091552734, 11.93280029296875, 11.683300018310547, 12.027600288391113, 12.065199851989746, 11.671699523925781, 12.18239974975586, 12.232500076293945, 11.110199928283691, 12.103300094604492, 11.836899757385254, 12.063699722290039, 11.445599555969238, 12.178500175476074, 11.911499977111816, 12.174699783325195, 12.319299697875977, 12.031900405883789, 10.974300384521484, 12.079700469970703, 12.271300315856934, 12.248100280761719, 11.971500396728516, 12.253899574279785, 12.02869987487793, 12.076600074768066, 9.847000122070312, 11.092700004577637, 12.323100090026855, 12.500499725341797, 11.888299942016602, 12.126099586486816, 11.78600025177002, 12.82349967956543, 12.055800437927246, 11.900500297546387, 12.120800018310547, 12.391799926757812, 12.139900207519531, 10.311800003051758, 12.025899887084961, 13.50570011138916, 12.77750015258789, 9.369400024414062, 10.104499816894531, 11.951299667358398, 11.722999572753906, 11.43649959564209, 11.035499572753906, 11.700400352478027, 11.745200157165527, 11.949600219726562, 11.68970012664795, 10.40820026397705, 10.552499771118164, 10.543000221252441, 10.27280044555664, 11.660099983215332, 11.818599700927734, 12.28030014038086, 12.054200172424316, 11.973299980163574, 12.037599563598633, 12.17609977722168, 12.378299713134766, 11.40310001373291, 12.367400169372559, 12.26990032196045, 12.398799896240234, 12.406700134277344, 11.294699668884277, 12.114700317382812, 12.221699714660645, 11.460399627685547, 12.0871000289917, 12.093199729919434, 12.369099617004395, 12.387399673461914, 12.409099578857422, 11.351499557495117, 12.397600173950195, 12.838199615478516, 13.126700401306152, 12.985400199890137, 12.398099899291992, 10.97249984741211]]"
