item_id,start,freq,target
T182,2015-02-08 00:00:00,W-SUN,"[[3.950700044631958, 3.862299919128418, 3.608299970626831, 3.946899890899658, 4.215700149536133, 4.188499927520752, 4.139900207519531, 4.079400062561035, 4.205100059509277, 4.245800018310547, 4.1579999923706055, 4.188399791717529, 4.323200225830078, 4.164999961853027, 3.8810999393463135, 3.59089994430542, 4.157599925994873, 3.950200080871582, 3.5703001022338867, 3.3645999431610107, 3.889899969100952, 3.889899969100952, 3.889899969100952, 3.889899969100952, 3.889899969100952, 4.172100067138672, 4.247099876403809, 4.288400173187256, 4.202300071716309, 3.9839999675750732, 4.283699989318848, 4.297299861907959, 4.187699794769287, 3.6800999641418457, 3.327399969100952, 4.0233001708984375, 3.579699993133545, 3.280900001525879, 3.06030011177063, 3.889899969100952, 3.889899969100952, 3.8742001056671143, 3.536600112915039, 3.536600112915039, 3.536600112915039, 3.536600112915039, 3.552299976348877, 3.889899969100952, 3.889899969100952, 3.889899969100952, 3.889899969100952, 3.889899969100952, 3.889899969100952, 3.889899969100952, 3.889899969100952, 3.889899969100952, 3.891200065612793, 3.889899969100952, 3.889899969100952, 3.889899969100952, 3.889899969100952, 3.889899969100952, 3.889899969100952, 3.889899969100952, 3.889899969100952, 3.889899969100952, 3.889899969100952, 3.889899969100952, 3.889899969100952, 3.889899969100952, 3.889899969100952, 3.889899969100952, 3.889899969100952, 3.889899969100952, 3.889899969100952, 3.889899969100952, 3.889899969100952, 3.889899969100952, 3.889899969100952, 3.889899969100952, 3.889899969100952, 3.889899969100952, 3.889899969100952, 3.889899969100952, 3.889899969100952, 3.889899969100952, 3.889899969100952, 3.889899969100952, 3.889899969100952, 3.889899969100952]]"
