item_id,start,freq,target
T291,2015-01-25 00:00:00,W-SUN,"[[14.005599975585938, 14.131099700927734, 14.17490005493164, 14.244999885559082, 12.784299850463867, 14.362799644470215, 14.400400161743164, 14.032299995422363, 14.77869987487793, 14.119500160217285, 14.284799575805664, 13.924599647521973, 13.069199562072754, 14.14780044555664, 13.264599800109863, 13.698800086975098, 12.850299835205078, 13.903499603271484, 13.088000297546387, 13.702099800109863, 13.370400428771973, 13.384400367736816, 12.925800323486328, 13.776800155639648, 13.81659984588623, 13.825599670410156, 13.768699645996094, 13.810199737548828, 13.773900032043457, 14.014100074768066, 13.5108003616333, 13.127799987792969, 13.632800102233887, 13.756199836730957, 13.986300468444824, 14.135899543762207, 13.577300071716309, 14.00879955291748, 13.95419979095459, 13.374600410461426, 13.61520004272461, 14.100799560546875, 14.222900390625, 12.00160026550293, 13.309800148010254, 14.053600311279297, 14.041600227355957, 11.376199722290039, 11.776100158691406, 13.145700454711914, 13.08650016784668, 13.336400032043457, 13.60669994354248, 13.252099990844727, 13.291600227355957, 13.545900344848633, 13.877900123596191, 13.304300308227539, 13.430100440979004, 14.214599609375, 13.706600189208984, 13.459699630737305, 12.885299682617188, 13.894800186157227, 14.077899932861328, 13.608200073242188, 13.871999740600586, 13.73390007019043, 14.003100395202637, 13.684200286865234, 13.704000473022461, 13.487899780273438, 13.95259952545166, 13.849800109863281, 13.81779956817627, 13.809000015258789, 13.760899543762207, 13.888899803161621, 14.223799705505371, 14.374199867248535, 15.85200023651123, 15.085599899291992, 14.205100059509277, 13.34689998626709, 13.7878999710083, 14.428999900817871, 13.621199607849121, 13.967700004577637, 14.511300086975098, 14.275400161743164]]"
