item_id,start,freq,target
T613,2015-02-08 00:00:00,W-SUN,"[[7.787700176239014, 8.078700065612793, 7.3983001708984375, 9.643699645996094, 9.338199615478516, 8.906100273132324, 8.294599533081055, 8.385000228881836, 9.188799858093262, 10.180100440979004, 10.248100280761719, 11.035599708557129, 10.646400451660156, 9.89840030670166, 9.410599708557129, 10.751099586486816, 10.178600311279297, 9.212499618530273, 9.299300193786621, 9.840800285339355, 7.973999977111816, 9.844400405883789, 9.523500442504883, 9.763299942016602, 9.365300178527832, 9.586799621582031, 10.103799819946289, 11.020099639892578, 10.287099838256836, 10.276800155639648, 11.454400062561035, 12.300399780273438, 12.272199630737305, 11.856200218200684, 10.529199600219727, 11.772500038146973, 11.476499557495117, 11.362099647521973, 10.93649959564209, 11.28439998626709, 10.448699951171875, 8.989100456237793, 10.43529987335205, 10.985799789428711, 9.334799766540527, 6.98799991607666, 8.639300346374512, 10.092399597167969, 9.902400016784668, 10.49120044708252, 9.927599906921387, 10.939399719238281, 10.862799644470215, 10.965100288391113, 10.35569953918457, 11.153900146484375, 11.666399955749512, 11.017000198364258, 9.785300254821777, 10.161999702453613, 11.358499526977539, 11.802900314331055, 11.120400428771973, 11.139200210571289, 10.91569995880127, 11.436599731445312, 11.447400093078613, 9.886099815368652, 11.15149974822998, 10.563199996948242, 9.775699615478516, 9.975700378417969, 8.689299583435059, 9.88700008392334, 9.791399955749512, 8.833100318908691, 9.719200134277344, 9.469900131225586, 10.04580020904541, 10.67710018157959, 11.227299690246582, 10.685400009155273, 11.936699867248535, 12.339699745178223, 11.766500473022461, 11.89799976348877, 10.923399925231934, 11.79640007019043, 11.241499900817871, 11.593400001525879]]"
