item_id,start,freq,target
T77,2015-01-25 00:00:00,W-SUN,"[[9.676400184631348, 10.751199722290039, 10.603899955749512, 10.165599822998047, 9.357099533081055, 9.54640007019043, 9.666000366210938, 9.872400283813477, 10.439299583435059, 9.149800300598145, 9.961400032043457, 10.923500061035156, 9.814299583435059, 10.51729965209961, 10.00059986114502, 10.780099868774414, 9.953800201416016, 10.624799728393555, 10.652899742126465, 11.145700454711914, 11.304699897766113, 10.17020034790039, 8.705900192260742, 10.95829963684082, 10.614100456237793, 9.92199993133545, 9.963000297546387, 9.991000175476074, 11.222399711608887, 10.342700004577637, 9.517200469970703, 8.997400283813477, 10.612500190734863, 10.674500465393066, 9.7746000289917, 10.466899871826172, 10.965800285339355, 11.88659954071045, 10.214099884033203, 11.61709976196289, 10.375800132751465, 10.97659969329834, 10.822600364685059, 8.902400016784668, 10.638699531555176, 10.805800437927246, 11.009300231933594, 7.6855998039245605, 7.877500057220459, 9.810700416564941, 9.31029987335205, 9.454500198364258, 8.997099876403809, 9.90530014038086, 8.92140007019043, 11.431400299072266, 10.910799980163574, 10.443599700927734, 10.711700439453125, 10.260199546813965, 10.569700241088867, 11.018199920654297, 9.774100303649902, 10.206399917602539, 11.319999694824219, 10.625499725341797, 10.944000244140625, 11.30090045928955, 11.356800079345703, 10.293899536132812, 11.106399536132812, 12.163599967956543, 12.217499732971191, 11.822999954223633, 10.039600372314453, 11.010199546813965, 10.704299926757812, 10.544300079345703, 11.425399780273438, 11.010299682617188, 10.925399780273438, 11.419300079345703, 11.04520034790039, 10.187999725341797, 11.289999961853027, 11.710200309753418, 11.390399932861328, 11.776399612426758, 11.036399841308594, 9.923299789428711]]"
