item_id,start,freq,target
T338,2015-02-01 00:00:00,W-SUN,"[[7.364699840545654, 7.623199939727783, 7.71150016784668, 6.867199897766113, 7.944399833679199, 7.58050012588501, 7.944399833679199, 8.061300277709961, 8.008700370788574, 7.974699974060059, 7.938700199127197, 7.865499973297119, 8.062600135803223, 7.693999767303467, 7.525300025939941, 7.277500152587891, 7.792300224304199, 8.188899993896484, 8.35770034790039, 8.467700004577637, 8.481499671936035, 7.392499923706055, 8.528300285339355, 11.480799674987793, 8.525699615478516, 8.456600189208984, 8.305700302124023, 8.202699661254883, 8.030599594116211, 7.836599826812744, 7.752099990844727, 8.200200080871582, 8.453800201416016, 7.632999897003174, 7.796599864959717, 8.035699844360352, 8.160300254821777, 7.934500217437744, 7.559000015258789, 7.991000175476074, 7.944399833679199, 7.658299922943115, 7.3024001121521, 7.784599781036377, 8.034099578857422, 8.68239974975586, 6.832300186157227, 6.924200057983398, 8.045100212097168, 8.094300270080566, 8.050000190734863, 7.116499900817871, 8.190400123596191, 8.243000030517578, 7.684299945831299, 7.549600124359131, 7.667900085449219, 7.710599899291992, 7.876299858093262, 8.24940013885498, 7.813000202178955, 7.451499938964844, 7.992300033569336, 7.831900119781494, 8.128199577331543, 8.689399719238281, 8.387700080871582, 8.839200019836426, 8.111300468444824, 8.48840045928955, 8.642399787902832, 8.67959976196289, 8.879300117492676, 7.612599849700928, 8.754799842834473, 8.888699531555176, 8.805399894714355, 8.911999702453613, 8.913200378417969, 9.06190013885498, 8.853599548339844, 8.793499946594238, 8.094400405883789, 8.882699966430664, 8.466400146484375, 8.550100326538086, 8.351799964904785, 8.3326997756958, 8.396400451660156, 8.59119987487793]]"
