item_id,start,freq,target
T508,2015-01-18 00:00:00,W-SUN,"[[3.889899969100952, 3.889899969100952, 4.202700138092041, 3.6375999450683594, 3.609600067138672, 3.4265999794006348, 5.093900203704834, 5.1504998207092285, 5.281300067901611, 5.226399898529053, 5.167500019073486, 5.318399906158447, 5.256999969482422, 5.242499828338623, 5.239099979400635, 5.215700149536133, 5.14900016784668, 4.875400066375732, 5.289999961853027, 5.44379997253418, 5.3541998863220215, 5.487299919128418, 5.493299961090088, 5.0725998878479, 5.406899929046631, 5.403299808502197, 5.368100166320801, 5.5100998878479, 5.502399921417236, 5.558199882507324, 5.359799861907959, 5.372700214385986, 5.262599945068359, 5.446800231933594, 5.690899848937988, 5.520500183105469, 5.459099769592285, 5.3480000495910645, 5.354599952697754, 5.389900207519531, 5.4166998863220215, 5.228499889373779, 5.798399925231934, 5.6458001136779785, 5.230000019073486, 6.082900047302246, 5.436800003051758, 5.428500175476074, 4.832799911499023, 3.869999885559082, 4.942299842834473, 4.657899856567383, 4.342100143432617, 3.4426000118255615, 3.889899969100952, 3.889899969100952, 3.889899969100952, 3.889899969100952, 3.889899969100952, 6.226799964904785, 6.779300212860107, 6.723100185394287, 6.40369987487793, 6.754199981689453, 6.5578999519348145, 6.855599880218506, 6.302199840545654, 3.889899969100952, 4.31279993057251, 6.9496002197265625, 6.825699806213379, 6.399600028991699, 6.241199970245361, 6.216300010681152, 6.190499782562256, 6.297500133514404, 6.139999866485596, 6.207300186157227, 5.878799915313721, 6.06820011138916, 6.128699779510498, 6.229800224304199, 6.254899978637695, 6.348899841308594, 6.0441999435424805, 6.239200115203857, 6.329899787902832, 6.295499801635742, 6.258800029754639, 6.323500156402588]]"
