item_id,start,freq,target
T544,2015-02-01 00:00:00,W-SUN,"[[9.730500221252441, 9.40779972076416, 9.480500221252441, 8.729000091552734, 9.834199905395508, 9.28950023651123, 9.63070011138916, 14.521900177001953, 14.74269962310791, 14.858799934387207, 15.233599662780762, 15.140199661254883, 15.335399627685547, 12.782500267028809, 9.443900108337402, 7.802199840545654, 9.913900375366211, 9.980400085449219, 9.826899528503418, 9.697099685668945, 10.082300186157227, 9.186200141906738, 10.360199928283691, 10.172800064086914, 10.19849967956543, 10.083600044250488, 10.220499992370605, 10.145999908447266, 10.750399589538574, 10.064599990844727, 9.894700050354004, 10.643899917602539, 10.742400169372559, 10.216899871826172, 10.323200225830078, 10.136699676513672, 10.048600196838379, 10.160699844360352, 10.490599632263184, 10.086400032043457, 10.339200019836426, 10.075900077819824, 8.92020034790039, 9.735400199890137, 10.946399688720703, 10.463000297546387, 7.568600177764893, 8.587900161743164, 9.45009994506836, 9.720999717712402, 9.732399940490723, 8.582599639892578, 9.678000450134277, 9.202500343322754, 9.472200393676758, 9.641500473022461, 9.262800216674805, 9.161499977111816, 9.692700386047363, 9.277299880981445, 9.192700386047363, 9.397899627685547, 9.702699661254883, 9.865699768066406, 9.524299621582031, 9.649999618530273, 9.810400009155273, 10.09220027923584, 9.170700073242188, 9.697500228881836, 9.800999641418457, 10.024999618530273, 10.020400047302246, 9.177499771118164, 9.952199935913086, 10.134300231933594, 9.538700103759766, 10.121100425720215, 10.081299781799316, 10.22249984741211, 11.082900047302246, 10.464200019836426, 9.704000473022461, 10.754899978637695, 10.524200439453125, 10.622099876403809, 10.732999801635742, 10.602800369262695, 9.84689998626709, 10.2475004196167]]"
