item_id,start,freq,target
T469,2015-01-04 00:00:00,W-SUN,"[[8.190600395202637, 9.873499870300293, 5.769599914550781, 9.44789981842041, 10.531499862670898, 10.324199676513672, 10.21720027923584, 10.958999633789062, 9.268600463867188, 10.102999687194824, 9.944000244140625, 9.63640022277832, 10.270299911499023, 9.176300048828125, 9.944499969482422, 10.292699813842773, 10.475099563598633, 9.714599609375, 10.001799583435059, 10.25629997253418, 9.896900177001953, 10.409299850463867, 10.013500213623047, 11.121100425720215, 10.799300193786621, 10.553299903869629, 9.87440013885498, 10.46660041809082, 10.615300178527832, 10.603699684143066, 10.69540023803711, 10.415399551391602, 10.685600280761719, 10.838199615478516, 11.169300079345703, 10.414799690246582, 10.691499710083008, 10.82040023803711, 10.218400001525879, 11.142000198364258, 10.264699935913086, 11.299400329589844, 11.172599792480469, 11.261099815368652, 10.253100395202637, 11.870800018310547, 12.105199813842773, 8.974900245666504, 10.676199913024902, 10.942099571228027, 11.055899620056152, 9.031299591064453, 8.801600456237793, 10.290800094604492, 9.807000160217285, 11.401200294494629, 10.87660026550293, 10.664799690246582, 10.972999572753906, 10.868000030517578, 11.249300003051758, 10.522700309753418, 10.767000198364258, 11.00879955291748, 11.479000091552734, 10.744000434875488, 10.535699844360352, 9.027700424194336, 9.729100227355957, 10.843999862670898, 10.218899726867676, 10.589500427246094, 10.243399620056152, 10.133199691772461, 9.687000274658203, 10.530599594116211, 10.516599655151367, 10.215100288391113, 9.532299995422363, 10.086700439453125, 9.585800170898438, 9.375, 10.503100395202637, 12.68220043182373, 11.974100112915039, 12.264900207519531, 12.269399642944336, 11.032400131225586, 13.191900253295898, 13.960399627685547]]"
