item_id,start,freq,target
T360,2015-02-01 00:00:00,W-SUN,"[[9.781399726867676, 9.222599983215332, 9.131099700927734, 8.855899810791016, 9.422499656677246, 9.005900382995605, 9.25629997253418, 9.063899993896484, 8.740799903869629, 9.291600227355957, 9.254400253295898, 9.123299598693848, 9.416600227355957, 9.361700057983398, 9.68179988861084, 8.57979965209961, 9.520700454711914, 9.82509994506836, 10.090800285339355, 9.54259967803955, 9.88230037689209, 8.387299537658691, 10.04740047454834, 9.958499908447266, 9.8016996383667, 9.89579963684082, 10.110799789428711, 10.307299613952637, 10.20419979095459, 10.580100059509277, 9.107199668884277, 10.17650032043457, 10.597900390625, 9.744999885559082, 8.891500473022461, 9.650899887084961, 9.942399978637695, 10.854999542236328, 11.113499641418457, 11.711799621582031, 11.143600463867188, 10.759400367736816, 8.61929988861084, 9.54069995880127, 10.961400032043457, 10.366399765014648, 7.410900115966797, 8.500200271606445, 10.2923002243042, 10.225000381469727, 10.701199531555176, 10.098099708557129, 10.040200233459473, 9.01990032196045, 10.24209976196289, 10.218000411987305, 10.924699783325195, 10.263899803161621, 10.479499816894531, 10.015299797058105, 9.54889965057373, 10.116600036621094, 10.244600296020508, 10.532500267028809, 11.198800086975098, 10.513899803161621, 10.880499839782715, 10.444299697875977, 9.067999839782715, 9.81980037689209, 9.818499565124512, 9.937800407409668, 10.060400009155273, 8.336199760437012, 9.614800453186035, 10.138999938964844, 10.260199546813965, 10.010600090026855, 9.956199645996094, 10.154399871826172, 10.408300399780273, 10.753499984741211, 9.170100212097168, 10.504899978637695, 10.73330020904541, 10.97599983215332, 9.07979965209961, 10.658499717712402, 10.886799812316895, 10.691800117492676]]"
