item_id,start,freq,target
T762,2015-01-18 00:00:00,W-SUN,"[[5.188499927520752, 4.893099784851074, 4.884500026702881, 5.420000076293945, 5.2677998542785645, 4.79010009765625, 4.94789981842041, 5.417600154876709, 4.842199802398682, 5.0395002365112305, 4.579999923706055, 4.79610013961792, 5.024499893188477, 5.1346001625061035, 5.060200214385986, 4.941199779510498, 5.383800029754639, 4.85129976272583, 5.107999801635742, 5.1859002113342285, 5.111100196838379, 4.946400165557861, 5.082099914550781, 4.53980016708374, 5.107699871063232, 4.8902997970581055, 5.071300029754639, 4.863699913024902, 4.93779993057251, 5.410799980163574, 5.44789981842041, 5.455599784851074, 4.852399826049805, 5.354100227355957, 5.268199920654297, 5.522200107574463, 5.396699905395508, 5.109000205993652, 6.429200172424316, 5.380899906158447, 5.515100002288818, 5.476099967956543, 6.440400123596191, 5.322800159454346, 4.940000057220459, 5.956299781799316, 5.72189998626709, 5.41480016708374, 4.076700210571289, 4.678400039672852, 5.34089994430542, 5.138400077819824, 5.196700096130371, 4.962100028991699, 5.940000057220459, 5.850900173187256, 5.526500225067139, 5.566800117492676, 4.549499988555908, 4.82390022277832, 4.667900085449219, 5.966899871826172, 5.066100120544434, 5.0883002281188965, 5.917500019073486, 5.840099811553955, 5.379899978637695, 5.432300090789795, 5.5671000480651855, 5.6554999351501465, 5.322299957275391, 6.0569000244140625, 5.88539981842041, 5.487199783325195, 5.344600200653076, 4.675300121307373, 5.832900047302246, 5.514599800109863, 5.0879998207092285, 5.217400074005127, 5.201200008392334, 5.562900066375732, 5.588500022888184, 5.718599796295166, 4.820199966430664, 5.328999996185303, 5.565100193023682, 5.602799892425537, 5.093900203704834, 5.218400001525879]]"
