item_id,start,freq,target
T270,2015-01-04 00:00:00,W-SUN,"[[7.471799850463867, 5.178800106048584, 7.091899871826172, 7.2733001708984375, 7.55019998550415, 7.296800136566162, 9.055100440979004, 7.7144999504089355, 8.01039981842041, 8.628499984741211, 8.70930004119873, 8.267900466918945, 8.870599746704102, 8.46049976348877, 8.348400115966797, 7.078199863433838, 10.681400299072266, 12.539600372314453, 11.099200248718262, 11.991700172424316, 9.870100021362305, 8.643500328063965, 9.905500411987305, 7.601500034332275, 8.905400276184082, 8.17300033569336, 9.316699981689453, 8.832300186157227, 10.838299751281738, 9.036800384521484, 9.46679973602295, 8.35669994354248, 10.74470043182373, 9.579400062561035, 7.48330020904541, 8.97029972076416, 8.473699569702148, 8.84160041809082, 11.938699722290039, 8.507399559020996, 8.28849983215332, 7.953199863433838, 7.851099967956543, 12.427300453186035, 10.863699913024902, 7.7153000831604, 5.937399864196777, 7.4857001304626465, 8.286299705505371, 9.987899780273438, 5.864799976348877, 5.52869987487793, 7.037700176239014, 8.655900001525879, 8.175100326538086, 8.397000312805176, 8.360199928283691, 8.1225004196167, 8.400699615478516, 8.726400375366211, 7.091599941253662, 8.61050033569336, 7.88539981842041, 8.59179973602295, 7.745100021362305, 8.679300308227539, 9.945799827575684, 9.280400276184082, 7.945700168609619, 10.031599998474121, 9.209600448608398, 11.736100196838379, 9.744799613952637, 9.343299865722656, 12.979000091552734, 8.331600189208984, 9.19909954071045, 6.752299785614014, 8.214099884033203, 9.211700439453125, 11.913800239562988, 11.729700088500977, 8.644800186157227, 10.490099906921387, 10.550800323486328, 8.147899627685547, 7.22629976272583, 8.971099853515625, 9.262399673461914, 9.239899635314941]]"
