item_id,start,freq,target
T861,2015-01-25 00:00:00,W-SUN,"[[3.7913999557495117, 3.859999895095825, 3.7874999046325684, 3.8478000164031982, 3.527600049972534, 3.996999979019165, 3.98799991607666, 3.900599956512451, 4.054299831390381, 4.024400234222412, 4.164100170135498, 4.034599781036377, 4.1041998863220215, 4.173699855804443, 4.212900161743164, 4.217100143432617, 3.993000030517578, 4.198999881744385, 4.062300205230713, 4.011499881744385, 4.161600112915039, 4.13670015335083, 3.987799882888794, 4.188600063323975, 4.281700134277344, 4.218100070953369, 4.194900035858154, 4.22629976272583, 4.1072998046875, 4.148600101470947, 4.168499946594238, 3.9528000354766846, 4.249000072479248, 4.202700138092041, 4.100100040435791, 3.955899953842163, 4.0914998054504395, 4.145899772644043, 4.23330020904541, 4.270400047302246, 4.127699851989746, 4.155200004577637, 4.264699935913086, 3.8173000812530518, 4.131100177764893, 4.402100086212158, 4.62470006942749, 3.801500082015991, 3.6345999240875244, 4.087800025939941, 4.0345001220703125, 4.16540002822876, 4.201399803161621, 4.6890997886657715, 4.201399803161621, 4.271200180053711, 4.342599868774414, 4.318999767303467, 4.409800052642822, 4.450699806213379, 4.760300159454346, 4.762599945068359, 6.964200019836426, 5.6880998611450195, 5.382800102233887, 5.358399868011475, 5.452400207519531, 5.559100151062012, 5.611000061035156, 5.514900207519531, 5.6819000244140625, 5.941699981689453, 6.129199981689453, 6.4257001876831055, 5.855800151824951, 6.255199909210205, 6.5081000328063965, 6.828700065612793, 7.1305999755859375, 6.827099800109863, 7.362800121307373, 7.166100025177002, 6.561200141906738, 6.676599979400635, 6.968800067901611, 7.50029993057251, 7.6371002197265625, 6.508500099182129, 6.827499866485596, 6.4008002281188965]]"
