item_id,start,freq,target
T763,2015-02-08 00:00:00,W-SUN,"[[7.521999835968018, 6.483699798583984, 7.545499801635742, 7.371500015258789, 8.99899959564209, 9.598099708557129, 5.222700119018555, 5.925899982452393, 7.754499912261963, 10.128999710083008, 9.232000350952148, 8.95300006866455, 7.319799900054932, 8.033699989318848, 7.215700149536133, 6.492400169372559, 10.388500213623047, 10.16189956665039, 9.156499862670898, 9.590900421142578, 8.599100112915039, 9.974300384521484, 9.924300193786621, 10.307499885559082, 10.123100280761719, 10.00790023803711, 9.614800453186035, 9.377799987792969, 9.116900444030762, 8.521599769592285, 9.396200180053711, 9.104299545288086, 9.130599975585938, 10.534899711608887, 9.881500244140625, 9.960399627685547, 8.701199531555176, 9.804499626159668, 9.888299942016602, 10.218500137329102, 10.30370044708252, 10.165800094604492, 9.63010025024414, 9.323399543762207, 10.712900161743164, 9.242600440979004, 9.394399642944336, 10.121000289916992, 10.202099800109863, 9.576399803161621, 8.030699729919434, 9.384300231933594, 9.847700119018555, 9.239299774169922, 8.39579963684082, 8.554100036621094, 10.03499984741211, 9.376099586486816, 9.774499893188477, 9.58180046081543, 9.722900390625, 10.640899658203125, 8.131799697875977, 8.61050033569336, 8.77970027923584, 9.55210018157959, 9.752799987792969, 9.620699882507324, 9.017999649047852, 9.395999908447266, 8.49429988861084, 8.712900161743164, 8.811200141906738, 8.932600021362305, 9.494199752807617, 9.913200378417969, 9.82509994506836, 10.282600402832031, 9.59000015258789, 9.871299743652344, 9.298700332641602, 8.70199966430664, 9.579000473022461, 8.699299812316895, 9.564900398254395, 8.303099632263184, 9.003000259399414, 8.783900260925293, 9.146300315856934, 9.38700008392334]]"
