item_id,start,freq,target
T352,2015-01-04 00:00:00,W-SUN,"[[4.8653998374938965, 6.577099800109863, 4.815899848937988, 5.41510009765625, 5.370699882507324, 4.815199851989746, 5.154300212860107, 4.849400043487549, 5.233799934387207, 5.522200107574463, 5.317699909210205, 5.000699996948242, 4.893799781799316, 5.479300022125244, 5.43310022354126, 5.126200199127197, 5.246699810028076, 6.23360013961792, 5.608699798583984, 5.511199951171875, 5.73390007019043, 5.563499927520752, 5.440400123596191, 5.3084001541137695, 4.906300067901611, 4.48799991607666, 5.32889986038208, 5.945499897003174, 5.546299934387207, 5.231200218200684, 5.143400192260742, 5.288099765777588, 5.861599922180176, 5.346199989318848, 4.703499794006348, 5.523799896240234, 5.879499912261963, 5.312399864196777, 5.384399890899658, 5.123700141906738, 5.338200092315674, 5.201399803161621, 5.461400032043457, 5.238800048828125, 5.509900093078613, 5.745999813079834, 4.253799915313721, 5.7829999923706055, 5.89870023727417, 5.327000141143799, 3.338200092315674, 3.5936999320983887, 5.8302998542785645, 4.680099964141846, 5.357500076293945, 5.488800048828125, 5.664700031280518, 5.480299949645996, 5.604499816894531, 5.42710018157959, 5.345399856567383, 5.001299858093262, 5.3709001541137695, 5.355199813842773, 5.350299835205078, 7.149600028991699, 11.219900131225586, 11.210000038146973, 9.273900032043457, 11.79170036315918, 12.328700065612793, 9.628299713134766, 9.257499694824219, 8.914400100708008, 9.567299842834473, 10.851099967956543, 10.772600173950195, 9.184599876403809, 9.619999885559082, 9.93850040435791, 9.248600006103516, 7.297500133514404, 6.429100036621094, 6.748199939727783, 6.520400047302246, 6.514500141143799, 5.553299903869629, 8.544899940490723, 10.184900283813477, 6.314899921417236]]"
