item_id,start,freq,target
T781,2015-01-04 00:00:00,W-SUN,"[[6.812699794769287, 8.213399887084961, 6.1107001304626465, 8.253700256347656, 8.962499618530273, 9.44480037689209, 8.73169994354248, 9.400799751281738, 8.271400451660156, 9.0802001953125, 9.387900352478027, 9.412599563598633, 9.432299613952637, 8.210000038146973, 8.931900024414062, 9.158100128173828, 9.763799667358398, 9.283300399780273, 11.741800308227539, 9.288399696350098, 9.229599952697754, 9.36520004272461, 9.825400352478027, 9.721400260925293, 9.320799827575684, 9.180800437927246, 8.13070011138916, 9.298800468444824, 9.320599555969238, 9.196999549865723, 9.118499755859375, 8.949000358581543, 9.095999717712402, 9.676899909973145, 9.196900367736816, 8.566200256347656, 10.397299766540527, 9.516200065612793, 9.796199798583984, 9.32979965209961, 9.976200103759766, 9.413800239562988, 9.511500358581543, 9.032600402832031, 9.088500022888184, 9.193400382995605, 8.980500221252441, 7.638899803161621, 9.145700454711914, 9.51360034942627, 9.059100151062012, 6.583499908447266, 7.421299934387207, 9.093400001525879, 8.477499961853027, 8.790399551391602, 8.725600242614746, 9.046799659729004, 8.884300231933594, 9.222200393676758, 9.285799980163574, 8.624600410461426, 9.049500465393066, 8.89579963684082, 8.919300079345703, 9.167099952697754, 9.190099716186523, 9.806099891662598, 9.296299934387207, 9.510499954223633, 9.641900062561035, 9.7431001663208, 10.720600128173828, 8.931599617004395, 10.037500381469727, 9.502300262451172, 9.448800086975098, 9.684200286865234, 8.303500175476074, 9.069999694824219, 7.534200191497803, 9.574299812316895, 9.518600463867188, 8.953900337219238, 9.350099563598633, 9.348600387573242, 9.380499839782715, 8.21560001373291, 9.448800086975098, 9.735199928283691]]"
