item_id,start,freq,target
T78,2015-01-11 00:00:00,W-SUN,"[[14.869799613952637, 14.228799819946289, 16.078699111938477, 15.87720012664795, 15.123900413513184, 15.890899658203125, 14.935600280761719, 15.763999938964844, 15.567500114440918, 15.798700332641602, 16.319400787353516, 15.242600440979004, 15.596699714660645, 16.441699981689453, 15.751899719238281, 15.984700202941895, 16.295799255371094, 17.12179946899414, 14.449700355529785, 15.856800079345703, 16.491300582885742, 16.569499969482422, 16.4148006439209, 16.526500701904297, 13.296699523925781, 16.48699951171875, 16.6658992767334, 16.736099243164062, 16.32379913330078, 16.14900016784668, 16.131799697875977, 16.549699783325195, 16.227699279785156, 14.379599571228027, 16.112899780273438, 16.49020004272461, 16.103900909423828, 16.611000061035156, 15.972200393676758, 16.792999267578125, 16.814300537109375, 17.1023006439209, 16.38599967956543, 16.690399169921875, 16.58639907836914, 12.602700233459473, 16.415000915527344, 16.819299697875977, 16.037799835205078, 9.383600234985352, 11.74429988861084, 15.683699607849121, 15.152099609375, 15.232000350952148, 14.762700080871582, 16.236600875854492, 14.480400085449219, 16.567899703979492, 16.550100326538086, 14.737199783325195, 15.471599578857422, 16.767900466918945, 16.243999481201172, 16.506099700927734, 16.123199462890625, 16.600299835205078, 16.87929916381836, 16.492300033569336, 17.063800811767578, 16.918800354003906, 17.292499542236328, 15.368900299072266, 17.52589988708496, 17.188899993896484, 17.23870086669922, 17.844499588012695, 14.0556001663208, 17.34749984741211, 17.607099533081055, 17.20240020751953, 17.216699600219727, 17.357999801635742, 16.973899841308594, 17.015199661254883, 17.360300064086914, 15.033499717712402, 16.53809928894043, 17.551599502563477, 17.64419937133789, 13.461299896240234]]"
