item_id,start,freq,target
T684,2015-01-11 00:00:00,W-SUN,"[[7.191999912261963, 6.757500171661377, 7.097899913787842, 7.103400230407715, 6.67110013961792, 6.908100128173828, 6.337699890136719, 7.177599906921387, 7.288000106811523, 7.341700077056885, 7.484000205993652, 7.40880012512207, 7.4552001953125, 7.432700157165527, 6.93209981918335, 7.376800060272217, 7.34119987487793, 7.088200092315674, 7.066299915313721, 7.686399936676025, 7.554800033569336, 7.64139986038208, 7.777400016784668, 7.820000171661377, 7.479100227355957, 7.581500053405762, 7.854400157928467, 7.6442999839782715, 7.831200122833252, 7.749300003051758, 7.5269999504089355, 7.643799781799316, 7.287199974060059, 7.388400077819824, 7.539700031280518, 7.610400199890137, 7.0696001052856445, 7.512400150299072, 7.39769983291626, 7.796800136566162, 7.476799964904785, 7.556099891662598, 7.632199764251709, 7.271500110626221, 7.293700218200684, 6.942999839782715, 7.009900093078613, 7.4558000564575195, 7.448400020599365, 7.039000034332275, 6.925899982452393, 7.307799816131592, 7.476200103759766, 7.105599880218506, 6.808300018310547, 7.509399890899658, 6.956099987030029, 7.527200222015381, 7.095699787139893, 6.971700191497803, 7.265999794006348, 7.161900043487549, 7.515999794006348, 7.591100215911865, 7.571899890899658, 7.611100196838379, 8.274499893188477, 7.993899822235107, 7.539899826049805, 8.200400352478027, 8.112600326538086, 7.589399814605713, 7.715400218963623, 8.803299903869629, 7.741300106048584, 7.930099964141846, 7.837200164794922, 8.136099815368652, 8.538399696350098, 7.313899993896484, 7.8302998542785645, 7.971399784088135, 7.885300159454346, 7.842800140380859, 7.782800197601318, 7.66379976272583, 7.664700031280518, 8.138299942016602, 7.6407999992370605, 8.390600204467773]]"
