item_id,start,freq,target
T560,2015-01-25 00:00:00,W-SUN,"[[12.646900177001953, 11.962599754333496, 11.217700004577637, 11.349300384521484, 10.624899864196777, 12.367400169372559, 11.796199798583984, 11.788599967956543, 11.911600112915039, 11.1983003616333, 11.753399848937988, 12.133099555969238, 11.810999870300293, 11.508700370788574, 11.723799705505371, 11.313199996948242, 10.75, 11.558899879455566, 12.231399536132812, 11.640000343322754, 11.60990047454834, 11.946000099182129, 10.396499633789062, 11.960200309753418, 11.753800392150879, 11.719499588012695, 11.296099662780762, 11.3371000289917, 11.544500350952148, 11.755800247192383, 11.660599708557129, 9.6225004196167, 12.477999687194824, 12.161700248718262, 10.925700187683105, 12.592300415039062, 11.81190013885498, 12.225299835205078, 12.215999603271484, 12.599499702453613, 11.737000465393066, 11.988100051879883, 11.511199951171875, 10.092599868774414, 11.695699691772461, 12.109299659729004, 11.706000328063965, 8.462900161743164, 9.470499992370605, 10.499199867248535, 10.905099868774414, 10.822400093078613, 10.955400466918945, 11.137900352478027, 11.032600402832031, 11.206500053405762, 11.791999816894531, 11.403499603271484, 10.804900169372559, 11.098799705505371, 11.054300308227539, 10.823599815368652, 11.757499694824219, 11.592000007629395, 11.527799606323242, 11.26609992980957, 12.211700439453125, 11.593899726867676, 11.955599784851074, 11.593799591064453, 11.851799964904785, 11.839599609375, 12.200200080871582, 12.080699920654297, 9.84570026397705, 12.018799781799316, 11.968000411987305, 11.543800354003906, 11.714200019836426, 12.529199600219727, 12.798399925231934, 11.894499778747559, 12.038900375366211, 11.10099983215332, 12.430899620056152, 13.190999984741211, 12.645999908447266, 10.025899887084961, 12.635000228881836, 11.708399772644043]]"
