item_id,start,freq,target
T73,2015-01-04 00:00:00,W-SUN,"[[3.5520999431610107, 5.122399806976318, 4.6321001052856445, 4.468699932098389, 4.914999961853027, 4.708000183105469, 4.756400108337402, 4.805300235748291, 4.076499938964844, 5.328700065612793, 6.328800201416016, 6.013700008392334, 5.278800010681152, 5.351900100708008, 5.636199951171875, 5.241199970245361, 6.126500129699707, 5.248499870300293, 5.25029993057251, 5.344799995422363, 5.140399932861328, 5.297299861907959, 5.311699867248535, 5.474599838256836, 5.334099769592285, 5.4145002365112305, 5.012199878692627, 5.406799793243408, 5.4120001792907715, 5.412399768829346, 5.386000156402588, 5.332499980926514, 5.312300205230713, 5.537199974060059, 5.604499816894531, 5.160699844360352, 5.38700008392334, 5.361299991607666, 5.2754998207092285, 5.3007001876831055, 4.974699974060059, 5.291399955749512, 5.2947998046875, 5.187900066375732, 5.158400058746338, 5.193399906158447, 5.294099807739258, 5.033699989318848, 5.1620001792907715, 5.101099967956543, 5.257299900054932, 4.447999954223633, 4.511300086975098, 5.029200077056885, 4.985099792480469, 4.4980998039245605, 5.835599899291992, 6.414599895477295, 5.1209001541137695, 6.064499855041504, 5.719099998474121, 5.030900001525879, 4.882299900054932, 5.209099769592285, 5.281599998474121, 5.356200218200684, 5.239799976348877, 5.3632001876831055, 5.2494001388549805, 5.511600017547607, 5.441500186920166, 5.506199836730957, 5.4608001708984375, 5.337399959564209, 5.712500095367432, 5.704599857330322, 5.494100093841553, 5.644400119781494, 5.182199954986572, 5.472899913787842, 5.6381001472473145, 5.535600185394287, 5.64870023727417, 5.650700092315674, 5.713699817657471, 5.692999839782715, 5.5782999992370605, 5.518499851226807, 5.58650016784668, 5.619800090789795]]"
