item_id,start,freq,target
T215,2015-01-25 00:00:00,W-SUN,"[[7.680600166320801, 7.630799770355225, 5.529099941253662, 7.071499824523926, 5.90500020980835, 7.8302001953125, 7.947500228881836, 8.024700164794922, 7.872200012207031, 7.761499881744385, 8.092300415039062, 8.042099952697754, 8.712200164794922, 8.388400077819824, 8.780200004577637, 8.313899993896484, 8.3641996383667, 8.493800163269043, 8.046099662780762, 8.367400169372559, 8.232399940490723, 8.069100379943848, 7.784900188446045, 8.526800155639648, 9.574299812316895, 8.669500350952148, 9.124799728393555, 7.728300094604492, 7.195700168609619, 7.7993998527526855, 7.901700019836426, 7.32450008392334, 7.955399990081787, 8.069899559020996, 5.434800148010254, 8.603500366210938, 7.2683000564575195, 7.881800174713135, 8.016500473022461, 7.762199878692627, 7.988900184631348, 7.97130012512207, 8.421600341796875, 7.181099891662598, 5.847700119018555, 8.380900382995605, 8.066100120544434, 6.996099948883057, 7.117499828338623, 7.716899871826172, 8.129799842834473, 7.9882001876831055, 7.32289981842041, 7.671500205993652, 5.690800189971924, 7.320499897003174, 7.142099857330322, 7.776199817657471, 7.848100185394287, 7.23829984664917, 7.698599815368652, 7.370299816131592, 8.281100273132324, 7.48829984664917, 7.696199893951416, 7.60699987411499, 7.753499984741211, 8.410200119018555, 7.908400058746338, 7.895100116729736, 8.014599800109863, 7.9653000831604, 7.8383002281188965, 7.95419979095459, 7.6956000328063965, 8.132399559020996, 7.820300102233887, 7.5081000328063965, 7.416999816894531, 7.790599822998047, 7.681399822235107, 7.741399765014648, 7.799499988555908, 7.371500015258789, 7.71750020980835, 8.09939956665039, 7.958499908447266, 7.679699897766113, 7.834799766540527, 7.564899921417236]]"
