item_id,start,freq,target
T547,2015-02-01 00:00:00,W-SUN,"[[8.985099792480469, 8.210000038146973, 8.576399803161621, 7.687099933624268, 9.249300003051758, 8.589400291442871, 8.984299659729004, 8.684800148010254, 8.563599586486816, 8.65429973602295, 9.318699836730957, 10.038599967956543, 9.028900146484375, 7.485199928283691, 8.72089958190918, 7.892899990081787, 8.934000015258789, 9.1181001663208, 9.14229965209961, 8.829400062561035, 9.42199993133545, 8.236700057983398, 9.418800354003906, 9.115699768066406, 9.006600379943848, 9.167699813842773, 9.186200141906738, 8.786199569702148, 9.940400123596191, 9.180399894714355, 9.026399612426758, 9.793299674987793, 9.691499710083008, 8.706399917602539, 9.429699897766113, 9.67609977722168, 9.241100311279297, 9.137999534606934, 9.95359992980957, 9.283699989318848, 9.782600402832031, 9.425100326538086, 8.410699844360352, 8.303899765014648, 9.799500465393066, 10.073399543762207, 7.013700008392334, 8.130499839782715, 8.254500389099121, 8.922699928283691, 8.518400192260742, 7.683599948883057, 8.889200210571289, 8.152799606323242, 8.935999870300293, 9.141200065612793, 8.961600303649902, 8.446900367736816, 9.281399726867676, 8.764599800109863, 8.592100143432617, 8.981499671936035, 9.255000114440918, 9.445199966430664, 8.961299896240234, 9.177399635314941, 9.17549991607666, 9.516400337219238, 8.476499557495117, 9.08080005645752, 9.310099601745605, 9.469499588012695, 9.592399597167969, 8.450699806213379, 9.407899856567383, 9.344799995422363, 8.987500190734863, 9.43970012664795, 9.262700080871582, 9.196700096130371, 10.613800048828125, 9.813699722290039, 9.17870044708252, 10.48900032043457, 9.86139965057373, 10.240400314331055, 10.265600204467773, 10.39680004119873, 8.94629955291748, 9.528300285339355]]"
