mae,rmse,mase,mape
0.0627543949591262,0.06457273393148455,42.541049224562926,62.56580359413214
