mae,rmse,mase,mape
151.96802640860935,180.66394843073766,3.648355204630062,385.24950289335555
