mae,rmse,mase,mape
0.011977353240733719,0.018639326682731647,8.1194181559061,8.34874269312957
