mae,rmse,mase,mape
0.030492822979177745,0.03514371199589568,20.671009324494115,23.408139339483586
